incident_id,timestamp,incident_type,severity,owner,notification_group,escalation_path
INC-00001,2025-01-01 00:00:00,CURTAILMENT_RISK_INCIDENT,Medium,Supervisor,Operations Supervisor,Operator → Supervisor
INC-00002,2025-01-01 00:30:00,CURTAILMENT_RISK_INCIDENT,Medium,Supervisor,Operations Supervisor,Operator → Supervisor
INC-00003,2025-01-01 01:00:00,CURTAILMENT_RISK_INCIDENT,Medium,Supervisor,Operations Supervisor,Operator → Supervisor
INC-00004,2025-01-01 01:30:00,CURTAILMENT_RISK_INCIDENT,Medium,Supervisor,Operations Supervisor,Operator → Supervisor
INC-00005,2025-01-01 02:00:00,CURTAILMENT_RISK_INCIDENT,Medium,Supervisor,Operations Supervisor,Operator → Supervisor
INC-00006,2025-01-01 02:30:00,CURTAILMENT_RISK_INCIDENT,Medium,Supervisor,Operations Supervisor,Operator → Supervisor
INC-00007,2025-01-01 03:00:00,OVER_GENERATION_INCIDENT,Low,Operator,Operations Team,Operator
INC-00008,2025-01-01 03:00:00,CURTAILMENT_RISK_INCIDENT,Medium,Supervisor,Operations Supervisor,Operator → Supervisor
INC-00009,2025-01-01 03:30:00,OVER_GENERATION_INCIDENT,Low,Operator,Operations Team,Operator
INC-00010,2025-01-01 03:30:00,CURTAILMENT_RISK_INCIDENT,Medium,Supervisor,Operations Supervisor,Operator → Supervisor
INC-00011,2025-01-01 04:00:00,OVER_GENERATION_INCIDENT,Low,Operator,Operations Team,Operator
INC-00012,2025-01-01 04:00:00,CURTAILMENT_RISK_INCIDENT,Medium,Supervisor,Operations Supervisor,Operator → Supervisor
INC-00013,2025-01-01 04:30:00,OVER_GENERATION_INCIDENT,Low,Operator,Operations Team,Operator
INC-00014,2025-01-01 05:00:00,OVER_GENERATION_INCIDENT,Low,Operator,Operations Team,Operator
INC-00015,2025-01-01 05:30:00,OVER_GENERATION_INCIDENT,Low,Operator,Operations Team,Operator
INC-00016,2025-01-01 06:00:00,OVER_GENERATION_INCIDENT,Low,Operator,Operations Team,Operator
INC-00017,2025-01-01 06:30:00,OVER_GENERATION_INCIDENT,Low,Operator,Operations Team,Operator
INC-00018,2025-01-01 09:30:00,CURTAILMENT_RISK_INCIDENT,Medium,Supervisor,Operations Supervisor,Operator → Supervisor
INC-00019,2025-01-01 10:00:00,CURTAILMENT_RISK_INCIDENT,Medium,Supervisor,Operations Supervisor,Operator → Supervisor
INC-00020,2025-01-01 10:30:00,CURTAILMENT_RISK_INCIDENT,Medium,Supervisor,Operations Supervisor,Operator → Supervisor
INC-00021,2025-01-01 11:00:00,CURTAILMENT_RISK_INCIDENT,Medium,Supervisor,Operations Supervisor,Operator → Supervisor
INC-00022,2025-01-01 11:30:00,CURTAILMENT_RISK_INCIDENT,Medium,Supervisor,Operations Supervisor,Operator → Supervisor
INC-00023,2025-01-01 12:00:00,CURTAILMENT_RISK_INCIDENT,Medium,Supervisor,Operations Supervisor,Operator → Supervisor
INC-00024,2025-01-02 15:30:00,FORECAST_RISK_INCIDENT,High,Regional Controller,Regional Leadership,Operator → Supervisor → Regional Controller
INC-00025,2025-01-02 16:00:00,FORECAST_RISK_INCIDENT,High,Regional Controller,Regional Leadership,Operator → Supervisor → Regional Controller
INC-00026,2025-01-02 17:30:00,FORECAST_RISK_INCIDENT,High,Regional Controller,Regional Leadership,Operator → Supervisor → Regional Controller
INC-00027,2025-01-02 18:00:00,FORECAST_RISK_INCIDENT,High,Regional Controller,Regional Leadership,Operator → Supervisor → Regional Controller
INC-00028,2025-01-02 18:30:00,FORECAST_RISK_INCIDENT,High,Regional Controller,Regional Leadership,Operator → Supervisor → Regional Controller
INC-00029,2025-01-02 19:00:00,FORECAST_RISK_INCIDENT,High,Regional Controller,Regional Leadership,Operator → Supervisor → Regional Controller
INC-00030,2025-01-02 19:30:00,FORECAST_RISK_INCIDENT,High,Regional Controller,Regional Leadership,Operator → Supervisor → Regional Controller
INC-00031,2025-01-03 17:30:00,PEAK_LOAD_EMISSIONS_INCIDENT,High,Regional Controller,Regional Leadership,Operator → Supervisor → Regional Controller
INC-00032,2025-01-03 18:00:00,GRID_STRESS_INCIDENT,Critical,Executive,Executive Leadership,Operator → Supervisor → Regional Controller → Executive
INC-00033,2025-01-03 18:00:00,SUSTAINABILITY_INCIDENT,Medium,Supervisor,Operations Supervisor,Operator → Supervisor
INC-00034,2025-01-03 18:00:00,PEAK_LOAD_EMISSIONS_INCIDENT,High,Regional Controller,Regional Leadership,Operator → Supervisor → Regional Controller
INC-00035,2025-01-03 18:30:00,GRID_STRESS_INCIDENT,Critical,Executive,Executive Leadership,Operator → Supervisor → Regional Controller → Executive
INC-00036,2025-01-03 18:30:00,SUSTAINABILITY_INCIDENT,Medium,Supervisor,Operations Supervisor,Operator → Supervisor
INC-00037,2025-01-03 18:30:00,PEAK_LOAD_EMISSIONS_INCIDENT,High,Regional Controller,Regional Leadership,Operator → Supervisor → Regional Controller
INC-00038,2025-01-03 19:00:00,GRID_STRESS_INCIDENT,Critical,Executive,Executive Leadership,Operator → Supervisor → Regional Controller → Executive
INC-00039,2025-01-03 19:00:00,SUSTAINABILITY_INCIDENT,Medium,Supervisor,Operations Supervisor,Operator → Supervisor
INC-00040,2025-01-03 19:00:00,PEAK_LOAD_EMISSIONS_INCIDENT,High,Regional Controller,Regional Leadership,Operator → Supervisor → Regional Controller
INC-00041,2025-01-03 19:30:00,GRID_STRESS_INCIDENT,Critical,Executive,Executive Leadership,Operator → Supervisor → Regional Controller → Executive
INC-00042,2025-01-03 19:30:00,SUSTAINABILITY_INCIDENT,Medium,Supervisor,Operations Supervisor,Operator → Supervisor
INC-00043,2025-01-03 19:30:00,PEAK_LOAD_EMISSIONS_INCIDENT,High,Regional Controller,Regional Leadership,Operator → Supervisor → Regional Controller
INC-00044,2025-01-03 20:00:00,SUSTAINABILITY_INCIDENT,Medium,Supervisor,Operations Supervisor,Operator → Supervisor
INC-00045,2025-01-03 20:30:00,SUSTAINABILITY_INCIDENT,Medium,Supervisor,Operations Supervisor,Operator → Supervisor
INC-00046,2025-01-03 21:00:00,SUSTAINABILITY_INCIDENT,Medium,Supervisor,Operations Supervisor,Operator → Supervisor
INC-00047,2025-01-03 21:30:00,SUSTAINABILITY_INCIDENT,Medium,Supervisor,Operations Supervisor,Operator → Supervisor
INC-00048,2025-01-03 22:00:00,SUSTAINABILITY_INCIDENT,Medium,Supervisor,Operations Supervisor,Operator → Supervisor
INC-00049,2025-01-04 07:30:00,SUSTAINABILITY_INCIDENT,Medium,Supervisor,Operations Supervisor,Operator → Supervisor
INC-00050,2025-01-04 08:00:00,SUSTAINABILITY_INCIDENT,Medium,Supervisor,Operations Supervisor,Operator → Supervisor
INC-00051,2025-01-04 08:30:00,SUSTAINABILITY_INCIDENT,Medium,Supervisor,Operations Supervisor,Operator → Supervisor
INC-00052,2025-01-04 09:00:00,SUSTAINABILITY_INCIDENT,Medium,Supervisor,Operations Supervisor,Operator → Supervisor
INC-00053,2025-01-04 09:30:00,SUSTAINABILITY_INCIDENT,Medium,Supervisor,Operations Supervisor,Operator → Supervisor
INC-00054,2025-01-04 10:00:00,SUSTAINABILITY_INCIDENT,Medium,Supervisor,Operations Supervisor,Operator → Supervisor
INC-00055,2025-01-04 10:30:00,SUSTAINABILITY_INCIDENT,Medium,Supervisor,Operations Supervisor,Operator → Supervisor
INC-00056,2025-01-04 11:00:00,SUSTAINABILITY_INCIDENT,Medium,Supervisor,Operations Supervisor,Operator → Supervisor
INC-00057,2025-01-04 11:30:00,SUSTAINABILITY_INCIDENT,Medium,Supervisor,Operations Supervisor,Operator → Supervisor
INC-00058,2025-01-04 12:00:00,SUSTAINABILITY_INCIDENT,Medium,Supervisor,Operations Supervisor,Operator → Supervisor
INC-00059,2025-01-04 12:30:00,SUSTAINABILITY_INCIDENT,Medium,Supervisor,Operations Supervisor,Operator → Supervisor
INC-00060,2025-01-04 13:00:00,SUSTAINABILITY_INCIDENT,Medium,Supervisor,Operations Supervisor,Operator → Supervisor
INC-00061,2025-01-04 13:30:00,SUSTAINABILITY_INCIDENT,Medium,Supervisor,Operations Supervisor,Operator → Supervisor
INC-00062,2025-01-04 14:00:00,SUSTAINABILITY_INCIDENT,Medium,Supervisor,Operations Supervisor,Operator → Supervisor
INC-00063,2025-01-04 14:30:00,SUSTAINABILITY_INCIDENT,Medium,Supervisor,Operations Supervisor,Operator → Supervisor
INC-00064,2025-01-04 15:00:00,SUSTAINABILITY_INCIDENT,Medium,Supervisor,Operations Supervisor,Operator → Supervisor
INC-00065,2025-01-04 15:30:00,SUSTAINABILITY_INCIDENT,Medium,Supervisor,Operations Supervisor,Operator → Supervisor
INC-00066,2025-01-04 16:00:00,SUSTAINABILITY_INCIDENT,Medium,Supervisor,Operations Supervisor,Operator → Supervisor
INC-00067,2025-01-04 16:30:00,SUSTAINABILITY_INCIDENT,Medium,Supervisor,Operations Supervisor,Operator → Supervisor
INC-00068,2025-01-04 16:30:00,PEAK_LOAD_EMISSIONS_INCIDENT,High,Regional Controller,Regional Leadership,Operator → Supervisor → Regional Controller
INC-00069,2025-01-04 17:00:00,SUSTAINABILITY_INCIDENT,Medium,Supervisor,Operations Supervisor,Operator → Supervisor
INC-00070,2025-01-04 17:00:00,PEAK_LOAD_EMISSIONS_INCIDENT,High,Regional Controller,Regional Leadership,Operator → Supervisor → Regional Controller
INC-00071,2025-01-04 17:30:00,SUSTAINABILITY_INCIDENT,Medium,Supervisor,Operations Supervisor,Operator → Supervisor
INC-00072,2025-01-04 17:30:00,PEAK_LOAD_EMISSIONS_INCIDENT,High,Regional Controller,Regional Leadership,Operator → Supervisor → Regional Controller
INC-00073,2025-01-04 18:00:00,SUSTAINABILITY_INCIDENT,Medium,Supervisor,Operations Supervisor,Operator → Supervisor
INC-00074,2025-01-04 18:00:00,PEAK_LOAD_EMISSIONS_INCIDENT,High,Regional Controller,Regional Leadership,Operator → Supervisor → Regional Controller
INC-00075,2025-01-04 18:30:00,SUSTAINABILITY_INCIDENT,Medium,Supervisor,Operations Supervisor,Operator → Supervisor
INC-00076,2025-01-04 18:30:00,PEAK_LOAD_EMISSIONS_INCIDENT,High,Regional Controller,Regional Leadership,Operator → Supervisor → Regional Controller
INC-00077,2025-01-04 19:00:00,SUSTAINABILITY_INCIDENT,Medium,Supervisor,Operations Supervisor,Operator → Supervisor
INC-00078,2025-01-04 19:00:00,PEAK_LOAD_EMISSIONS_INCIDENT,High,Regional Controller,Regional Leadership,Operator → Supervisor → Regional Controller
INC-00079,2025-01-06 10:00:00,RENEWABLE_SUPPORT_INCIDENT,Low,Operator,Operations Team,Operator
INC-00080,2025-01-06 10:30:00,RENEWABLE_SUPPORT_INCIDENT,Low,Operator,Operations Team,Operator
INC-00081,2025-01-06 11:00:00,RENEWABLE_SUPPORT_INCIDENT,Low,Operator,Operations Team,Operator
INC-00082,2025-01-06 11:30:00,RENEWABLE_SUPPORT_INCIDENT,Low,Operator,Operations Team,Operator
INC-00083,2025-01-06 12:00:00,RENEWABLE_SUPPORT_INCIDENT,Low,Operator,Operations Team,Operator
INC-00084,2025-01-06 12:30:00,RENEWABLE_SUPPORT_INCIDENT,Low,Operator,Operations Team,Operator
INC-00085,2025-01-06 13:00:00,RENEWABLE_SUPPORT_INCIDENT,Low,Operator,Operations Team,Operator
INC-00086,2025-01-06 13:30:00,RENEWABLE_SUPPORT_INCIDENT,Low,Operator,Operations Team,Operator
INC-00087,2025-01-06 14:00:00,RENEWABLE_SUPPORT_INCIDENT,Low,Operator,Operations Team,Operator
INC-00088,2025-01-07 11:30:00,CURTAILMENT_RISK_INCIDENT,Medium,Supervisor,Operations Supervisor,Operator → Supervisor
INC-00089,2025-01-07 11:30:00,RENEWABLE_SUPPORT_INCIDENT,Low,Operator,Operations Team,Operator
INC-00090,2025-01-07 12:00:00,CURTAILMENT_RISK_INCIDENT,Medium,Supervisor,Operations Supervisor,Operator → Supervisor
INC-00091,2025-01-07 12:00:00,RENEWABLE_SUPPORT_INCIDENT,Low,Operator,Operations Team,Operator
INC-00092,2025-01-07 12:30:00,CURTAILMENT_RISK_INCIDENT,Medium,Supervisor,Operations Supervisor,Operator → Supervisor
INC-00093,2025-01-07 12:30:00,RENEWABLE_SUPPORT_INCIDENT,Low,Operator,Operations Team,Operator
INC-00094,2025-01-07 13:00:00,CURTAILMENT_RISK_INCIDENT,Medium,Supervisor,Operations Supervisor,Operator → Supervisor
INC-00095,2025-01-07 13:00:00,RENEWABLE_SUPPORT_INCIDENT,Low,Operator,Operations Team,Operator
INC-00096,2025-01-07 13:30:00,CURTAILMENT_RISK_INCIDENT,Medium,Supervisor,Operations Supervisor,Operator → Supervisor
INC-00097,2025-01-07 13:30:00,RENEWABLE_SUPPORT_INCIDENT,Low,Operator,Operations Team,Operator
INC-00098,2025-01-07 17:30:00,FORECAST_RISK_INCIDENT,High,Regional Controller,Regional Leadership,Operator → Supervisor → Regional Controller
INC-00099,2025-01-07 18:00:00,FORECAST_RISK_INCIDENT,High,Regional Controller,Regional Leadership,Operator → Supervisor → Regional Controller
INC-00100,2025-01-08 07:30:00,PEAK_LOAD_EMISSIONS_INCIDENT,High,Regional Controller,Regional Leadership,Operator → Supervisor → Regional Controller
INC-00101,2025-01-08 08:00:00,PEAK_LOAD_EMISSIONS_INCIDENT,High,Regional Controller,Regional Leadership,Operator → Supervisor → Regional Controller
INC-00102,2025-01-08 08:30:00,PEAK_LOAD_EMISSIONS_INCIDENT,High,Regional Controller,Regional Leadership,Operator → Supervisor → Regional Controller
INC-00103,2025-01-08 09:00:00,SUSTAINABILITY_INCIDENT,Medium,Supervisor,Operations Supervisor,Operator → Supervisor
INC-00104,2025-01-08 09:00:00,PEAK_LOAD_EMISSIONS_INCIDENT,High,Regional Controller,Regional Leadership,Operator → Supervisor → Regional Controller
INC-00105,2025-01-08 09:30:00,SUSTAINABILITY_INCIDENT,Medium,Supervisor,Operations Supervisor,Operator → Supervisor
INC-00106,2025-01-08 09:30:00,PEAK_LOAD_EMISSIONS_INCIDENT,High,Regional Controller,Regional Leadership,Operator → Supervisor → Regional Controller
INC-00107,2025-01-08 10:00:00,SUSTAINABILITY_INCIDENT,Medium,Supervisor,Operations Supervisor,Operator → Supervisor
INC-00108,2025-01-08 10:00:00,PEAK_LOAD_EMISSIONS_INCIDENT,High,Regional Controller,Regional Leadership,Operator → Supervisor → Regional Controller
INC-00109,2025-01-08 10:30:00,SUSTAINABILITY_INCIDENT,Medium,Supervisor,Operations Supervisor,Operator → Supervisor
INC-00110,2025-01-08 10:30:00,PEAK_LOAD_EMISSIONS_INCIDENT,High,Regional Controller,Regional Leadership,Operator → Supervisor → Regional Controller
INC-00111,2025-01-08 11:00:00,SUSTAINABILITY_INCIDENT,Medium,Supervisor,Operations Supervisor,Operator → Supervisor
INC-00112,2025-01-08 11:00:00,PEAK_LOAD_EMISSIONS_INCIDENT,High,Regional Controller,Regional Leadership,Operator → Supervisor → Regional Controller
INC-00113,2025-01-08 11:30:00,SUSTAINABILITY_INCIDENT,Medium,Supervisor,Operations Supervisor,Operator → Supervisor
INC-00114,2025-01-08 11:30:00,PEAK_LOAD_EMISSIONS_INCIDENT,High,Regional Controller,Regional Leadership,Operator → Supervisor → Regional Controller
INC-00115,2025-01-08 12:00:00,SUSTAINABILITY_INCIDENT,Medium,Supervisor,Operations Supervisor,Operator → Supervisor
INC-00116,2025-01-08 12:00:00,PEAK_LOAD_EMISSIONS_INCIDENT,High,Regional Controller,Regional Leadership,Operator → Supervisor → Regional Controller
INC-00117,2025-01-08 12:30:00,SUSTAINABILITY_INCIDENT,Medium,Supervisor,Operations Supervisor,Operator → Supervisor
INC-00118,2025-01-08 12:30:00,PEAK_LOAD_EMISSIONS_INCIDENT,High,Regional Controller,Regional Leadership,Operator → Supervisor → Regional Controller
INC-00119,2025-01-08 13:00:00,SUSTAINABILITY_INCIDENT,Medium,Supervisor,Operations Supervisor,Operator → Supervisor
INC-00120,2025-01-08 13:00:00,PEAK_LOAD_EMISSIONS_INCIDENT,High,Regional Controller,Regional Leadership,Operator → Supervisor → Regional Controller
INC-00121,2025-01-08 13:30:00,SUSTAINABILITY_INCIDENT,Medium,Supervisor,Operations Supervisor,Operator → Supervisor
INC-00122,2025-01-08 13:30:00,PEAK_LOAD_EMISSIONS_INCIDENT,High,Regional Controller,Regional Leadership,Operator → Supervisor → Regional Controller
INC-00123,2025-01-08 14:00:00,SUSTAINABILITY_INCIDENT,Medium,Supervisor,Operations Supervisor,Operator → Supervisor
INC-00124,2025-01-08 14:00:00,PEAK_LOAD_EMISSIONS_INCIDENT,High,Regional Controller,Regional Leadership,Operator → Supervisor → Regional Controller
INC-00125,2025-01-08 14:30:00,SUSTAINABILITY_INCIDENT,Medium,Supervisor,Operations Supervisor,Operator → Supervisor
INC-00126,2025-01-08 14:30:00,PEAK_LOAD_EMISSIONS_INCIDENT,High,Regional Controller,Regional Leadership,Operator → Supervisor → Regional Controller
INC-00127,2025-01-08 15:00:00,SUSTAINABILITY_INCIDENT,Medium,Supervisor,Operations Supervisor,Operator → Supervisor
INC-00128,2025-01-08 15:00:00,PEAK_LOAD_EMISSIONS_INCIDENT,High,Regional Controller,Regional Leadership,Operator → Supervisor → Regional Controller
INC-00129,2025-01-08 15:30:00,GRID_STRESS_INCIDENT,Critical,Executive,Executive Leadership,Operator → Supervisor → Regional Controller → Executive
INC-00130,2025-01-08 15:30:00,SUSTAINABILITY_INCIDENT,Medium,Supervisor,Operations Supervisor,Operator → Supervisor
INC-00131,2025-01-08 15:30:00,PEAK_LOAD_EMISSIONS_INCIDENT,High,Regional Controller,Regional Leadership,Operator → Supervisor → Regional Controller
INC-00132,2025-01-08 16:00:00,GRID_STRESS_INCIDENT,Critical,Executive,Executive Leadership,Operator → Supervisor → Regional Controller → Executive
INC-00133,2025-01-08 16:00:00,SUSTAINABILITY_INCIDENT,Medium,Supervisor,Operations Supervisor,Operator → Supervisor
INC-00134,2025-01-08 16:00:00,PEAK_LOAD_EMISSIONS_INCIDENT,High,Regional Controller,Regional Leadership,Operator → Supervisor → Regional Controller
INC-00135,2025-01-08 16:30:00,GRID_STRESS_INCIDENT,Critical,Executive,Executive Leadership,Operator → Supervisor → Regional Controller → Executive
INC-00136,2025-01-08 16:30:00,SUSTAINABILITY_INCIDENT,Medium,Supervisor,Operations Supervisor,Operator → Supervisor
INC-00137,2025-01-08 16:30:00,PEAK_LOAD_EMISSIONS_INCIDENT,High,Regional Controller,Regional Leadership,Operator → Supervisor → Regional Controller
INC-00138,2025-01-08 17:00:00,GRID_STRESS_INCIDENT,Critical,Executive,Executive Leadership,Operator → Supervisor → Regional Controller → Executive
INC-00139,2025-01-08 17:00:00,SUSTAINABILITY_INCIDENT,Medium,Supervisor,Operations Supervisor,Operator → Supervisor
INC-00140,2025-01-08 17:00:00,PEAK_LOAD_EMISSIONS_INCIDENT,High,Regional Controller,Regional Leadership,Operator → Supervisor → Regional Controller
INC-00141,2025-01-08 17:30:00,GRID_STRESS_INCIDENT,Critical,Executive,Executive Leadership,Operator → Supervisor → Regional Controller → Executive
INC-00142,2025-01-08 17:30:00,SUSTAINABILITY_INCIDENT,Medium,Supervisor,Operations Supervisor,Operator → Supervisor
INC-00143,2025-01-08 17:30:00,PEAK_LOAD_EMISSIONS_INCIDENT,High,Regional Controller,Regional Leadership,Operator → Supervisor → Regional Controller
INC-00144,2025-01-08 18:00:00,GRID_STRESS_INCIDENT,Critical,Executive,Executive Leadership,Operator → Supervisor → Regional Controller → Executive
INC-00145,2025-01-08 18:00:00,SUSTAINABILITY_INCIDENT,Medium,Supervisor,Operations Supervisor,Operator → Supervisor
INC-00146,2025-01-08 18:00:00,PEAK_LOAD_EMISSIONS_INCIDENT,High,Regional Controller,Regional Leadership,Operator → Supervisor → Regional Controller
INC-00147,2025-01-08 18:30:00,GRID_STRESS_INCIDENT,Critical,Executive,Executive Leadership,Operator → Supervisor → Regional Controller → Executive
INC-00148,2025-01-08 18:30:00,SUSTAINABILITY_INCIDENT,Medium,Supervisor,Operations Supervisor,Operator → Supervisor
INC-00149,2025-01-08 18:30:00,PEAK_LOAD_EMISSIONS_INCIDENT,High,Regional Controller,Regional Leadership,Operator → Supervisor → Regional Controller
INC-00150,2025-01-08 19:00:00,GRID_STRESS_INCIDENT,Critical,Executive,Executive Leadership,Operator → Supervisor → Regional Controller → Executive
INC-00151,2025-01-08 19:00:00,SUSTAINABILITY_INCIDENT,Medium,Supervisor,Operations Supervisor,Operator → Supervisor
INC-00152,2025-01-08 19:00:00,PEAK_LOAD_EMISSIONS_INCIDENT,High,Regional Controller,Regional Leadership,Operator → Supervisor → Regional Controller
INC-00153,2025-01-08 19:30:00,GRID_STRESS_INCIDENT,Critical,Executive,Executive Leadership,Operator → Supervisor → Regional Controller → Executive
INC-00154,2025-01-08 19:30:00,SUSTAINABILITY_INCIDENT,Medium,Supervisor,Operations Supervisor,Operator → Supervisor
INC-00155,2025-01-08 19:30:00,PEAK_LOAD_EMISSIONS_INCIDENT,High,Regional Controller,Regional Leadership,Operator → Supervisor → Regional Controller
INC-00156,2025-01-08 20:00:00,SUSTAINABILITY_INCIDENT,Medium,Supervisor,Operations Supervisor,Operator → Supervisor
INC-00157,2025-01-08 20:00:00,PEAK_LOAD_EMISSIONS_INCIDENT,High,Regional Controller,Regional Leadership,Operator → Supervisor → Regional Controller
INC-00158,2025-01-08 20:30:00,SUSTAINABILITY_INCIDENT,Medium,Supervisor,Operations Supervisor,Operator → Supervisor
INC-00159,2025-01-08 20:30:00,PEAK_LOAD_EMISSIONS_INCIDENT,High,Regional Controller,Regional Leadership,Operator → Supervisor → Regional Controller
INC-00160,2025-01-08 21:00:00,SUSTAINABILITY_INCIDENT,Medium,Supervisor,Operations Supervisor,Operator → Supervisor
INC-00161,2025-01-08 21:00:00,PEAK_LOAD_EMISSIONS_INCIDENT,High,Regional Controller,Regional Leadership,Operator → Supervisor → Regional Controller
INC-00162,2025-01-08 21:30:00,SUSTAINABILITY_INCIDENT,Medium,Supervisor,Operations Supervisor,Operator → Supervisor
INC-00163,2025-01-08 22:00:00,SUSTAINABILITY_INCIDENT,Medium,Supervisor,Operations Supervisor,Operator → Supervisor
INC-00164,2025-01-08 22:30:00,SUSTAINABILITY_INCIDENT,Medium,Supervisor,Operations Supervisor,Operator → Supervisor
INC-00165,2025-01-08 23:00:00,SUSTAINABILITY_INCIDENT,Medium,Supervisor,Operations Supervisor,Operator → Supervisor
INC-00166,2025-01-08 23:30:00,SUSTAINABILITY_INCIDENT,Medium,Supervisor,Operations Supervisor,Operator → Supervisor
INC-00167,2025-01-09 00:00:00,SUSTAINABILITY_INCIDENT,Medium,Supervisor,Operations Supervisor,Operator → Supervisor
INC-00168,2025-01-09 00:30:00,SUSTAINABILITY_INCIDENT,Medium,Supervisor,Operations Supervisor,Operator → Supervisor
INC-00169,2025-01-09 01:00:00,SUSTAINABILITY_INCIDENT,Medium,Supervisor,Operations Supervisor,Operator → Supervisor
INC-00170,2025-01-09 01:30:00,SUSTAINABILITY_INCIDENT,Medium,Supervisor,Operations Supervisor,Operator → Supervisor
INC-00171,2025-01-09 07:30:00,PEAK_LOAD_EMISSIONS_INCIDENT,High,Regional Controller,Regional Leadership,Operator → Supervisor → Regional Controller
INC-00172,2025-01-09 08:00:00,PEAK_LOAD_EMISSIONS_INCIDENT,High,Regional Controller,Regional Leadership,Operator → Supervisor → Regional Controller
INC-00173,2025-01-09 08:30:00,PEAK_LOAD_EMISSIONS_INCIDENT,High,Regional Controller,Regional Leadership,Operator → Supervisor → Regional Controller
INC-00174,2025-01-10 05:00:00,SUSTAINABILITY_INCIDENT,Medium,Supervisor,Operations Supervisor,Operator → Supervisor
INC-00175,2025-01-10 05:30:00,SUSTAINABILITY_INCIDENT,Medium,Supervisor,Operations Supervisor,Operator → Supervisor
INC-00176,2025-01-10 06:00:00,SUSTAINABILITY_INCIDENT,Medium,Supervisor,Operations Supervisor,Operator → Supervisor
INC-00177,2025-01-10 06:30:00,SUSTAINABILITY_INCIDENT,Medium,Supervisor,Operations Supervisor,Operator → Supervisor
INC-00178,2025-01-10 07:00:00,GRID_STRESS_INCIDENT,Critical,Executive,Executive Leadership,Operator → Supervisor → Regional Controller → Executive
INC-00179,2025-01-10 07:00:00,SUSTAINABILITY_INCIDENT,Medium,Supervisor,Operations Supervisor,Operator → Supervisor
INC-00180,2025-01-10 07:00:00,PEAK_LOAD_EMISSIONS_INCIDENT,High,Regional Controller,Regional Leadership,Operator → Supervisor → Regional Controller
INC-00181,2025-01-10 07:30:00,GRID_STRESS_INCIDENT,Critical,Executive,Executive Leadership,Operator → Supervisor → Regional Controller → Executive
INC-00182,2025-01-10 07:30:00,SUSTAINABILITY_INCIDENT,Medium,Supervisor,Operations Supervisor,Operator → Supervisor
INC-00183,2025-01-10 07:30:00,PEAK_LOAD_EMISSIONS_INCIDENT,High,Regional Controller,Regional Leadership,Operator → Supervisor → Regional Controller
INC-00184,2025-01-10 08:00:00,GRID_STRESS_INCIDENT,Critical,Executive,Executive Leadership,Operator → Supervisor → Regional Controller → Executive
INC-00185,2025-01-10 08:00:00,SUSTAINABILITY_INCIDENT,Medium,Supervisor,Operations Supervisor,Operator → Supervisor
INC-00186,2025-01-10 08:00:00,PEAK_LOAD_EMISSIONS_INCIDENT,High,Regional Controller,Regional Leadership,Operator → Supervisor → Regional Controller
INC-00187,2025-01-10 08:30:00,GRID_STRESS_INCIDENT,Critical,Executive,Executive Leadership,Operator → Supervisor → Regional Controller → Executive
INC-00188,2025-01-10 08:30:00,SUSTAINABILITY_INCIDENT,Medium,Supervisor,Operations Supervisor,Operator → Supervisor
INC-00189,2025-01-10 08:30:00,PEAK_LOAD_EMISSIONS_INCIDENT,High,Regional Controller,Regional Leadership,Operator → Supervisor → Regional Controller
INC-00190,2025-01-10 09:00:00,SUSTAINABILITY_INCIDENT,Medium,Supervisor,Operations Supervisor,Operator → Supervisor
INC-00191,2025-01-10 09:00:00,PEAK_LOAD_EMISSIONS_INCIDENT,High,Regional Controller,Regional Leadership,Operator → Supervisor → Regional Controller
INC-00192,2025-01-10 09:30:00,SUSTAINABILITY_INCIDENT,Medium,Supervisor,Operations Supervisor,Operator → Supervisor
INC-00193,2025-01-10 09:30:00,PEAK_LOAD_EMISSIONS_INCIDENT,High,Regional Controller,Regional Leadership,Operator → Supervisor → Regional Controller
INC-00194,2025-01-10 10:00:00,SUSTAINABILITY_INCIDENT,Medium,Supervisor,Operations Supervisor,Operator → Supervisor
INC-00195,2025-01-10 10:00:00,PEAK_LOAD_EMISSIONS_INCIDENT,High,Regional Controller,Regional Leadership,Operator → Supervisor → Regional Controller
INC-00196,2025-01-10 10:30:00,SUSTAINABILITY_INCIDENT,Medium,Supervisor,Operations Supervisor,Operator → Supervisor
INC-00197,2025-01-10 10:30:00,PEAK_LOAD_EMISSIONS_INCIDENT,High,Regional Controller,Regional Leadership,Operator → Supervisor → Regional Controller
INC-00198,2025-01-10 11:00:00,SUSTAINABILITY_INCIDENT,Medium,Supervisor,Operations Supervisor,Operator → Supervisor
INC-00199,2025-01-10 11:00:00,PEAK_LOAD_EMISSIONS_INCIDENT,High,Regional Controller,Regional Leadership,Operator → Supervisor → Regional Controller
INC-00200,2025-01-10 11:30:00,SUSTAINABILITY_INCIDENT,Medium,Supervisor,Operations Supervisor,Operator → Supervisor
INC-00201,2025-01-10 11:30:00,PEAK_LOAD_EMISSIONS_INCIDENT,High,Regional Controller,Regional Leadership,Operator → Supervisor → Regional Controller
INC-00202,2025-01-10 12:00:00,SUSTAINABILITY_INCIDENT,Medium,Supervisor,Operations Supervisor,Operator → Supervisor
INC-00203,2025-01-10 12:00:00,PEAK_LOAD_EMISSIONS_INCIDENT,High,Regional Controller,Regional Leadership,Operator → Supervisor → Regional Controller
INC-00204,2025-01-10 12:30:00,SUSTAINABILITY_INCIDENT,Medium,Supervisor,Operations Supervisor,Operator → Supervisor
INC-00205,2025-01-10 12:30:00,PEAK_LOAD_EMISSIONS_INCIDENT,High,Regional Controller,Regional Leadership,Operator → Supervisor → Regional Controller
INC-00206,2025-01-10 13:00:00,SUSTAINABILITY_INCIDENT,Medium,Supervisor,Operations Supervisor,Operator → Supervisor
INC-00207,2025-01-10 13:00:00,PEAK_LOAD_EMISSIONS_INCIDENT,High,Regional Controller,Regional Leadership,Operator → Supervisor → Regional Controller
INC-00208,2025-01-10 13:30:00,SUSTAINABILITY_INCIDENT,Medium,Supervisor,Operations Supervisor,Operator → Supervisor
INC-00209,2025-01-10 13:30:00,PEAK_LOAD_EMISSIONS_INCIDENT,High,Regional Controller,Regional Leadership,Operator → Supervisor → Regional Controller
INC-00210,2025-01-10 14:00:00,SUSTAINABILITY_INCIDENT,Medium,Supervisor,Operations Supervisor,Operator → Supervisor
INC-00211,2025-01-10 14:00:00,PEAK_LOAD_EMISSIONS_INCIDENT,High,Regional Controller,Regional Leadership,Operator → Supervisor → Regional Controller
INC-00212,2025-01-10 14:30:00,SUSTAINABILITY_INCIDENT,Medium,Supervisor,Operations Supervisor,Operator → Supervisor
INC-00213,2025-01-10 14:30:00,PEAK_LOAD_EMISSIONS_INCIDENT,High,Regional Controller,Regional Leadership,Operator → Supervisor → Regional Controller
INC-00214,2025-01-10 15:00:00,SUSTAINABILITY_INCIDENT,Medium,Supervisor,Operations Supervisor,Operator → Supervisor
INC-00215,2025-01-10 15:00:00,PEAK_LOAD_EMISSIONS_INCIDENT,High,Regional Controller,Regional Leadership,Operator → Supervisor → Regional Controller
INC-00216,2025-01-10 15:30:00,GRID_STRESS_INCIDENT,Critical,Executive,Executive Leadership,Operator → Supervisor → Regional Controller → Executive
INC-00217,2025-01-10 15:30:00,SUSTAINABILITY_INCIDENT,Medium,Supervisor,Operations Supervisor,Operator → Supervisor
INC-00218,2025-01-10 15:30:00,PEAK_LOAD_EMISSIONS_INCIDENT,High,Regional Controller,Regional Leadership,Operator → Supervisor → Regional Controller
INC-00219,2025-01-10 16:00:00,GRID_STRESS_INCIDENT,Critical,Executive,Executive Leadership,Operator → Supervisor → Regional Controller → Executive
INC-00220,2025-01-10 16:00:00,SUSTAINABILITY_INCIDENT,Medium,Supervisor,Operations Supervisor,Operator → Supervisor
INC-00221,2025-01-10 16:00:00,PEAK_LOAD_EMISSIONS_INCIDENT,High,Regional Controller,Regional Leadership,Operator → Supervisor → Regional Controller
INC-00222,2025-01-10 16:30:00,GRID_STRESS_INCIDENT,Critical,Executive,Executive Leadership,Operator → Supervisor → Regional Controller → Executive
INC-00223,2025-01-10 16:30:00,SUSTAINABILITY_INCIDENT,Medium,Supervisor,Operations Supervisor,Operator → Supervisor
INC-00224,2025-01-10 16:30:00,PEAK_LOAD_EMISSIONS_INCIDENT,High,Regional Controller,Regional Leadership,Operator → Supervisor → Regional Controller
INC-00225,2025-01-10 17:00:00,GRID_STRESS_INCIDENT,Critical,Executive,Executive Leadership,Operator → Supervisor → Regional Controller → Executive
INC-00226,2025-01-10 17:00:00,SUSTAINABILITY_INCIDENT,Medium,Supervisor,Operations Supervisor,Operator → Supervisor
INC-00227,2025-01-10 17:00:00,PEAK_LOAD_EMISSIONS_INCIDENT,High,Regional Controller,Regional Leadership,Operator → Supervisor → Regional Controller
INC-00228,2025-01-10 17:30:00,GRID_STRESS_INCIDENT,Critical,Executive,Executive Leadership,Operator → Supervisor → Regional Controller → Executive
INC-00229,2025-01-10 17:30:00,SUSTAINABILITY_INCIDENT,Medium,Supervisor,Operations Supervisor,Operator → Supervisor
INC-00230,2025-01-10 17:30:00,PEAK_LOAD_EMISSIONS_INCIDENT,High,Regional Controller,Regional Leadership,Operator → Supervisor → Regional Controller
INC-00231,2025-01-10 18:00:00,GRID_STRESS_INCIDENT,Critical,Executive,Executive Leadership,Operator → Supervisor → Regional Controller → Executive
INC-00232,2025-01-10 18:00:00,SUSTAINABILITY_INCIDENT,Medium,Supervisor,Operations Supervisor,Operator → Supervisor
INC-00233,2025-01-10 18:00:00,PEAK_LOAD_EMISSIONS_INCIDENT,High,Regional Controller,Regional Leadership,Operator → Supervisor → Regional Controller
INC-00234,2025-01-10 18:30:00,GRID_STRESS_INCIDENT,Critical,Executive,Executive Leadership,Operator → Supervisor → Regional Controller → Executive
INC-00235,2025-01-10 18:30:00,SUSTAINABILITY_INCIDENT,Medium,Supervisor,Operations Supervisor,Operator → Supervisor
INC-00236,2025-01-10 18:30:00,PEAK_LOAD_EMISSIONS_INCIDENT,High,Regional Controller,Regional Leadership,Operator → Supervisor → Regional Controller
INC-00237,2025-01-10 19:00:00,GRID_STRESS_INCIDENT,Critical,Executive,Executive Leadership,Operator → Supervisor → Regional Controller → Executive
INC-00238,2025-01-10 19:00:00,SUSTAINABILITY_INCIDENT,Medium,Supervisor,Operations Supervisor,Operator → Supervisor
INC-00239,2025-01-10 19:00:00,PEAK_LOAD_EMISSIONS_INCIDENT,High,Regional Controller,Regional Leadership,Operator → Supervisor → Regional Controller
INC-00240,2025-01-10 19:30:00,GRID_STRESS_INCIDENT,Critical,Executive,Executive Leadership,Operator → Supervisor → Regional Controller → Executive
INC-00241,2025-01-10 19:30:00,SUSTAINABILITY_INCIDENT,Medium,Supervisor,Operations Supervisor,Operator → Supervisor
INC-00242,2025-01-10 19:30:00,PEAK_LOAD_EMISSIONS_INCIDENT,High,Regional Controller,Regional Leadership,Operator → Supervisor → Regional Controller
INC-00243,2025-01-10 20:00:00,GRID_STRESS_INCIDENT,Critical,Executive,Executive Leadership,Operator → Supervisor → Regional Controller → Executive
INC-00244,2025-01-10 20:00:00,SUSTAINABILITY_INCIDENT,Medium,Supervisor,Operations Supervisor,Operator → Supervisor
INC-00245,2025-01-10 20:00:00,PEAK_LOAD_EMISSIONS_INCIDENT,High,Regional Controller,Regional Leadership,Operator → Supervisor → Regional Controller
INC-00246,2025-01-10 20:30:00,GRID_STRESS_INCIDENT,Critical,Executive,Executive Leadership,Operator → Supervisor → Regional Controller → Executive
INC-00247,2025-01-10 20:30:00,SUSTAINABILITY_INCIDENT,Medium,Supervisor,Operations Supervisor,Operator → Supervisor
INC-00248,2025-01-10 20:30:00,PEAK_LOAD_EMISSIONS_INCIDENT,High,Regional Controller,Regional Leadership,Operator → Supervisor → Regional Controller
INC-00249,2025-01-10 21:00:00,GRID_STRESS_INCIDENT,Critical,Executive,Executive Leadership,Operator → Supervisor → Regional Controller → Executive
INC-00250,2025-01-10 21:00:00,SUSTAINABILITY_INCIDENT,Medium,Supervisor,Operations Supervisor,Operator → Supervisor
INC-00251,2025-01-10 21:00:00,PEAK_LOAD_EMISSIONS_INCIDENT,High,Regional Controller,Regional Leadership,Operator → Supervisor → Regional Controller
INC-00252,2025-01-10 21:30:00,SUSTAINABILITY_INCIDENT,Medium,Supervisor,Operations Supervisor,Operator → Supervisor
INC-00253,2025-01-10 22:00:00,SUSTAINABILITY_INCIDENT,Medium,Supervisor,Operations Supervisor,Operator → Supervisor
INC-00254,2025-01-10 22:30:00,SUSTAINABILITY_INCIDENT,Medium,Supervisor,Operations Supervisor,Operator → Supervisor
INC-00255,2025-01-10 23:00:00,SUSTAINABILITY_INCIDENT,Medium,Supervisor,Operations Supervisor,Operator → Supervisor
INC-00256,2025-01-10 23:30:00,SUSTAINABILITY_INCIDENT,Medium,Supervisor,Operations Supervisor,Operator → Supervisor
INC-00257,2025-01-11 00:00:00,SUSTAINABILITY_INCIDENT,Medium,Supervisor,Operations Supervisor,Operator → Supervisor
INC-00258,2025-01-11 00:30:00,SUSTAINABILITY_INCIDENT,Medium,Supervisor,Operations Supervisor,Operator → Supervisor
INC-00259,2025-01-11 01:00:00,SUSTAINABILITY_INCIDENT,Medium,Supervisor,Operations Supervisor,Operator → Supervisor
INC-00260,2025-01-11 01:30:00,SUSTAINABILITY_INCIDENT,Medium,Supervisor,Operations Supervisor,Operator → Supervisor
INC-00261,2025-01-11 02:00:00,SUSTAINABILITY_INCIDENT,Medium,Supervisor,Operations Supervisor,Operator → Supervisor
INC-00262,2025-01-11 02:30:00,SUSTAINABILITY_INCIDENT,Medium,Supervisor,Operations Supervisor,Operator → Supervisor
INC-00263,2025-01-11 03:00:00,SUSTAINABILITY_INCIDENT,Medium,Supervisor,Operations Supervisor,Operator → Supervisor
INC-00264,2025-01-11 05:30:00,SUSTAINABILITY_INCIDENT,Medium,Supervisor,Operations Supervisor,Operator → Supervisor
INC-00265,2025-01-11 06:00:00,SUSTAINABILITY_INCIDENT,Medium,Supervisor,Operations Supervisor,Operator → Supervisor
INC-00266,2025-01-11 06:30:00,SUSTAINABILITY_INCIDENT,Medium,Supervisor,Operations Supervisor,Operator → Supervisor
INC-00267,2025-01-11 07:00:00,SUSTAINABILITY_INCIDENT,Medium,Supervisor,Operations Supervisor,Operator → Supervisor
INC-00268,2025-01-11 07:30:00,SUSTAINABILITY_INCIDENT,Medium,Supervisor,Operations Supervisor,Operator → Supervisor
INC-00269,2025-01-11 08:00:00,SUSTAINABILITY_INCIDENT,Medium,Supervisor,Operations Supervisor,Operator → Supervisor
INC-00270,2025-01-11 08:30:00,SUSTAINABILITY_INCIDENT,Medium,Supervisor,Operations Supervisor,Operator → Supervisor
INC-00271,2025-01-11 09:00:00,SUSTAINABILITY_INCIDENT,Medium,Supervisor,Operations Supervisor,Operator → Supervisor
INC-00272,2025-01-11 09:30:00,SUSTAINABILITY_INCIDENT,Medium,Supervisor,Operations Supervisor,Operator → Supervisor
INC-00273,2025-01-11 10:00:00,SUSTAINABILITY_INCIDENT,Medium,Supervisor,Operations Supervisor,Operator → Supervisor
INC-00274,2025-01-11 10:30:00,SUSTAINABILITY_INCIDENT,Medium,Supervisor,Operations Supervisor,Operator → Supervisor
INC-00275,2025-01-11 12:00:00,SUSTAINABILITY_INCIDENT,Medium,Supervisor,Operations Supervisor,Operator → Supervisor
INC-00276,2025-01-11 12:30:00,SUSTAINABILITY_INCIDENT,Medium,Supervisor,Operations Supervisor,Operator → Supervisor
INC-00277,2025-01-11 13:00:00,SUSTAINABILITY_INCIDENT,Medium,Supervisor,Operations Supervisor,Operator → Supervisor
INC-00278,2025-01-11 13:30:00,SUSTAINABILITY_INCIDENT,Medium,Supervisor,Operations Supervisor,Operator → Supervisor
INC-00279,2025-01-11 14:00:00,SUSTAINABILITY_INCIDENT,Medium,Supervisor,Operations Supervisor,Operator → Supervisor
INC-00280,2025-01-11 14:30:00,SUSTAINABILITY_INCIDENT,Medium,Supervisor,Operations Supervisor,Operator → Supervisor
INC-00281,2025-01-11 15:00:00,SUSTAINABILITY_INCIDENT,Medium,Supervisor,Operations Supervisor,Operator → Supervisor
INC-00282,2025-01-11 15:00:00,PEAK_LOAD_EMISSIONS_INCIDENT,High,Regional Controller,Regional Leadership,Operator → Supervisor → Regional Controller
INC-00283,2025-01-11 15:30:00,SUSTAINABILITY_INCIDENT,Medium,Supervisor,Operations Supervisor,Operator → Supervisor
INC-00284,2025-01-11 15:30:00,PEAK_LOAD_EMISSIONS_INCIDENT,High,Regional Controller,Regional Leadership,Operator → Supervisor → Regional Controller
INC-00285,2025-01-11 16:00:00,SUSTAINABILITY_INCIDENT,Medium,Supervisor,Operations Supervisor,Operator → Supervisor
INC-00286,2025-01-11 16:00:00,PEAK_LOAD_EMISSIONS_INCIDENT,High,Regional Controller,Regional Leadership,Operator → Supervisor → Regional Controller
INC-00287,2025-01-11 16:30:00,SUSTAINABILITY_INCIDENT,Medium,Supervisor,Operations Supervisor,Operator → Supervisor
INC-00288,2025-01-11 16:30:00,PEAK_LOAD_EMISSIONS_INCIDENT,High,Regional Controller,Regional Leadership,Operator → Supervisor → Regional Controller
INC-00289,2025-01-11 17:00:00,SUSTAINABILITY_INCIDENT,Medium,Supervisor,Operations Supervisor,Operator → Supervisor
INC-00290,2025-01-11 17:00:00,PEAK_LOAD_EMISSIONS_INCIDENT,High,Regional Controller,Regional Leadership,Operator → Supervisor → Regional Controller
INC-00291,2025-01-11 17:30:00,GRID_STRESS_INCIDENT,Critical,Executive,Executive Leadership,Operator → Supervisor → Regional Controller → Executive
INC-00292,2025-01-11 17:30:00,SUSTAINABILITY_INCIDENT,Medium,Supervisor,Operations Supervisor,Operator → Supervisor
INC-00293,2025-01-11 17:30:00,PEAK_LOAD_EMISSIONS_INCIDENT,High,Regional Controller,Regional Leadership,Operator → Supervisor → Regional Controller
INC-00294,2025-01-11 18:00:00,GRID_STRESS_INCIDENT,Critical,Executive,Executive Leadership,Operator → Supervisor → Regional Controller → Executive
INC-00295,2025-01-11 18:00:00,SUSTAINABILITY_INCIDENT,Medium,Supervisor,Operations Supervisor,Operator → Supervisor
INC-00296,2025-01-11 18:00:00,PEAK_LOAD_EMISSIONS_INCIDENT,High,Regional Controller,Regional Leadership,Operator → Supervisor → Regional Controller
INC-00297,2025-01-11 18:30:00,GRID_STRESS_INCIDENT,Critical,Executive,Executive Leadership,Operator → Supervisor → Regional Controller → Executive
INC-00298,2025-01-11 18:30:00,SUSTAINABILITY_INCIDENT,Medium,Supervisor,Operations Supervisor,Operator → Supervisor
INC-00299,2025-01-11 18:30:00,PEAK_LOAD_EMISSIONS_INCIDENT,High,Regional Controller,Regional Leadership,Operator → Supervisor → Regional Controller
INC-00300,2025-01-11 19:00:00,GRID_STRESS_INCIDENT,Critical,Executive,Executive Leadership,Operator → Supervisor → Regional Controller → Executive
INC-00301,2025-01-11 19:00:00,SUSTAINABILITY_INCIDENT,Medium,Supervisor,Operations Supervisor,Operator → Supervisor
INC-00302,2025-01-11 19:00:00,PEAK_LOAD_EMISSIONS_INCIDENT,High,Regional Controller,Regional Leadership,Operator → Supervisor → Regional Controller
INC-00303,2025-01-11 19:30:00,SUSTAINABILITY_INCIDENT,Medium,Supervisor,Operations Supervisor,Operator → Supervisor
INC-00304,2025-01-11 19:30:00,PEAK_LOAD_EMISSIONS_INCIDENT,High,Regional Controller,Regional Leadership,Operator → Supervisor → Regional Controller
INC-00305,2025-01-11 20:00:00,SUSTAINABILITY_INCIDENT,Medium,Supervisor,Operations Supervisor,Operator → Supervisor
INC-00306,2025-01-11 20:00:00,PEAK_LOAD_EMISSIONS_INCIDENT,High,Regional Controller,Regional Leadership,Operator → Supervisor → Regional Controller
INC-00307,2025-01-11 20:30:00,SUSTAINABILITY_INCIDENT,Medium,Supervisor,Operations Supervisor,Operator → Supervisor
INC-00308,2025-01-11 21:00:00,SUSTAINABILITY_INCIDENT,Medium,Supervisor,Operations Supervisor,Operator → Supervisor
INC-00309,2025-01-11 21:30:00,SUSTAINABILITY_INCIDENT,Medium,Supervisor,Operations Supervisor,Operator → Supervisor
INC-00310,2025-01-11 22:00:00,SUSTAINABILITY_INCIDENT,Medium,Supervisor,Operations Supervisor,Operator → Supervisor
INC-00311,2025-01-11 22:30:00,SUSTAINABILITY_INCIDENT,Medium,Supervisor,Operations Supervisor,Operator → Supervisor
INC-00312,2025-01-11 23:00:00,SUSTAINABILITY_INCIDENT,Medium,Supervisor,Operations Supervisor,Operator → Supervisor
INC-00313,2025-01-11 23:30:00,SUSTAINABILITY_INCIDENT,Medium,Supervisor,Operations Supervisor,Operator → Supervisor
INC-00314,2025-01-12 00:00:00,SUSTAINABILITY_INCIDENT,Medium,Supervisor,Operations Supervisor,Operator → Supervisor
INC-00315,2025-01-12 01:00:00,SUSTAINABILITY_INCIDENT,Medium,Supervisor,Operations Supervisor,Operator → Supervisor
INC-00316,2025-01-12 01:30:00,SUSTAINABILITY_INCIDENT,Medium,Supervisor,Operations Supervisor,Operator → Supervisor
INC-00317,2025-01-12 02:00:00,SUSTAINABILITY_INCIDENT,Medium,Supervisor,Operations Supervisor,Operator → Supervisor
INC-00318,2025-01-12 02:30:00,SUSTAINABILITY_INCIDENT,Medium,Supervisor,Operations Supervisor,Operator → Supervisor
INC-00319,2025-01-12 03:00:00,SUSTAINABILITY_INCIDENT,Medium,Supervisor,Operations Supervisor,Operator → Supervisor
INC-00320,2025-01-12 03:30:00,SUSTAINABILITY_INCIDENT,Medium,Supervisor,Operations Supervisor,Operator → Supervisor
INC-00321,2025-01-12 04:00:00,SUSTAINABILITY_INCIDENT,Medium,Supervisor,Operations Supervisor,Operator → Supervisor
INC-00322,2025-01-12 04:30:00,SUSTAINABILITY_INCIDENT,Medium,Supervisor,Operations Supervisor,Operator → Supervisor
INC-00323,2025-01-12 05:00:00,SUSTAINABILITY_INCIDENT,Medium,Supervisor,Operations Supervisor,Operator → Supervisor
INC-00324,2025-01-12 05:30:00,SUSTAINABILITY_INCIDENT,Medium,Supervisor,Operations Supervisor,Operator → Supervisor
INC-00325,2025-01-12 06:00:00,SUSTAINABILITY_INCIDENT,Medium,Supervisor,Operations Supervisor,Operator → Supervisor
INC-00326,2025-01-12 06:30:00,SUSTAINABILITY_INCIDENT,Medium,Supervisor,Operations Supervisor,Operator → Supervisor
INC-00327,2025-01-12 07:00:00,SUSTAINABILITY_INCIDENT,Medium,Supervisor,Operations Supervisor,Operator → Supervisor
INC-00328,2025-01-12 07:30:00,SUSTAINABILITY_INCIDENT,Medium,Supervisor,Operations Supervisor,Operator → Supervisor
INC-00329,2025-01-12 08:00:00,SUSTAINABILITY_INCIDENT,Medium,Supervisor,Operations Supervisor,Operator → Supervisor
INC-00330,2025-01-12 08:30:00,SUSTAINABILITY_INCIDENT,Medium,Supervisor,Operations Supervisor,Operator → Supervisor
INC-00331,2025-01-12 09:00:00,SUSTAINABILITY_INCIDENT,Medium,Supervisor,Operations Supervisor,Operator → Supervisor
INC-00332,2025-01-12 09:30:00,SUSTAINABILITY_INCIDENT,Medium,Supervisor,Operations Supervisor,Operator → Supervisor
INC-00333,2025-01-12 10:00:00,SUSTAINABILITY_INCIDENT,Medium,Supervisor,Operations Supervisor,Operator → Supervisor
INC-00334,2025-01-12 14:30:00,FORECAST_RISK_INCIDENT,High,Regional Controller,Regional Leadership,Operator → Supervisor → Regional Controller
INC-00335,2025-01-12 15:00:00,FORECAST_RISK_INCIDENT,High,Regional Controller,Regional Leadership,Operator → Supervisor → Regional Controller
INC-00336,2025-01-12 15:30:00,PEAK_LOAD_EMISSIONS_INCIDENT,High,Regional Controller,Regional Leadership,Operator → Supervisor → Regional Controller
INC-00337,2025-01-12 16:00:00,FORECAST_RISK_INCIDENT,High,Regional Controller,Regional Leadership,Operator → Supervisor → Regional Controller
INC-00338,2025-01-12 18:00:00,PEAK_LOAD_EMISSIONS_INCIDENT,High,Regional Controller,Regional Leadership,Operator → Supervisor → Regional Controller
INC-00339,2025-01-12 18:30:00,PEAK_LOAD_EMISSIONS_INCIDENT,High,Regional Controller,Regional Leadership,Operator → Supervisor → Regional Controller
INC-00340,2025-01-12 19:00:00,PEAK_LOAD_EMISSIONS_INCIDENT,High,Regional Controller,Regional Leadership,Operator → Supervisor → Regional Controller
INC-00341,2025-01-12 19:30:00,PEAK_LOAD_EMISSIONS_INCIDENT,High,Regional Controller,Regional Leadership,Operator → Supervisor → Regional Controller
INC-00342,2025-01-13 10:30:00,CURTAILMENT_RISK_INCIDENT,Medium,Supervisor,Operations Supervisor,Operator → Supervisor
INC-00343,2025-01-13 10:30:00,RENEWABLE_SUPPORT_INCIDENT,Low,Operator,Operations Team,Operator
INC-00344,2025-01-13 11:00:00,RENEWABLE_SUPPORT_INCIDENT,Low,Operator,Operations Team,Operator
INC-00345,2025-01-13 11:30:00,RENEWABLE_SUPPORT_INCIDENT,Low,Operator,Operations Team,Operator
INC-00346,2025-01-13 12:00:00,RENEWABLE_SUPPORT_INCIDENT,Low,Operator,Operations Team,Operator
INC-00347,2025-01-13 12:30:00,RENEWABLE_SUPPORT_INCIDENT,Low,Operator,Operations Team,Operator
INC-00348,2025-01-13 13:00:00,RENEWABLE_SUPPORT_INCIDENT,Low,Operator,Operations Team,Operator
INC-00349,2025-01-14 08:30:00,PEAK_LOAD_EMISSIONS_INCIDENT,High,Regional Controller,Regional Leadership,Operator → Supervisor → Regional Controller
INC-00350,2025-01-14 09:00:00,PEAK_LOAD_EMISSIONS_INCIDENT,High,Regional Controller,Regional Leadership,Operator → Supervisor → Regional Controller
INC-00351,2025-01-14 09:30:00,PEAK_LOAD_EMISSIONS_INCIDENT,High,Regional Controller,Regional Leadership,Operator → Supervisor → Regional Controller
INC-00352,2025-01-14 15:30:00,PEAK_LOAD_EMISSIONS_INCIDENT,High,Regional Controller,Regional Leadership,Operator → Supervisor → Regional Controller
INC-00353,2025-01-14 16:00:00,PEAK_LOAD_EMISSIONS_INCIDENT,High,Regional Controller,Regional Leadership,Operator → Supervisor → Regional Controller
INC-00354,2025-01-14 16:30:00,PEAK_LOAD_EMISSIONS_INCIDENT,High,Regional Controller,Regional Leadership,Operator → Supervisor → Regional Controller
INC-00355,2025-01-14 17:00:00,PEAK_LOAD_EMISSIONS_INCIDENT,High,Regional Controller,Regional Leadership,Operator → Supervisor → Regional Controller
INC-00356,2025-01-14 17:30:00,PEAK_LOAD_EMISSIONS_INCIDENT,High,Regional Controller,Regional Leadership,Operator → Supervisor → Regional Controller
INC-00357,2025-01-14 18:00:00,PEAK_LOAD_EMISSIONS_INCIDENT,High,Regional Controller,Regional Leadership,Operator → Supervisor → Regional Controller
INC-00358,2025-01-14 18:30:00,PEAK_LOAD_EMISSIONS_INCIDENT,High,Regional Controller,Regional Leadership,Operator → Supervisor → Regional Controller
INC-00359,2025-01-14 19:00:00,PEAK_LOAD_EMISSIONS_INCIDENT,High,Regional Controller,Regional Leadership,Operator → Supervisor → Regional Controller
INC-00360,2025-01-14 19:30:00,PEAK_LOAD_EMISSIONS_INCIDENT,High,Regional Controller,Regional Leadership,Operator → Supervisor → Regional Controller
INC-00361,2025-01-15 12:30:00,OPERATIONAL_RISK_INCIDENT,High,Regional Controller,Regional Leadership,Operator → Supervisor → Regional Controller
INC-00362,2025-01-15 13:00:00,OPERATIONAL_RISK_INCIDENT,High,Regional Controller,Regional Leadership,Operator → Supervisor → Regional Controller
INC-00363,2025-01-15 13:30:00,OPERATIONAL_RISK_INCIDENT,High,Regional Controller,Regional Leadership,Operator → Supervisor → Regional Controller
INC-00364,2025-01-15 14:00:00,OPERATIONAL_RISK_INCIDENT,High,Regional Controller,Regional Leadership,Operator → Supervisor → Regional Controller
INC-00365,2025-01-15 14:30:00,OPERATIONAL_RISK_INCIDENT,High,Regional Controller,Regional Leadership,Operator → Supervisor → Regional Controller
INC-00366,2025-01-15 15:00:00,OPERATIONAL_RISK_INCIDENT,High,Regional Controller,Regional Leadership,Operator → Supervisor → Regional Controller
INC-00367,2025-01-15 15:30:00,OPERATIONAL_RISK_INCIDENT,High,Regional Controller,Regional Leadership,Operator → Supervisor → Regional Controller
INC-00368,2025-01-15 16:00:00,FORECAST_RISK_INCIDENT,High,Regional Controller,Regional Leadership,Operator → Supervisor → Regional Controller
INC-00369,2025-01-15 16:00:00,PEAK_LOAD_EMISSIONS_INCIDENT,High,Regional Controller,Regional Leadership,Operator → Supervisor → Regional Controller
INC-00370,2025-01-15 16:00:00,OPERATIONAL_RISK_INCIDENT,High,Regional Controller,Regional Leadership,Operator → Supervisor → Regional Controller
INC-00371,2025-01-15 16:30:00,FORECAST_RISK_INCIDENT,High,Regional Controller,Regional Leadership,Operator → Supervisor → Regional Controller
INC-00372,2025-01-15 16:30:00,PEAK_LOAD_EMISSIONS_INCIDENT,High,Regional Controller,Regional Leadership,Operator → Supervisor → Regional Controller
INC-00373,2025-01-15 16:30:00,OPERATIONAL_RISK_INCIDENT,High,Regional Controller,Regional Leadership,Operator → Supervisor → Regional Controller
INC-00374,2025-01-15 17:00:00,FORECAST_RISK_INCIDENT,High,Regional Controller,Regional Leadership,Operator → Supervisor → Regional Controller
INC-00375,2025-01-15 17:00:00,PEAK_LOAD_EMISSIONS_INCIDENT,High,Regional Controller,Regional Leadership,Operator → Supervisor → Regional Controller
INC-00376,2025-01-15 17:00:00,OPERATIONAL_RISK_INCIDENT,High,Regional Controller,Regional Leadership,Operator → Supervisor → Regional Controller
INC-00377,2025-01-15 17:30:00,PEAK_LOAD_EMISSIONS_INCIDENT,High,Regional Controller,Regional Leadership,Operator → Supervisor → Regional Controller
INC-00378,2025-01-15 18:00:00,PEAK_LOAD_EMISSIONS_INCIDENT,High,Regional Controller,Regional Leadership,Operator → Supervisor → Regional Controller
INC-00379,2025-01-15 18:30:00,PEAK_LOAD_EMISSIONS_INCIDENT,High,Regional Controller,Regional Leadership,Operator → Supervisor → Regional Controller
INC-00380,2025-01-15 19:00:00,PEAK_LOAD_EMISSIONS_INCIDENT,High,Regional Controller,Regional Leadership,Operator → Supervisor → Regional Controller
INC-00381,2025-01-15 19:30:00,OPERATIONAL_RISK_INCIDENT,High,Regional Controller,Regional Leadership,Operator → Supervisor → Regional Controller
INC-00382,2025-01-15 20:00:00,OPERATIONAL_RISK_INCIDENT,High,Regional Controller,Regional Leadership,Operator → Supervisor → Regional Controller
INC-00383,2025-01-16 15:30:00,PEAK_LOAD_EMISSIONS_INCIDENT,High,Regional Controller,Regional Leadership,Operator → Supervisor → Regional Controller
INC-00384,2025-01-16 16:00:00,PEAK_LOAD_EMISSIONS_INCIDENT,High,Regional Controller,Regional Leadership,Operator → Supervisor → Regional Controller
INC-00385,2025-01-16 16:30:00,PEAK_LOAD_EMISSIONS_INCIDENT,High,Regional Controller,Regional Leadership,Operator → Supervisor → Regional Controller
INC-00386,2025-01-16 17:00:00,PEAK_LOAD_EMISSIONS_INCIDENT,High,Regional Controller,Regional Leadership,Operator → Supervisor → Regional Controller
INC-00387,2025-01-16 17:30:00,PEAK_LOAD_EMISSIONS_INCIDENT,High,Regional Controller,Regional Leadership,Operator → Supervisor → Regional Controller
INC-00388,2025-01-16 18:00:00,PEAK_LOAD_EMISSIONS_INCIDENT,High,Regional Controller,Regional Leadership,Operator → Supervisor → Regional Controller
INC-00389,2025-01-16 18:30:00,PEAK_LOAD_EMISSIONS_INCIDENT,High,Regional Controller,Regional Leadership,Operator → Supervisor → Regional Controller
INC-00390,2025-01-16 19:00:00,PEAK_LOAD_EMISSIONS_INCIDENT,High,Regional Controller,Regional Leadership,Operator → Supervisor → Regional Controller
INC-00391,2025-01-16 19:30:00,PEAK_LOAD_EMISSIONS_INCIDENT,High,Regional Controller,Regional Leadership,Operator → Supervisor → Regional Controller
INC-00392,2025-01-17 12:00:00,PEAK_LOAD_EMISSIONS_INCIDENT,High,Regional Controller,Regional Leadership,Operator → Supervisor → Regional Controller
INC-00393,2025-01-17 12:30:00,PEAK_LOAD_EMISSIONS_INCIDENT,High,Regional Controller,Regional Leadership,Operator → Supervisor → Regional Controller
INC-00394,2025-01-17 13:00:00,PEAK_LOAD_EMISSIONS_INCIDENT,High,Regional Controller,Regional Leadership,Operator → Supervisor → Regional Controller
INC-00395,2025-01-17 16:00:00,PEAK_LOAD_EMISSIONS_INCIDENT,High,Regional Controller,Regional Leadership,Operator → Supervisor → Regional Controller
INC-00396,2025-01-17 16:30:00,PEAK_LOAD_EMISSIONS_INCIDENT,High,Regional Controller,Regional Leadership,Operator → Supervisor → Regional Controller
INC-00397,2025-01-17 17:00:00,PEAK_LOAD_EMISSIONS_INCIDENT,High,Regional Controller,Regional Leadership,Operator → Supervisor → Regional Controller
INC-00398,2025-01-17 17:30:00,PEAK_LOAD_EMISSIONS_INCIDENT,High,Regional Controller,Regional Leadership,Operator → Supervisor → Regional Controller
INC-00399,2025-01-17 18:00:00,PEAK_LOAD_EMISSIONS_INCIDENT,High,Regional Controller,Regional Leadership,Operator → Supervisor → Regional Controller
INC-00400,2025-01-17 18:30:00,PEAK_LOAD_EMISSIONS_INCIDENT,High,Regional Controller,Regional Leadership,Operator → Supervisor → Regional Controller
INC-00401,2025-01-17 19:00:00,PEAK_LOAD_EMISSIONS_INCIDENT,High,Regional Controller,Regional Leadership,Operator → Supervisor → Regional Controller
INC-00402,2025-01-18 13:00:00,OPERATIONAL_RISK_INCIDENT,High,Regional Controller,Regional Leadership,Operator → Supervisor → Regional Controller
INC-00403,2025-01-18 13:30:00,OPERATIONAL_RISK_INCIDENT,High,Regional Controller,Regional Leadership,Operator → Supervisor → Regional Controller
INC-00404,2025-01-18 14:00:00,OPERATIONAL_RISK_INCIDENT,High,Regional Controller,Regional Leadership,Operator → Supervisor → Regional Controller
INC-00405,2025-01-18 15:30:00,SUSTAINABILITY_INCIDENT,Medium,Supervisor,Operations Supervisor,Operator → Supervisor
INC-00406,2025-01-18 16:30:00,PEAK_LOAD_EMISSIONS_INCIDENT,High,Regional Controller,Regional Leadership,Operator → Supervisor → Regional Controller
INC-00407,2025-01-18 17:00:00,GRID_STRESS_INCIDENT,Critical,Executive,Executive Leadership,Operator → Supervisor → Regional Controller → Executive
INC-00408,2025-01-18 17:00:00,PEAK_LOAD_EMISSIONS_INCIDENT,High,Regional Controller,Regional Leadership,Operator → Supervisor → Regional Controller
INC-00409,2025-01-18 17:30:00,GRID_STRESS_INCIDENT,Critical,Executive,Executive Leadership,Operator → Supervisor → Regional Controller → Executive
INC-00410,2025-01-18 17:30:00,PEAK_LOAD_EMISSIONS_INCIDENT,High,Regional Controller,Regional Leadership,Operator → Supervisor → Regional Controller
INC-00411,2025-01-18 18:00:00,GRID_STRESS_INCIDENT,Critical,Executive,Executive Leadership,Operator → Supervisor → Regional Controller → Executive
INC-00412,2025-01-18 18:00:00,PEAK_LOAD_EMISSIONS_INCIDENT,High,Regional Controller,Regional Leadership,Operator → Supervisor → Regional Controller
INC-00413,2025-01-18 18:30:00,GRID_STRESS_INCIDENT,Critical,Executive,Executive Leadership,Operator → Supervisor → Regional Controller → Executive
INC-00414,2025-01-18 18:30:00,PEAK_LOAD_EMISSIONS_INCIDENT,High,Regional Controller,Regional Leadership,Operator → Supervisor → Regional Controller
INC-00415,2025-01-18 19:00:00,GRID_STRESS_INCIDENT,Critical,Executive,Executive Leadership,Operator → Supervisor → Regional Controller → Executive
INC-00416,2025-01-18 19:00:00,PEAK_LOAD_EMISSIONS_INCIDENT,High,Regional Controller,Regional Leadership,Operator → Supervisor → Regional Controller
INC-00417,2025-01-18 19:30:00,SUSTAINABILITY_INCIDENT,Medium,Supervisor,Operations Supervisor,Operator → Supervisor
INC-00418,2025-01-18 20:00:00,SUSTAINABILITY_INCIDENT,Medium,Supervisor,Operations Supervisor,Operator → Supervisor
INC-00419,2025-01-18 20:30:00,SUSTAINABILITY_INCIDENT,Medium,Supervisor,Operations Supervisor,Operator → Supervisor
INC-00420,2025-01-18 21:00:00,SUSTAINABILITY_INCIDENT,Medium,Supervisor,Operations Supervisor,Operator → Supervisor
INC-00421,2025-01-18 21:30:00,SUSTAINABILITY_INCIDENT,Medium,Supervisor,Operations Supervisor,Operator → Supervisor
INC-00422,2025-01-18 22:00:00,SUSTAINABILITY_INCIDENT,Medium,Supervisor,Operations Supervisor,Operator → Supervisor
INC-00423,2025-01-18 22:30:00,SUSTAINABILITY_INCIDENT,Medium,Supervisor,Operations Supervisor,Operator → Supervisor
INC-00424,2025-01-18 23:00:00,SUSTAINABILITY_INCIDENT,Medium,Supervisor,Operations Supervisor,Operator → Supervisor
INC-00425,2025-01-18 23:30:00,SUSTAINABILITY_INCIDENT,Medium,Supervisor,Operations Supervisor,Operator → Supervisor
INC-00426,2025-01-19 00:00:00,SUSTAINABILITY_INCIDENT,Medium,Supervisor,Operations Supervisor,Operator → Supervisor
INC-00427,2025-01-19 00:30:00,SUSTAINABILITY_INCIDENT,Medium,Supervisor,Operations Supervisor,Operator → Supervisor
INC-00428,2025-01-19 01:00:00,SUSTAINABILITY_INCIDENT,Medium,Supervisor,Operations Supervisor,Operator → Supervisor
INC-00429,2025-01-19 01:30:00,SUSTAINABILITY_INCIDENT,Medium,Supervisor,Operations Supervisor,Operator → Supervisor
INC-00430,2025-01-19 02:00:00,SUSTAINABILITY_INCIDENT,Medium,Supervisor,Operations Supervisor,Operator → Supervisor
INC-00431,2025-01-19 02:30:00,SUSTAINABILITY_INCIDENT,Medium,Supervisor,Operations Supervisor,Operator → Supervisor
INC-00432,2025-01-19 03:00:00,SUSTAINABILITY_INCIDENT,Medium,Supervisor,Operations Supervisor,Operator → Supervisor
INC-00433,2025-01-19 03:30:00,SUSTAINABILITY_INCIDENT,Medium,Supervisor,Operations Supervisor,Operator → Supervisor
INC-00434,2025-01-19 04:00:00,SUSTAINABILITY_INCIDENT,Medium,Supervisor,Operations Supervisor,Operator → Supervisor
INC-00435,2025-01-19 04:30:00,SUSTAINABILITY_INCIDENT,Medium,Supervisor,Operations Supervisor,Operator → Supervisor
INC-00436,2025-01-19 05:00:00,SUSTAINABILITY_INCIDENT,Medium,Supervisor,Operations Supervisor,Operator → Supervisor
INC-00437,2025-01-19 05:30:00,SUSTAINABILITY_INCIDENT,Medium,Supervisor,Operations Supervisor,Operator → Supervisor
INC-00438,2025-01-19 06:00:00,SUSTAINABILITY_INCIDENT,Medium,Supervisor,Operations Supervisor,Operator → Supervisor
INC-00439,2025-01-19 06:30:00,SUSTAINABILITY_INCIDENT,Medium,Supervisor,Operations Supervisor,Operator → Supervisor
INC-00440,2025-01-19 07:00:00,SUSTAINABILITY_INCIDENT,Medium,Supervisor,Operations Supervisor,Operator → Supervisor
INC-00441,2025-01-19 07:30:00,SUSTAINABILITY_INCIDENT,Medium,Supervisor,Operations Supervisor,Operator → Supervisor
INC-00442,2025-01-19 08:00:00,SUSTAINABILITY_INCIDENT,Medium,Supervisor,Operations Supervisor,Operator → Supervisor
INC-00443,2025-01-19 08:30:00,SUSTAINABILITY_INCIDENT,Medium,Supervisor,Operations Supervisor,Operator → Supervisor
INC-00444,2025-01-19 09:00:00,SUSTAINABILITY_INCIDENT,Medium,Supervisor,Operations Supervisor,Operator → Supervisor
INC-00445,2025-01-19 09:30:00,SUSTAINABILITY_INCIDENT,Medium,Supervisor,Operations Supervisor,Operator → Supervisor
INC-00446,2025-01-19 10:00:00,SUSTAINABILITY_INCIDENT,Medium,Supervisor,Operations Supervisor,Operator → Supervisor
INC-00447,2025-01-19 10:30:00,SUSTAINABILITY_INCIDENT,Medium,Supervisor,Operations Supervisor,Operator → Supervisor
INC-00448,2025-01-19 11:00:00,SUSTAINABILITY_INCIDENT,Medium,Supervisor,Operations Supervisor,Operator → Supervisor
INC-00449,2025-01-19 11:30:00,SUSTAINABILITY_INCIDENT,Medium,Supervisor,Operations Supervisor,Operator → Supervisor
INC-00450,2025-01-19 12:00:00,FORECAST_RISK_INCIDENT,High,Regional Controller,Regional Leadership,Operator → Supervisor → Regional Controller
INC-00451,2025-01-19 12:00:00,SUSTAINABILITY_INCIDENT,Medium,Supervisor,Operations Supervisor,Operator → Supervisor
INC-00452,2025-01-19 12:00:00,PEAK_LOAD_EMISSIONS_INCIDENT,High,Regional Controller,Regional Leadership,Operator → Supervisor → Regional Controller
INC-00453,2025-01-19 12:00:00,OPERATIONAL_RISK_INCIDENT,High,Regional Controller,Regional Leadership,Operator → Supervisor → Regional Controller
INC-00454,2025-01-19 12:30:00,SUSTAINABILITY_INCIDENT,Medium,Supervisor,Operations Supervisor,Operator → Supervisor
INC-00455,2025-01-19 12:30:00,PEAK_LOAD_EMISSIONS_INCIDENT,High,Regional Controller,Regional Leadership,Operator → Supervisor → Regional Controller
INC-00456,2025-01-19 13:00:00,SUSTAINABILITY_INCIDENT,Medium,Supervisor,Operations Supervisor,Operator → Supervisor
INC-00457,2025-01-19 13:30:00,SUSTAINABILITY_INCIDENT,Medium,Supervisor,Operations Supervisor,Operator → Supervisor
INC-00458,2025-01-19 14:00:00,SUSTAINABILITY_INCIDENT,Medium,Supervisor,Operations Supervisor,Operator → Supervisor
INC-00459,2025-01-19 14:00:00,PEAK_LOAD_EMISSIONS_INCIDENT,High,Regional Controller,Regional Leadership,Operator → Supervisor → Regional Controller
INC-00460,2025-01-19 14:30:00,SUSTAINABILITY_INCIDENT,Medium,Supervisor,Operations Supervisor,Operator → Supervisor
INC-00461,2025-01-19 14:30:00,PEAK_LOAD_EMISSIONS_INCIDENT,High,Regional Controller,Regional Leadership,Operator → Supervisor → Regional Controller
INC-00462,2025-01-19 15:00:00,SUSTAINABILITY_INCIDENT,Medium,Supervisor,Operations Supervisor,Operator → Supervisor
INC-00463,2025-01-19 15:00:00,PEAK_LOAD_EMISSIONS_INCIDENT,High,Regional Controller,Regional Leadership,Operator → Supervisor → Regional Controller
INC-00464,2025-01-19 15:30:00,GRID_STRESS_INCIDENT,Critical,Executive,Executive Leadership,Operator → Supervisor → Regional Controller → Executive
INC-00465,2025-01-19 15:30:00,SUSTAINABILITY_INCIDENT,Medium,Supervisor,Operations Supervisor,Operator → Supervisor
INC-00466,2025-01-19 15:30:00,PEAK_LOAD_EMISSIONS_INCIDENT,High,Regional Controller,Regional Leadership,Operator → Supervisor → Regional Controller
INC-00467,2025-01-19 16:00:00,GRID_STRESS_INCIDENT,Critical,Executive,Executive Leadership,Operator → Supervisor → Regional Controller → Executive
INC-00468,2025-01-19 16:00:00,SUSTAINABILITY_INCIDENT,Medium,Supervisor,Operations Supervisor,Operator → Supervisor
INC-00469,2025-01-19 16:00:00,PEAK_LOAD_EMISSIONS_INCIDENT,High,Regional Controller,Regional Leadership,Operator → Supervisor → Regional Controller
INC-00470,2025-01-19 16:30:00,GRID_STRESS_INCIDENT,Critical,Executive,Executive Leadership,Operator → Supervisor → Regional Controller → Executive
INC-00471,2025-01-19 16:30:00,SUSTAINABILITY_INCIDENT,Medium,Supervisor,Operations Supervisor,Operator → Supervisor
INC-00472,2025-01-19 16:30:00,PEAK_LOAD_EMISSIONS_INCIDENT,High,Regional Controller,Regional Leadership,Operator → Supervisor → Regional Controller
INC-00473,2025-01-19 17:00:00,GRID_STRESS_INCIDENT,Critical,Executive,Executive Leadership,Operator → Supervisor → Regional Controller → Executive
INC-00474,2025-01-19 17:00:00,SUSTAINABILITY_INCIDENT,Medium,Supervisor,Operations Supervisor,Operator → Supervisor
INC-00475,2025-01-19 17:00:00,PEAK_LOAD_EMISSIONS_INCIDENT,High,Regional Controller,Regional Leadership,Operator → Supervisor → Regional Controller
INC-00476,2025-01-19 17:30:00,GRID_STRESS_INCIDENT,Critical,Executive,Executive Leadership,Operator → Supervisor → Regional Controller → Executive
INC-00477,2025-01-19 17:30:00,SUSTAINABILITY_INCIDENT,Medium,Supervisor,Operations Supervisor,Operator → Supervisor
INC-00478,2025-01-19 17:30:00,PEAK_LOAD_EMISSIONS_INCIDENT,High,Regional Controller,Regional Leadership,Operator → Supervisor → Regional Controller
INC-00479,2025-01-19 18:00:00,SUSTAINABILITY_INCIDENT,Medium,Supervisor,Operations Supervisor,Operator → Supervisor
INC-00480,2025-01-19 18:00:00,PEAK_LOAD_EMISSIONS_INCIDENT,High,Regional Controller,Regional Leadership,Operator → Supervisor → Regional Controller
INC-00481,2025-01-19 18:30:00,SUSTAINABILITY_INCIDENT,Medium,Supervisor,Operations Supervisor,Operator → Supervisor
INC-00482,2025-01-19 18:30:00,PEAK_LOAD_EMISSIONS_INCIDENT,High,Regional Controller,Regional Leadership,Operator → Supervisor → Regional Controller
INC-00483,2025-01-19 19:00:00,SUSTAINABILITY_INCIDENT,Medium,Supervisor,Operations Supervisor,Operator → Supervisor
INC-00484,2025-01-19 19:00:00,PEAK_LOAD_EMISSIONS_INCIDENT,High,Regional Controller,Regional Leadership,Operator → Supervisor → Regional Controller
INC-00485,2025-01-19 19:30:00,SUSTAINABILITY_INCIDENT,Medium,Supervisor,Operations Supervisor,Operator → Supervisor
INC-00486,2025-01-19 19:30:00,PEAK_LOAD_EMISSIONS_INCIDENT,High,Regional Controller,Regional Leadership,Operator → Supervisor → Regional Controller
INC-00487,2025-01-19 20:00:00,SUSTAINABILITY_INCIDENT,Medium,Supervisor,Operations Supervisor,Operator → Supervisor
INC-00488,2025-01-19 20:30:00,SUSTAINABILITY_INCIDENT,Medium,Supervisor,Operations Supervisor,Operator → Supervisor
INC-00489,2025-01-19 21:00:00,SUSTAINABILITY_INCIDENT,Medium,Supervisor,Operations Supervisor,Operator → Supervisor
INC-00490,2025-01-19 21:30:00,SUSTAINABILITY_INCIDENT,Medium,Supervisor,Operations Supervisor,Operator → Supervisor
INC-00491,2025-01-19 22:00:00,SUSTAINABILITY_INCIDENT,Medium,Supervisor,Operations Supervisor,Operator → Supervisor
INC-00492,2025-01-19 22:30:00,SUSTAINABILITY_INCIDENT,Medium,Supervisor,Operations Supervisor,Operator → Supervisor
INC-00493,2025-01-19 23:00:00,SUSTAINABILITY_INCIDENT,Medium,Supervisor,Operations Supervisor,Operator → Supervisor
INC-00494,2025-01-19 23:30:00,SUSTAINABILITY_INCIDENT,Medium,Supervisor,Operations Supervisor,Operator → Supervisor
INC-00495,2025-01-20 00:00:00,SUSTAINABILITY_INCIDENT,Medium,Supervisor,Operations Supervisor,Operator → Supervisor
INC-00496,2025-01-20 00:30:00,SUSTAINABILITY_INCIDENT,Medium,Supervisor,Operations Supervisor,Operator → Supervisor
INC-00497,2025-01-20 01:00:00,SUSTAINABILITY_INCIDENT,Medium,Supervisor,Operations Supervisor,Operator → Supervisor
INC-00498,2025-01-20 01:30:00,SUSTAINABILITY_INCIDENT,Medium,Supervisor,Operations Supervisor,Operator → Supervisor
INC-00499,2025-01-20 02:00:00,SUSTAINABILITY_INCIDENT,Medium,Supervisor,Operations Supervisor,Operator → Supervisor
INC-00500,2025-01-20 02:30:00,SUSTAINABILITY_INCIDENT,Medium,Supervisor,Operations Supervisor,Operator → Supervisor
INC-00501,2025-01-20 03:00:00,SUSTAINABILITY_INCIDENT,Medium,Supervisor,Operations Supervisor,Operator → Supervisor
INC-00502,2025-01-20 03:30:00,SUSTAINABILITY_INCIDENT,Medium,Supervisor,Operations Supervisor,Operator → Supervisor
INC-00503,2025-01-20 04:00:00,SUSTAINABILITY_INCIDENT,Medium,Supervisor,Operations Supervisor,Operator → Supervisor
INC-00504,2025-01-20 04:30:00,SUSTAINABILITY_INCIDENT,Medium,Supervisor,Operations Supervisor,Operator → Supervisor
INC-00505,2025-01-20 05:00:00,SUSTAINABILITY_INCIDENT,Medium,Supervisor,Operations Supervisor,Operator → Supervisor
INC-00506,2025-01-20 05:30:00,SUSTAINABILITY_INCIDENT,Medium,Supervisor,Operations Supervisor,Operator → Supervisor
INC-00507,2025-01-20 06:00:00,SUSTAINABILITY_INCIDENT,Medium,Supervisor,Operations Supervisor,Operator → Supervisor
INC-00508,2025-01-20 06:30:00,SUSTAINABILITY_INCIDENT,Medium,Supervisor,Operations Supervisor,Operator → Supervisor
INC-00509,2025-01-20 07:00:00,SUSTAINABILITY_INCIDENT,Medium,Supervisor,Operations Supervisor,Operator → Supervisor
INC-00510,2025-01-20 07:30:00,SUSTAINABILITY_INCIDENT,Medium,Supervisor,Operations Supervisor,Operator → Supervisor
INC-00511,2025-01-20 08:00:00,SUSTAINABILITY_INCIDENT,Medium,Supervisor,Operations Supervisor,Operator → Supervisor
INC-00512,2025-01-20 08:00:00,PEAK_LOAD_EMISSIONS_INCIDENT,High,Regional Controller,Regional Leadership,Operator → Supervisor → Regional Controller
INC-00513,2025-01-20 08:30:00,SUSTAINABILITY_INCIDENT,Medium,Supervisor,Operations Supervisor,Operator → Supervisor
INC-00514,2025-01-20 08:30:00,PEAK_LOAD_EMISSIONS_INCIDENT,High,Regional Controller,Regional Leadership,Operator → Supervisor → Regional Controller
INC-00515,2025-01-20 09:00:00,SUSTAINABILITY_INCIDENT,Medium,Supervisor,Operations Supervisor,Operator → Supervisor
INC-00516,2025-01-20 09:00:00,PEAK_LOAD_EMISSIONS_INCIDENT,High,Regional Controller,Regional Leadership,Operator → Supervisor → Regional Controller
INC-00517,2025-01-20 09:30:00,SUSTAINABILITY_INCIDENT,Medium,Supervisor,Operations Supervisor,Operator → Supervisor
INC-00518,2025-01-20 09:30:00,PEAK_LOAD_EMISSIONS_INCIDENT,High,Regional Controller,Regional Leadership,Operator → Supervisor → Regional Controller
INC-00519,2025-01-20 10:00:00,SUSTAINABILITY_INCIDENT,Medium,Supervisor,Operations Supervisor,Operator → Supervisor
INC-00520,2025-01-20 10:00:00,PEAK_LOAD_EMISSIONS_INCIDENT,High,Regional Controller,Regional Leadership,Operator → Supervisor → Regional Controller
INC-00521,2025-01-20 10:30:00,SUSTAINABILITY_INCIDENT,Medium,Supervisor,Operations Supervisor,Operator → Supervisor
INC-00522,2025-01-20 10:30:00,PEAK_LOAD_EMISSIONS_INCIDENT,High,Regional Controller,Regional Leadership,Operator → Supervisor → Regional Controller
INC-00523,2025-01-20 11:00:00,SUSTAINABILITY_INCIDENT,Medium,Supervisor,Operations Supervisor,Operator → Supervisor
INC-00524,2025-01-20 11:00:00,PEAK_LOAD_EMISSIONS_INCIDENT,High,Regional Controller,Regional Leadership,Operator → Supervisor → Regional Controller
INC-00525,2025-01-20 11:30:00,SUSTAINABILITY_INCIDENT,Medium,Supervisor,Operations Supervisor,Operator → Supervisor
INC-00526,2025-01-20 11:30:00,PEAK_LOAD_EMISSIONS_INCIDENT,High,Regional Controller,Regional Leadership,Operator → Supervisor → Regional Controller
INC-00527,2025-01-20 12:00:00,SUSTAINABILITY_INCIDENT,Medium,Supervisor,Operations Supervisor,Operator → Supervisor
INC-00528,2025-01-20 12:00:00,PEAK_LOAD_EMISSIONS_INCIDENT,High,Regional Controller,Regional Leadership,Operator → Supervisor → Regional Controller
INC-00529,2025-01-20 12:30:00,SUSTAINABILITY_INCIDENT,Medium,Supervisor,Operations Supervisor,Operator → Supervisor
INC-00530,2025-01-20 12:30:00,PEAK_LOAD_EMISSIONS_INCIDENT,High,Regional Controller,Regional Leadership,Operator → Supervisor → Regional Controller
INC-00531,2025-01-20 13:00:00,SUSTAINABILITY_INCIDENT,Medium,Supervisor,Operations Supervisor,Operator → Supervisor
INC-00532,2025-01-20 13:00:00,PEAK_LOAD_EMISSIONS_INCIDENT,High,Regional Controller,Regional Leadership,Operator → Supervisor → Regional Controller
INC-00533,2025-01-20 13:30:00,SUSTAINABILITY_INCIDENT,Medium,Supervisor,Operations Supervisor,Operator → Supervisor
INC-00534,2025-01-20 13:30:00,PEAK_LOAD_EMISSIONS_INCIDENT,High,Regional Controller,Regional Leadership,Operator → Supervisor → Regional Controller
INC-00535,2025-01-20 14:00:00,SUSTAINABILITY_INCIDENT,Medium,Supervisor,Operations Supervisor,Operator → Supervisor
INC-00536,2025-01-20 14:00:00,PEAK_LOAD_EMISSIONS_INCIDENT,High,Regional Controller,Regional Leadership,Operator → Supervisor → Regional Controller
INC-00537,2025-01-20 14:30:00,SUSTAINABILITY_INCIDENT,Medium,Supervisor,Operations Supervisor,Operator → Supervisor
INC-00538,2025-01-20 14:30:00,PEAK_LOAD_EMISSIONS_INCIDENT,High,Regional Controller,Regional Leadership,Operator → Supervisor → Regional Controller
INC-00539,2025-01-20 15:00:00,SUSTAINABILITY_INCIDENT,Medium,Supervisor,Operations Supervisor,Operator → Supervisor
INC-00540,2025-01-20 15:00:00,PEAK_LOAD_EMISSIONS_INCIDENT,High,Regional Controller,Regional Leadership,Operator → Supervisor → Regional Controller
INC-00541,2025-01-20 15:30:00,SUSTAINABILITY_INCIDENT,Medium,Supervisor,Operations Supervisor,Operator → Supervisor
INC-00542,2025-01-20 15:30:00,PEAK_LOAD_EMISSIONS_INCIDENT,High,Regional Controller,Regional Leadership,Operator → Supervisor → Regional Controller
INC-00543,2025-01-20 16:00:00,SUSTAINABILITY_INCIDENT,Medium,Supervisor,Operations Supervisor,Operator → Supervisor
INC-00544,2025-01-20 16:00:00,PEAK_LOAD_EMISSIONS_INCIDENT,High,Regional Controller,Regional Leadership,Operator → Supervisor → Regional Controller
INC-00545,2025-01-20 16:30:00,GRID_STRESS_INCIDENT,Critical,Executive,Executive Leadership,Operator → Supervisor → Regional Controller → Executive
INC-00546,2025-01-20 16:30:00,SUSTAINABILITY_INCIDENT,Medium,Supervisor,Operations Supervisor,Operator → Supervisor
INC-00547,2025-01-20 16:30:00,PEAK_LOAD_EMISSIONS_INCIDENT,High,Regional Controller,Regional Leadership,Operator → Supervisor → Regional Controller
INC-00548,2025-01-20 17:00:00,GRID_STRESS_INCIDENT,Critical,Executive,Executive Leadership,Operator → Supervisor → Regional Controller → Executive
INC-00549,2025-01-20 17:00:00,SUSTAINABILITY_INCIDENT,Medium,Supervisor,Operations Supervisor,Operator → Supervisor
INC-00550,2025-01-20 17:00:00,PEAK_LOAD_EMISSIONS_INCIDENT,High,Regional Controller,Regional Leadership,Operator → Supervisor → Regional Controller
INC-00551,2025-01-20 17:30:00,GRID_STRESS_INCIDENT,Critical,Executive,Executive Leadership,Operator → Supervisor → Regional Controller → Executive
INC-00552,2025-01-20 17:30:00,SUSTAINABILITY_INCIDENT,Medium,Supervisor,Operations Supervisor,Operator → Supervisor
INC-00553,2025-01-20 17:30:00,PEAK_LOAD_EMISSIONS_INCIDENT,High,Regional Controller,Regional Leadership,Operator → Supervisor → Regional Controller
INC-00554,2025-01-20 18:00:00,GRID_STRESS_INCIDENT,Critical,Executive,Executive Leadership,Operator → Supervisor → Regional Controller → Executive
INC-00555,2025-01-20 18:00:00,FORECAST_RISK_INCIDENT,High,Regional Controller,Regional Leadership,Operator → Supervisor → Regional Controller
INC-00556,2025-01-20 18:00:00,SUSTAINABILITY_INCIDENT,Medium,Supervisor,Operations Supervisor,Operator → Supervisor
INC-00557,2025-01-20 18:00:00,PEAK_LOAD_EMISSIONS_INCIDENT,High,Regional Controller,Regional Leadership,Operator → Supervisor → Regional Controller
INC-00558,2025-01-20 18:00:00,CAPACITY_PLANNING_INCIDENT,High,Regional Controller,Regional Leadership,Operator → Supervisor → Regional Controller
INC-00559,2025-01-20 18:00:00,OPERATIONAL_RISK_INCIDENT,High,Regional Controller,Regional Leadership,Operator → Supervisor → Regional Controller
INC-00560,2025-01-20 18:30:00,GRID_STRESS_INCIDENT,Critical,Executive,Executive Leadership,Operator → Supervisor → Regional Controller → Executive
INC-00561,2025-01-20 18:30:00,SUSTAINABILITY_INCIDENT,Medium,Supervisor,Operations Supervisor,Operator → Supervisor
INC-00562,2025-01-20 18:30:00,PEAK_LOAD_EMISSIONS_INCIDENT,High,Regional Controller,Regional Leadership,Operator → Supervisor → Regional Controller
INC-00563,2025-01-20 19:00:00,SUSTAINABILITY_INCIDENT,Medium,Supervisor,Operations Supervisor,Operator → Supervisor
INC-00564,2025-01-20 19:00:00,PEAK_LOAD_EMISSIONS_INCIDENT,High,Regional Controller,Regional Leadership,Operator → Supervisor → Regional Controller
INC-00565,2025-01-20 19:30:00,SUSTAINABILITY_INCIDENT,Medium,Supervisor,Operations Supervisor,Operator → Supervisor
INC-00566,2025-01-20 19:30:00,PEAK_LOAD_EMISSIONS_INCIDENT,High,Regional Controller,Regional Leadership,Operator → Supervisor → Regional Controller
INC-00567,2025-01-20 20:00:00,SUSTAINABILITY_INCIDENT,Medium,Supervisor,Operations Supervisor,Operator → Supervisor
INC-00568,2025-01-20 20:00:00,PEAK_LOAD_EMISSIONS_INCIDENT,High,Regional Controller,Regional Leadership,Operator → Supervisor → Regional Controller
INC-00569,2025-01-20 20:30:00,SUSTAINABILITY_INCIDENT,Medium,Supervisor,Operations Supervisor,Operator → Supervisor
INC-00570,2025-01-20 20:30:00,PEAK_LOAD_EMISSIONS_INCIDENT,High,Regional Controller,Regional Leadership,Operator → Supervisor → Regional Controller
INC-00571,2025-01-20 21:00:00,SUSTAINABILITY_INCIDENT,Medium,Supervisor,Operations Supervisor,Operator → Supervisor
INC-00572,2025-01-20 21:30:00,SUSTAINABILITY_INCIDENT,Medium,Supervisor,Operations Supervisor,Operator → Supervisor
INC-00573,2025-01-20 22:00:00,SUSTAINABILITY_INCIDENT,Medium,Supervisor,Operations Supervisor,Operator → Supervisor
INC-00574,2025-01-20 22:30:00,SUSTAINABILITY_INCIDENT,Medium,Supervisor,Operations Supervisor,Operator → Supervisor
INC-00575,2025-01-20 23:00:00,SUSTAINABILITY_INCIDENT,Medium,Supervisor,Operations Supervisor,Operator → Supervisor
INC-00576,2025-01-20 23:30:00,SUSTAINABILITY_INCIDENT,Medium,Supervisor,Operations Supervisor,Operator → Supervisor
INC-00577,2025-01-21 00:00:00,SUSTAINABILITY_INCIDENT,Medium,Supervisor,Operations Supervisor,Operator → Supervisor
INC-00578,2025-01-21 00:30:00,SUSTAINABILITY_INCIDENT,Medium,Supervisor,Operations Supervisor,Operator → Supervisor
INC-00579,2025-01-21 01:00:00,SUSTAINABILITY_INCIDENT,Medium,Supervisor,Operations Supervisor,Operator → Supervisor
INC-00580,2025-01-21 01:30:00,SUSTAINABILITY_INCIDENT,Medium,Supervisor,Operations Supervisor,Operator → Supervisor
INC-00581,2025-01-21 02:00:00,SUSTAINABILITY_INCIDENT,Medium,Supervisor,Operations Supervisor,Operator → Supervisor
INC-00582,2025-01-21 02:30:00,SUSTAINABILITY_INCIDENT,Medium,Supervisor,Operations Supervisor,Operator → Supervisor
INC-00583,2025-01-21 03:00:00,SUSTAINABILITY_INCIDENT,Medium,Supervisor,Operations Supervisor,Operator → Supervisor
INC-00584,2025-01-21 03:30:00,SUSTAINABILITY_INCIDENT,Medium,Supervisor,Operations Supervisor,Operator → Supervisor
INC-00585,2025-01-21 04:00:00,SUSTAINABILITY_INCIDENT,Medium,Supervisor,Operations Supervisor,Operator → Supervisor
INC-00586,2025-01-21 04:30:00,SUSTAINABILITY_INCIDENT,Medium,Supervisor,Operations Supervisor,Operator → Supervisor
INC-00587,2025-01-21 05:00:00,SUSTAINABILITY_INCIDENT,Medium,Supervisor,Operations Supervisor,Operator → Supervisor
INC-00588,2025-01-21 05:30:00,SUSTAINABILITY_INCIDENT,Medium,Supervisor,Operations Supervisor,Operator → Supervisor
INC-00589,2025-01-21 06:00:00,SUSTAINABILITY_INCIDENT,Medium,Supervisor,Operations Supervisor,Operator → Supervisor
INC-00590,2025-01-21 06:30:00,SUSTAINABILITY_INCIDENT,Medium,Supervisor,Operations Supervisor,Operator → Supervisor
INC-00591,2025-01-21 07:00:00,SUSTAINABILITY_INCIDENT,Medium,Supervisor,Operations Supervisor,Operator → Supervisor
INC-00592,2025-01-21 07:30:00,SUSTAINABILITY_INCIDENT,Medium,Supervisor,Operations Supervisor,Operator → Supervisor
INC-00593,2025-01-21 08:00:00,SUSTAINABILITY_INCIDENT,Medium,Supervisor,Operations Supervisor,Operator → Supervisor
INC-00594,2025-01-21 08:00:00,PEAK_LOAD_EMISSIONS_INCIDENT,High,Regional Controller,Regional Leadership,Operator → Supervisor → Regional Controller
INC-00595,2025-01-21 08:30:00,SUSTAINABILITY_INCIDENT,Medium,Supervisor,Operations Supervisor,Operator → Supervisor
INC-00596,2025-01-21 08:30:00,PEAK_LOAD_EMISSIONS_INCIDENT,High,Regional Controller,Regional Leadership,Operator → Supervisor → Regional Controller
INC-00597,2025-01-21 09:00:00,SUSTAINABILITY_INCIDENT,Medium,Supervisor,Operations Supervisor,Operator → Supervisor
INC-00598,2025-01-21 09:00:00,PEAK_LOAD_EMISSIONS_INCIDENT,High,Regional Controller,Regional Leadership,Operator → Supervisor → Regional Controller
INC-00599,2025-01-21 09:30:00,SUSTAINABILITY_INCIDENT,Medium,Supervisor,Operations Supervisor,Operator → Supervisor
INC-00600,2025-01-21 09:30:00,PEAK_LOAD_EMISSIONS_INCIDENT,High,Regional Controller,Regional Leadership,Operator → Supervisor → Regional Controller
INC-00601,2025-01-21 10:00:00,SUSTAINABILITY_INCIDENT,Medium,Supervisor,Operations Supervisor,Operator → Supervisor
INC-00602,2025-01-21 10:00:00,PEAK_LOAD_EMISSIONS_INCIDENT,High,Regional Controller,Regional Leadership,Operator → Supervisor → Regional Controller
INC-00603,2025-01-21 10:30:00,SUSTAINABILITY_INCIDENT,Medium,Supervisor,Operations Supervisor,Operator → Supervisor
INC-00604,2025-01-21 10:30:00,PEAK_LOAD_EMISSIONS_INCIDENT,High,Regional Controller,Regional Leadership,Operator → Supervisor → Regional Controller
INC-00605,2025-01-21 11:00:00,SUSTAINABILITY_INCIDENT,Medium,Supervisor,Operations Supervisor,Operator → Supervisor
INC-00606,2025-01-21 11:00:00,PEAK_LOAD_EMISSIONS_INCIDENT,High,Regional Controller,Regional Leadership,Operator → Supervisor → Regional Controller
INC-00607,2025-01-21 11:30:00,SUSTAINABILITY_INCIDENT,Medium,Supervisor,Operations Supervisor,Operator → Supervisor
INC-00608,2025-01-21 11:30:00,PEAK_LOAD_EMISSIONS_INCIDENT,High,Regional Controller,Regional Leadership,Operator → Supervisor → Regional Controller
INC-00609,2025-01-21 12:00:00,SUSTAINABILITY_INCIDENT,Medium,Supervisor,Operations Supervisor,Operator → Supervisor
INC-00610,2025-01-21 12:00:00,PEAK_LOAD_EMISSIONS_INCIDENT,High,Regional Controller,Regional Leadership,Operator → Supervisor → Regional Controller
INC-00611,2025-01-21 12:30:00,SUSTAINABILITY_INCIDENT,Medium,Supervisor,Operations Supervisor,Operator → Supervisor
INC-00612,2025-01-21 12:30:00,PEAK_LOAD_EMISSIONS_INCIDENT,High,Regional Controller,Regional Leadership,Operator → Supervisor → Regional Controller
INC-00613,2025-01-21 13:00:00,SUSTAINABILITY_INCIDENT,Medium,Supervisor,Operations Supervisor,Operator → Supervisor
INC-00614,2025-01-21 13:00:00,PEAK_LOAD_EMISSIONS_INCIDENT,High,Regional Controller,Regional Leadership,Operator → Supervisor → Regional Controller
INC-00615,2025-01-21 13:30:00,SUSTAINABILITY_INCIDENT,Medium,Supervisor,Operations Supervisor,Operator → Supervisor
INC-00616,2025-01-21 13:30:00,PEAK_LOAD_EMISSIONS_INCIDENT,High,Regional Controller,Regional Leadership,Operator → Supervisor → Regional Controller
INC-00617,2025-01-21 14:00:00,FORECAST_RISK_INCIDENT,High,Regional Controller,Regional Leadership,Operator → Supervisor → Regional Controller
INC-00618,2025-01-21 14:00:00,SUSTAINABILITY_INCIDENT,Medium,Supervisor,Operations Supervisor,Operator → Supervisor
INC-00619,2025-01-21 14:00:00,PEAK_LOAD_EMISSIONS_INCIDENT,High,Regional Controller,Regional Leadership,Operator → Supervisor → Regional Controller
INC-00620,2025-01-21 14:00:00,OPERATIONAL_RISK_INCIDENT,High,Regional Controller,Regional Leadership,Operator → Supervisor → Regional Controller
INC-00621,2025-01-21 14:30:00,FORECAST_RISK_INCIDENT,High,Regional Controller,Regional Leadership,Operator → Supervisor → Regional Controller
INC-00622,2025-01-21 14:30:00,SUSTAINABILITY_INCIDENT,Medium,Supervisor,Operations Supervisor,Operator → Supervisor
INC-00623,2025-01-21 14:30:00,PEAK_LOAD_EMISSIONS_INCIDENT,High,Regional Controller,Regional Leadership,Operator → Supervisor → Regional Controller
INC-00624,2025-01-21 14:30:00,OPERATIONAL_RISK_INCIDENT,High,Regional Controller,Regional Leadership,Operator → Supervisor → Regional Controller
INC-00625,2025-01-21 15:00:00,FORECAST_RISK_INCIDENT,High,Regional Controller,Regional Leadership,Operator → Supervisor → Regional Controller
INC-00626,2025-01-21 15:00:00,SUSTAINABILITY_INCIDENT,Medium,Supervisor,Operations Supervisor,Operator → Supervisor
INC-00627,2025-01-21 15:00:00,PEAK_LOAD_EMISSIONS_INCIDENT,High,Regional Controller,Regional Leadership,Operator → Supervisor → Regional Controller
INC-00628,2025-01-21 15:00:00,OPERATIONAL_RISK_INCIDENT,High,Regional Controller,Regional Leadership,Operator → Supervisor → Regional Controller
INC-00629,2025-01-21 15:30:00,FORECAST_RISK_INCIDENT,High,Regional Controller,Regional Leadership,Operator → Supervisor → Regional Controller
INC-00630,2025-01-21 15:30:00,SUSTAINABILITY_INCIDENT,Medium,Supervisor,Operations Supervisor,Operator → Supervisor
INC-00631,2025-01-21 15:30:00,PEAK_LOAD_EMISSIONS_INCIDENT,High,Regional Controller,Regional Leadership,Operator → Supervisor → Regional Controller
INC-00632,2025-01-21 15:30:00,OPERATIONAL_RISK_INCIDENT,High,Regional Controller,Regional Leadership,Operator → Supervisor → Regional Controller
INC-00633,2025-01-21 16:00:00,GRID_STRESS_INCIDENT,Critical,Executive,Executive Leadership,Operator → Supervisor → Regional Controller → Executive
INC-00634,2025-01-21 16:00:00,FORECAST_RISK_INCIDENT,High,Regional Controller,Regional Leadership,Operator → Supervisor → Regional Controller
INC-00635,2025-01-21 16:00:00,SUSTAINABILITY_INCIDENT,Medium,Supervisor,Operations Supervisor,Operator → Supervisor
INC-00636,2025-01-21 16:00:00,PEAK_LOAD_EMISSIONS_INCIDENT,High,Regional Controller,Regional Leadership,Operator → Supervisor → Regional Controller
INC-00637,2025-01-21 16:00:00,CAPACITY_PLANNING_INCIDENT,High,Regional Controller,Regional Leadership,Operator → Supervisor → Regional Controller
INC-00638,2025-01-21 16:00:00,OPERATIONAL_RISK_INCIDENT,High,Regional Controller,Regional Leadership,Operator → Supervisor → Regional Controller
INC-00639,2025-01-21 16:30:00,GRID_STRESS_INCIDENT,Critical,Executive,Executive Leadership,Operator → Supervisor → Regional Controller → Executive
INC-00640,2025-01-21 16:30:00,SUSTAINABILITY_INCIDENT,Medium,Supervisor,Operations Supervisor,Operator → Supervisor
INC-00641,2025-01-21 16:30:00,PEAK_LOAD_EMISSIONS_INCIDENT,High,Regional Controller,Regional Leadership,Operator → Supervisor → Regional Controller
INC-00642,2025-01-21 17:00:00,GRID_STRESS_INCIDENT,Critical,Executive,Executive Leadership,Operator → Supervisor → Regional Controller → Executive
INC-00643,2025-01-21 17:00:00,SUSTAINABILITY_INCIDENT,Medium,Supervisor,Operations Supervisor,Operator → Supervisor
INC-00644,2025-01-21 17:00:00,PEAK_LOAD_EMISSIONS_INCIDENT,High,Regional Controller,Regional Leadership,Operator → Supervisor → Regional Controller
INC-00645,2025-01-21 17:30:00,GRID_STRESS_INCIDENT,Critical,Executive,Executive Leadership,Operator → Supervisor → Regional Controller → Executive
INC-00646,2025-01-21 17:30:00,SUSTAINABILITY_INCIDENT,Medium,Supervisor,Operations Supervisor,Operator → Supervisor
INC-00647,2025-01-21 17:30:00,PEAK_LOAD_EMISSIONS_INCIDENT,High,Regional Controller,Regional Leadership,Operator → Supervisor → Regional Controller
INC-00648,2025-01-21 18:00:00,GRID_STRESS_INCIDENT,Critical,Executive,Executive Leadership,Operator → Supervisor → Regional Controller → Executive
INC-00649,2025-01-21 18:00:00,SUSTAINABILITY_INCIDENT,Medium,Supervisor,Operations Supervisor,Operator → Supervisor
INC-00650,2025-01-21 18:00:00,PEAK_LOAD_EMISSIONS_INCIDENT,High,Regional Controller,Regional Leadership,Operator → Supervisor → Regional Controller
INC-00651,2025-01-21 18:30:00,GRID_STRESS_INCIDENT,Critical,Executive,Executive Leadership,Operator → Supervisor → Regional Controller → Executive
INC-00652,2025-01-21 18:30:00,SUSTAINABILITY_INCIDENT,Medium,Supervisor,Operations Supervisor,Operator → Supervisor
INC-00653,2025-01-21 18:30:00,PEAK_LOAD_EMISSIONS_INCIDENT,High,Regional Controller,Regional Leadership,Operator → Supervisor → Regional Controller
INC-00654,2025-01-21 19:00:00,SUSTAINABILITY_INCIDENT,Medium,Supervisor,Operations Supervisor,Operator → Supervisor
INC-00655,2025-01-21 19:00:00,PEAK_LOAD_EMISSIONS_INCIDENT,High,Regional Controller,Regional Leadership,Operator → Supervisor → Regional Controller
INC-00656,2025-01-21 19:30:00,SUSTAINABILITY_INCIDENT,Medium,Supervisor,Operations Supervisor,Operator → Supervisor
INC-00657,2025-01-21 19:30:00,PEAK_LOAD_EMISSIONS_INCIDENT,High,Regional Controller,Regional Leadership,Operator → Supervisor → Regional Controller
INC-00658,2025-01-21 20:00:00,SUSTAINABILITY_INCIDENT,Medium,Supervisor,Operations Supervisor,Operator → Supervisor
INC-00659,2025-01-21 20:00:00,PEAK_LOAD_EMISSIONS_INCIDENT,High,Regional Controller,Regional Leadership,Operator → Supervisor → Regional Controller
INC-00660,2025-01-21 20:30:00,SUSTAINABILITY_INCIDENT,Medium,Supervisor,Operations Supervisor,Operator → Supervisor
INC-00661,2025-01-21 20:30:00,OPERATIONAL_RISK_INCIDENT,High,Regional Controller,Regional Leadership,Operator → Supervisor → Regional Controller
INC-00662,2025-01-21 21:00:00,SUSTAINABILITY_INCIDENT,Medium,Supervisor,Operations Supervisor,Operator → Supervisor
INC-00663,2025-01-21 21:30:00,SUSTAINABILITY_INCIDENT,Medium,Supervisor,Operations Supervisor,Operator → Supervisor
INC-00664,2025-01-21 22:00:00,SUSTAINABILITY_INCIDENT,Medium,Supervisor,Operations Supervisor,Operator → Supervisor
INC-00665,2025-01-21 22:30:00,SUSTAINABILITY_INCIDENT,Medium,Supervisor,Operations Supervisor,Operator → Supervisor
INC-00666,2025-01-21 23:00:00,SUSTAINABILITY_INCIDENT,Medium,Supervisor,Operations Supervisor,Operator → Supervisor
INC-00667,2025-01-21 23:30:00,SUSTAINABILITY_INCIDENT,Medium,Supervisor,Operations Supervisor,Operator → Supervisor
INC-00668,2025-01-22 00:00:00,SUSTAINABILITY_INCIDENT,Medium,Supervisor,Operations Supervisor,Operator → Supervisor
INC-00669,2025-01-22 00:30:00,SUSTAINABILITY_INCIDENT,Medium,Supervisor,Operations Supervisor,Operator → Supervisor
INC-00670,2025-01-22 01:00:00,SUSTAINABILITY_INCIDENT,Medium,Supervisor,Operations Supervisor,Operator → Supervisor
INC-00671,2025-01-22 01:30:00,SUSTAINABILITY_INCIDENT,Medium,Supervisor,Operations Supervisor,Operator → Supervisor
INC-00672,2025-01-22 02:00:00,SUSTAINABILITY_INCIDENT,Medium,Supervisor,Operations Supervisor,Operator → Supervisor
INC-00673,2025-01-22 02:30:00,SUSTAINABILITY_INCIDENT,Medium,Supervisor,Operations Supervisor,Operator → Supervisor
INC-00674,2025-01-22 03:00:00,SUSTAINABILITY_INCIDENT,Medium,Supervisor,Operations Supervisor,Operator → Supervisor
INC-00675,2025-01-22 03:30:00,SUSTAINABILITY_INCIDENT,Medium,Supervisor,Operations Supervisor,Operator → Supervisor
INC-00676,2025-01-22 04:00:00,SUSTAINABILITY_INCIDENT,Medium,Supervisor,Operations Supervisor,Operator → Supervisor
INC-00677,2025-01-22 04:30:00,SUSTAINABILITY_INCIDENT,Medium,Supervisor,Operations Supervisor,Operator → Supervisor
INC-00678,2025-01-22 05:00:00,SUSTAINABILITY_INCIDENT,Medium,Supervisor,Operations Supervisor,Operator → Supervisor
INC-00679,2025-01-22 05:30:00,SUSTAINABILITY_INCIDENT,Medium,Supervisor,Operations Supervisor,Operator → Supervisor
INC-00680,2025-01-22 06:00:00,SUSTAINABILITY_INCIDENT,Medium,Supervisor,Operations Supervisor,Operator → Supervisor
INC-00681,2025-01-22 06:30:00,SUSTAINABILITY_INCIDENT,Medium,Supervisor,Operations Supervisor,Operator → Supervisor
INC-00682,2025-01-22 07:00:00,SUSTAINABILITY_INCIDENT,Medium,Supervisor,Operations Supervisor,Operator → Supervisor
INC-00683,2025-01-22 07:30:00,SUSTAINABILITY_INCIDENT,Medium,Supervisor,Operations Supervisor,Operator → Supervisor
INC-00684,2025-01-22 08:00:00,GRID_STRESS_INCIDENT,Critical,Executive,Executive Leadership,Operator → Supervisor → Regional Controller → Executive
INC-00685,2025-01-22 08:00:00,SUSTAINABILITY_INCIDENT,Medium,Supervisor,Operations Supervisor,Operator → Supervisor
INC-00686,2025-01-22 08:00:00,PEAK_LOAD_EMISSIONS_INCIDENT,High,Regional Controller,Regional Leadership,Operator → Supervisor → Regional Controller
INC-00687,2025-01-22 08:30:00,GRID_STRESS_INCIDENT,Critical,Executive,Executive Leadership,Operator → Supervisor → Regional Controller → Executive
INC-00688,2025-01-22 08:30:00,SUSTAINABILITY_INCIDENT,Medium,Supervisor,Operations Supervisor,Operator → Supervisor
INC-00689,2025-01-22 08:30:00,PEAK_LOAD_EMISSIONS_INCIDENT,High,Regional Controller,Regional Leadership,Operator → Supervisor → Regional Controller
INC-00690,2025-01-22 09:00:00,GRID_STRESS_INCIDENT,Critical,Executive,Executive Leadership,Operator → Supervisor → Regional Controller → Executive
INC-00691,2025-01-22 09:00:00,SUSTAINABILITY_INCIDENT,Medium,Supervisor,Operations Supervisor,Operator → Supervisor
INC-00692,2025-01-22 09:00:00,PEAK_LOAD_EMISSIONS_INCIDENT,High,Regional Controller,Regional Leadership,Operator → Supervisor → Regional Controller
INC-00693,2025-01-22 09:30:00,SUSTAINABILITY_INCIDENT,Medium,Supervisor,Operations Supervisor,Operator → Supervisor
INC-00694,2025-01-22 09:30:00,PEAK_LOAD_EMISSIONS_INCIDENT,High,Regional Controller,Regional Leadership,Operator → Supervisor → Regional Controller
INC-00695,2025-01-22 10:00:00,SUSTAINABILITY_INCIDENT,Medium,Supervisor,Operations Supervisor,Operator → Supervisor
INC-00696,2025-01-22 10:00:00,PEAK_LOAD_EMISSIONS_INCIDENT,High,Regional Controller,Regional Leadership,Operator → Supervisor → Regional Controller
INC-00697,2025-01-22 10:30:00,SUSTAINABILITY_INCIDENT,Medium,Supervisor,Operations Supervisor,Operator → Supervisor
INC-00698,2025-01-22 10:30:00,PEAK_LOAD_EMISSIONS_INCIDENT,High,Regional Controller,Regional Leadership,Operator → Supervisor → Regional Controller
INC-00699,2025-01-22 11:00:00,SUSTAINABILITY_INCIDENT,Medium,Supervisor,Operations Supervisor,Operator → Supervisor
INC-00700,2025-01-22 11:00:00,PEAK_LOAD_EMISSIONS_INCIDENT,High,Regional Controller,Regional Leadership,Operator → Supervisor → Regional Controller
INC-00701,2025-01-22 11:30:00,SUSTAINABILITY_INCIDENT,Medium,Supervisor,Operations Supervisor,Operator → Supervisor
INC-00702,2025-01-22 11:30:00,PEAK_LOAD_EMISSIONS_INCIDENT,High,Regional Controller,Regional Leadership,Operator → Supervisor → Regional Controller
INC-00703,2025-01-22 12:00:00,SUSTAINABILITY_INCIDENT,Medium,Supervisor,Operations Supervisor,Operator → Supervisor
INC-00704,2025-01-22 12:00:00,PEAK_LOAD_EMISSIONS_INCIDENT,High,Regional Controller,Regional Leadership,Operator → Supervisor → Regional Controller
INC-00705,2025-01-22 12:30:00,SUSTAINABILITY_INCIDENT,Medium,Supervisor,Operations Supervisor,Operator → Supervisor
INC-00706,2025-01-22 12:30:00,PEAK_LOAD_EMISSIONS_INCIDENT,High,Regional Controller,Regional Leadership,Operator → Supervisor → Regional Controller
INC-00707,2025-01-22 13:00:00,SUSTAINABILITY_INCIDENT,Medium,Supervisor,Operations Supervisor,Operator → Supervisor
INC-00708,2025-01-22 13:00:00,PEAK_LOAD_EMISSIONS_INCIDENT,High,Regional Controller,Regional Leadership,Operator → Supervisor → Regional Controller
INC-00709,2025-01-22 13:30:00,SUSTAINABILITY_INCIDENT,Medium,Supervisor,Operations Supervisor,Operator → Supervisor
INC-00710,2025-01-22 13:30:00,PEAK_LOAD_EMISSIONS_INCIDENT,High,Regional Controller,Regional Leadership,Operator → Supervisor → Regional Controller
INC-00711,2025-01-22 14:00:00,SUSTAINABILITY_INCIDENT,Medium,Supervisor,Operations Supervisor,Operator → Supervisor
INC-00712,2025-01-22 14:00:00,PEAK_LOAD_EMISSIONS_INCIDENT,High,Regional Controller,Regional Leadership,Operator → Supervisor → Regional Controller
INC-00713,2025-01-22 14:30:00,SUSTAINABILITY_INCIDENT,Medium,Supervisor,Operations Supervisor,Operator → Supervisor
INC-00714,2025-01-22 14:30:00,PEAK_LOAD_EMISSIONS_INCIDENT,High,Regional Controller,Regional Leadership,Operator → Supervisor → Regional Controller
INC-00715,2025-01-22 15:00:00,SUSTAINABILITY_INCIDENT,Medium,Supervisor,Operations Supervisor,Operator → Supervisor
INC-00716,2025-01-22 15:00:00,PEAK_LOAD_EMISSIONS_INCIDENT,High,Regional Controller,Regional Leadership,Operator → Supervisor → Regional Controller
INC-00717,2025-01-22 15:30:00,GRID_STRESS_INCIDENT,Critical,Executive,Executive Leadership,Operator → Supervisor → Regional Controller → Executive
INC-00718,2025-01-22 15:30:00,SUSTAINABILITY_INCIDENT,Medium,Supervisor,Operations Supervisor,Operator → Supervisor
INC-00719,2025-01-22 15:30:00,PEAK_LOAD_EMISSIONS_INCIDENT,High,Regional Controller,Regional Leadership,Operator → Supervisor → Regional Controller
INC-00720,2025-01-22 16:00:00,GRID_STRESS_INCIDENT,Critical,Executive,Executive Leadership,Operator → Supervisor → Regional Controller → Executive
INC-00721,2025-01-22 16:00:00,SUSTAINABILITY_INCIDENT,Medium,Supervisor,Operations Supervisor,Operator → Supervisor
INC-00722,2025-01-22 16:00:00,PEAK_LOAD_EMISSIONS_INCIDENT,High,Regional Controller,Regional Leadership,Operator → Supervisor → Regional Controller
INC-00723,2025-01-22 16:30:00,GRID_STRESS_INCIDENT,Critical,Executive,Executive Leadership,Operator → Supervisor → Regional Controller → Executive
INC-00724,2025-01-22 16:30:00,SUSTAINABILITY_INCIDENT,Medium,Supervisor,Operations Supervisor,Operator → Supervisor
INC-00725,2025-01-22 16:30:00,PEAK_LOAD_EMISSIONS_INCIDENT,High,Regional Controller,Regional Leadership,Operator → Supervisor → Regional Controller
INC-00726,2025-01-22 17:00:00,GRID_STRESS_INCIDENT,Critical,Executive,Executive Leadership,Operator → Supervisor → Regional Controller → Executive
INC-00727,2025-01-22 17:00:00,SUSTAINABILITY_INCIDENT,Medium,Supervisor,Operations Supervisor,Operator → Supervisor
INC-00728,2025-01-22 17:00:00,PEAK_LOAD_EMISSIONS_INCIDENT,High,Regional Controller,Regional Leadership,Operator → Supervisor → Regional Controller
INC-00729,2025-01-22 17:30:00,GRID_STRESS_INCIDENT,Critical,Executive,Executive Leadership,Operator → Supervisor → Regional Controller → Executive
INC-00730,2025-01-22 17:30:00,SUSTAINABILITY_INCIDENT,Medium,Supervisor,Operations Supervisor,Operator → Supervisor
INC-00731,2025-01-22 17:30:00,PEAK_LOAD_EMISSIONS_INCIDENT,High,Regional Controller,Regional Leadership,Operator → Supervisor → Regional Controller
INC-00732,2025-01-22 18:00:00,GRID_STRESS_INCIDENT,Critical,Executive,Executive Leadership,Operator → Supervisor → Regional Controller → Executive
INC-00733,2025-01-22 18:00:00,SUSTAINABILITY_INCIDENT,Medium,Supervisor,Operations Supervisor,Operator → Supervisor
INC-00734,2025-01-22 18:00:00,PEAK_LOAD_EMISSIONS_INCIDENT,High,Regional Controller,Regional Leadership,Operator → Supervisor → Regional Controller
INC-00735,2025-01-22 18:30:00,GRID_STRESS_INCIDENT,Critical,Executive,Executive Leadership,Operator → Supervisor → Regional Controller → Executive
INC-00736,2025-01-22 18:30:00,SUSTAINABILITY_INCIDENT,Medium,Supervisor,Operations Supervisor,Operator → Supervisor
INC-00737,2025-01-22 18:30:00,PEAK_LOAD_EMISSIONS_INCIDENT,High,Regional Controller,Regional Leadership,Operator → Supervisor → Regional Controller
INC-00738,2025-01-22 19:00:00,GRID_STRESS_INCIDENT,Critical,Executive,Executive Leadership,Operator → Supervisor → Regional Controller → Executive
INC-00739,2025-01-22 19:00:00,SUSTAINABILITY_INCIDENT,Medium,Supervisor,Operations Supervisor,Operator → Supervisor
INC-00740,2025-01-22 19:00:00,PEAK_LOAD_EMISSIONS_INCIDENT,High,Regional Controller,Regional Leadership,Operator → Supervisor → Regional Controller
INC-00741,2025-01-22 19:30:00,GRID_STRESS_INCIDENT,Critical,Executive,Executive Leadership,Operator → Supervisor → Regional Controller → Executive
INC-00742,2025-01-22 19:30:00,SUSTAINABILITY_INCIDENT,Medium,Supervisor,Operations Supervisor,Operator → Supervisor
INC-00743,2025-01-22 19:30:00,PEAK_LOAD_EMISSIONS_INCIDENT,High,Regional Controller,Regional Leadership,Operator → Supervisor → Regional Controller
INC-00744,2025-01-22 20:00:00,GRID_STRESS_INCIDENT,Critical,Executive,Executive Leadership,Operator → Supervisor → Regional Controller → Executive
INC-00745,2025-01-22 20:00:00,SUSTAINABILITY_INCIDENT,Medium,Supervisor,Operations Supervisor,Operator → Supervisor
INC-00746,2025-01-22 20:00:00,PEAK_LOAD_EMISSIONS_INCIDENT,High,Regional Controller,Regional Leadership,Operator → Supervisor → Regional Controller
INC-00747,2025-01-22 20:30:00,GRID_STRESS_INCIDENT,Critical,Executive,Executive Leadership,Operator → Supervisor → Regional Controller → Executive
INC-00748,2025-01-22 20:30:00,SUSTAINABILITY_INCIDENT,Medium,Supervisor,Operations Supervisor,Operator → Supervisor
INC-00749,2025-01-22 20:30:00,PEAK_LOAD_EMISSIONS_INCIDENT,High,Regional Controller,Regional Leadership,Operator → Supervisor → Regional Controller
INC-00750,2025-01-22 21:00:00,SUSTAINABILITY_INCIDENT,Medium,Supervisor,Operations Supervisor,Operator → Supervisor
INC-00751,2025-01-22 21:30:00,SUSTAINABILITY_INCIDENT,Medium,Supervisor,Operations Supervisor,Operator → Supervisor
INC-00752,2025-01-22 22:00:00,SUSTAINABILITY_INCIDENT,Medium,Supervisor,Operations Supervisor,Operator → Supervisor
INC-00753,2025-01-22 22:30:00,SUSTAINABILITY_INCIDENT,Medium,Supervisor,Operations Supervisor,Operator → Supervisor
INC-00754,2025-01-22 23:00:00,SUSTAINABILITY_INCIDENT,Medium,Supervisor,Operations Supervisor,Operator → Supervisor
INC-00755,2025-01-22 23:30:00,SUSTAINABILITY_INCIDENT,Medium,Supervisor,Operations Supervisor,Operator → Supervisor
INC-00756,2025-01-23 00:00:00,SUSTAINABILITY_INCIDENT,Medium,Supervisor,Operations Supervisor,Operator → Supervisor
INC-00757,2025-01-23 00:30:00,SUSTAINABILITY_INCIDENT,Medium,Supervisor,Operations Supervisor,Operator → Supervisor
INC-00758,2025-01-23 01:00:00,SUSTAINABILITY_INCIDENT,Medium,Supervisor,Operations Supervisor,Operator → Supervisor
INC-00759,2025-01-23 01:30:00,SUSTAINABILITY_INCIDENT,Medium,Supervisor,Operations Supervisor,Operator → Supervisor
INC-00760,2025-01-23 02:00:00,SUSTAINABILITY_INCIDENT,Medium,Supervisor,Operations Supervisor,Operator → Supervisor
INC-00761,2025-01-23 13:30:00,RENEWABLE_SUPPORT_INCIDENT,Low,Operator,Operations Team,Operator
INC-00762,2025-01-23 14:30:00,CURTAILMENT_RISK_INCIDENT,Medium,Supervisor,Operations Supervisor,Operator → Supervisor
INC-00763,2025-01-24 02:30:00,CURTAILMENT_RISK_INCIDENT,Medium,Supervisor,Operations Supervisor,Operator → Supervisor
INC-00764,2025-01-24 03:00:00,CURTAILMENT_RISK_INCIDENT,Medium,Supervisor,Operations Supervisor,Operator → Supervisor
INC-00765,2025-01-24 03:30:00,CURTAILMENT_RISK_INCIDENT,Medium,Supervisor,Operations Supervisor,Operator → Supervisor
INC-00766,2025-01-24 04:00:00,CURTAILMENT_RISK_INCIDENT,Medium,Supervisor,Operations Supervisor,Operator → Supervisor
INC-00767,2025-01-24 04:30:00,CURTAILMENT_RISK_INCIDENT,Medium,Supervisor,Operations Supervisor,Operator → Supervisor
INC-00768,2025-01-24 11:00:00,CURTAILMENT_RISK_INCIDENT,Medium,Supervisor,Operations Supervisor,Operator → Supervisor
INC-00769,2025-01-24 11:30:00,CURTAILMENT_RISK_INCIDENT,Medium,Supervisor,Operations Supervisor,Operator → Supervisor
INC-00770,2025-01-24 12:00:00,CURTAILMENT_RISK_INCIDENT,Medium,Supervisor,Operations Supervisor,Operator → Supervisor
INC-00771,2025-01-24 12:30:00,CURTAILMENT_RISK_INCIDENT,Medium,Supervisor,Operations Supervisor,Operator → Supervisor
INC-00772,2025-01-24 13:00:00,CURTAILMENT_RISK_INCIDENT,Medium,Supervisor,Operations Supervisor,Operator → Supervisor
INC-00773,2025-01-24 13:30:00,CURTAILMENT_RISK_INCIDENT,Medium,Supervisor,Operations Supervisor,Operator → Supervisor
INC-00774,2025-01-24 14:00:00,CURTAILMENT_RISK_INCIDENT,Medium,Supervisor,Operations Supervisor,Operator → Supervisor
INC-00775,2025-01-25 10:00:00,CURTAILMENT_RISK_INCIDENT,Medium,Supervisor,Operations Supervisor,Operator → Supervisor
INC-00776,2025-01-25 10:30:00,CURTAILMENT_RISK_INCIDENT,Medium,Supervisor,Operations Supervisor,Operator → Supervisor
INC-00777,2025-01-25 11:00:00,CURTAILMENT_RISK_INCIDENT,Medium,Supervisor,Operations Supervisor,Operator → Supervisor
INC-00778,2025-01-25 11:30:00,CURTAILMENT_RISK_INCIDENT,Medium,Supervisor,Operations Supervisor,Operator → Supervisor
INC-00779,2025-01-25 12:00:00,CURTAILMENT_RISK_INCIDENT,Medium,Supervisor,Operations Supervisor,Operator → Supervisor
INC-00780,2025-01-25 12:30:00,CURTAILMENT_RISK_INCIDENT,Medium,Supervisor,Operations Supervisor,Operator → Supervisor
INC-00781,2025-01-26 17:00:00,RENEWABLE_SUPPORT_INCIDENT,Low,Operator,Operations Team,Operator
INC-00782,2025-01-26 17:30:00,RENEWABLE_SUPPORT_INCIDENT,Low,Operator,Operations Team,Operator
INC-00783,2025-01-27 10:30:00,CURTAILMENT_RISK_INCIDENT,Medium,Supervisor,Operations Supervisor,Operator → Supervisor
INC-00784,2025-01-27 11:00:00,CURTAILMENT_RISK_INCIDENT,Medium,Supervisor,Operations Supervisor,Operator → Supervisor
INC-00785,2025-01-27 11:30:00,CURTAILMENT_RISK_INCIDENT,Medium,Supervisor,Operations Supervisor,Operator → Supervisor
INC-00786,2025-01-27 12:00:00,CURTAILMENT_RISK_INCIDENT,Medium,Supervisor,Operations Supervisor,Operator → Supervisor
INC-00787,2025-01-27 12:30:00,CURTAILMENT_RISK_INCIDENT,Medium,Supervisor,Operations Supervisor,Operator → Supervisor
INC-00788,2025-01-27 13:00:00,CURTAILMENT_RISK_INCIDENT,Medium,Supervisor,Operations Supervisor,Operator → Supervisor
INC-00789,2025-01-27 13:30:00,CURTAILMENT_RISK_INCIDENT,Medium,Supervisor,Operations Supervisor,Operator → Supervisor
INC-00790,2025-01-28 17:00:00,FORECAST_RISK_INCIDENT,High,Regional Controller,Regional Leadership,Operator → Supervisor → Regional Controller
INC-00791,2025-01-30 16:30:00,PEAK_LOAD_EMISSIONS_INCIDENT,High,Regional Controller,Regional Leadership,Operator → Supervisor → Regional Controller
INC-00792,2025-01-30 17:00:00,SUSTAINABILITY_INCIDENT,Medium,Supervisor,Operations Supervisor,Operator → Supervisor
INC-00793,2025-01-30 17:00:00,PEAK_LOAD_EMISSIONS_INCIDENT,High,Regional Controller,Regional Leadership,Operator → Supervisor → Regional Controller
INC-00794,2025-01-30 17:30:00,SUSTAINABILITY_INCIDENT,Medium,Supervisor,Operations Supervisor,Operator → Supervisor
INC-00795,2025-01-30 17:30:00,PEAK_LOAD_EMISSIONS_INCIDENT,High,Regional Controller,Regional Leadership,Operator → Supervisor → Regional Controller
INC-00796,2025-01-30 18:00:00,SUSTAINABILITY_INCIDENT,Medium,Supervisor,Operations Supervisor,Operator → Supervisor
INC-00797,2025-01-30 18:00:00,PEAK_LOAD_EMISSIONS_INCIDENT,High,Regional Controller,Regional Leadership,Operator → Supervisor → Regional Controller
INC-00798,2025-01-30 18:30:00,GRID_STRESS_INCIDENT,Critical,Executive,Executive Leadership,Operator → Supervisor → Regional Controller → Executive
INC-00799,2025-01-30 18:30:00,SUSTAINABILITY_INCIDENT,Medium,Supervisor,Operations Supervisor,Operator → Supervisor
INC-00800,2025-01-30 18:30:00,PEAK_LOAD_EMISSIONS_INCIDENT,High,Regional Controller,Regional Leadership,Operator → Supervisor → Regional Controller
INC-00801,2025-01-30 19:00:00,GRID_STRESS_INCIDENT,Critical,Executive,Executive Leadership,Operator → Supervisor → Regional Controller → Executive
INC-00802,2025-01-30 19:00:00,SUSTAINABILITY_INCIDENT,Medium,Supervisor,Operations Supervisor,Operator → Supervisor
INC-00803,2025-01-30 19:00:00,PEAK_LOAD_EMISSIONS_INCIDENT,High,Regional Controller,Regional Leadership,Operator → Supervisor → Regional Controller
INC-00804,2025-01-30 19:30:00,GRID_STRESS_INCIDENT,Critical,Executive,Executive Leadership,Operator → Supervisor → Regional Controller → Executive
INC-00805,2025-01-30 19:30:00,SUSTAINABILITY_INCIDENT,Medium,Supervisor,Operations Supervisor,Operator → Supervisor
INC-00806,2025-01-30 19:30:00,PEAK_LOAD_EMISSIONS_INCIDENT,High,Regional Controller,Regional Leadership,Operator → Supervisor → Regional Controller
INC-00807,2025-01-30 20:00:00,GRID_STRESS_INCIDENT,Critical,Executive,Executive Leadership,Operator → Supervisor → Regional Controller → Executive
INC-00808,2025-01-30 20:00:00,SUSTAINABILITY_INCIDENT,Medium,Supervisor,Operations Supervisor,Operator → Supervisor
INC-00809,2025-01-30 20:00:00,PEAK_LOAD_EMISSIONS_INCIDENT,High,Regional Controller,Regional Leadership,Operator → Supervisor → Regional Controller
INC-00810,2025-01-30 20:30:00,SUSTAINABILITY_INCIDENT,Medium,Supervisor,Operations Supervisor,Operator → Supervisor
INC-00811,2025-01-30 21:00:00,SUSTAINABILITY_INCIDENT,Medium,Supervisor,Operations Supervisor,Operator → Supervisor
INC-00812,2025-01-30 21:30:00,SUSTAINABILITY_INCIDENT,Medium,Supervisor,Operations Supervisor,Operator → Supervisor
INC-00813,2025-01-31 07:00:00,SUSTAINABILITY_INCIDENT,Medium,Supervisor,Operations Supervisor,Operator → Supervisor
INC-00814,2025-01-31 07:30:00,SUSTAINABILITY_INCIDENT,Medium,Supervisor,Operations Supervisor,Operator → Supervisor
INC-00815,2025-01-31 08:00:00,SUSTAINABILITY_INCIDENT,Medium,Supervisor,Operations Supervisor,Operator → Supervisor
INC-00816,2025-01-31 08:30:00,SUSTAINABILITY_INCIDENT,Medium,Supervisor,Operations Supervisor,Operator → Supervisor
INC-00817,2025-01-31 09:00:00,SUSTAINABILITY_INCIDENT,Medium,Supervisor,Operations Supervisor,Operator → Supervisor
INC-00818,2025-01-31 09:00:00,PEAK_LOAD_EMISSIONS_INCIDENT,High,Regional Controller,Regional Leadership,Operator → Supervisor → Regional Controller
INC-00819,2025-01-31 09:30:00,SUSTAINABILITY_INCIDENT,Medium,Supervisor,Operations Supervisor,Operator → Supervisor
INC-00820,2025-01-31 09:30:00,PEAK_LOAD_EMISSIONS_INCIDENT,High,Regional Controller,Regional Leadership,Operator → Supervisor → Regional Controller
INC-00821,2025-01-31 10:00:00,SUSTAINABILITY_INCIDENT,Medium,Supervisor,Operations Supervisor,Operator → Supervisor
INC-00822,2025-01-31 10:00:00,PEAK_LOAD_EMISSIONS_INCIDENT,High,Regional Controller,Regional Leadership,Operator → Supervisor → Regional Controller
INC-00823,2025-01-31 10:30:00,SUSTAINABILITY_INCIDENT,Medium,Supervisor,Operations Supervisor,Operator → Supervisor
INC-00824,2025-01-31 11:00:00,SUSTAINABILITY_INCIDENT,Medium,Supervisor,Operations Supervisor,Operator → Supervisor
INC-00825,2025-01-31 11:30:00,SUSTAINABILITY_INCIDENT,Medium,Supervisor,Operations Supervisor,Operator → Supervisor
INC-00826,2025-01-31 12:00:00,SUSTAINABILITY_INCIDENT,Medium,Supervisor,Operations Supervisor,Operator → Supervisor
INC-00827,2025-01-31 12:30:00,SUSTAINABILITY_INCIDENT,Medium,Supervisor,Operations Supervisor,Operator → Supervisor
INC-00828,2025-01-31 13:00:00,SUSTAINABILITY_INCIDENT,Medium,Supervisor,Operations Supervisor,Operator → Supervisor
INC-00829,2025-01-31 13:30:00,SUSTAINABILITY_INCIDENT,Medium,Supervisor,Operations Supervisor,Operator → Supervisor
INC-00830,2025-01-31 14:00:00,SUSTAINABILITY_INCIDENT,Medium,Supervisor,Operations Supervisor,Operator → Supervisor
INC-00831,2025-01-31 14:30:00,SUSTAINABILITY_INCIDENT,Medium,Supervisor,Operations Supervisor,Operator → Supervisor
INC-00832,2025-01-31 15:00:00,SUSTAINABILITY_INCIDENT,Medium,Supervisor,Operations Supervisor,Operator → Supervisor
INC-00833,2025-01-31 15:30:00,SUSTAINABILITY_INCIDENT,Medium,Supervisor,Operations Supervisor,Operator → Supervisor
INC-00834,2025-01-31 16:00:00,SUSTAINABILITY_INCIDENT,Medium,Supervisor,Operations Supervisor,Operator → Supervisor
INC-00835,2025-01-31 16:30:00,SUSTAINABILITY_INCIDENT,Medium,Supervisor,Operations Supervisor,Operator → Supervisor
INC-00836,2025-01-31 16:30:00,PEAK_LOAD_EMISSIONS_INCIDENT,High,Regional Controller,Regional Leadership,Operator → Supervisor → Regional Controller
INC-00837,2025-01-31 17:00:00,SUSTAINABILITY_INCIDENT,Medium,Supervisor,Operations Supervisor,Operator → Supervisor
INC-00838,2025-01-31 17:00:00,PEAK_LOAD_EMISSIONS_INCIDENT,High,Regional Controller,Regional Leadership,Operator → Supervisor → Regional Controller
INC-00839,2025-01-31 17:30:00,SUSTAINABILITY_INCIDENT,Medium,Supervisor,Operations Supervisor,Operator → Supervisor
INC-00840,2025-01-31 17:30:00,PEAK_LOAD_EMISSIONS_INCIDENT,High,Regional Controller,Regional Leadership,Operator → Supervisor → Regional Controller
INC-00841,2025-01-31 18:00:00,SUSTAINABILITY_INCIDENT,Medium,Supervisor,Operations Supervisor,Operator → Supervisor
INC-00842,2025-01-31 18:00:00,PEAK_LOAD_EMISSIONS_INCIDENT,High,Regional Controller,Regional Leadership,Operator → Supervisor → Regional Controller
INC-00843,2025-01-31 18:30:00,SUSTAINABILITY_INCIDENT,Medium,Supervisor,Operations Supervisor,Operator → Supervisor
INC-00844,2025-01-31 18:30:00,PEAK_LOAD_EMISSIONS_INCIDENT,High,Regional Controller,Regional Leadership,Operator → Supervisor → Regional Controller
INC-00845,2025-01-31 19:00:00,SUSTAINABILITY_INCIDENT,Medium,Supervisor,Operations Supervisor,Operator → Supervisor
INC-00846,2025-01-31 19:00:00,PEAK_LOAD_EMISSIONS_INCIDENT,High,Regional Controller,Regional Leadership,Operator → Supervisor → Regional Controller
INC-00847,2025-01-31 19:30:00,SUSTAINABILITY_INCIDENT,Medium,Supervisor,Operations Supervisor,Operator → Supervisor
INC-00848,2025-01-31 20:00:00,SUSTAINABILITY_INCIDENT,Medium,Supervisor,Operations Supervisor,Operator → Supervisor
INC-00849,2025-01-31 20:30:00,SUSTAINABILITY_INCIDENT,Medium,Supervisor,Operations Supervisor,Operator → Supervisor
INC-00850,2025-01-31 21:00:00,SUSTAINABILITY_INCIDENT,Medium,Supervisor,Operations Supervisor,Operator → Supervisor
INC-00851,2025-01-31 21:30:00,SUSTAINABILITY_INCIDENT,Medium,Supervisor,Operations Supervisor,Operator → Supervisor
INC-00852,2025-01-31 22:00:00,SUSTAINABILITY_INCIDENT,Medium,Supervisor,Operations Supervisor,Operator → Supervisor
INC-00853,2025-01-31 22:30:00,SUSTAINABILITY_INCIDENT,Medium,Supervisor,Operations Supervisor,Operator → Supervisor
INC-00854,2025-01-31 23:00:00,SUSTAINABILITY_INCIDENT,Medium,Supervisor,Operations Supervisor,Operator → Supervisor
INC-00855,2025-01-31 23:30:00,SUSTAINABILITY_INCIDENT,Medium,Supervisor,Operations Supervisor,Operator → Supervisor
INC-00856,2025-02-01 00:00:00,SUSTAINABILITY_INCIDENT,Medium,Supervisor,Operations Supervisor,Operator → Supervisor
INC-00857,2025-02-01 00:30:00,SUSTAINABILITY_INCIDENT,Medium,Supervisor,Operations Supervisor,Operator → Supervisor
INC-00858,2025-02-02 16:30:00,SUSTAINABILITY_INCIDENT,Medium,Supervisor,Operations Supervisor,Operator → Supervisor
INC-00859,2025-02-02 17:00:00,GRID_STRESS_INCIDENT,Critical,Executive,Executive Leadership,Operator → Supervisor → Regional Controller → Executive
INC-00860,2025-02-02 17:00:00,SUSTAINABILITY_INCIDENT,Medium,Supervisor,Operations Supervisor,Operator → Supervisor
INC-00861,2025-02-02 17:00:00,PEAK_LOAD_EMISSIONS_INCIDENT,High,Regional Controller,Regional Leadership,Operator → Supervisor → Regional Controller
INC-00862,2025-02-02 17:30:00,GRID_STRESS_INCIDENT,Critical,Executive,Executive Leadership,Operator → Supervisor → Regional Controller → Executive
INC-00863,2025-02-02 17:30:00,PEAK_LOAD_EMISSIONS_INCIDENT,High,Regional Controller,Regional Leadership,Operator → Supervisor → Regional Controller
INC-00864,2025-02-02 18:00:00,GRID_STRESS_INCIDENT,Critical,Executive,Executive Leadership,Operator → Supervisor → Regional Controller → Executive
INC-00865,2025-02-02 18:00:00,PEAK_LOAD_EMISSIONS_INCIDENT,High,Regional Controller,Regional Leadership,Operator → Supervisor → Regional Controller
INC-00866,2025-02-02 18:30:00,GRID_STRESS_INCIDENT,Critical,Executive,Executive Leadership,Operator → Supervisor → Regional Controller → Executive
INC-00867,2025-02-02 18:30:00,PEAK_LOAD_EMISSIONS_INCIDENT,High,Regional Controller,Regional Leadership,Operator → Supervisor → Regional Controller
INC-00868,2025-02-04 08:00:00,CURTAILMENT_RISK_INCIDENT,Medium,Supervisor,Operations Supervisor,Operator → Supervisor
INC-00869,2025-02-04 08:30:00,CURTAILMENT_RISK_INCIDENT,Medium,Supervisor,Operations Supervisor,Operator → Supervisor
INC-00870,2025-02-04 09:00:00,CURTAILMENT_RISK_INCIDENT,Medium,Supervisor,Operations Supervisor,Operator → Supervisor
INC-00871,2025-02-04 09:30:00,CURTAILMENT_RISK_INCIDENT,Medium,Supervisor,Operations Supervisor,Operator → Supervisor
INC-00872,2025-02-04 10:00:00,CURTAILMENT_RISK_INCIDENT,Medium,Supervisor,Operations Supervisor,Operator → Supervisor
INC-00873,2025-02-04 10:30:00,CURTAILMENT_RISK_INCIDENT,Medium,Supervisor,Operations Supervisor,Operator → Supervisor
INC-00874,2025-02-04 11:00:00,CURTAILMENT_RISK_INCIDENT,Medium,Supervisor,Operations Supervisor,Operator → Supervisor
INC-00875,2025-02-04 11:30:00,CURTAILMENT_RISK_INCIDENT,Medium,Supervisor,Operations Supervisor,Operator → Supervisor
INC-00876,2025-02-04 12:00:00,CURTAILMENT_RISK_INCIDENT,Medium,Supervisor,Operations Supervisor,Operator → Supervisor
INC-00877,2025-02-04 12:30:00,CURTAILMENT_RISK_INCIDENT,Medium,Supervisor,Operations Supervisor,Operator → Supervisor
INC-00878,2025-02-04 13:00:00,CURTAILMENT_RISK_INCIDENT,Medium,Supervisor,Operations Supervisor,Operator → Supervisor
INC-00879,2025-02-04 16:30:00,CURTAILMENT_RISK_INCIDENT,Medium,Supervisor,Operations Supervisor,Operator → Supervisor
INC-00880,2025-02-04 18:00:00,CURTAILMENT_RISK_INCIDENT,Medium,Supervisor,Operations Supervisor,Operator → Supervisor
INC-00881,2025-02-04 18:00:00,RENEWABLE_SUPPORT_INCIDENT,Low,Operator,Operations Team,Operator
INC-00882,2025-02-05 16:00:00,SUSTAINABILITY_INCIDENT,Medium,Supervisor,Operations Supervisor,Operator → Supervisor
INC-00883,2025-02-05 16:00:00,PEAK_LOAD_EMISSIONS_INCIDENT,High,Regional Controller,Regional Leadership,Operator → Supervisor → Regional Controller
INC-00884,2025-02-05 16:30:00,SUSTAINABILITY_INCIDENT,Medium,Supervisor,Operations Supervisor,Operator → Supervisor
INC-00885,2025-02-05 16:30:00,PEAK_LOAD_EMISSIONS_INCIDENT,High,Regional Controller,Regional Leadership,Operator → Supervisor → Regional Controller
INC-00886,2025-02-05 17:00:00,SUSTAINABILITY_INCIDENT,Medium,Supervisor,Operations Supervisor,Operator → Supervisor
INC-00887,2025-02-05 17:00:00,PEAK_LOAD_EMISSIONS_INCIDENT,High,Regional Controller,Regional Leadership,Operator → Supervisor → Regional Controller
INC-00888,2025-02-05 17:30:00,SUSTAINABILITY_INCIDENT,Medium,Supervisor,Operations Supervisor,Operator → Supervisor
INC-00889,2025-02-05 17:30:00,PEAK_LOAD_EMISSIONS_INCIDENT,High,Regional Controller,Regional Leadership,Operator → Supervisor → Regional Controller
INC-00890,2025-02-05 18:00:00,SUSTAINABILITY_INCIDENT,Medium,Supervisor,Operations Supervisor,Operator → Supervisor
INC-00891,2025-02-05 18:00:00,PEAK_LOAD_EMISSIONS_INCIDENT,High,Regional Controller,Regional Leadership,Operator → Supervisor → Regional Controller
INC-00892,2025-02-05 18:30:00,SUSTAINABILITY_INCIDENT,Medium,Supervisor,Operations Supervisor,Operator → Supervisor
INC-00893,2025-02-05 18:30:00,PEAK_LOAD_EMISSIONS_INCIDENT,High,Regional Controller,Regional Leadership,Operator → Supervisor → Regional Controller
INC-00894,2025-02-05 19:00:00,SUSTAINABILITY_INCIDENT,Medium,Supervisor,Operations Supervisor,Operator → Supervisor
INC-00895,2025-02-05 19:00:00,PEAK_LOAD_EMISSIONS_INCIDENT,High,Regional Controller,Regional Leadership,Operator → Supervisor → Regional Controller
INC-00896,2025-02-05 19:30:00,SUSTAINABILITY_INCIDENT,Medium,Supervisor,Operations Supervisor,Operator → Supervisor
INC-00897,2025-02-05 19:30:00,PEAK_LOAD_EMISSIONS_INCIDENT,High,Regional Controller,Regional Leadership,Operator → Supervisor → Regional Controller
INC-00898,2025-02-05 20:00:00,SUSTAINABILITY_INCIDENT,Medium,Supervisor,Operations Supervisor,Operator → Supervisor
INC-00899,2025-02-05 20:00:00,PEAK_LOAD_EMISSIONS_INCIDENT,High,Regional Controller,Regional Leadership,Operator → Supervisor → Regional Controller
INC-00900,2025-02-05 20:30:00,SUSTAINABILITY_INCIDENT,Medium,Supervisor,Operations Supervisor,Operator → Supervisor
INC-00901,2025-02-05 21:00:00,SUSTAINABILITY_INCIDENT,Medium,Supervisor,Operations Supervisor,Operator → Supervisor
INC-00902,2025-02-05 21:30:00,SUSTAINABILITY_INCIDENT,Medium,Supervisor,Operations Supervisor,Operator → Supervisor
INC-00903,2025-02-05 22:00:00,SUSTAINABILITY_INCIDENT,Medium,Supervisor,Operations Supervisor,Operator → Supervisor
INC-00904,2025-02-05 22:30:00,SUSTAINABILITY_INCIDENT,Medium,Supervisor,Operations Supervisor,Operator → Supervisor
INC-00905,2025-02-05 23:00:00,SUSTAINABILITY_INCIDENT,Medium,Supervisor,Operations Supervisor,Operator → Supervisor
INC-00906,2025-02-05 23:30:00,SUSTAINABILITY_INCIDENT,Medium,Supervisor,Operations Supervisor,Operator → Supervisor
INC-00907,2025-02-06 00:00:00,SUSTAINABILITY_INCIDENT,Medium,Supervisor,Operations Supervisor,Operator → Supervisor
INC-00908,2025-02-06 00:30:00,SUSTAINABILITY_INCIDENT,Medium,Supervisor,Operations Supervisor,Operator → Supervisor
INC-00909,2025-02-06 01:00:00,SUSTAINABILITY_INCIDENT,Medium,Supervisor,Operations Supervisor,Operator → Supervisor
INC-00910,2025-02-06 01:30:00,SUSTAINABILITY_INCIDENT,Medium,Supervisor,Operations Supervisor,Operator → Supervisor
INC-00911,2025-02-06 02:00:00,SUSTAINABILITY_INCIDENT,Medium,Supervisor,Operations Supervisor,Operator → Supervisor
INC-00912,2025-02-06 02:30:00,SUSTAINABILITY_INCIDENT,Medium,Supervisor,Operations Supervisor,Operator → Supervisor
INC-00913,2025-02-06 03:00:00,SUSTAINABILITY_INCIDENT,Medium,Supervisor,Operations Supervisor,Operator → Supervisor
INC-00914,2025-02-06 03:30:00,SUSTAINABILITY_INCIDENT,Medium,Supervisor,Operations Supervisor,Operator → Supervisor
INC-00915,2025-02-06 04:00:00,SUSTAINABILITY_INCIDENT,Medium,Supervisor,Operations Supervisor,Operator → Supervisor
INC-00916,2025-02-06 04:30:00,SUSTAINABILITY_INCIDENT,Medium,Supervisor,Operations Supervisor,Operator → Supervisor
INC-00917,2025-02-06 05:00:00,SUSTAINABILITY_INCIDENT,Medium,Supervisor,Operations Supervisor,Operator → Supervisor
INC-00918,2025-02-06 05:30:00,SUSTAINABILITY_INCIDENT,Medium,Supervisor,Operations Supervisor,Operator → Supervisor
INC-00919,2025-02-06 06:00:00,SUSTAINABILITY_INCIDENT,Medium,Supervisor,Operations Supervisor,Operator → Supervisor
INC-00920,2025-02-06 06:30:00,SUSTAINABILITY_INCIDENT,Medium,Supervisor,Operations Supervisor,Operator → Supervisor
INC-00921,2025-02-06 08:00:00,PEAK_LOAD_EMISSIONS_INCIDENT,High,Regional Controller,Regional Leadership,Operator → Supervisor → Regional Controller
INC-00922,2025-02-06 08:30:00,FORECAST_RISK_INCIDENT,High,Regional Controller,Regional Leadership,Operator → Supervisor → Regional Controller
INC-00923,2025-02-06 08:30:00,PEAK_LOAD_EMISSIONS_INCIDENT,High,Regional Controller,Regional Leadership,Operator → Supervisor → Regional Controller
INC-00924,2025-02-06 08:30:00,OPERATIONAL_RISK_INCIDENT,High,Regional Controller,Regional Leadership,Operator → Supervisor → Regional Controller
INC-00925,2025-02-06 09:00:00,PEAK_LOAD_EMISSIONS_INCIDENT,High,Regional Controller,Regional Leadership,Operator → Supervisor → Regional Controller
INC-00926,2025-02-06 16:30:00,PEAK_LOAD_EMISSIONS_INCIDENT,High,Regional Controller,Regional Leadership,Operator → Supervisor → Regional Controller
INC-00927,2025-02-06 17:00:00,PEAK_LOAD_EMISSIONS_INCIDENT,High,Regional Controller,Regional Leadership,Operator → Supervisor → Regional Controller
INC-00928,2025-02-06 17:30:00,PEAK_LOAD_EMISSIONS_INCIDENT,High,Regional Controller,Regional Leadership,Operator → Supervisor → Regional Controller
INC-00929,2025-02-06 18:00:00,PEAK_LOAD_EMISSIONS_INCIDENT,High,Regional Controller,Regional Leadership,Operator → Supervisor → Regional Controller
INC-00930,2025-02-06 18:30:00,PEAK_LOAD_EMISSIONS_INCIDENT,High,Regional Controller,Regional Leadership,Operator → Supervisor → Regional Controller
INC-00931,2025-02-06 19:00:00,PEAK_LOAD_EMISSIONS_INCIDENT,High,Regional Controller,Regional Leadership,Operator → Supervisor → Regional Controller
INC-00932,2025-02-07 11:00:00,CURTAILMENT_RISK_INCIDENT,Medium,Supervisor,Operations Supervisor,Operator → Supervisor
INC-00933,2025-02-07 11:30:00,CURTAILMENT_RISK_INCIDENT,Medium,Supervisor,Operations Supervisor,Operator → Supervisor
INC-00934,2025-02-07 11:30:00,RENEWABLE_SUPPORT_INCIDENT,Low,Operator,Operations Team,Operator
INC-00935,2025-02-07 12:00:00,FORECAST_RISK_INCIDENT,High,Regional Controller,Regional Leadership,Operator → Supervisor → Regional Controller
INC-00936,2025-02-07 12:00:00,CURTAILMENT_RISK_INCIDENT,Medium,Supervisor,Operations Supervisor,Operator → Supervisor
INC-00937,2025-02-07 12:00:00,RENEWABLE_SUPPORT_INCIDENT,Low,Operator,Operations Team,Operator
INC-00938,2025-02-07 12:30:00,CURTAILMENT_RISK_INCIDENT,Medium,Supervisor,Operations Supervisor,Operator → Supervisor
INC-00939,2025-02-07 13:00:00,CURTAILMENT_RISK_INCIDENT,Medium,Supervisor,Operations Supervisor,Operator → Supervisor
INC-00940,2025-02-07 13:30:00,CURTAILMENT_RISK_INCIDENT,Medium,Supervisor,Operations Supervisor,Operator → Supervisor
INC-00941,2025-02-07 15:30:00,FORECAST_RISK_INCIDENT,High,Regional Controller,Regional Leadership,Operator → Supervisor → Regional Controller
INC-00942,2025-02-08 10:00:00,SUSTAINABILITY_INCIDENT,Medium,Supervisor,Operations Supervisor,Operator → Supervisor
INC-00943,2025-02-08 10:30:00,SUSTAINABILITY_INCIDENT,Medium,Supervisor,Operations Supervisor,Operator → Supervisor
INC-00944,2025-02-08 11:00:00,SUSTAINABILITY_INCIDENT,Medium,Supervisor,Operations Supervisor,Operator → Supervisor
INC-00945,2025-02-08 11:30:00,SUSTAINABILITY_INCIDENT,Medium,Supervisor,Operations Supervisor,Operator → Supervisor
INC-00946,2025-02-08 12:00:00,SUSTAINABILITY_INCIDENT,Medium,Supervisor,Operations Supervisor,Operator → Supervisor
INC-00947,2025-02-08 12:30:00,SUSTAINABILITY_INCIDENT,Medium,Supervisor,Operations Supervisor,Operator → Supervisor
INC-00948,2025-02-08 13:00:00,SUSTAINABILITY_INCIDENT,Medium,Supervisor,Operations Supervisor,Operator → Supervisor
INC-00949,2025-02-08 13:30:00,SUSTAINABILITY_INCIDENT,Medium,Supervisor,Operations Supervisor,Operator → Supervisor
INC-00950,2025-02-08 14:00:00,SUSTAINABILITY_INCIDENT,Medium,Supervisor,Operations Supervisor,Operator → Supervisor
INC-00951,2025-02-08 14:30:00,SUSTAINABILITY_INCIDENT,Medium,Supervisor,Operations Supervisor,Operator → Supervisor
INC-00952,2025-02-08 15:00:00,SUSTAINABILITY_INCIDENT,Medium,Supervisor,Operations Supervisor,Operator → Supervisor
INC-00953,2025-02-08 15:30:00,SUSTAINABILITY_INCIDENT,Medium,Supervisor,Operations Supervisor,Operator → Supervisor
INC-00954,2025-02-08 16:00:00,SUSTAINABILITY_INCIDENT,Medium,Supervisor,Operations Supervisor,Operator → Supervisor
INC-00955,2025-02-08 16:30:00,SUSTAINABILITY_INCIDENT,Medium,Supervisor,Operations Supervisor,Operator → Supervisor
INC-00956,2025-02-08 16:30:00,PEAK_LOAD_EMISSIONS_INCIDENT,High,Regional Controller,Regional Leadership,Operator → Supervisor → Regional Controller
INC-00957,2025-02-08 17:00:00,SUSTAINABILITY_INCIDENT,Medium,Supervisor,Operations Supervisor,Operator → Supervisor
INC-00958,2025-02-08 17:00:00,PEAK_LOAD_EMISSIONS_INCIDENT,High,Regional Controller,Regional Leadership,Operator → Supervisor → Regional Controller
INC-00959,2025-02-08 17:30:00,SUSTAINABILITY_INCIDENT,Medium,Supervisor,Operations Supervisor,Operator → Supervisor
INC-00960,2025-02-08 17:30:00,PEAK_LOAD_EMISSIONS_INCIDENT,High,Regional Controller,Regional Leadership,Operator → Supervisor → Regional Controller
INC-00961,2025-02-08 18:00:00,SUSTAINABILITY_INCIDENT,Medium,Supervisor,Operations Supervisor,Operator → Supervisor
INC-00962,2025-02-08 18:00:00,PEAK_LOAD_EMISSIONS_INCIDENT,High,Regional Controller,Regional Leadership,Operator → Supervisor → Regional Controller
INC-00963,2025-02-08 18:30:00,SUSTAINABILITY_INCIDENT,Medium,Supervisor,Operations Supervisor,Operator → Supervisor
INC-00964,2025-02-08 18:30:00,PEAK_LOAD_EMISSIONS_INCIDENT,High,Regional Controller,Regional Leadership,Operator → Supervisor → Regional Controller
INC-00965,2025-02-08 19:00:00,SUSTAINABILITY_INCIDENT,Medium,Supervisor,Operations Supervisor,Operator → Supervisor
INC-00966,2025-02-08 19:00:00,PEAK_LOAD_EMISSIONS_INCIDENT,High,Regional Controller,Regional Leadership,Operator → Supervisor → Regional Controller
INC-00967,2025-02-08 19:30:00,SUSTAINABILITY_INCIDENT,Medium,Supervisor,Operations Supervisor,Operator → Supervisor
INC-00968,2025-02-08 20:00:00,SUSTAINABILITY_INCIDENT,Medium,Supervisor,Operations Supervisor,Operator → Supervisor
INC-00969,2025-02-08 20:30:00,SUSTAINABILITY_INCIDENT,Medium,Supervisor,Operations Supervisor,Operator → Supervisor
INC-00970,2025-02-08 21:00:00,SUSTAINABILITY_INCIDENT,Medium,Supervisor,Operations Supervisor,Operator → Supervisor
INC-00971,2025-02-08 21:30:00,SUSTAINABILITY_INCIDENT,Medium,Supervisor,Operations Supervisor,Operator → Supervisor
INC-00972,2025-02-08 22:00:00,SUSTAINABILITY_INCIDENT,Medium,Supervisor,Operations Supervisor,Operator → Supervisor
INC-00973,2025-02-10 13:30:00,FORECAST_RISK_INCIDENT,High,Regional Controller,Regional Leadership,Operator → Supervisor → Regional Controller
INC-00974,2025-02-11 16:30:00,PEAK_LOAD_EMISSIONS_INCIDENT,High,Regional Controller,Regional Leadership,Operator → Supervisor → Regional Controller
INC-00975,2025-02-12 08:00:00,PEAK_LOAD_EMISSIONS_INCIDENT,High,Regional Controller,Regional Leadership,Operator → Supervisor → Regional Controller
INC-00976,2025-02-12 08:30:00,PEAK_LOAD_EMISSIONS_INCIDENT,High,Regional Controller,Regional Leadership,Operator → Supervisor → Regional Controller
INC-00977,2025-02-12 09:00:00,PEAK_LOAD_EMISSIONS_INCIDENT,High,Regional Controller,Regional Leadership,Operator → Supervisor → Regional Controller
INC-00978,2025-02-12 09:30:00,PEAK_LOAD_EMISSIONS_INCIDENT,High,Regional Controller,Regional Leadership,Operator → Supervisor → Regional Controller
INC-00979,2025-02-12 10:00:00,PEAK_LOAD_EMISSIONS_INCIDENT,High,Regional Controller,Regional Leadership,Operator → Supervisor → Regional Controller
INC-00980,2025-02-12 10:30:00,PEAK_LOAD_EMISSIONS_INCIDENT,High,Regional Controller,Regional Leadership,Operator → Supervisor → Regional Controller
INC-00981,2025-02-12 11:00:00,PEAK_LOAD_EMISSIONS_INCIDENT,High,Regional Controller,Regional Leadership,Operator → Supervisor → Regional Controller
INC-00982,2025-02-12 11:30:00,PEAK_LOAD_EMISSIONS_INCIDENT,High,Regional Controller,Regional Leadership,Operator → Supervisor → Regional Controller
INC-00983,2025-02-12 12:00:00,PEAK_LOAD_EMISSIONS_INCIDENT,High,Regional Controller,Regional Leadership,Operator → Supervisor → Regional Controller
INC-00984,2025-02-12 12:30:00,FORECAST_RISK_INCIDENT,High,Regional Controller,Regional Leadership,Operator → Supervisor → Regional Controller
INC-00985,2025-02-12 12:30:00,PEAK_LOAD_EMISSIONS_INCIDENT,High,Regional Controller,Regional Leadership,Operator → Supervisor → Regional Controller
INC-00986,2025-02-12 12:30:00,OPERATIONAL_RISK_INCIDENT,High,Regional Controller,Regional Leadership,Operator → Supervisor → Regional Controller
INC-00987,2025-02-12 13:00:00,FORECAST_RISK_INCIDENT,High,Regional Controller,Regional Leadership,Operator → Supervisor → Regional Controller
INC-00988,2025-02-12 13:00:00,PEAK_LOAD_EMISSIONS_INCIDENT,High,Regional Controller,Regional Leadership,Operator → Supervisor → Regional Controller
INC-00989,2025-02-12 13:00:00,OPERATIONAL_RISK_INCIDENT,High,Regional Controller,Regional Leadership,Operator → Supervisor → Regional Controller
INC-00990,2025-02-12 13:30:00,PEAK_LOAD_EMISSIONS_INCIDENT,High,Regional Controller,Regional Leadership,Operator → Supervisor → Regional Controller
INC-00991,2025-02-12 14:00:00,FORECAST_RISK_INCIDENT,High,Regional Controller,Regional Leadership,Operator → Supervisor → Regional Controller
INC-00992,2025-02-12 14:00:00,PEAK_LOAD_EMISSIONS_INCIDENT,High,Regional Controller,Regional Leadership,Operator → Supervisor → Regional Controller
INC-00993,2025-02-12 14:00:00,OPERATIONAL_RISK_INCIDENT,High,Regional Controller,Regional Leadership,Operator → Supervisor → Regional Controller
INC-00994,2025-02-12 14:30:00,FORECAST_RISK_INCIDENT,High,Regional Controller,Regional Leadership,Operator → Supervisor → Regional Controller
INC-00995,2025-02-12 14:30:00,PEAK_LOAD_EMISSIONS_INCIDENT,High,Regional Controller,Regional Leadership,Operator → Supervisor → Regional Controller
INC-00996,2025-02-12 14:30:00,OPERATIONAL_RISK_INCIDENT,High,Regional Controller,Regional Leadership,Operator → Supervisor → Regional Controller
INC-00997,2025-02-12 15:00:00,FORECAST_RISK_INCIDENT,High,Regional Controller,Regional Leadership,Operator → Supervisor → Regional Controller
INC-00998,2025-02-12 15:00:00,PEAK_LOAD_EMISSIONS_INCIDENT,High,Regional Controller,Regional Leadership,Operator → Supervisor → Regional Controller
INC-00999,2025-02-12 15:00:00,OPERATIONAL_RISK_INCIDENT,High,Regional Controller,Regional Leadership,Operator → Supervisor → Regional Controller
INC-01000,2025-02-12 15:30:00,PEAK_LOAD_EMISSIONS_INCIDENT,High,Regional Controller,Regional Leadership,Operator → Supervisor → Regional Controller
INC-01001,2025-02-12 16:00:00,PEAK_LOAD_EMISSIONS_INCIDENT,High,Regional Controller,Regional Leadership,Operator → Supervisor → Regional Controller
INC-01002,2025-02-12 16:30:00,PEAK_LOAD_EMISSIONS_INCIDENT,High,Regional Controller,Regional Leadership,Operator → Supervisor → Regional Controller
INC-01003,2025-02-12 17:00:00,PEAK_LOAD_EMISSIONS_INCIDENT,High,Regional Controller,Regional Leadership,Operator → Supervisor → Regional Controller
INC-01004,2025-02-12 17:30:00,PEAK_LOAD_EMISSIONS_INCIDENT,High,Regional Controller,Regional Leadership,Operator → Supervisor → Regional Controller
INC-01005,2025-02-12 18:00:00,PEAK_LOAD_EMISSIONS_INCIDENT,High,Regional Controller,Regional Leadership,Operator → Supervisor → Regional Controller
INC-01006,2025-02-12 18:30:00,PEAK_LOAD_EMISSIONS_INCIDENT,High,Regional Controller,Regional Leadership,Operator → Supervisor → Regional Controller
INC-01007,2025-02-12 19:00:00,PEAK_LOAD_EMISSIONS_INCIDENT,High,Regional Controller,Regional Leadership,Operator → Supervisor → Regional Controller
INC-01008,2025-02-12 19:30:00,PEAK_LOAD_EMISSIONS_INCIDENT,High,Regional Controller,Regional Leadership,Operator → Supervisor → Regional Controller
INC-01009,2025-02-12 20:00:00,PEAK_LOAD_EMISSIONS_INCIDENT,High,Regional Controller,Regional Leadership,Operator → Supervisor → Regional Controller
INC-01010,2025-02-12 20:30:00,PEAK_LOAD_EMISSIONS_INCIDENT,High,Regional Controller,Regional Leadership,Operator → Supervisor → Regional Controller
INC-01011,2025-02-13 06:30:00,SUSTAINABILITY_INCIDENT,Medium,Supervisor,Operations Supervisor,Operator → Supervisor
INC-01012,2025-02-13 07:00:00,SUSTAINABILITY_INCIDENT,Medium,Supervisor,Operations Supervisor,Operator → Supervisor
INC-01013,2025-02-13 07:30:00,SUSTAINABILITY_INCIDENT,Medium,Supervisor,Operations Supervisor,Operator → Supervisor
INC-01014,2025-02-13 08:00:00,SUSTAINABILITY_INCIDENT,Medium,Supervisor,Operations Supervisor,Operator → Supervisor
INC-01015,2025-02-13 08:30:00,SUSTAINABILITY_INCIDENT,Medium,Supervisor,Operations Supervisor,Operator → Supervisor
INC-01016,2025-02-13 08:30:00,PEAK_LOAD_EMISSIONS_INCIDENT,High,Regional Controller,Regional Leadership,Operator → Supervisor → Regional Controller
INC-01017,2025-02-13 09:00:00,SUSTAINABILITY_INCIDENT,Medium,Supervisor,Operations Supervisor,Operator → Supervisor
INC-01018,2025-02-13 09:00:00,PEAK_LOAD_EMISSIONS_INCIDENT,High,Regional Controller,Regional Leadership,Operator → Supervisor → Regional Controller
INC-01019,2025-02-13 09:30:00,SUSTAINABILITY_INCIDENT,Medium,Supervisor,Operations Supervisor,Operator → Supervisor
INC-01020,2025-02-13 09:30:00,PEAK_LOAD_EMISSIONS_INCIDENT,High,Regional Controller,Regional Leadership,Operator → Supervisor → Regional Controller
INC-01021,2025-02-13 10:00:00,SUSTAINABILITY_INCIDENT,Medium,Supervisor,Operations Supervisor,Operator → Supervisor
INC-01022,2025-02-13 10:00:00,PEAK_LOAD_EMISSIONS_INCIDENT,High,Regional Controller,Regional Leadership,Operator → Supervisor → Regional Controller
INC-01023,2025-02-13 10:30:00,SUSTAINABILITY_INCIDENT,Medium,Supervisor,Operations Supervisor,Operator → Supervisor
INC-01024,2025-02-13 10:30:00,PEAK_LOAD_EMISSIONS_INCIDENT,High,Regional Controller,Regional Leadership,Operator → Supervisor → Regional Controller
INC-01025,2025-02-13 11:00:00,SUSTAINABILITY_INCIDENT,Medium,Supervisor,Operations Supervisor,Operator → Supervisor
INC-01026,2025-02-13 11:00:00,PEAK_LOAD_EMISSIONS_INCIDENT,High,Regional Controller,Regional Leadership,Operator → Supervisor → Regional Controller
INC-01027,2025-02-13 11:30:00,SUSTAINABILITY_INCIDENT,Medium,Supervisor,Operations Supervisor,Operator → Supervisor
INC-01028,2025-02-13 11:30:00,PEAK_LOAD_EMISSIONS_INCIDENT,High,Regional Controller,Regional Leadership,Operator → Supervisor → Regional Controller
INC-01029,2025-02-13 12:00:00,SUSTAINABILITY_INCIDENT,Medium,Supervisor,Operations Supervisor,Operator → Supervisor
INC-01030,2025-02-13 12:00:00,PEAK_LOAD_EMISSIONS_INCIDENT,High,Regional Controller,Regional Leadership,Operator → Supervisor → Regional Controller
INC-01031,2025-02-13 12:30:00,SUSTAINABILITY_INCIDENT,Medium,Supervisor,Operations Supervisor,Operator → Supervisor
INC-01032,2025-02-13 12:30:00,PEAK_LOAD_EMISSIONS_INCIDENT,High,Regional Controller,Regional Leadership,Operator → Supervisor → Regional Controller
INC-01033,2025-02-13 13:00:00,FORECAST_RISK_INCIDENT,High,Regional Controller,Regional Leadership,Operator → Supervisor → Regional Controller
INC-01034,2025-02-13 13:00:00,SUSTAINABILITY_INCIDENT,Medium,Supervisor,Operations Supervisor,Operator → Supervisor
INC-01035,2025-02-13 13:00:00,PEAK_LOAD_EMISSIONS_INCIDENT,High,Regional Controller,Regional Leadership,Operator → Supervisor → Regional Controller
INC-01036,2025-02-13 13:00:00,OPERATIONAL_RISK_INCIDENT,High,Regional Controller,Regional Leadership,Operator → Supervisor → Regional Controller
INC-01037,2025-02-13 13:30:00,FORECAST_RISK_INCIDENT,High,Regional Controller,Regional Leadership,Operator → Supervisor → Regional Controller
INC-01038,2025-02-13 13:30:00,SUSTAINABILITY_INCIDENT,Medium,Supervisor,Operations Supervisor,Operator → Supervisor
INC-01039,2025-02-13 13:30:00,PEAK_LOAD_EMISSIONS_INCIDENT,High,Regional Controller,Regional Leadership,Operator → Supervisor → Regional Controller
INC-01040,2025-02-13 13:30:00,OPERATIONAL_RISK_INCIDENT,High,Regional Controller,Regional Leadership,Operator → Supervisor → Regional Controller
INC-01041,2025-02-13 14:00:00,FORECAST_RISK_INCIDENT,High,Regional Controller,Regional Leadership,Operator → Supervisor → Regional Controller
INC-01042,2025-02-13 14:00:00,SUSTAINABILITY_INCIDENT,Medium,Supervisor,Operations Supervisor,Operator → Supervisor
INC-01043,2025-02-13 14:00:00,PEAK_LOAD_EMISSIONS_INCIDENT,High,Regional Controller,Regional Leadership,Operator → Supervisor → Regional Controller
INC-01044,2025-02-13 14:00:00,OPERATIONAL_RISK_INCIDENT,High,Regional Controller,Regional Leadership,Operator → Supervisor → Regional Controller
INC-01045,2025-02-13 14:30:00,SUSTAINABILITY_INCIDENT,Medium,Supervisor,Operations Supervisor,Operator → Supervisor
INC-01046,2025-02-13 14:30:00,PEAK_LOAD_EMISSIONS_INCIDENT,High,Regional Controller,Regional Leadership,Operator → Supervisor → Regional Controller
INC-01047,2025-02-13 15:00:00,SUSTAINABILITY_INCIDENT,Medium,Supervisor,Operations Supervisor,Operator → Supervisor
INC-01048,2025-02-13 15:00:00,PEAK_LOAD_EMISSIONS_INCIDENT,High,Regional Controller,Regional Leadership,Operator → Supervisor → Regional Controller
INC-01049,2025-02-13 15:30:00,SUSTAINABILITY_INCIDENT,Medium,Supervisor,Operations Supervisor,Operator → Supervisor
INC-01050,2025-02-13 15:30:00,PEAK_LOAD_EMISSIONS_INCIDENT,High,Regional Controller,Regional Leadership,Operator → Supervisor → Regional Controller
INC-01051,2025-02-13 16:00:00,SUSTAINABILITY_INCIDENT,Medium,Supervisor,Operations Supervisor,Operator → Supervisor
INC-01052,2025-02-13 16:00:00,PEAK_LOAD_EMISSIONS_INCIDENT,High,Regional Controller,Regional Leadership,Operator → Supervisor → Regional Controller
INC-01053,2025-02-13 16:30:00,SUSTAINABILITY_INCIDENT,Medium,Supervisor,Operations Supervisor,Operator → Supervisor
INC-01054,2025-02-13 16:30:00,PEAK_LOAD_EMISSIONS_INCIDENT,High,Regional Controller,Regional Leadership,Operator → Supervisor → Regional Controller
INC-01055,2025-02-13 17:00:00,SUSTAINABILITY_INCIDENT,Medium,Supervisor,Operations Supervisor,Operator → Supervisor
INC-01056,2025-02-13 17:00:00,PEAK_LOAD_EMISSIONS_INCIDENT,High,Regional Controller,Regional Leadership,Operator → Supervisor → Regional Controller
INC-01057,2025-02-13 17:30:00,PEAK_LOAD_EMISSIONS_INCIDENT,High,Regional Controller,Regional Leadership,Operator → Supervisor → Regional Controller
INC-01058,2025-02-13 18:00:00,PEAK_LOAD_EMISSIONS_INCIDENT,High,Regional Controller,Regional Leadership,Operator → Supervisor → Regional Controller
INC-01059,2025-02-13 18:30:00,PEAK_LOAD_EMISSIONS_INCIDENT,High,Regional Controller,Regional Leadership,Operator → Supervisor → Regional Controller
INC-01060,2025-02-13 19:00:00,PEAK_LOAD_EMISSIONS_INCIDENT,High,Regional Controller,Regional Leadership,Operator → Supervisor → Regional Controller
INC-01061,2025-02-13 19:30:00,PEAK_LOAD_EMISSIONS_INCIDENT,High,Regional Controller,Regional Leadership,Operator → Supervisor → Regional Controller
INC-01062,2025-02-13 20:00:00,PEAK_LOAD_EMISSIONS_INCIDENT,High,Regional Controller,Regional Leadership,Operator → Supervisor → Regional Controller
INC-01063,2025-02-14 08:30:00,PEAK_LOAD_EMISSIONS_INCIDENT,High,Regional Controller,Regional Leadership,Operator → Supervisor → Regional Controller
INC-01064,2025-02-14 09:00:00,PEAK_LOAD_EMISSIONS_INCIDENT,High,Regional Controller,Regional Leadership,Operator → Supervisor → Regional Controller
INC-01065,2025-02-14 09:30:00,PEAK_LOAD_EMISSIONS_INCIDENT,High,Regional Controller,Regional Leadership,Operator → Supervisor → Regional Controller
INC-01066,2025-02-14 16:00:00,PEAK_LOAD_EMISSIONS_INCIDENT,High,Regional Controller,Regional Leadership,Operator → Supervisor → Regional Controller
INC-01067,2025-02-14 16:30:00,PEAK_LOAD_EMISSIONS_INCIDENT,High,Regional Controller,Regional Leadership,Operator → Supervisor → Regional Controller
INC-01068,2025-02-14 17:00:00,PEAK_LOAD_EMISSIONS_INCIDENT,High,Regional Controller,Regional Leadership,Operator → Supervisor → Regional Controller
INC-01069,2025-02-14 17:30:00,PEAK_LOAD_EMISSIONS_INCIDENT,High,Regional Controller,Regional Leadership,Operator → Supervisor → Regional Controller
INC-01070,2025-02-14 18:00:00,PEAK_LOAD_EMISSIONS_INCIDENT,High,Regional Controller,Regional Leadership,Operator → Supervisor → Regional Controller
INC-01071,2025-02-14 18:30:00,PEAK_LOAD_EMISSIONS_INCIDENT,High,Regional Controller,Regional Leadership,Operator → Supervisor → Regional Controller
INC-01072,2025-02-14 19:00:00,PEAK_LOAD_EMISSIONS_INCIDENT,High,Regional Controller,Regional Leadership,Operator → Supervisor → Regional Controller
INC-01073,2025-02-14 19:30:00,PEAK_LOAD_EMISSIONS_INCIDENT,High,Regional Controller,Regional Leadership,Operator → Supervisor → Regional Controller
INC-01074,2025-02-14 20:00:00,PEAK_LOAD_EMISSIONS_INCIDENT,High,Regional Controller,Regional Leadership,Operator → Supervisor → Regional Controller
INC-01075,2025-02-15 04:30:00,SUSTAINABILITY_INCIDENT,Medium,Supervisor,Operations Supervisor,Operator → Supervisor
INC-01076,2025-02-15 05:00:00,SUSTAINABILITY_INCIDENT,Medium,Supervisor,Operations Supervisor,Operator → Supervisor
INC-01077,2025-02-15 05:30:00,SUSTAINABILITY_INCIDENT,Medium,Supervisor,Operations Supervisor,Operator → Supervisor
INC-01078,2025-02-15 06:00:00,SUSTAINABILITY_INCIDENT,Medium,Supervisor,Operations Supervisor,Operator → Supervisor
INC-01079,2025-02-15 06:30:00,SUSTAINABILITY_INCIDENT,Medium,Supervisor,Operations Supervisor,Operator → Supervisor
INC-01080,2025-02-15 07:00:00,SUSTAINABILITY_INCIDENT,Medium,Supervisor,Operations Supervisor,Operator → Supervisor
INC-01081,2025-02-15 07:30:00,SUSTAINABILITY_INCIDENT,Medium,Supervisor,Operations Supervisor,Operator → Supervisor
INC-01082,2025-02-15 08:00:00,SUSTAINABILITY_INCIDENT,Medium,Supervisor,Operations Supervisor,Operator → Supervisor
INC-01083,2025-02-15 08:30:00,SUSTAINABILITY_INCIDENT,Medium,Supervisor,Operations Supervisor,Operator → Supervisor
INC-01084,2025-02-15 09:00:00,SUSTAINABILITY_INCIDENT,Medium,Supervisor,Operations Supervisor,Operator → Supervisor
INC-01085,2025-02-15 09:30:00,SUSTAINABILITY_INCIDENT,Medium,Supervisor,Operations Supervisor,Operator → Supervisor
INC-01086,2025-02-15 12:00:00,SUSTAINABILITY_INCIDENT,Medium,Supervisor,Operations Supervisor,Operator → Supervisor
INC-01087,2025-02-15 12:30:00,SUSTAINABILITY_INCIDENT,Medium,Supervisor,Operations Supervisor,Operator → Supervisor
INC-01088,2025-02-15 13:00:00,SUSTAINABILITY_INCIDENT,Medium,Supervisor,Operations Supervisor,Operator → Supervisor
INC-01089,2025-02-15 13:30:00,SUSTAINABILITY_INCIDENT,Medium,Supervisor,Operations Supervisor,Operator → Supervisor
INC-01090,2025-02-15 14:00:00,SUSTAINABILITY_INCIDENT,Medium,Supervisor,Operations Supervisor,Operator → Supervisor
INC-01091,2025-02-15 14:30:00,SUSTAINABILITY_INCIDENT,Medium,Supervisor,Operations Supervisor,Operator → Supervisor
INC-01092,2025-02-15 15:00:00,SUSTAINABILITY_INCIDENT,Medium,Supervisor,Operations Supervisor,Operator → Supervisor
INC-01093,2025-02-15 15:30:00,SUSTAINABILITY_INCIDENT,Medium,Supervisor,Operations Supervisor,Operator → Supervisor
INC-01094,2025-02-15 16:00:00,SUSTAINABILITY_INCIDENT,Medium,Supervisor,Operations Supervisor,Operator → Supervisor
INC-01095,2025-02-15 16:30:00,SUSTAINABILITY_INCIDENT,Medium,Supervisor,Operations Supervisor,Operator → Supervisor
INC-01096,2025-02-15 17:00:00,SUSTAINABILITY_INCIDENT,Medium,Supervisor,Operations Supervisor,Operator → Supervisor
INC-01097,2025-02-15 17:00:00,PEAK_LOAD_EMISSIONS_INCIDENT,High,Regional Controller,Regional Leadership,Operator → Supervisor → Regional Controller
INC-01098,2025-02-15 17:30:00,SUSTAINABILITY_INCIDENT,Medium,Supervisor,Operations Supervisor,Operator → Supervisor
INC-01099,2025-02-15 17:30:00,PEAK_LOAD_EMISSIONS_INCIDENT,High,Regional Controller,Regional Leadership,Operator → Supervisor → Regional Controller
INC-01100,2025-02-15 18:00:00,SUSTAINABILITY_INCIDENT,Medium,Supervisor,Operations Supervisor,Operator → Supervisor
INC-01101,2025-02-15 18:00:00,PEAK_LOAD_EMISSIONS_INCIDENT,High,Regional Controller,Regional Leadership,Operator → Supervisor → Regional Controller
INC-01102,2025-02-15 18:30:00,SUSTAINABILITY_INCIDENT,Medium,Supervisor,Operations Supervisor,Operator → Supervisor
INC-01103,2025-02-15 18:30:00,PEAK_LOAD_EMISSIONS_INCIDENT,High,Regional Controller,Regional Leadership,Operator → Supervisor → Regional Controller
INC-01104,2025-02-15 19:00:00,SUSTAINABILITY_INCIDENT,Medium,Supervisor,Operations Supervisor,Operator → Supervisor
INC-01105,2025-02-15 19:30:00,SUSTAINABILITY_INCIDENT,Medium,Supervisor,Operations Supervisor,Operator → Supervisor
INC-01106,2025-02-15 20:00:00,SUSTAINABILITY_INCIDENT,Medium,Supervisor,Operations Supervisor,Operator → Supervisor
INC-01107,2025-02-17 16:00:00,PEAK_LOAD_EMISSIONS_INCIDENT,High,Regional Controller,Regional Leadership,Operator → Supervisor → Regional Controller
INC-01108,2025-02-17 16:30:00,PEAK_LOAD_EMISSIONS_INCIDENT,High,Regional Controller,Regional Leadership,Operator → Supervisor → Regional Controller
INC-01109,2025-02-17 17:00:00,PEAK_LOAD_EMISSIONS_INCIDENT,High,Regional Controller,Regional Leadership,Operator → Supervisor → Regional Controller
INC-01110,2025-02-17 17:30:00,PEAK_LOAD_EMISSIONS_INCIDENT,High,Regional Controller,Regional Leadership,Operator → Supervisor → Regional Controller
INC-01111,2025-02-17 18:00:00,PEAK_LOAD_EMISSIONS_INCIDENT,High,Regional Controller,Regional Leadership,Operator → Supervisor → Regional Controller
INC-01112,2025-02-17 18:30:00,PEAK_LOAD_EMISSIONS_INCIDENT,High,Regional Controller,Regional Leadership,Operator → Supervisor → Regional Controller
INC-01113,2025-02-17 19:00:00,PEAK_LOAD_EMISSIONS_INCIDENT,High,Regional Controller,Regional Leadership,Operator → Supervisor → Regional Controller
INC-01114,2025-02-17 19:30:00,PEAK_LOAD_EMISSIONS_INCIDENT,High,Regional Controller,Regional Leadership,Operator → Supervisor → Regional Controller
INC-01115,2025-02-17 20:00:00,PEAK_LOAD_EMISSIONS_INCIDENT,High,Regional Controller,Regional Leadership,Operator → Supervisor → Regional Controller
INC-01116,2025-02-18 10:30:00,CURTAILMENT_RISK_INCIDENT,Medium,Supervisor,Operations Supervisor,Operator → Supervisor
INC-01117,2025-02-18 11:00:00,CURTAILMENT_RISK_INCIDENT,Medium,Supervisor,Operations Supervisor,Operator → Supervisor
INC-01118,2025-02-18 11:30:00,CURTAILMENT_RISK_INCIDENT,Medium,Supervisor,Operations Supervisor,Operator → Supervisor
INC-01119,2025-02-18 12:00:00,CURTAILMENT_RISK_INCIDENT,Medium,Supervisor,Operations Supervisor,Operator → Supervisor
INC-01120,2025-02-18 12:30:00,CURTAILMENT_RISK_INCIDENT,Medium,Supervisor,Operations Supervisor,Operator → Supervisor
INC-01121,2025-02-18 13:00:00,CURTAILMENT_RISK_INCIDENT,Medium,Supervisor,Operations Supervisor,Operator → Supervisor
INC-01122,2025-02-18 13:30:00,CURTAILMENT_RISK_INCIDENT,Medium,Supervisor,Operations Supervisor,Operator → Supervisor
INC-01123,2025-02-18 14:00:00,CURTAILMENT_RISK_INCIDENT,Medium,Supervisor,Operations Supervisor,Operator → Supervisor
INC-01124,2025-02-19 11:00:00,FORECAST_RISK_INCIDENT,High,Regional Controller,Regional Leadership,Operator → Supervisor → Regional Controller
INC-01125,2025-02-19 11:30:00,FORECAST_RISK_INCIDENT,High,Regional Controller,Regional Leadership,Operator → Supervisor → Regional Controller
INC-01126,2025-02-19 12:00:00,FORECAST_RISK_INCIDENT,High,Regional Controller,Regional Leadership,Operator → Supervisor → Regional Controller
INC-01127,2025-02-19 12:30:00,FORECAST_RISK_INCIDENT,High,Regional Controller,Regional Leadership,Operator → Supervisor → Regional Controller
INC-01128,2025-02-19 13:00:00,FORECAST_RISK_INCIDENT,High,Regional Controller,Regional Leadership,Operator → Supervisor → Regional Controller
INC-01129,2025-02-19 13:30:00,FORECAST_RISK_INCIDENT,High,Regional Controller,Regional Leadership,Operator → Supervisor → Regional Controller
INC-01130,2025-02-19 14:00:00,FORECAST_RISK_INCIDENT,High,Regional Controller,Regional Leadership,Operator → Supervisor → Regional Controller
INC-01131,2025-02-19 14:30:00,FORECAST_RISK_INCIDENT,High,Regional Controller,Regional Leadership,Operator → Supervisor → Regional Controller
INC-01132,2025-02-19 15:30:00,FORECAST_RISK_INCIDENT,High,Regional Controller,Regional Leadership,Operator → Supervisor → Regional Controller
INC-01133,2025-02-20 07:30:00,CURTAILMENT_RISK_INCIDENT,Medium,Supervisor,Operations Supervisor,Operator → Supervisor
INC-01134,2025-02-20 08:00:00,CURTAILMENT_RISK_INCIDENT,Medium,Supervisor,Operations Supervisor,Operator → Supervisor
INC-01135,2025-02-20 08:30:00,CURTAILMENT_RISK_INCIDENT,Medium,Supervisor,Operations Supervisor,Operator → Supervisor
INC-01136,2025-02-20 09:00:00,CURTAILMENT_RISK_INCIDENT,Medium,Supervisor,Operations Supervisor,Operator → Supervisor
INC-01137,2025-02-20 09:30:00,CURTAILMENT_RISK_INCIDENT,Medium,Supervisor,Operations Supervisor,Operator → Supervisor
INC-01138,2025-02-20 10:00:00,CURTAILMENT_RISK_INCIDENT,Medium,Supervisor,Operations Supervisor,Operator → Supervisor
INC-01139,2025-02-20 10:30:00,CURTAILMENT_RISK_INCIDENT,Medium,Supervisor,Operations Supervisor,Operator → Supervisor
INC-01140,2025-02-20 11:00:00,CURTAILMENT_RISK_INCIDENT,Medium,Supervisor,Operations Supervisor,Operator → Supervisor
INC-01141,2025-02-20 11:30:00,CURTAILMENT_RISK_INCIDENT,Medium,Supervisor,Operations Supervisor,Operator → Supervisor
INC-01142,2025-02-20 12:00:00,CURTAILMENT_RISK_INCIDENT,Medium,Supervisor,Operations Supervisor,Operator → Supervisor
INC-01143,2025-02-20 12:30:00,CURTAILMENT_RISK_INCIDENT,Medium,Supervisor,Operations Supervisor,Operator → Supervisor
INC-01144,2025-02-20 13:00:00,CURTAILMENT_RISK_INCIDENT,Medium,Supervisor,Operations Supervisor,Operator → Supervisor
INC-01145,2025-02-20 13:30:00,CURTAILMENT_RISK_INCIDENT,Medium,Supervisor,Operations Supervisor,Operator → Supervisor
INC-01146,2025-02-20 14:00:00,CURTAILMENT_RISK_INCIDENT,Medium,Supervisor,Operations Supervisor,Operator → Supervisor
INC-01147,2025-02-20 14:30:00,CURTAILMENT_RISK_INCIDENT,Medium,Supervisor,Operations Supervisor,Operator → Supervisor
INC-01148,2025-02-20 15:00:00,CURTAILMENT_RISK_INCIDENT,Medium,Supervisor,Operations Supervisor,Operator → Supervisor
INC-01149,2025-02-20 15:30:00,CURTAILMENT_RISK_INCIDENT,Medium,Supervisor,Operations Supervisor,Operator → Supervisor
INC-01150,2025-02-21 06:30:00,CURTAILMENT_RISK_INCIDENT,Medium,Supervisor,Operations Supervisor,Operator → Supervisor
INC-01151,2025-02-21 07:00:00,CURTAILMENT_RISK_INCIDENT,Medium,Supervisor,Operations Supervisor,Operator → Supervisor
INC-01152,2025-02-21 07:30:00,CURTAILMENT_RISK_INCIDENT,Medium,Supervisor,Operations Supervisor,Operator → Supervisor
INC-01153,2025-02-21 08:00:00,CURTAILMENT_RISK_INCIDENT,Medium,Supervisor,Operations Supervisor,Operator → Supervisor
INC-01154,2025-02-21 08:30:00,CURTAILMENT_RISK_INCIDENT,Medium,Supervisor,Operations Supervisor,Operator → Supervisor
INC-01155,2025-02-21 09:00:00,CURTAILMENT_RISK_INCIDENT,Medium,Supervisor,Operations Supervisor,Operator → Supervisor
INC-01156,2025-02-21 09:30:00,CURTAILMENT_RISK_INCIDENT,Medium,Supervisor,Operations Supervisor,Operator → Supervisor
INC-01157,2025-02-21 10:00:00,CURTAILMENT_RISK_INCIDENT,Medium,Supervisor,Operations Supervisor,Operator → Supervisor
INC-01158,2025-02-21 10:30:00,CURTAILMENT_RISK_INCIDENT,Medium,Supervisor,Operations Supervisor,Operator → Supervisor
INC-01159,2025-02-21 11:00:00,CURTAILMENT_RISK_INCIDENT,Medium,Supervisor,Operations Supervisor,Operator → Supervisor
INC-01160,2025-02-21 11:30:00,CURTAILMENT_RISK_INCIDENT,Medium,Supervisor,Operations Supervisor,Operator → Supervisor
INC-01161,2025-02-21 12:00:00,CURTAILMENT_RISK_INCIDENT,Medium,Supervisor,Operations Supervisor,Operator → Supervisor
INC-01162,2025-02-21 12:30:00,CURTAILMENT_RISK_INCIDENT,Medium,Supervisor,Operations Supervisor,Operator → Supervisor
INC-01163,2025-02-21 13:00:00,CURTAILMENT_RISK_INCIDENT,Medium,Supervisor,Operations Supervisor,Operator → Supervisor
INC-01164,2025-02-21 13:30:00,CURTAILMENT_RISK_INCIDENT,Medium,Supervisor,Operations Supervisor,Operator → Supervisor
INC-01165,2025-02-21 14:00:00,CURTAILMENT_RISK_INCIDENT,Medium,Supervisor,Operations Supervisor,Operator → Supervisor
INC-01166,2025-02-21 14:30:00,CURTAILMENT_RISK_INCIDENT,Medium,Supervisor,Operations Supervisor,Operator → Supervisor
INC-01167,2025-02-21 15:00:00,CURTAILMENT_RISK_INCIDENT,Medium,Supervisor,Operations Supervisor,Operator → Supervisor
INC-01168,2025-02-21 15:30:00,CURTAILMENT_RISK_INCIDENT,Medium,Supervisor,Operations Supervisor,Operator → Supervisor
INC-01169,2025-02-21 16:00:00,CURTAILMENT_RISK_INCIDENT,Medium,Supervisor,Operations Supervisor,Operator → Supervisor
INC-01170,2025-02-21 16:30:00,CURTAILMENT_RISK_INCIDENT,Medium,Supervisor,Operations Supervisor,Operator → Supervisor
INC-01171,2025-02-23 04:00:00,OVER_GENERATION_INCIDENT,Low,Operator,Operations Team,Operator
INC-01172,2025-02-23 04:30:00,OVER_GENERATION_INCIDENT,Low,Operator,Operations Team,Operator
INC-01173,2025-02-23 05:00:00,OVER_GENERATION_INCIDENT,Low,Operator,Operations Team,Operator
INC-01174,2025-02-23 05:30:00,OVER_GENERATION_INCIDENT,Low,Operator,Operations Team,Operator
INC-01175,2025-02-23 08:30:00,CURTAILMENT_RISK_INCIDENT,Medium,Supervisor,Operations Supervisor,Operator → Supervisor
INC-01176,2025-02-23 09:00:00,CURTAILMENT_RISK_INCIDENT,Medium,Supervisor,Operations Supervisor,Operator → Supervisor
INC-01177,2025-02-23 09:30:00,CURTAILMENT_RISK_INCIDENT,Medium,Supervisor,Operations Supervisor,Operator → Supervisor
INC-01178,2025-02-23 10:00:00,CURTAILMENT_RISK_INCIDENT,Medium,Supervisor,Operations Supervisor,Operator → Supervisor
INC-01179,2025-02-23 10:30:00,CURTAILMENT_RISK_INCIDENT,Medium,Supervisor,Operations Supervisor,Operator → Supervisor
INC-01180,2025-02-23 11:00:00,CURTAILMENT_RISK_INCIDENT,Medium,Supervisor,Operations Supervisor,Operator → Supervisor
INC-01181,2025-02-23 11:30:00,CURTAILMENT_RISK_INCIDENT,Medium,Supervisor,Operations Supervisor,Operator → Supervisor
INC-01182,2025-02-23 12:00:00,CURTAILMENT_RISK_INCIDENT,Medium,Supervisor,Operations Supervisor,Operator → Supervisor
INC-01183,2025-02-23 12:30:00,CURTAILMENT_RISK_INCIDENT,Medium,Supervisor,Operations Supervisor,Operator → Supervisor
INC-01184,2025-02-23 13:00:00,CURTAILMENT_RISK_INCIDENT,Medium,Supervisor,Operations Supervisor,Operator → Supervisor
INC-01185,2025-02-23 13:30:00,CURTAILMENT_RISK_INCIDENT,Medium,Supervisor,Operations Supervisor,Operator → Supervisor
INC-01186,2025-02-23 14:00:00,CURTAILMENT_RISK_INCIDENT,Medium,Supervisor,Operations Supervisor,Operator → Supervisor
INC-01187,2025-02-23 14:30:00,CURTAILMENT_RISK_INCIDENT,Medium,Supervisor,Operations Supervisor,Operator → Supervisor
INC-01188,2025-02-23 15:00:00,CURTAILMENT_RISK_INCIDENT,Medium,Supervisor,Operations Supervisor,Operator → Supervisor
INC-01189,2025-02-23 15:30:00,CURTAILMENT_RISK_INCIDENT,Medium,Supervisor,Operations Supervisor,Operator → Supervisor
INC-01190,2025-02-23 16:00:00,CURTAILMENT_RISK_INCIDENT,Medium,Supervisor,Operations Supervisor,Operator → Supervisor
INC-01191,2025-02-23 16:30:00,CURTAILMENT_RISK_INCIDENT,Medium,Supervisor,Operations Supervisor,Operator → Supervisor
INC-01192,2025-02-23 17:00:00,CURTAILMENT_RISK_INCIDENT,Medium,Supervisor,Operations Supervisor,Operator → Supervisor
INC-01193,2025-02-23 17:30:00,CURTAILMENT_RISK_INCIDENT,Medium,Supervisor,Operations Supervisor,Operator → Supervisor
INC-01194,2025-02-23 18:00:00,CURTAILMENT_RISK_INCIDENT,Medium,Supervisor,Operations Supervisor,Operator → Supervisor
INC-01195,2025-02-23 18:30:00,CURTAILMENT_RISK_INCIDENT,Medium,Supervisor,Operations Supervisor,Operator → Supervisor
INC-01196,2025-02-23 19:00:00,CURTAILMENT_RISK_INCIDENT,Medium,Supervisor,Operations Supervisor,Operator → Supervisor
INC-01197,2025-02-23 19:30:00,CURTAILMENT_RISK_INCIDENT,Medium,Supervisor,Operations Supervisor,Operator → Supervisor
INC-01198,2025-02-23 20:00:00,CURTAILMENT_RISK_INCIDENT,Medium,Supervisor,Operations Supervisor,Operator → Supervisor
INC-01199,2025-02-23 20:30:00,CURTAILMENT_RISK_INCIDENT,Medium,Supervisor,Operations Supervisor,Operator → Supervisor
INC-01200,2025-02-23 21:00:00,CURTAILMENT_RISK_INCIDENT,Medium,Supervisor,Operations Supervisor,Operator → Supervisor
INC-01201,2025-02-23 21:30:00,CURTAILMENT_RISK_INCIDENT,Medium,Supervisor,Operations Supervisor,Operator → Supervisor
INC-01202,2025-02-23 22:00:00,CURTAILMENT_RISK_INCIDENT,Medium,Supervisor,Operations Supervisor,Operator → Supervisor
INC-01203,2025-02-23 23:30:00,CURTAILMENT_RISK_INCIDENT,Medium,Supervisor,Operations Supervisor,Operator → Supervisor
INC-01204,2025-02-24 00:00:00,CURTAILMENT_RISK_INCIDENT,Medium,Supervisor,Operations Supervisor,Operator → Supervisor
INC-01205,2025-02-24 00:30:00,CURTAILMENT_RISK_INCIDENT,Medium,Supervisor,Operations Supervisor,Operator → Supervisor
INC-01206,2025-02-24 01:00:00,CURTAILMENT_RISK_INCIDENT,Medium,Supervisor,Operations Supervisor,Operator → Supervisor
INC-01207,2025-02-24 01:30:00,CURTAILMENT_RISK_INCIDENT,Medium,Supervisor,Operations Supervisor,Operator → Supervisor
INC-01208,2025-02-24 02:00:00,CURTAILMENT_RISK_INCIDENT,Medium,Supervisor,Operations Supervisor,Operator → Supervisor
INC-01209,2025-02-24 09:30:00,CURTAILMENT_RISK_INCIDENT,Medium,Supervisor,Operations Supervisor,Operator → Supervisor
INC-01210,2025-02-24 10:00:00,CURTAILMENT_RISK_INCIDENT,Medium,Supervisor,Operations Supervisor,Operator → Supervisor
INC-01211,2025-02-24 10:30:00,CURTAILMENT_RISK_INCIDENT,Medium,Supervisor,Operations Supervisor,Operator → Supervisor
INC-01212,2025-02-24 11:00:00,CURTAILMENT_RISK_INCIDENT,Medium,Supervisor,Operations Supervisor,Operator → Supervisor
INC-01213,2025-02-24 11:30:00,CURTAILMENT_RISK_INCIDENT,Medium,Supervisor,Operations Supervisor,Operator → Supervisor
INC-01214,2025-02-24 12:00:00,CURTAILMENT_RISK_INCIDENT,Medium,Supervisor,Operations Supervisor,Operator → Supervisor
INC-01215,2025-02-24 12:30:00,CURTAILMENT_RISK_INCIDENT,Medium,Supervisor,Operations Supervisor,Operator → Supervisor
INC-01216,2025-02-24 13:00:00,CURTAILMENT_RISK_INCIDENT,Medium,Supervisor,Operations Supervisor,Operator → Supervisor
INC-01217,2025-02-24 13:30:00,CURTAILMENT_RISK_INCIDENT,Medium,Supervisor,Operations Supervisor,Operator → Supervisor
INC-01218,2025-02-24 14:00:00,CURTAILMENT_RISK_INCIDENT,Medium,Supervisor,Operations Supervisor,Operator → Supervisor
INC-01219,2025-02-24 14:30:00,CURTAILMENT_RISK_INCIDENT,Medium,Supervisor,Operations Supervisor,Operator → Supervisor
INC-01220,2025-02-24 15:00:00,CURTAILMENT_RISK_INCIDENT,Medium,Supervisor,Operations Supervisor,Operator → Supervisor
INC-01221,2025-02-26 16:30:00,SUSTAINABILITY_INCIDENT,Medium,Supervisor,Operations Supervisor,Operator → Supervisor
INC-01222,2025-02-26 17:00:00,SUSTAINABILITY_INCIDENT,Medium,Supervisor,Operations Supervisor,Operator → Supervisor
INC-01223,2025-02-26 17:00:00,PEAK_LOAD_EMISSIONS_INCIDENT,High,Regional Controller,Regional Leadership,Operator → Supervisor → Regional Controller
INC-01224,2025-02-26 17:30:00,SUSTAINABILITY_INCIDENT,Medium,Supervisor,Operations Supervisor,Operator → Supervisor
INC-01225,2025-02-26 17:30:00,PEAK_LOAD_EMISSIONS_INCIDENT,High,Regional Controller,Regional Leadership,Operator → Supervisor → Regional Controller
INC-01226,2025-02-26 18:00:00,SUSTAINABILITY_INCIDENT,Medium,Supervisor,Operations Supervisor,Operator → Supervisor
INC-01227,2025-02-26 18:00:00,PEAK_LOAD_EMISSIONS_INCIDENT,High,Regional Controller,Regional Leadership,Operator → Supervisor → Regional Controller
INC-01228,2025-02-26 18:30:00,SUSTAINABILITY_INCIDENT,Medium,Supervisor,Operations Supervisor,Operator → Supervisor
INC-01229,2025-02-26 18:30:00,PEAK_LOAD_EMISSIONS_INCIDENT,High,Regional Controller,Regional Leadership,Operator → Supervisor → Regional Controller
INC-01230,2025-02-26 19:00:00,SUSTAINABILITY_INCIDENT,Medium,Supervisor,Operations Supervisor,Operator → Supervisor
INC-01231,2025-02-26 19:00:00,PEAK_LOAD_EMISSIONS_INCIDENT,High,Regional Controller,Regional Leadership,Operator → Supervisor → Regional Controller
INC-01232,2025-02-26 19:30:00,SUSTAINABILITY_INCIDENT,Medium,Supervisor,Operations Supervisor,Operator → Supervisor
INC-01233,2025-02-26 19:30:00,PEAK_LOAD_EMISSIONS_INCIDENT,High,Regional Controller,Regional Leadership,Operator → Supervisor → Regional Controller
INC-01234,2025-02-26 20:00:00,SUSTAINABILITY_INCIDENT,Medium,Supervisor,Operations Supervisor,Operator → Supervisor
INC-01235,2025-02-27 17:30:00,PEAK_LOAD_EMISSIONS_INCIDENT,High,Regional Controller,Regional Leadership,Operator → Supervisor → Regional Controller
INC-01236,2025-02-27 18:00:00,PEAK_LOAD_EMISSIONS_INCIDENT,High,Regional Controller,Regional Leadership,Operator → Supervisor → Regional Controller
INC-01237,2025-02-27 18:30:00,PEAK_LOAD_EMISSIONS_INCIDENT,High,Regional Controller,Regional Leadership,Operator → Supervisor → Regional Controller
INC-01238,2025-02-27 19:00:00,PEAK_LOAD_EMISSIONS_INCIDENT,High,Regional Controller,Regional Leadership,Operator → Supervisor → Regional Controller
INC-01239,2025-02-27 19:30:00,PEAK_LOAD_EMISSIONS_INCIDENT,High,Regional Controller,Regional Leadership,Operator → Supervisor → Regional Controller
INC-01240,2025-02-27 21:00:00,SUSTAINABILITY_INCIDENT,Medium,Supervisor,Operations Supervisor,Operator → Supervisor
INC-01241,2025-02-27 21:30:00,SUSTAINABILITY_INCIDENT,Medium,Supervisor,Operations Supervisor,Operator → Supervisor
INC-01242,2025-02-27 22:00:00,SUSTAINABILITY_INCIDENT,Medium,Supervisor,Operations Supervisor,Operator → Supervisor
INC-01243,2025-02-27 22:30:00,SUSTAINABILITY_INCIDENT,Medium,Supervisor,Operations Supervisor,Operator → Supervisor
INC-01244,2025-02-27 23:00:00,SUSTAINABILITY_INCIDENT,Medium,Supervisor,Operations Supervisor,Operator → Supervisor
INC-01245,2025-02-27 23:30:00,SUSTAINABILITY_INCIDENT,Medium,Supervisor,Operations Supervisor,Operator → Supervisor
INC-01246,2025-02-28 00:00:00,SUSTAINABILITY_INCIDENT,Medium,Supervisor,Operations Supervisor,Operator → Supervisor
INC-01247,2025-02-28 00:30:00,SUSTAINABILITY_INCIDENT,Medium,Supervisor,Operations Supervisor,Operator → Supervisor
INC-01248,2025-02-28 01:00:00,SUSTAINABILITY_INCIDENT,Medium,Supervisor,Operations Supervisor,Operator → Supervisor
INC-01249,2025-02-28 01:30:00,SUSTAINABILITY_INCIDENT,Medium,Supervisor,Operations Supervisor,Operator → Supervisor
INC-01250,2025-02-28 03:00:00,SUSTAINABILITY_INCIDENT,Medium,Supervisor,Operations Supervisor,Operator → Supervisor
INC-01251,2025-02-28 03:30:00,SUSTAINABILITY_INCIDENT,Medium,Supervisor,Operations Supervisor,Operator → Supervisor
INC-01252,2025-02-28 04:00:00,SUSTAINABILITY_INCIDENT,Medium,Supervisor,Operations Supervisor,Operator → Supervisor
INC-01253,2025-02-28 04:30:00,SUSTAINABILITY_INCIDENT,Medium,Supervisor,Operations Supervisor,Operator → Supervisor
INC-01254,2025-02-28 05:00:00,SUSTAINABILITY_INCIDENT,Medium,Supervisor,Operations Supervisor,Operator → Supervisor
INC-01255,2025-02-28 05:30:00,SUSTAINABILITY_INCIDENT,Medium,Supervisor,Operations Supervisor,Operator → Supervisor
INC-01256,2025-02-28 06:00:00,SUSTAINABILITY_INCIDENT,Medium,Supervisor,Operations Supervisor,Operator → Supervisor
INC-01257,2025-02-28 06:30:00,SUSTAINABILITY_INCIDENT,Medium,Supervisor,Operations Supervisor,Operator → Supervisor
INC-01258,2025-02-28 07:00:00,SUSTAINABILITY_INCIDENT,Medium,Supervisor,Operations Supervisor,Operator → Supervisor
INC-01259,2025-02-28 07:30:00,SUSTAINABILITY_INCIDENT,Medium,Supervisor,Operations Supervisor,Operator → Supervisor
INC-01260,2025-02-28 08:00:00,SUSTAINABILITY_INCIDENT,Medium,Supervisor,Operations Supervisor,Operator → Supervisor
INC-01261,2025-02-28 16:30:00,SUSTAINABILITY_INCIDENT,Medium,Supervisor,Operations Supervisor,Operator → Supervisor
INC-01262,2025-02-28 17:00:00,SUSTAINABILITY_INCIDENT,Medium,Supervisor,Operations Supervisor,Operator → Supervisor
INC-01263,2025-02-28 17:30:00,SUSTAINABILITY_INCIDENT,Medium,Supervisor,Operations Supervisor,Operator → Supervisor
INC-01264,2025-02-28 18:00:00,SUSTAINABILITY_INCIDENT,Medium,Supervisor,Operations Supervisor,Operator → Supervisor
INC-01265,2025-02-28 18:00:00,PEAK_LOAD_EMISSIONS_INCIDENT,High,Regional Controller,Regional Leadership,Operator → Supervisor → Regional Controller
INC-01266,2025-02-28 18:30:00,SUSTAINABILITY_INCIDENT,Medium,Supervisor,Operations Supervisor,Operator → Supervisor
INC-01267,2025-02-28 18:30:00,PEAK_LOAD_EMISSIONS_INCIDENT,High,Regional Controller,Regional Leadership,Operator → Supervisor → Regional Controller
INC-01268,2025-02-28 19:00:00,SUSTAINABILITY_INCIDENT,Medium,Supervisor,Operations Supervisor,Operator → Supervisor
INC-01269,2025-02-28 19:30:00,SUSTAINABILITY_INCIDENT,Medium,Supervisor,Operations Supervisor,Operator → Supervisor
INC-01270,2025-02-28 20:00:00,SUSTAINABILITY_INCIDENT,Medium,Supervisor,Operations Supervisor,Operator → Supervisor
INC-01271,2025-02-28 20:30:00,SUSTAINABILITY_INCIDENT,Medium,Supervisor,Operations Supervisor,Operator → Supervisor
INC-01272,2025-02-28 21:00:00,SUSTAINABILITY_INCIDENT,Medium,Supervisor,Operations Supervisor,Operator → Supervisor
INC-01273,2025-02-28 21:30:00,SUSTAINABILITY_INCIDENT,Medium,Supervisor,Operations Supervisor,Operator → Supervisor
INC-01274,2025-02-28 22:00:00,SUSTAINABILITY_INCIDENT,Medium,Supervisor,Operations Supervisor,Operator → Supervisor
INC-01275,2025-03-01 17:30:00,SUSTAINABILITY_INCIDENT,Medium,Supervisor,Operations Supervisor,Operator → Supervisor
INC-01276,2025-03-01 18:00:00,SUSTAINABILITY_INCIDENT,Medium,Supervisor,Operations Supervisor,Operator → Supervisor
INC-01277,2025-03-01 18:30:00,SUSTAINABILITY_INCIDENT,Medium,Supervisor,Operations Supervisor,Operator → Supervisor
INC-01278,2025-03-01 19:00:00,SUSTAINABILITY_INCIDENT,Medium,Supervisor,Operations Supervisor,Operator → Supervisor
INC-01279,2025-03-01 19:30:00,SUSTAINABILITY_INCIDENT,Medium,Supervisor,Operations Supervisor,Operator → Supervisor
INC-01280,2025-03-01 20:00:00,SUSTAINABILITY_INCIDENT,Medium,Supervisor,Operations Supervisor,Operator → Supervisor
INC-01281,2025-03-01 20:30:00,SUSTAINABILITY_INCIDENT,Medium,Supervisor,Operations Supervisor,Operator → Supervisor
INC-01282,2025-03-01 21:00:00,SUSTAINABILITY_INCIDENT,Medium,Supervisor,Operations Supervisor,Operator → Supervisor
INC-01283,2025-03-03 17:30:00,PEAK_LOAD_EMISSIONS_INCIDENT,High,Regional Controller,Regional Leadership,Operator → Supervisor → Regional Controller
INC-01284,2025-03-03 18:00:00,PEAK_LOAD_EMISSIONS_INCIDENT,High,Regional Controller,Regional Leadership,Operator → Supervisor → Regional Controller
INC-01285,2025-03-03 18:30:00,PEAK_LOAD_EMISSIONS_INCIDENT,High,Regional Controller,Regional Leadership,Operator → Supervisor → Regional Controller
INC-01286,2025-03-03 19:00:00,PEAK_LOAD_EMISSIONS_INCIDENT,High,Regional Controller,Regional Leadership,Operator → Supervisor → Regional Controller
INC-01287,2025-03-03 19:30:00,PEAK_LOAD_EMISSIONS_INCIDENT,High,Regional Controller,Regional Leadership,Operator → Supervisor → Regional Controller
INC-01288,2025-03-04 10:30:00,CURTAILMENT_RISK_INCIDENT,Medium,Supervisor,Operations Supervisor,Operator → Supervisor
INC-01289,2025-03-04 11:00:00,CURTAILMENT_RISK_INCIDENT,Medium,Supervisor,Operations Supervisor,Operator → Supervisor
INC-01290,2025-03-04 11:30:00,CURTAILMENT_RISK_INCIDENT,Medium,Supervisor,Operations Supervisor,Operator → Supervisor
INC-01291,2025-03-04 12:00:00,CURTAILMENT_RISK_INCIDENT,Medium,Supervisor,Operations Supervisor,Operator → Supervisor
INC-01292,2025-03-04 12:30:00,CURTAILMENT_RISK_INCIDENT,Medium,Supervisor,Operations Supervisor,Operator → Supervisor
INC-01293,2025-03-04 13:00:00,CURTAILMENT_RISK_INCIDENT,Medium,Supervisor,Operations Supervisor,Operator → Supervisor
INC-01294,2025-03-04 13:30:00,CURTAILMENT_RISK_INCIDENT,Medium,Supervisor,Operations Supervisor,Operator → Supervisor
INC-01295,2025-03-04 14:00:00,CURTAILMENT_RISK_INCIDENT,Medium,Supervisor,Operations Supervisor,Operator → Supervisor
INC-01296,2025-03-04 14:30:00,CURTAILMENT_RISK_INCIDENT,Medium,Supervisor,Operations Supervisor,Operator → Supervisor
INC-01297,2025-03-04 15:00:00,CURTAILMENT_RISK_INCIDENT,Medium,Supervisor,Operations Supervisor,Operator → Supervisor
INC-01298,2025-03-05 09:00:00,CURTAILMENT_RISK_INCIDENT,Medium,Supervisor,Operations Supervisor,Operator → Supervisor
INC-01299,2025-03-05 09:30:00,CURTAILMENT_RISK_INCIDENT,Medium,Supervisor,Operations Supervisor,Operator → Supervisor
INC-01300,2025-03-05 10:00:00,CURTAILMENT_RISK_INCIDENT,Medium,Supervisor,Operations Supervisor,Operator → Supervisor
INC-01301,2025-03-05 10:30:00,CURTAILMENT_RISK_INCIDENT,Medium,Supervisor,Operations Supervisor,Operator → Supervisor
INC-01302,2025-03-05 11:00:00,CURTAILMENT_RISK_INCIDENT,Medium,Supervisor,Operations Supervisor,Operator → Supervisor
INC-01303,2025-03-05 11:30:00,CURTAILMENT_RISK_INCIDENT,Medium,Supervisor,Operations Supervisor,Operator → Supervisor
INC-01304,2025-03-05 12:00:00,CURTAILMENT_RISK_INCIDENT,Medium,Supervisor,Operations Supervisor,Operator → Supervisor
INC-01305,2025-03-05 12:30:00,CURTAILMENT_RISK_INCIDENT,Medium,Supervisor,Operations Supervisor,Operator → Supervisor
INC-01306,2025-03-05 13:00:00,CURTAILMENT_RISK_INCIDENT,Medium,Supervisor,Operations Supervisor,Operator → Supervisor
INC-01307,2025-03-05 13:30:00,CURTAILMENT_RISK_INCIDENT,Medium,Supervisor,Operations Supervisor,Operator → Supervisor
INC-01308,2025-03-05 14:00:00,CURTAILMENT_RISK_INCIDENT,Medium,Supervisor,Operations Supervisor,Operator → Supervisor
INC-01309,2025-03-05 14:30:00,CURTAILMENT_RISK_INCIDENT,Medium,Supervisor,Operations Supervisor,Operator → Supervisor
INC-01310,2025-03-05 15:00:00,CURTAILMENT_RISK_INCIDENT,Medium,Supervisor,Operations Supervisor,Operator → Supervisor
INC-01311,2025-03-05 15:30:00,CURTAILMENT_RISK_INCIDENT,Medium,Supervisor,Operations Supervisor,Operator → Supervisor
INC-01312,2025-03-06 10:00:00,CURTAILMENT_RISK_INCIDENT,Medium,Supervisor,Operations Supervisor,Operator → Supervisor
INC-01313,2025-03-06 10:30:00,CURTAILMENT_RISK_INCIDENT,Medium,Supervisor,Operations Supervisor,Operator → Supervisor
INC-01314,2025-03-06 11:00:00,CURTAILMENT_RISK_INCIDENT,Medium,Supervisor,Operations Supervisor,Operator → Supervisor
INC-01315,2025-03-06 11:30:00,CURTAILMENT_RISK_INCIDENT,Medium,Supervisor,Operations Supervisor,Operator → Supervisor
INC-01316,2025-03-06 12:00:00,CURTAILMENT_RISK_INCIDENT,Medium,Supervisor,Operations Supervisor,Operator → Supervisor
INC-01317,2025-03-06 12:30:00,CURTAILMENT_RISK_INCIDENT,Medium,Supervisor,Operations Supervisor,Operator → Supervisor
INC-01318,2025-03-06 13:00:00,CURTAILMENT_RISK_INCIDENT,Medium,Supervisor,Operations Supervisor,Operator → Supervisor
INC-01319,2025-03-06 13:30:00,CURTAILMENT_RISK_INCIDENT,Medium,Supervisor,Operations Supervisor,Operator → Supervisor
INC-01320,2025-03-06 14:00:00,CURTAILMENT_RISK_INCIDENT,Medium,Supervisor,Operations Supervisor,Operator → Supervisor
INC-01321,2025-03-06 14:30:00,CURTAILMENT_RISK_INCIDENT,Medium,Supervisor,Operations Supervisor,Operator → Supervisor
INC-01322,2025-03-06 15:00:00,CURTAILMENT_RISK_INCIDENT,Medium,Supervisor,Operations Supervisor,Operator → Supervisor
INC-01323,2025-03-07 17:00:00,OPERATIONAL_RISK_INCIDENT,High,Regional Controller,Regional Leadership,Operator → Supervisor → Regional Controller
INC-01324,2025-03-09 16:30:00,SUSTAINABILITY_INCIDENT,Medium,Supervisor,Operations Supervisor,Operator → Supervisor
INC-01325,2025-03-09 17:00:00,SUSTAINABILITY_INCIDENT,Medium,Supervisor,Operations Supervisor,Operator → Supervisor
INC-01326,2025-03-09 17:30:00,SUSTAINABILITY_INCIDENT,Medium,Supervisor,Operations Supervisor,Operator → Supervisor
INC-01327,2025-03-09 18:00:00,SUSTAINABILITY_INCIDENT,Medium,Supervisor,Operations Supervisor,Operator → Supervisor
INC-01328,2025-03-09 18:30:00,SUSTAINABILITY_INCIDENT,Medium,Supervisor,Operations Supervisor,Operator → Supervisor
INC-01329,2025-03-09 19:00:00,SUSTAINABILITY_INCIDENT,Medium,Supervisor,Operations Supervisor,Operator → Supervisor
INC-01330,2025-03-09 19:30:00,SUSTAINABILITY_INCIDENT,Medium,Supervisor,Operations Supervisor,Operator → Supervisor
INC-01331,2025-03-09 20:00:00,SUSTAINABILITY_INCIDENT,Medium,Supervisor,Operations Supervisor,Operator → Supervisor
INC-01332,2025-03-09 20:30:00,SUSTAINABILITY_INCIDENT,Medium,Supervisor,Operations Supervisor,Operator → Supervisor
INC-01333,2025-03-09 20:30:00,OPERATIONAL_RISK_INCIDENT,High,Regional Controller,Regional Leadership,Operator → Supervisor → Regional Controller
INC-01334,2025-03-09 21:00:00,SUSTAINABILITY_INCIDENT,Medium,Supervisor,Operations Supervisor,Operator → Supervisor
INC-01335,2025-03-09 21:30:00,SUSTAINABILITY_INCIDENT,Medium,Supervisor,Operations Supervisor,Operator → Supervisor
INC-01336,2025-03-09 21:30:00,OPERATIONAL_RISK_INCIDENT,High,Regional Controller,Regional Leadership,Operator → Supervisor → Regional Controller
INC-01337,2025-03-09 22:00:00,SUSTAINABILITY_INCIDENT,Medium,Supervisor,Operations Supervisor,Operator → Supervisor
INC-01338,2025-03-09 22:00:00,OPERATIONAL_RISK_INCIDENT,High,Regional Controller,Regional Leadership,Operator → Supervisor → Regional Controller
INC-01339,2025-03-12 18:00:00,PEAK_LOAD_EMISSIONS_INCIDENT,High,Regional Controller,Regional Leadership,Operator → Supervisor → Regional Controller
INC-01340,2025-03-12 18:30:00,PEAK_LOAD_EMISSIONS_INCIDENT,High,Regional Controller,Regional Leadership,Operator → Supervisor → Regional Controller
INC-01341,2025-03-12 19:00:00,PEAK_LOAD_EMISSIONS_INCIDENT,High,Regional Controller,Regional Leadership,Operator → Supervisor → Regional Controller
INC-01342,2025-03-13 15:00:00,SUSTAINABILITY_INCIDENT,Medium,Supervisor,Operations Supervisor,Operator → Supervisor
INC-01343,2025-03-13 15:30:00,SUSTAINABILITY_INCIDENT,Medium,Supervisor,Operations Supervisor,Operator → Supervisor
INC-01344,2025-03-13 16:00:00,SUSTAINABILITY_INCIDENT,Medium,Supervisor,Operations Supervisor,Operator → Supervisor
INC-01345,2025-03-13 16:30:00,SUSTAINABILITY_INCIDENT,Medium,Supervisor,Operations Supervisor,Operator → Supervisor
INC-01346,2025-03-13 17:00:00,SUSTAINABILITY_INCIDENT,Medium,Supervisor,Operations Supervisor,Operator → Supervisor
INC-01347,2025-03-13 17:30:00,SUSTAINABILITY_INCIDENT,Medium,Supervisor,Operations Supervisor,Operator → Supervisor
INC-01348,2025-03-13 17:30:00,PEAK_LOAD_EMISSIONS_INCIDENT,High,Regional Controller,Regional Leadership,Operator → Supervisor → Regional Controller
INC-01349,2025-03-13 18:00:00,SUSTAINABILITY_INCIDENT,Medium,Supervisor,Operations Supervisor,Operator → Supervisor
INC-01350,2025-03-13 18:00:00,PEAK_LOAD_EMISSIONS_INCIDENT,High,Regional Controller,Regional Leadership,Operator → Supervisor → Regional Controller
INC-01351,2025-03-13 18:30:00,SUSTAINABILITY_INCIDENT,Medium,Supervisor,Operations Supervisor,Operator → Supervisor
INC-01352,2025-03-13 18:30:00,PEAK_LOAD_EMISSIONS_INCIDENT,High,Regional Controller,Regional Leadership,Operator → Supervisor → Regional Controller
INC-01353,2025-03-13 19:00:00,SUSTAINABILITY_INCIDENT,Medium,Supervisor,Operations Supervisor,Operator → Supervisor
INC-01354,2025-03-13 19:00:00,PEAK_LOAD_EMISSIONS_INCIDENT,High,Regional Controller,Regional Leadership,Operator → Supervisor → Regional Controller
INC-01355,2025-03-13 19:30:00,SUSTAINABILITY_INCIDENT,Medium,Supervisor,Operations Supervisor,Operator → Supervisor
INC-01356,2025-03-13 19:30:00,PEAK_LOAD_EMISSIONS_INCIDENT,High,Regional Controller,Regional Leadership,Operator → Supervisor → Regional Controller
INC-01357,2025-03-13 20:00:00,SUSTAINABILITY_INCIDENT,Medium,Supervisor,Operations Supervisor,Operator → Supervisor
INC-01358,2025-03-13 20:30:00,SUSTAINABILITY_INCIDENT,Medium,Supervisor,Operations Supervisor,Operator → Supervisor
INC-01359,2025-03-13 21:00:00,SUSTAINABILITY_INCIDENT,Medium,Supervisor,Operations Supervisor,Operator → Supervisor
INC-01360,2025-03-13 21:30:00,SUSTAINABILITY_INCIDENT,Medium,Supervisor,Operations Supervisor,Operator → Supervisor
INC-01361,2025-03-13 22:00:00,SUSTAINABILITY_INCIDENT,Medium,Supervisor,Operations Supervisor,Operator → Supervisor
INC-01362,2025-03-13 22:30:00,SUSTAINABILITY_INCIDENT,Medium,Supervisor,Operations Supervisor,Operator → Supervisor
INC-01363,2025-03-13 23:00:00,SUSTAINABILITY_INCIDENT,Medium,Supervisor,Operations Supervisor,Operator → Supervisor
INC-01364,2025-03-13 23:30:00,SUSTAINABILITY_INCIDENT,Medium,Supervisor,Operations Supervisor,Operator → Supervisor
INC-01365,2025-03-14 00:00:00,SUSTAINABILITY_INCIDENT,Medium,Supervisor,Operations Supervisor,Operator → Supervisor
INC-01366,2025-03-14 00:30:00,SUSTAINABILITY_INCIDENT,Medium,Supervisor,Operations Supervisor,Operator → Supervisor
INC-01367,2025-03-14 01:00:00,SUSTAINABILITY_INCIDENT,Medium,Supervisor,Operations Supervisor,Operator → Supervisor
INC-01368,2025-03-14 01:30:00,SUSTAINABILITY_INCIDENT,Medium,Supervisor,Operations Supervisor,Operator → Supervisor
INC-01369,2025-03-14 02:00:00,SUSTAINABILITY_INCIDENT,Medium,Supervisor,Operations Supervisor,Operator → Supervisor
INC-01370,2025-03-14 02:30:00,SUSTAINABILITY_INCIDENT,Medium,Supervisor,Operations Supervisor,Operator → Supervisor
INC-01371,2025-03-14 03:00:00,SUSTAINABILITY_INCIDENT,Medium,Supervisor,Operations Supervisor,Operator → Supervisor
INC-01372,2025-03-14 03:30:00,SUSTAINABILITY_INCIDENT,Medium,Supervisor,Operations Supervisor,Operator → Supervisor
INC-01373,2025-03-14 04:00:00,SUSTAINABILITY_INCIDENT,Medium,Supervisor,Operations Supervisor,Operator → Supervisor
INC-01374,2025-03-14 04:30:00,SUSTAINABILITY_INCIDENT,Medium,Supervisor,Operations Supervisor,Operator → Supervisor
INC-01375,2025-03-14 05:00:00,SUSTAINABILITY_INCIDENT,Medium,Supervisor,Operations Supervisor,Operator → Supervisor
INC-01376,2025-03-14 05:30:00,SUSTAINABILITY_INCIDENT,Medium,Supervisor,Operations Supervisor,Operator → Supervisor
INC-01377,2025-03-14 06:00:00,SUSTAINABILITY_INCIDENT,Medium,Supervisor,Operations Supervisor,Operator → Supervisor
INC-01378,2025-03-14 06:30:00,SUSTAINABILITY_INCIDENT,Medium,Supervisor,Operations Supervisor,Operator → Supervisor
INC-01379,2025-03-14 07:00:00,SUSTAINABILITY_INCIDENT,Medium,Supervisor,Operations Supervisor,Operator → Supervisor
INC-01380,2025-03-14 07:30:00,SUSTAINABILITY_INCIDENT,Medium,Supervisor,Operations Supervisor,Operator → Supervisor
INC-01381,2025-03-14 08:00:00,SUSTAINABILITY_INCIDENT,Medium,Supervisor,Operations Supervisor,Operator → Supervisor
INC-01382,2025-03-14 10:00:00,OPERATIONAL_RISK_INCIDENT,High,Regional Controller,Regional Leadership,Operator → Supervisor → Regional Controller
INC-01383,2025-03-14 10:30:00,OPERATIONAL_RISK_INCIDENT,High,Regional Controller,Regional Leadership,Operator → Supervisor → Regional Controller
INC-01384,2025-03-14 11:00:00,OPERATIONAL_RISK_INCIDENT,High,Regional Controller,Regional Leadership,Operator → Supervisor → Regional Controller
INC-01385,2025-03-14 11:30:00,OPERATIONAL_RISK_INCIDENT,High,Regional Controller,Regional Leadership,Operator → Supervisor → Regional Controller
INC-01386,2025-03-14 12:00:00,OPERATIONAL_RISK_INCIDENT,High,Regional Controller,Regional Leadership,Operator → Supervisor → Regional Controller
INC-01387,2025-03-14 14:00:00,SUSTAINABILITY_INCIDENT,Medium,Supervisor,Operations Supervisor,Operator → Supervisor
INC-01388,2025-03-14 14:30:00,SUSTAINABILITY_INCIDENT,Medium,Supervisor,Operations Supervisor,Operator → Supervisor
INC-01389,2025-03-14 15:00:00,SUSTAINABILITY_INCIDENT,Medium,Supervisor,Operations Supervisor,Operator → Supervisor
INC-01390,2025-03-14 15:30:00,SUSTAINABILITY_INCIDENT,Medium,Supervisor,Operations Supervisor,Operator → Supervisor
INC-01391,2025-03-14 16:00:00,SUSTAINABILITY_INCIDENT,Medium,Supervisor,Operations Supervisor,Operator → Supervisor
INC-01392,2025-03-14 16:30:00,SUSTAINABILITY_INCIDENT,Medium,Supervisor,Operations Supervisor,Operator → Supervisor
INC-01393,2025-03-14 17:00:00,SUSTAINABILITY_INCIDENT,Medium,Supervisor,Operations Supervisor,Operator → Supervisor
INC-01394,2025-03-14 17:30:00,SUSTAINABILITY_INCIDENT,Medium,Supervisor,Operations Supervisor,Operator → Supervisor
INC-01395,2025-03-14 18:00:00,SUSTAINABILITY_INCIDENT,Medium,Supervisor,Operations Supervisor,Operator → Supervisor
INC-01396,2025-03-14 18:00:00,PEAK_LOAD_EMISSIONS_INCIDENT,High,Regional Controller,Regional Leadership,Operator → Supervisor → Regional Controller
INC-01397,2025-03-14 18:30:00,SUSTAINABILITY_INCIDENT,Medium,Supervisor,Operations Supervisor,Operator → Supervisor
INC-01398,2025-03-14 18:30:00,PEAK_LOAD_EMISSIONS_INCIDENT,High,Regional Controller,Regional Leadership,Operator → Supervisor → Regional Controller
INC-01399,2025-03-14 19:00:00,SUSTAINABILITY_INCIDENT,Medium,Supervisor,Operations Supervisor,Operator → Supervisor
INC-01400,2025-03-14 19:30:00,SUSTAINABILITY_INCIDENT,Medium,Supervisor,Operations Supervisor,Operator → Supervisor
INC-01401,2025-03-14 20:00:00,SUSTAINABILITY_INCIDENT,Medium,Supervisor,Operations Supervisor,Operator → Supervisor
INC-01402,2025-03-14 20:30:00,SUSTAINABILITY_INCIDENT,Medium,Supervisor,Operations Supervisor,Operator → Supervisor
INC-01403,2025-03-14 21:00:00,SUSTAINABILITY_INCIDENT,Medium,Supervisor,Operations Supervisor,Operator → Supervisor
INC-01404,2025-03-14 21:30:00,SUSTAINABILITY_INCIDENT,Medium,Supervisor,Operations Supervisor,Operator → Supervisor
INC-01405,2025-03-14 22:00:00,SUSTAINABILITY_INCIDENT,Medium,Supervisor,Operations Supervisor,Operator → Supervisor
INC-01406,2025-03-14 22:30:00,SUSTAINABILITY_INCIDENT,Medium,Supervisor,Operations Supervisor,Operator → Supervisor
INC-01407,2025-03-17 06:00:00,SUSTAINABILITY_INCIDENT,Medium,Supervisor,Operations Supervisor,Operator → Supervisor
INC-01408,2025-03-17 06:30:00,SUSTAINABILITY_INCIDENT,Medium,Supervisor,Operations Supervisor,Operator → Supervisor
INC-01409,2025-03-17 07:00:00,SUSTAINABILITY_INCIDENT,Medium,Supervisor,Operations Supervisor,Operator → Supervisor
INC-01410,2025-03-17 07:30:00,SUSTAINABILITY_INCIDENT,Medium,Supervisor,Operations Supervisor,Operator → Supervisor
INC-01411,2025-03-17 08:00:00,SUSTAINABILITY_INCIDENT,Medium,Supervisor,Operations Supervisor,Operator → Supervisor
INC-01412,2025-03-17 08:30:00,SUSTAINABILITY_INCIDENT,Medium,Supervisor,Operations Supervisor,Operator → Supervisor
INC-01413,2025-03-18 11:00:00,CURTAILMENT_RISK_INCIDENT,Medium,Supervisor,Operations Supervisor,Operator → Supervisor
INC-01414,2025-03-18 11:30:00,CURTAILMENT_RISK_INCIDENT,Medium,Supervisor,Operations Supervisor,Operator → Supervisor
INC-01415,2025-03-18 12:00:00,CURTAILMENT_RISK_INCIDENT,Medium,Supervisor,Operations Supervisor,Operator → Supervisor
INC-01416,2025-03-18 12:30:00,CURTAILMENT_RISK_INCIDENT,Medium,Supervisor,Operations Supervisor,Operator → Supervisor
INC-01417,2025-03-18 13:00:00,CURTAILMENT_RISK_INCIDENT,Medium,Supervisor,Operations Supervisor,Operator → Supervisor
INC-01418,2025-03-18 13:30:00,CURTAILMENT_RISK_INCIDENT,Medium,Supervisor,Operations Supervisor,Operator → Supervisor
INC-01419,2025-03-18 14:00:00,CURTAILMENT_RISK_INCIDENT,Medium,Supervisor,Operations Supervisor,Operator → Supervisor
INC-01420,2025-03-19 04:30:00,SUSTAINABILITY_INCIDENT,Medium,Supervisor,Operations Supervisor,Operator → Supervisor
INC-01421,2025-03-19 05:00:00,SUSTAINABILITY_INCIDENT,Medium,Supervisor,Operations Supervisor,Operator → Supervisor
INC-01422,2025-03-19 05:30:00,SUSTAINABILITY_INCIDENT,Medium,Supervisor,Operations Supervisor,Operator → Supervisor
INC-01423,2025-03-19 06:00:00,SUSTAINABILITY_INCIDENT,Medium,Supervisor,Operations Supervisor,Operator → Supervisor
INC-01424,2025-03-19 06:30:00,SUSTAINABILITY_INCIDENT,Medium,Supervisor,Operations Supervisor,Operator → Supervisor
INC-01425,2025-03-19 07:00:00,SUSTAINABILITY_INCIDENT,Medium,Supervisor,Operations Supervisor,Operator → Supervisor
INC-01426,2025-03-19 07:30:00,SUSTAINABILITY_INCIDENT,Medium,Supervisor,Operations Supervisor,Operator → Supervisor
INC-01427,2025-03-19 15:00:00,SUSTAINABILITY_INCIDENT,Medium,Supervisor,Operations Supervisor,Operator → Supervisor
INC-01428,2025-03-19 15:30:00,SUSTAINABILITY_INCIDENT,Medium,Supervisor,Operations Supervisor,Operator → Supervisor
INC-01429,2025-03-19 16:00:00,SUSTAINABILITY_INCIDENT,Medium,Supervisor,Operations Supervisor,Operator → Supervisor
INC-01430,2025-03-19 16:30:00,SUSTAINABILITY_INCIDENT,Medium,Supervisor,Operations Supervisor,Operator → Supervisor
INC-01431,2025-03-19 16:30:00,OPERATIONAL_RISK_INCIDENT,High,Regional Controller,Regional Leadership,Operator → Supervisor → Regional Controller
INC-01432,2025-03-19 17:00:00,SUSTAINABILITY_INCIDENT,Medium,Supervisor,Operations Supervisor,Operator → Supervisor
INC-01433,2025-03-19 17:00:00,OPERATIONAL_RISK_INCIDENT,High,Regional Controller,Regional Leadership,Operator → Supervisor → Regional Controller
INC-01434,2025-03-19 17:30:00,SUSTAINABILITY_INCIDENT,Medium,Supervisor,Operations Supervisor,Operator → Supervisor
INC-01435,2025-03-19 17:30:00,OPERATIONAL_RISK_INCIDENT,High,Regional Controller,Regional Leadership,Operator → Supervisor → Regional Controller
INC-01436,2025-03-19 18:00:00,SUSTAINABILITY_INCIDENT,Medium,Supervisor,Operations Supervisor,Operator → Supervisor
INC-01437,2025-03-19 18:30:00,SUSTAINABILITY_INCIDENT,Medium,Supervisor,Operations Supervisor,Operator → Supervisor
INC-01438,2025-03-19 19:00:00,SUSTAINABILITY_INCIDENT,Medium,Supervisor,Operations Supervisor,Operator → Supervisor
INC-01439,2025-03-19 19:30:00,SUSTAINABILITY_INCIDENT,Medium,Supervisor,Operations Supervisor,Operator → Supervisor
INC-01440,2025-03-19 20:00:00,SUSTAINABILITY_INCIDENT,Medium,Supervisor,Operations Supervisor,Operator → Supervisor
INC-01441,2025-03-19 20:30:00,SUSTAINABILITY_INCIDENT,Medium,Supervisor,Operations Supervisor,Operator → Supervisor
INC-01442,2025-03-19 21:00:00,SUSTAINABILITY_INCIDENT,Medium,Supervisor,Operations Supervisor,Operator → Supervisor
INC-01443,2025-03-19 21:30:00,SUSTAINABILITY_INCIDENT,Medium,Supervisor,Operations Supervisor,Operator → Supervisor
INC-01444,2025-03-19 22:00:00,SUSTAINABILITY_INCIDENT,Medium,Supervisor,Operations Supervisor,Operator → Supervisor
INC-01445,2025-03-19 22:30:00,SUSTAINABILITY_INCIDENT,Medium,Supervisor,Operations Supervisor,Operator → Supervisor
INC-01446,2025-03-19 23:00:00,SUSTAINABILITY_INCIDENT,Medium,Supervisor,Operations Supervisor,Operator → Supervisor
INC-01447,2025-03-19 23:30:00,SUSTAINABILITY_INCIDENT,Medium,Supervisor,Operations Supervisor,Operator → Supervisor
INC-01448,2025-03-20 00:00:00,SUSTAINABILITY_INCIDENT,Medium,Supervisor,Operations Supervisor,Operator → Supervisor
INC-01449,2025-03-20 00:30:00,SUSTAINABILITY_INCIDENT,Medium,Supervisor,Operations Supervisor,Operator → Supervisor
INC-01450,2025-03-20 01:00:00,SUSTAINABILITY_INCIDENT,Medium,Supervisor,Operations Supervisor,Operator → Supervisor
INC-01451,2025-03-20 01:30:00,SUSTAINABILITY_INCIDENT,Medium,Supervisor,Operations Supervisor,Operator → Supervisor
INC-01452,2025-03-20 02:00:00,SUSTAINABILITY_INCIDENT,Medium,Supervisor,Operations Supervisor,Operator → Supervisor
INC-01453,2025-03-20 02:30:00,SUSTAINABILITY_INCIDENT,Medium,Supervisor,Operations Supervisor,Operator → Supervisor
INC-01454,2025-03-20 03:00:00,SUSTAINABILITY_INCIDENT,Medium,Supervisor,Operations Supervisor,Operator → Supervisor
INC-01455,2025-03-20 03:30:00,SUSTAINABILITY_INCIDENT,Medium,Supervisor,Operations Supervisor,Operator → Supervisor
INC-01456,2025-03-20 04:00:00,SUSTAINABILITY_INCIDENT,Medium,Supervisor,Operations Supervisor,Operator → Supervisor
INC-01457,2025-03-20 04:30:00,SUSTAINABILITY_INCIDENT,Medium,Supervisor,Operations Supervisor,Operator → Supervisor
INC-01458,2025-03-20 05:00:00,SUSTAINABILITY_INCIDENT,Medium,Supervisor,Operations Supervisor,Operator → Supervisor
INC-01459,2025-03-20 05:30:00,SUSTAINABILITY_INCIDENT,Medium,Supervisor,Operations Supervisor,Operator → Supervisor
INC-01460,2025-03-20 06:00:00,SUSTAINABILITY_INCIDENT,Medium,Supervisor,Operations Supervisor,Operator → Supervisor
INC-01461,2025-03-20 06:30:00,SUSTAINABILITY_INCIDENT,Medium,Supervisor,Operations Supervisor,Operator → Supervisor
INC-01462,2025-03-20 07:00:00,SUSTAINABILITY_INCIDENT,Medium,Supervisor,Operations Supervisor,Operator → Supervisor
INC-01463,2025-03-20 07:30:00,SUSTAINABILITY_INCIDENT,Medium,Supervisor,Operations Supervisor,Operator → Supervisor
INC-01464,2025-03-20 08:00:00,SUSTAINABILITY_INCIDENT,Medium,Supervisor,Operations Supervisor,Operator → Supervisor
INC-01465,2025-03-21 08:30:00,CURTAILMENT_RISK_INCIDENT,Medium,Supervisor,Operations Supervisor,Operator → Supervisor
INC-01466,2025-03-21 09:00:00,CURTAILMENT_RISK_INCIDENT,Medium,Supervisor,Operations Supervisor,Operator → Supervisor
INC-01467,2025-03-21 09:30:00,CURTAILMENT_RISK_INCIDENT,Medium,Supervisor,Operations Supervisor,Operator → Supervisor
INC-01468,2025-03-21 10:00:00,CURTAILMENT_RISK_INCIDENT,Medium,Supervisor,Operations Supervisor,Operator → Supervisor
INC-01469,2025-03-21 10:30:00,CURTAILMENT_RISK_INCIDENT,Medium,Supervisor,Operations Supervisor,Operator → Supervisor
INC-01470,2025-03-21 11:00:00,CURTAILMENT_RISK_INCIDENT,Medium,Supervisor,Operations Supervisor,Operator → Supervisor
INC-01471,2025-03-21 11:30:00,CURTAILMENT_RISK_INCIDENT,Medium,Supervisor,Operations Supervisor,Operator → Supervisor
INC-01472,2025-03-21 12:00:00,CURTAILMENT_RISK_INCIDENT,Medium,Supervisor,Operations Supervisor,Operator → Supervisor
INC-01473,2025-03-21 12:30:00,CURTAILMENT_RISK_INCIDENT,Medium,Supervisor,Operations Supervisor,Operator → Supervisor
INC-01474,2025-03-21 13:00:00,CURTAILMENT_RISK_INCIDENT,Medium,Supervisor,Operations Supervisor,Operator → Supervisor
INC-01475,2025-03-21 13:30:00,CURTAILMENT_RISK_INCIDENT,Medium,Supervisor,Operations Supervisor,Operator → Supervisor
INC-01476,2025-03-21 14:00:00,CURTAILMENT_RISK_INCIDENT,Medium,Supervisor,Operations Supervisor,Operator → Supervisor
INC-01477,2025-03-21 14:30:00,CURTAILMENT_RISK_INCIDENT,Medium,Supervisor,Operations Supervisor,Operator → Supervisor
INC-01478,2025-03-21 15:00:00,CURTAILMENT_RISK_INCIDENT,Medium,Supervisor,Operations Supervisor,Operator → Supervisor
INC-01479,2025-03-21 15:30:00,CURTAILMENT_RISK_INCIDENT,Medium,Supervisor,Operations Supervisor,Operator → Supervisor
INC-01480,2025-03-23 18:00:00,SUSTAINABILITY_INCIDENT,Medium,Supervisor,Operations Supervisor,Operator → Supervisor
INC-01481,2025-03-23 18:30:00,SUSTAINABILITY_INCIDENT,Medium,Supervisor,Operations Supervisor,Operator → Supervisor
INC-01482,2025-03-23 19:00:00,SUSTAINABILITY_INCIDENT,Medium,Supervisor,Operations Supervisor,Operator → Supervisor
INC-01483,2025-03-23 19:30:00,SUSTAINABILITY_INCIDENT,Medium,Supervisor,Operations Supervisor,Operator → Supervisor
INC-01484,2025-03-23 20:00:00,SUSTAINABILITY_INCIDENT,Medium,Supervisor,Operations Supervisor,Operator → Supervisor
INC-01485,2025-03-23 20:30:00,SUSTAINABILITY_INCIDENT,Medium,Supervisor,Operations Supervisor,Operator → Supervisor
INC-01486,2025-03-23 21:00:00,SUSTAINABILITY_INCIDENT,Medium,Supervisor,Operations Supervisor,Operator → Supervisor
INC-01487,2025-03-23 21:30:00,SUSTAINABILITY_INCIDENT,Medium,Supervisor,Operations Supervisor,Operator → Supervisor
INC-01488,2025-03-24 17:30:00,SUSTAINABILITY_INCIDENT,Medium,Supervisor,Operations Supervisor,Operator → Supervisor
INC-01489,2025-03-24 18:00:00,SUSTAINABILITY_INCIDENT,Medium,Supervisor,Operations Supervisor,Operator → Supervisor
INC-01490,2025-03-24 18:30:00,SUSTAINABILITY_INCIDENT,Medium,Supervisor,Operations Supervisor,Operator → Supervisor
INC-01491,2025-03-24 19:00:00,SUSTAINABILITY_INCIDENT,Medium,Supervisor,Operations Supervisor,Operator → Supervisor
INC-01492,2025-03-24 19:30:00,SUSTAINABILITY_INCIDENT,Medium,Supervisor,Operations Supervisor,Operator → Supervisor
INC-01493,2025-03-24 20:00:00,SUSTAINABILITY_INCIDENT,Medium,Supervisor,Operations Supervisor,Operator → Supervisor
INC-01494,2025-03-25 17:30:00,SUSTAINABILITY_INCIDENT,Medium,Supervisor,Operations Supervisor,Operator → Supervisor
INC-01495,2025-03-25 18:00:00,SUSTAINABILITY_INCIDENT,Medium,Supervisor,Operations Supervisor,Operator → Supervisor
INC-01496,2025-03-25 18:30:00,SUSTAINABILITY_INCIDENT,Medium,Supervisor,Operations Supervisor,Operator → Supervisor
INC-01497,2025-03-25 19:00:00,SUSTAINABILITY_INCIDENT,Medium,Supervisor,Operations Supervisor,Operator → Supervisor
INC-01498,2025-03-25 19:30:00,SUSTAINABILITY_INCIDENT,Medium,Supervisor,Operations Supervisor,Operator → Supervisor
INC-01499,2025-03-25 20:00:00,SUSTAINABILITY_INCIDENT,Medium,Supervisor,Operations Supervisor,Operator → Supervisor
INC-01500,2025-03-25 20:30:00,SUSTAINABILITY_INCIDENT,Medium,Supervisor,Operations Supervisor,Operator → Supervisor
INC-01501,2025-03-25 21:00:00,SUSTAINABILITY_INCIDENT,Medium,Supervisor,Operations Supervisor,Operator → Supervisor
INC-01502,2025-03-25 21:30:00,SUSTAINABILITY_INCIDENT,Medium,Supervisor,Operations Supervisor,Operator → Supervisor
INC-01503,2025-03-25 22:00:00,SUSTAINABILITY_INCIDENT,Medium,Supervisor,Operations Supervisor,Operator → Supervisor
INC-01504,2025-03-25 22:30:00,SUSTAINABILITY_INCIDENT,Medium,Supervisor,Operations Supervisor,Operator → Supervisor
INC-01505,2025-03-25 23:00:00,SUSTAINABILITY_INCIDENT,Medium,Supervisor,Operations Supervisor,Operator → Supervisor
INC-01506,2025-03-25 23:30:00,SUSTAINABILITY_INCIDENT,Medium,Supervisor,Operations Supervisor,Operator → Supervisor
INC-01507,2025-03-26 00:00:00,SUSTAINABILITY_INCIDENT,Medium,Supervisor,Operations Supervisor,Operator → Supervisor
INC-01508,2025-03-26 00:30:00,SUSTAINABILITY_INCIDENT,Medium,Supervisor,Operations Supervisor,Operator → Supervisor
INC-01509,2025-03-26 01:00:00,SUSTAINABILITY_INCIDENT,Medium,Supervisor,Operations Supervisor,Operator → Supervisor
INC-01510,2025-03-26 01:30:00,SUSTAINABILITY_INCIDENT,Medium,Supervisor,Operations Supervisor,Operator → Supervisor
INC-01511,2025-03-26 02:00:00,SUSTAINABILITY_INCIDENT,Medium,Supervisor,Operations Supervisor,Operator → Supervisor
INC-01512,2025-03-26 02:30:00,SUSTAINABILITY_INCIDENT,Medium,Supervisor,Operations Supervisor,Operator → Supervisor
INC-01513,2025-03-26 03:00:00,SUSTAINABILITY_INCIDENT,Medium,Supervisor,Operations Supervisor,Operator → Supervisor
INC-01514,2025-03-26 03:30:00,SUSTAINABILITY_INCIDENT,Medium,Supervisor,Operations Supervisor,Operator → Supervisor
INC-01515,2025-03-26 06:30:00,SUSTAINABILITY_INCIDENT,Medium,Supervisor,Operations Supervisor,Operator → Supervisor
INC-01516,2025-03-26 07:00:00,SUSTAINABILITY_INCIDENT,Medium,Supervisor,Operations Supervisor,Operator → Supervisor
INC-01517,2025-03-27 12:00:00,CURTAILMENT_RISK_INCIDENT,Medium,Supervisor,Operations Supervisor,Operator → Supervisor
INC-01518,2025-03-27 12:30:00,CURTAILMENT_RISK_INCIDENT,Medium,Supervisor,Operations Supervisor,Operator → Supervisor
INC-01519,2025-03-27 13:00:00,CURTAILMENT_RISK_INCIDENT,Medium,Supervisor,Operations Supervisor,Operator → Supervisor
INC-01520,2025-03-27 13:30:00,CURTAILMENT_RISK_INCIDENT,Medium,Supervisor,Operations Supervisor,Operator → Supervisor
INC-01521,2025-03-27 14:00:00,CURTAILMENT_RISK_INCIDENT,Medium,Supervisor,Operations Supervisor,Operator → Supervisor
INC-01522,2025-03-27 14:30:00,CURTAILMENT_RISK_INCIDENT,Medium,Supervisor,Operations Supervisor,Operator → Supervisor
INC-01523,2025-03-27 15:00:00,CURTAILMENT_RISK_INCIDENT,Medium,Supervisor,Operations Supervisor,Operator → Supervisor
INC-01524,2025-03-27 15:30:00,CURTAILMENT_RISK_INCIDENT,Medium,Supervisor,Operations Supervisor,Operator → Supervisor
INC-01525,2025-03-28 09:00:00,CURTAILMENT_RISK_INCIDENT,Medium,Supervisor,Operations Supervisor,Operator → Supervisor
INC-01526,2025-03-28 09:30:00,CURTAILMENT_RISK_INCIDENT,Medium,Supervisor,Operations Supervisor,Operator → Supervisor
INC-01527,2025-03-28 10:00:00,CURTAILMENT_RISK_INCIDENT,Medium,Supervisor,Operations Supervisor,Operator → Supervisor
INC-01528,2025-03-28 10:30:00,CURTAILMENT_RISK_INCIDENT,Medium,Supervisor,Operations Supervisor,Operator → Supervisor
INC-01529,2025-03-28 11:00:00,CURTAILMENT_RISK_INCIDENT,Medium,Supervisor,Operations Supervisor,Operator → Supervisor
INC-01530,2025-03-28 11:30:00,CURTAILMENT_RISK_INCIDENT,Medium,Supervisor,Operations Supervisor,Operator → Supervisor
INC-01531,2025-03-28 12:00:00,CURTAILMENT_RISK_INCIDENT,Medium,Supervisor,Operations Supervisor,Operator → Supervisor
INC-01532,2025-03-28 12:30:00,CURTAILMENT_RISK_INCIDENT,Medium,Supervisor,Operations Supervisor,Operator → Supervisor
INC-01533,2025-03-28 13:00:00,CURTAILMENT_RISK_INCIDENT,Medium,Supervisor,Operations Supervisor,Operator → Supervisor
INC-01534,2025-03-28 13:30:00,CURTAILMENT_RISK_INCIDENT,Medium,Supervisor,Operations Supervisor,Operator → Supervisor
INC-01535,2025-03-28 14:00:00,CURTAILMENT_RISK_INCIDENT,Medium,Supervisor,Operations Supervisor,Operator → Supervisor
INC-01536,2025-03-28 14:30:00,CURTAILMENT_RISK_INCIDENT,Medium,Supervisor,Operations Supervisor,Operator → Supervisor
INC-01537,2025-03-28 15:00:00,CURTAILMENT_RISK_INCIDENT,Medium,Supervisor,Operations Supervisor,Operator → Supervisor
INC-01538,2025-03-28 15:30:00,CURTAILMENT_RISK_INCIDENT,Medium,Supervisor,Operations Supervisor,Operator → Supervisor
INC-01539,2025-03-29 11:30:00,CURTAILMENT_RISK_INCIDENT,Medium,Supervisor,Operations Supervisor,Operator → Supervisor
INC-01540,2025-03-29 12:00:00,OVER_GENERATION_INCIDENT,Low,Operator,Operations Team,Operator
INC-01541,2025-03-29 12:00:00,CURTAILMENT_RISK_INCIDENT,Medium,Supervisor,Operations Supervisor,Operator → Supervisor
INC-01542,2025-03-29 12:30:00,OVER_GENERATION_INCIDENT,Low,Operator,Operations Team,Operator
INC-01543,2025-03-29 12:30:00,CURTAILMENT_RISK_INCIDENT,Medium,Supervisor,Operations Supervisor,Operator → Supervisor
INC-01544,2025-03-29 13:00:00,OVER_GENERATION_INCIDENT,Low,Operator,Operations Team,Operator
INC-01545,2025-03-29 13:00:00,CURTAILMENT_RISK_INCIDENT,Medium,Supervisor,Operations Supervisor,Operator → Supervisor
INC-01546,2025-03-29 13:30:00,OVER_GENERATION_INCIDENT,Low,Operator,Operations Team,Operator
INC-01547,2025-03-29 13:30:00,CURTAILMENT_RISK_INCIDENT,Medium,Supervisor,Operations Supervisor,Operator → Supervisor
INC-01548,2025-03-29 14:00:00,OVER_GENERATION_INCIDENT,Low,Operator,Operations Team,Operator
INC-01549,2025-03-29 14:00:00,CURTAILMENT_RISK_INCIDENT,Medium,Supervisor,Operations Supervisor,Operator → Supervisor
INC-01550,2025-03-29 14:30:00,CURTAILMENT_RISK_INCIDENT,Medium,Supervisor,Operations Supervisor,Operator → Supervisor
INC-01551,2025-03-29 15:00:00,CURTAILMENT_RISK_INCIDENT,Medium,Supervisor,Operations Supervisor,Operator → Supervisor
INC-01552,2025-03-29 15:30:00,CURTAILMENT_RISK_INCIDENT,Medium,Supervisor,Operations Supervisor,Operator → Supervisor
INC-01553,2025-03-29 16:00:00,CURTAILMENT_RISK_INCIDENT,Medium,Supervisor,Operations Supervisor,Operator → Supervisor
INC-01554,2025-03-29 16:30:00,CURTAILMENT_RISK_INCIDENT,Medium,Supervisor,Operations Supervisor,Operator → Supervisor
INC-01555,2025-03-29 17:00:00,CURTAILMENT_RISK_INCIDENT,Medium,Supervisor,Operations Supervisor,Operator → Supervisor
INC-01556,2025-03-29 17:30:00,CURTAILMENT_RISK_INCIDENT,Medium,Supervisor,Operations Supervisor,Operator → Supervisor
INC-01557,2025-03-29 18:00:00,CURTAILMENT_RISK_INCIDENT,Medium,Supervisor,Operations Supervisor,Operator → Supervisor
INC-01558,2025-03-29 18:30:00,CURTAILMENT_RISK_INCIDENT,Medium,Supervisor,Operations Supervisor,Operator → Supervisor
INC-01559,2025-03-29 19:00:00,CURTAILMENT_RISK_INCIDENT,Medium,Supervisor,Operations Supervisor,Operator → Supervisor
INC-01560,2025-03-29 19:30:00,CURTAILMENT_RISK_INCIDENT,Medium,Supervisor,Operations Supervisor,Operator → Supervisor
INC-01561,2025-03-29 20:00:00,CURTAILMENT_RISK_INCIDENT,Medium,Supervisor,Operations Supervisor,Operator → Supervisor
INC-01562,2025-03-29 20:30:00,CURTAILMENT_RISK_INCIDENT,Medium,Supervisor,Operations Supervisor,Operator → Supervisor
INC-01563,2025-03-29 21:00:00,CURTAILMENT_RISK_INCIDENT,Medium,Supervisor,Operations Supervisor,Operator → Supervisor
INC-01564,2025-03-29 21:30:00,CURTAILMENT_RISK_INCIDENT,Medium,Supervisor,Operations Supervisor,Operator → Supervisor
INC-01565,2025-03-29 22:00:00,CURTAILMENT_RISK_INCIDENT,Medium,Supervisor,Operations Supervisor,Operator → Supervisor
INC-01566,2025-03-29 22:30:00,CURTAILMENT_RISK_INCIDENT,Medium,Supervisor,Operations Supervisor,Operator → Supervisor
INC-01567,2025-03-29 23:00:00,CURTAILMENT_RISK_INCIDENT,Medium,Supervisor,Operations Supervisor,Operator → Supervisor
INC-01568,2025-03-29 23:30:00,CURTAILMENT_RISK_INCIDENT,Medium,Supervisor,Operations Supervisor,Operator → Supervisor
INC-01569,2025-03-30 00:00:00,CURTAILMENT_RISK_INCIDENT,Medium,Supervisor,Operations Supervisor,Operator → Supervisor
INC-01570,2025-03-30 00:30:00,CURTAILMENT_RISK_INCIDENT,Medium,Supervisor,Operations Supervisor,Operator → Supervisor
INC-01571,2025-03-30 02:00:00,OVER_GENERATION_INCIDENT,Low,Operator,Operations Team,Operator
INC-01572,2025-03-30 02:00:00,CURTAILMENT_RISK_INCIDENT,Medium,Supervisor,Operations Supervisor,Operator → Supervisor
INC-01573,2025-03-30 02:30:00,OVER_GENERATION_INCIDENT,Low,Operator,Operations Team,Operator
INC-01574,2025-03-30 02:30:00,CURTAILMENT_RISK_INCIDENT,Medium,Supervisor,Operations Supervisor,Operator → Supervisor
INC-01575,2025-03-30 03:00:00,OVER_GENERATION_INCIDENT,Low,Operator,Operations Team,Operator
INC-01576,2025-03-30 03:00:00,CURTAILMENT_RISK_INCIDENT,Medium,Supervisor,Operations Supervisor,Operator → Supervisor
INC-01577,2025-03-30 03:30:00,OVER_GENERATION_INCIDENT,Low,Operator,Operations Team,Operator
INC-01578,2025-03-30 03:30:00,CURTAILMENT_RISK_INCIDENT,Medium,Supervisor,Operations Supervisor,Operator → Supervisor
INC-01579,2025-03-30 04:00:00,OVER_GENERATION_INCIDENT,Low,Operator,Operations Team,Operator
INC-01580,2025-03-30 04:00:00,CURTAILMENT_RISK_INCIDENT,Medium,Supervisor,Operations Supervisor,Operator → Supervisor
INC-01581,2025-03-30 04:30:00,OVER_GENERATION_INCIDENT,Low,Operator,Operations Team,Operator
INC-01582,2025-03-30 04:30:00,CURTAILMENT_RISK_INCIDENT,Medium,Supervisor,Operations Supervisor,Operator → Supervisor
INC-01583,2025-03-30 05:00:00,OVER_GENERATION_INCIDENT,Low,Operator,Operations Team,Operator
INC-01584,2025-03-30 05:00:00,CURTAILMENT_RISK_INCIDENT,Medium,Supervisor,Operations Supervisor,Operator → Supervisor
INC-01585,2025-03-30 05:30:00,OVER_GENERATION_INCIDENT,Low,Operator,Operations Team,Operator
INC-01586,2025-03-30 05:30:00,CURTAILMENT_RISK_INCIDENT,Medium,Supervisor,Operations Supervisor,Operator → Supervisor
INC-01587,2025-03-30 06:00:00,OVER_GENERATION_INCIDENT,Low,Operator,Operations Team,Operator
INC-01588,2025-03-30 06:00:00,CURTAILMENT_RISK_INCIDENT,Medium,Supervisor,Operations Supervisor,Operator → Supervisor
INC-01589,2025-03-30 06:30:00,CURTAILMENT_RISK_INCIDENT,Medium,Supervisor,Operations Supervisor,Operator → Supervisor
INC-01590,2025-03-30 07:00:00,CURTAILMENT_RISK_INCIDENT,Medium,Supervisor,Operations Supervisor,Operator → Supervisor
INC-01591,2025-03-30 07:30:00,CURTAILMENT_RISK_INCIDENT,Medium,Supervisor,Operations Supervisor,Operator → Supervisor
INC-01592,2025-03-30 08:00:00,CURTAILMENT_RISK_INCIDENT,Medium,Supervisor,Operations Supervisor,Operator → Supervisor
INC-01593,2025-03-30 08:30:00,OVER_GENERATION_INCIDENT,Low,Operator,Operations Team,Operator
INC-01594,2025-03-30 08:30:00,CURTAILMENT_RISK_INCIDENT,Medium,Supervisor,Operations Supervisor,Operator → Supervisor
INC-01595,2025-03-30 09:00:00,OVER_GENERATION_INCIDENT,Low,Operator,Operations Team,Operator
INC-01596,2025-03-30 09:00:00,CURTAILMENT_RISK_INCIDENT,Medium,Supervisor,Operations Supervisor,Operator → Supervisor
INC-01597,2025-03-30 09:30:00,OVER_GENERATION_INCIDENT,Low,Operator,Operations Team,Operator
INC-01598,2025-03-30 09:30:00,CURTAILMENT_RISK_INCIDENT,Medium,Supervisor,Operations Supervisor,Operator → Supervisor
INC-01599,2025-03-30 10:00:00,OVER_GENERATION_INCIDENT,Low,Operator,Operations Team,Operator
INC-01600,2025-03-30 10:00:00,CURTAILMENT_RISK_INCIDENT,Medium,Supervisor,Operations Supervisor,Operator → Supervisor
INC-01601,2025-03-30 10:30:00,OVER_GENERATION_INCIDENT,Low,Operator,Operations Team,Operator
INC-01602,2025-03-30 10:30:00,CURTAILMENT_RISK_INCIDENT,Medium,Supervisor,Operations Supervisor,Operator → Supervisor
INC-01603,2025-03-30 11:00:00,OVER_GENERATION_INCIDENT,Low,Operator,Operations Team,Operator
INC-01604,2025-03-30 11:00:00,CURTAILMENT_RISK_INCIDENT,Medium,Supervisor,Operations Supervisor,Operator → Supervisor
INC-01605,2025-03-30 11:30:00,OVER_GENERATION_INCIDENT,Low,Operator,Operations Team,Operator
INC-01606,2025-03-30 11:30:00,CURTAILMENT_RISK_INCIDENT,Medium,Supervisor,Operations Supervisor,Operator → Supervisor
INC-01607,2025-03-30 12:00:00,OVER_GENERATION_INCIDENT,Low,Operator,Operations Team,Operator
INC-01608,2025-03-30 12:00:00,CURTAILMENT_RISK_INCIDENT,Medium,Supervisor,Operations Supervisor,Operator → Supervisor
INC-01609,2025-03-30 12:30:00,OVER_GENERATION_INCIDENT,Low,Operator,Operations Team,Operator
INC-01610,2025-03-30 12:30:00,CURTAILMENT_RISK_INCIDENT,Medium,Supervisor,Operations Supervisor,Operator → Supervisor
INC-01611,2025-03-30 13:00:00,OVER_GENERATION_INCIDENT,Low,Operator,Operations Team,Operator
INC-01612,2025-03-30 13:00:00,CURTAILMENT_RISK_INCIDENT,Medium,Supervisor,Operations Supervisor,Operator → Supervisor
INC-01613,2025-03-30 13:30:00,OVER_GENERATION_INCIDENT,Low,Operator,Operations Team,Operator
INC-01614,2025-03-30 13:30:00,CURTAILMENT_RISK_INCIDENT,Medium,Supervisor,Operations Supervisor,Operator → Supervisor
INC-01615,2025-03-30 14:00:00,OVER_GENERATION_INCIDENT,Low,Operator,Operations Team,Operator
INC-01616,2025-03-30 14:00:00,CURTAILMENT_RISK_INCIDENT,Medium,Supervisor,Operations Supervisor,Operator → Supervisor
INC-01617,2025-03-30 14:30:00,OVER_GENERATION_INCIDENT,Low,Operator,Operations Team,Operator
INC-01618,2025-03-30 14:30:00,CURTAILMENT_RISK_INCIDENT,Medium,Supervisor,Operations Supervisor,Operator → Supervisor
INC-01619,2025-03-30 15:00:00,OVER_GENERATION_INCIDENT,Low,Operator,Operations Team,Operator
INC-01620,2025-03-30 15:00:00,CURTAILMENT_RISK_INCIDENT,Medium,Supervisor,Operations Supervisor,Operator → Supervisor
INC-01621,2025-03-31 05:30:00,SUSTAINABILITY_INCIDENT,Medium,Supervisor,Operations Supervisor,Operator → Supervisor
INC-01622,2025-03-31 06:00:00,SUSTAINABILITY_INCIDENT,Medium,Supervisor,Operations Supervisor,Operator → Supervisor
INC-01623,2025-03-31 17:00:00,SUSTAINABILITY_INCIDENT,Medium,Supervisor,Operations Supervisor,Operator → Supervisor
INC-01624,2025-03-31 17:30:00,SUSTAINABILITY_INCIDENT,Medium,Supervisor,Operations Supervisor,Operator → Supervisor
INC-01625,2025-03-31 18:00:00,SUSTAINABILITY_INCIDENT,Medium,Supervisor,Operations Supervisor,Operator → Supervisor
INC-01626,2025-03-31 18:30:00,SUSTAINABILITY_INCIDENT,Medium,Supervisor,Operations Supervisor,Operator → Supervisor
INC-01627,2025-03-31 19:00:00,SUSTAINABILITY_INCIDENT,Medium,Supervisor,Operations Supervisor,Operator → Supervisor
INC-01628,2025-03-31 19:30:00,SUSTAINABILITY_INCIDENT,Medium,Supervisor,Operations Supervisor,Operator → Supervisor
INC-01629,2025-03-31 20:00:00,SUSTAINABILITY_INCIDENT,Medium,Supervisor,Operations Supervisor,Operator → Supervisor
INC-01630,2025-03-31 20:30:00,SUSTAINABILITY_INCIDENT,Medium,Supervisor,Operations Supervisor,Operator → Supervisor
INC-01631,2025-03-31 21:00:00,SUSTAINABILITY_INCIDENT,Medium,Supervisor,Operations Supervisor,Operator → Supervisor
INC-01632,2025-04-01 10:00:00,CURTAILMENT_RISK_INCIDENT,Medium,Supervisor,Operations Supervisor,Operator → Supervisor
INC-01633,2025-04-01 10:30:00,CURTAILMENT_RISK_INCIDENT,Medium,Supervisor,Operations Supervisor,Operator → Supervisor
INC-01634,2025-04-01 11:00:00,CURTAILMENT_RISK_INCIDENT,Medium,Supervisor,Operations Supervisor,Operator → Supervisor
INC-01635,2025-04-01 11:30:00,CURTAILMENT_RISK_INCIDENT,Medium,Supervisor,Operations Supervisor,Operator → Supervisor
INC-01636,2025-04-01 12:00:00,CURTAILMENT_RISK_INCIDENT,Medium,Supervisor,Operations Supervisor,Operator → Supervisor
INC-01637,2025-04-01 12:30:00,CURTAILMENT_RISK_INCIDENT,Medium,Supervisor,Operations Supervisor,Operator → Supervisor
INC-01638,2025-04-01 13:00:00,CURTAILMENT_RISK_INCIDENT,Medium,Supervisor,Operations Supervisor,Operator → Supervisor
INC-01639,2025-04-01 13:30:00,OVER_GENERATION_INCIDENT,Low,Operator,Operations Team,Operator
INC-01640,2025-04-01 13:30:00,CURTAILMENT_RISK_INCIDENT,Medium,Supervisor,Operations Supervisor,Operator → Supervisor
INC-01641,2025-04-01 14:00:00,OVER_GENERATION_INCIDENT,Low,Operator,Operations Team,Operator
INC-01642,2025-04-01 14:00:00,CURTAILMENT_RISK_INCIDENT,Medium,Supervisor,Operations Supervisor,Operator → Supervisor
INC-01643,2025-04-01 14:30:00,OVER_GENERATION_INCIDENT,Low,Operator,Operations Team,Operator
INC-01644,2025-04-01 14:30:00,CURTAILMENT_RISK_INCIDENT,Medium,Supervisor,Operations Supervisor,Operator → Supervisor
INC-01645,2025-04-01 15:00:00,OVER_GENERATION_INCIDENT,Low,Operator,Operations Team,Operator
INC-01646,2025-04-01 15:00:00,CURTAILMENT_RISK_INCIDENT,Medium,Supervisor,Operations Supervisor,Operator → Supervisor
INC-01647,2025-04-01 15:30:00,CURTAILMENT_RISK_INCIDENT,Medium,Supervisor,Operations Supervisor,Operator → Supervisor
INC-01648,2025-04-02 09:00:00,CURTAILMENT_RISK_INCIDENT,Medium,Supervisor,Operations Supervisor,Operator → Supervisor
INC-01649,2025-04-02 09:30:00,CURTAILMENT_RISK_INCIDENT,Medium,Supervisor,Operations Supervisor,Operator → Supervisor
INC-01650,2025-04-02 10:00:00,CURTAILMENT_RISK_INCIDENT,Medium,Supervisor,Operations Supervisor,Operator → Supervisor
INC-01651,2025-04-02 10:30:00,CURTAILMENT_RISK_INCIDENT,Medium,Supervisor,Operations Supervisor,Operator → Supervisor
INC-01652,2025-04-02 11:00:00,CURTAILMENT_RISK_INCIDENT,Medium,Supervisor,Operations Supervisor,Operator → Supervisor
INC-01653,2025-04-02 11:30:00,CURTAILMENT_RISK_INCIDENT,Medium,Supervisor,Operations Supervisor,Operator → Supervisor
INC-01654,2025-04-02 12:00:00,CURTAILMENT_RISK_INCIDENT,Medium,Supervisor,Operations Supervisor,Operator → Supervisor
INC-01655,2025-04-02 12:30:00,CURTAILMENT_RISK_INCIDENT,Medium,Supervisor,Operations Supervisor,Operator → Supervisor
INC-01656,2025-04-02 13:00:00,CURTAILMENT_RISK_INCIDENT,Medium,Supervisor,Operations Supervisor,Operator → Supervisor
INC-01657,2025-04-02 13:30:00,OVER_GENERATION_INCIDENT,Low,Operator,Operations Team,Operator
INC-01658,2025-04-02 13:30:00,CURTAILMENT_RISK_INCIDENT,Medium,Supervisor,Operations Supervisor,Operator → Supervisor
INC-01659,2025-04-02 14:00:00,OVER_GENERATION_INCIDENT,Low,Operator,Operations Team,Operator
INC-01660,2025-04-02 14:00:00,CURTAILMENT_RISK_INCIDENT,Medium,Supervisor,Operations Supervisor,Operator → Supervisor
INC-01661,2025-04-02 14:30:00,OVER_GENERATION_INCIDENT,Low,Operator,Operations Team,Operator
INC-01662,2025-04-02 14:30:00,CURTAILMENT_RISK_INCIDENT,Medium,Supervisor,Operations Supervisor,Operator → Supervisor
INC-01663,2025-04-02 15:00:00,OVER_GENERATION_INCIDENT,Low,Operator,Operations Team,Operator
INC-01664,2025-04-02 15:00:00,CURTAILMENT_RISK_INCIDENT,Medium,Supervisor,Operations Supervisor,Operator → Supervisor
INC-01665,2025-04-02 15:30:00,CURTAILMENT_RISK_INCIDENT,Medium,Supervisor,Operations Supervisor,Operator → Supervisor
INC-01666,2025-04-02 16:00:00,CURTAILMENT_RISK_INCIDENT,Medium,Supervisor,Operations Supervisor,Operator → Supervisor
INC-01667,2025-04-03 09:30:00,CURTAILMENT_RISK_INCIDENT,Medium,Supervisor,Operations Supervisor,Operator → Supervisor
INC-01668,2025-04-03 10:00:00,CURTAILMENT_RISK_INCIDENT,Medium,Supervisor,Operations Supervisor,Operator → Supervisor
INC-01669,2025-04-03 10:30:00,CURTAILMENT_RISK_INCIDENT,Medium,Supervisor,Operations Supervisor,Operator → Supervisor
INC-01670,2025-04-03 11:00:00,CURTAILMENT_RISK_INCIDENT,Medium,Supervisor,Operations Supervisor,Operator → Supervisor
INC-01671,2025-04-03 11:30:00,CURTAILMENT_RISK_INCIDENT,Medium,Supervisor,Operations Supervisor,Operator → Supervisor
INC-01672,2025-04-03 12:00:00,CURTAILMENT_RISK_INCIDENT,Medium,Supervisor,Operations Supervisor,Operator → Supervisor
INC-01673,2025-04-03 12:30:00,CURTAILMENT_RISK_INCIDENT,Medium,Supervisor,Operations Supervisor,Operator → Supervisor
INC-01674,2025-04-03 13:00:00,CURTAILMENT_RISK_INCIDENT,Medium,Supervisor,Operations Supervisor,Operator → Supervisor
INC-01675,2025-04-03 13:30:00,CURTAILMENT_RISK_INCIDENT,Medium,Supervisor,Operations Supervisor,Operator → Supervisor
INC-01676,2025-04-03 14:00:00,CURTAILMENT_RISK_INCIDENT,Medium,Supervisor,Operations Supervisor,Operator → Supervisor
INC-01677,2025-04-03 14:30:00,CURTAILMENT_RISK_INCIDENT,Medium,Supervisor,Operations Supervisor,Operator → Supervisor
INC-01678,2025-04-04 10:30:00,CURTAILMENT_RISK_INCIDENT,Medium,Supervisor,Operations Supervisor,Operator → Supervisor
INC-01679,2025-04-04 11:00:00,CURTAILMENT_RISK_INCIDENT,Medium,Supervisor,Operations Supervisor,Operator → Supervisor
INC-01680,2025-04-04 11:30:00,CURTAILMENT_RISK_INCIDENT,Medium,Supervisor,Operations Supervisor,Operator → Supervisor
INC-01681,2025-04-04 12:00:00,CURTAILMENT_RISK_INCIDENT,Medium,Supervisor,Operations Supervisor,Operator → Supervisor
INC-01682,2025-04-04 12:30:00,CURTAILMENT_RISK_INCIDENT,Medium,Supervisor,Operations Supervisor,Operator → Supervisor
INC-01683,2025-04-04 13:00:00,CURTAILMENT_RISK_INCIDENT,Medium,Supervisor,Operations Supervisor,Operator → Supervisor
INC-01684,2025-04-04 13:30:00,CURTAILMENT_RISK_INCIDENT,Medium,Supervisor,Operations Supervisor,Operator → Supervisor
INC-01685,2025-04-04 14:00:00,CURTAILMENT_RISK_INCIDENT,Medium,Supervisor,Operations Supervisor,Operator → Supervisor
INC-01686,2025-04-04 14:30:00,OVER_GENERATION_INCIDENT,Low,Operator,Operations Team,Operator
INC-01687,2025-04-04 14:30:00,CURTAILMENT_RISK_INCIDENT,Medium,Supervisor,Operations Supervisor,Operator → Supervisor
INC-01688,2025-04-04 15:00:00,OVER_GENERATION_INCIDENT,Low,Operator,Operations Team,Operator
INC-01689,2025-04-04 15:00:00,CURTAILMENT_RISK_INCIDENT,Medium,Supervisor,Operations Supervisor,Operator → Supervisor
INC-01690,2025-04-04 15:30:00,CURTAILMENT_RISK_INCIDENT,Medium,Supervisor,Operations Supervisor,Operator → Supervisor
INC-01691,2025-04-04 16:00:00,CURTAILMENT_RISK_INCIDENT,Medium,Supervisor,Operations Supervisor,Operator → Supervisor
INC-01692,2025-04-05 03:30:00,OVER_GENERATION_INCIDENT,Low,Operator,Operations Team,Operator
INC-01693,2025-04-05 04:00:00,OVER_GENERATION_INCIDENT,Low,Operator,Operations Team,Operator
INC-01694,2025-04-05 04:30:00,OVER_GENERATION_INCIDENT,Low,Operator,Operations Team,Operator
INC-01695,2025-04-05 05:00:00,OVER_GENERATION_INCIDENT,Low,Operator,Operations Team,Operator
INC-01696,2025-04-05 09:30:00,CURTAILMENT_RISK_INCIDENT,Medium,Supervisor,Operations Supervisor,Operator → Supervisor
INC-01697,2025-04-05 10:00:00,CURTAILMENT_RISK_INCIDENT,Medium,Supervisor,Operations Supervisor,Operator → Supervisor
INC-01698,2025-04-05 10:30:00,OVER_GENERATION_INCIDENT,Low,Operator,Operations Team,Operator
INC-01699,2025-04-05 10:30:00,CURTAILMENT_RISK_INCIDENT,Medium,Supervisor,Operations Supervisor,Operator → Supervisor
INC-01700,2025-04-05 11:00:00,OVER_GENERATION_INCIDENT,Low,Operator,Operations Team,Operator
INC-01701,2025-04-05 11:00:00,CURTAILMENT_RISK_INCIDENT,Medium,Supervisor,Operations Supervisor,Operator → Supervisor
INC-01702,2025-04-05 11:30:00,OVER_GENERATION_INCIDENT,Low,Operator,Operations Team,Operator
INC-01703,2025-04-05 11:30:00,CURTAILMENT_RISK_INCIDENT,Medium,Supervisor,Operations Supervisor,Operator → Supervisor
INC-01704,2025-04-05 12:00:00,OVER_GENERATION_INCIDENT,Low,Operator,Operations Team,Operator
INC-01705,2025-04-05 12:00:00,CURTAILMENT_RISK_INCIDENT,Medium,Supervisor,Operations Supervisor,Operator → Supervisor
INC-01706,2025-04-05 12:30:00,OVER_GENERATION_INCIDENT,Low,Operator,Operations Team,Operator
INC-01707,2025-04-05 12:30:00,CURTAILMENT_RISK_INCIDENT,Medium,Supervisor,Operations Supervisor,Operator → Supervisor
INC-01708,2025-04-05 13:00:00,OVER_GENERATION_INCIDENT,Low,Operator,Operations Team,Operator
INC-01709,2025-04-05 13:00:00,CURTAILMENT_RISK_INCIDENT,Medium,Supervisor,Operations Supervisor,Operator → Supervisor
INC-01710,2025-04-05 13:30:00,OVER_GENERATION_INCIDENT,Low,Operator,Operations Team,Operator
INC-01711,2025-04-05 13:30:00,CURTAILMENT_RISK_INCIDENT,Medium,Supervisor,Operations Supervisor,Operator → Supervisor
INC-01712,2025-04-05 14:00:00,OVER_GENERATION_INCIDENT,Low,Operator,Operations Team,Operator
INC-01713,2025-04-05 14:00:00,CURTAILMENT_RISK_INCIDENT,Medium,Supervisor,Operations Supervisor,Operator → Supervisor
INC-01714,2025-04-05 14:30:00,OVER_GENERATION_INCIDENT,Low,Operator,Operations Team,Operator
INC-01715,2025-04-05 14:30:00,CURTAILMENT_RISK_INCIDENT,Medium,Supervisor,Operations Supervisor,Operator → Supervisor
INC-01716,2025-04-05 15:00:00,OVER_GENERATION_INCIDENT,Low,Operator,Operations Team,Operator
INC-01717,2025-04-05 15:30:00,OVER_GENERATION_INCIDENT,Low,Operator,Operations Team,Operator
INC-01718,2025-04-05 16:00:00,OVER_GENERATION_INCIDENT,Low,Operator,Operations Team,Operator
INC-01719,2025-04-05 16:30:00,OVER_GENERATION_INCIDENT,Low,Operator,Operations Team,Operator
INC-01720,2025-04-06 03:30:00,OVER_GENERATION_INCIDENT,Low,Operator,Operations Team,Operator
INC-01721,2025-04-06 04:00:00,OVER_GENERATION_INCIDENT,Low,Operator,Operations Team,Operator
INC-01722,2025-04-06 04:30:00,OVER_GENERATION_INCIDENT,Low,Operator,Operations Team,Operator
INC-01723,2025-04-06 05:00:00,OVER_GENERATION_INCIDENT,Low,Operator,Operations Team,Operator
INC-01724,2025-04-06 05:30:00,OVER_GENERATION_INCIDENT,Low,Operator,Operations Team,Operator
INC-01725,2025-04-06 10:00:00,OVER_GENERATION_INCIDENT,Low,Operator,Operations Team,Operator
INC-01726,2025-04-06 10:30:00,OVER_GENERATION_INCIDENT,Low,Operator,Operations Team,Operator
INC-01727,2025-04-06 11:00:00,OVER_GENERATION_INCIDENT,Low,Operator,Operations Team,Operator
INC-01728,2025-04-06 11:30:00,OVER_GENERATION_INCIDENT,Low,Operator,Operations Team,Operator
INC-01729,2025-04-06 12:00:00,OVER_GENERATION_INCIDENT,Low,Operator,Operations Team,Operator
INC-01730,2025-04-06 12:30:00,OVER_GENERATION_INCIDENT,Low,Operator,Operations Team,Operator
INC-01731,2025-04-06 13:00:00,OVER_GENERATION_INCIDENT,Low,Operator,Operations Team,Operator
INC-01732,2025-04-06 13:30:00,OVER_GENERATION_INCIDENT,Low,Operator,Operations Team,Operator
INC-01733,2025-04-06 14:00:00,OVER_GENERATION_INCIDENT,Low,Operator,Operations Team,Operator
INC-01734,2025-04-06 14:30:00,OVER_GENERATION_INCIDENT,Low,Operator,Operations Team,Operator
INC-01735,2025-04-06 15:00:00,OVER_GENERATION_INCIDENT,Low,Operator,Operations Team,Operator
INC-01736,2025-04-06 15:30:00,OVER_GENERATION_INCIDENT,Low,Operator,Operations Team,Operator
INC-01737,2025-04-06 16:00:00,OVER_GENERATION_INCIDENT,Low,Operator,Operations Team,Operator
INC-01738,2025-04-07 04:30:00,SUSTAINABILITY_INCIDENT,Medium,Supervisor,Operations Supervisor,Operator → Supervisor
INC-01739,2025-04-07 05:00:00,SUSTAINABILITY_INCIDENT,Medium,Supervisor,Operations Supervisor,Operator → Supervisor
INC-01740,2025-04-07 05:30:00,SUSTAINABILITY_INCIDENT,Medium,Supervisor,Operations Supervisor,Operator → Supervisor
INC-01741,2025-04-07 06:00:00,SUSTAINABILITY_INCIDENT,Medium,Supervisor,Operations Supervisor,Operator → Supervisor
INC-01742,2025-04-07 17:00:00,SUSTAINABILITY_INCIDENT,Medium,Supervisor,Operations Supervisor,Operator → Supervisor
INC-01743,2025-04-07 17:30:00,SUSTAINABILITY_INCIDENT,Medium,Supervisor,Operations Supervisor,Operator → Supervisor
INC-01744,2025-04-07 18:00:00,SUSTAINABILITY_INCIDENT,Medium,Supervisor,Operations Supervisor,Operator → Supervisor
INC-01745,2025-04-07 18:30:00,SUSTAINABILITY_INCIDENT,Medium,Supervisor,Operations Supervisor,Operator → Supervisor
INC-01746,2025-04-07 19:00:00,SUSTAINABILITY_INCIDENT,Medium,Supervisor,Operations Supervisor,Operator → Supervisor
INC-01747,2025-04-07 19:30:00,SUSTAINABILITY_INCIDENT,Medium,Supervisor,Operations Supervisor,Operator → Supervisor
INC-01748,2025-04-07 20:00:00,SUSTAINABILITY_INCIDENT,Medium,Supervisor,Operations Supervisor,Operator → Supervisor
INC-01749,2025-04-07 20:30:00,SUSTAINABILITY_INCIDENT,Medium,Supervisor,Operations Supervisor,Operator → Supervisor
INC-01750,2025-04-07 21:00:00,SUSTAINABILITY_INCIDENT,Medium,Supervisor,Operations Supervisor,Operator → Supervisor
INC-01751,2025-04-07 21:30:00,SUSTAINABILITY_INCIDENT,Medium,Supervisor,Operations Supervisor,Operator → Supervisor
INC-01752,2025-04-07 22:00:00,SUSTAINABILITY_INCIDENT,Medium,Supervisor,Operations Supervisor,Operator → Supervisor
INC-01753,2025-04-07 22:30:00,SUSTAINABILITY_INCIDENT,Medium,Supervisor,Operations Supervisor,Operator → Supervisor
INC-01754,2025-04-07 23:00:00,SUSTAINABILITY_INCIDENT,Medium,Supervisor,Operations Supervisor,Operator → Supervisor
INC-01755,2025-04-07 23:30:00,SUSTAINABILITY_INCIDENT,Medium,Supervisor,Operations Supervisor,Operator → Supervisor
INC-01756,2025-04-08 00:00:00,SUSTAINABILITY_INCIDENT,Medium,Supervisor,Operations Supervisor,Operator → Supervisor
INC-01757,2025-04-08 00:30:00,SUSTAINABILITY_INCIDENT,Medium,Supervisor,Operations Supervisor,Operator → Supervisor
INC-01758,2025-04-08 01:00:00,SUSTAINABILITY_INCIDENT,Medium,Supervisor,Operations Supervisor,Operator → Supervisor
INC-01759,2025-04-08 01:30:00,SUSTAINABILITY_INCIDENT,Medium,Supervisor,Operations Supervisor,Operator → Supervisor
INC-01760,2025-04-08 02:00:00,SUSTAINABILITY_INCIDENT,Medium,Supervisor,Operations Supervisor,Operator → Supervisor
INC-01761,2025-04-08 02:30:00,SUSTAINABILITY_INCIDENT,Medium,Supervisor,Operations Supervisor,Operator → Supervisor
INC-01762,2025-04-08 03:00:00,SUSTAINABILITY_INCIDENT,Medium,Supervisor,Operations Supervisor,Operator → Supervisor
INC-01763,2025-04-08 03:30:00,SUSTAINABILITY_INCIDENT,Medium,Supervisor,Operations Supervisor,Operator → Supervisor
INC-01764,2025-04-08 04:00:00,SUSTAINABILITY_INCIDENT,Medium,Supervisor,Operations Supervisor,Operator → Supervisor
INC-01765,2025-04-08 04:30:00,SUSTAINABILITY_INCIDENT,Medium,Supervisor,Operations Supervisor,Operator → Supervisor
INC-01766,2025-04-08 05:00:00,SUSTAINABILITY_INCIDENT,Medium,Supervisor,Operations Supervisor,Operator → Supervisor
INC-01767,2025-04-08 05:30:00,SUSTAINABILITY_INCIDENT,Medium,Supervisor,Operations Supervisor,Operator → Supervisor
INC-01768,2025-04-08 06:00:00,SUSTAINABILITY_INCIDENT,Medium,Supervisor,Operations Supervisor,Operator → Supervisor
INC-01769,2025-04-08 06:30:00,SUSTAINABILITY_INCIDENT,Medium,Supervisor,Operations Supervisor,Operator → Supervisor
INC-01770,2025-04-08 07:00:00,SUSTAINABILITY_INCIDENT,Medium,Supervisor,Operations Supervisor,Operator → Supervisor
INC-01771,2025-04-08 07:30:00,SUSTAINABILITY_INCIDENT,Medium,Supervisor,Operations Supervisor,Operator → Supervisor
INC-01772,2025-04-08 08:00:00,SUSTAINABILITY_INCIDENT,Medium,Supervisor,Operations Supervisor,Operator → Supervisor
INC-01773,2025-04-08 16:00:00,SUSTAINABILITY_INCIDENT,Medium,Supervisor,Operations Supervisor,Operator → Supervisor
INC-01774,2025-04-08 16:30:00,SUSTAINABILITY_INCIDENT,Medium,Supervisor,Operations Supervisor,Operator → Supervisor
INC-01775,2025-04-08 17:00:00,SUSTAINABILITY_INCIDENT,Medium,Supervisor,Operations Supervisor,Operator → Supervisor
INC-01776,2025-04-08 17:30:00,SUSTAINABILITY_INCIDENT,Medium,Supervisor,Operations Supervisor,Operator → Supervisor
INC-01777,2025-04-08 18:00:00,SUSTAINABILITY_INCIDENT,Medium,Supervisor,Operations Supervisor,Operator → Supervisor
INC-01778,2025-04-08 18:30:00,SUSTAINABILITY_INCIDENT,Medium,Supervisor,Operations Supervisor,Operator → Supervisor
INC-01779,2025-04-08 19:00:00,SUSTAINABILITY_INCIDENT,Medium,Supervisor,Operations Supervisor,Operator → Supervisor
INC-01780,2025-04-08 19:30:00,SUSTAINABILITY_INCIDENT,Medium,Supervisor,Operations Supervisor,Operator → Supervisor
INC-01781,2025-04-08 20:00:00,SUSTAINABILITY_INCIDENT,Medium,Supervisor,Operations Supervisor,Operator → Supervisor
INC-01782,2025-04-08 20:30:00,SUSTAINABILITY_INCIDENT,Medium,Supervisor,Operations Supervisor,Operator → Supervisor
INC-01783,2025-04-08 21:00:00,SUSTAINABILITY_INCIDENT,Medium,Supervisor,Operations Supervisor,Operator → Supervisor
INC-01784,2025-04-08 21:30:00,SUSTAINABILITY_INCIDENT,Medium,Supervisor,Operations Supervisor,Operator → Supervisor
INC-01785,2025-04-08 22:00:00,SUSTAINABILITY_INCIDENT,Medium,Supervisor,Operations Supervisor,Operator → Supervisor
INC-01786,2025-04-08 22:30:00,SUSTAINABILITY_INCIDENT,Medium,Supervisor,Operations Supervisor,Operator → Supervisor
INC-01787,2025-04-08 23:00:00,SUSTAINABILITY_INCIDENT,Medium,Supervisor,Operations Supervisor,Operator → Supervisor
INC-01788,2025-04-09 18:00:00,SUSTAINABILITY_INCIDENT,Medium,Supervisor,Operations Supervisor,Operator → Supervisor
INC-01789,2025-04-09 18:30:00,SUSTAINABILITY_INCIDENT,Medium,Supervisor,Operations Supervisor,Operator → Supervisor
INC-01790,2025-04-09 19:00:00,SUSTAINABILITY_INCIDENT,Medium,Supervisor,Operations Supervisor,Operator → Supervisor
INC-01791,2025-04-09 19:30:00,SUSTAINABILITY_INCIDENT,Medium,Supervisor,Operations Supervisor,Operator → Supervisor
INC-01792,2025-04-09 20:00:00,SUSTAINABILITY_INCIDENT,Medium,Supervisor,Operations Supervisor,Operator → Supervisor
INC-01793,2025-04-09 20:30:00,SUSTAINABILITY_INCIDENT,Medium,Supervisor,Operations Supervisor,Operator → Supervisor
INC-01794,2025-04-11 13:30:00,OVER_GENERATION_INCIDENT,Low,Operator,Operations Team,Operator
INC-01795,2025-04-11 14:00:00,OVER_GENERATION_INCIDENT,Low,Operator,Operations Team,Operator
INC-01796,2025-04-11 14:30:00,OVER_GENERATION_INCIDENT,Low,Operator,Operations Team,Operator
INC-01797,2025-04-11 17:30:00,SUSTAINABILITY_INCIDENT,Medium,Supervisor,Operations Supervisor,Operator → Supervisor
INC-01798,2025-04-11 18:00:00,SUSTAINABILITY_INCIDENT,Medium,Supervisor,Operations Supervisor,Operator → Supervisor
INC-01799,2025-04-11 18:30:00,SUSTAINABILITY_INCIDENT,Medium,Supervisor,Operations Supervisor,Operator → Supervisor
INC-01800,2025-04-11 19:00:00,SUSTAINABILITY_INCIDENT,Medium,Supervisor,Operations Supervisor,Operator → Supervisor
INC-01801,2025-04-11 19:30:00,SUSTAINABILITY_INCIDENT,Medium,Supervisor,Operations Supervisor,Operator → Supervisor
INC-01802,2025-04-11 20:00:00,SUSTAINABILITY_INCIDENT,Medium,Supervisor,Operations Supervisor,Operator → Supervisor
INC-01803,2025-04-11 20:30:00,SUSTAINABILITY_INCIDENT,Medium,Supervisor,Operations Supervisor,Operator → Supervisor
INC-01804,2025-04-11 21:00:00,SUSTAINABILITY_INCIDENT,Medium,Supervisor,Operations Supervisor,Operator → Supervisor
INC-01805,2025-04-12 11:00:00,OVER_GENERATION_INCIDENT,Low,Operator,Operations Team,Operator
INC-01806,2025-04-12 11:30:00,OVER_GENERATION_INCIDENT,Low,Operator,Operations Team,Operator
INC-01807,2025-04-12 12:00:00,OVER_GENERATION_INCIDENT,Low,Operator,Operations Team,Operator
INC-01808,2025-04-12 12:30:00,OVER_GENERATION_INCIDENT,Low,Operator,Operations Team,Operator
INC-01809,2025-04-12 13:00:00,OVER_GENERATION_INCIDENT,Low,Operator,Operations Team,Operator
INC-01810,2025-04-12 13:30:00,OVER_GENERATION_INCIDENT,Low,Operator,Operations Team,Operator
INC-01811,2025-04-12 14:00:00,OVER_GENERATION_INCIDENT,Low,Operator,Operations Team,Operator
INC-01812,2025-04-12 14:30:00,OVER_GENERATION_INCIDENT,Low,Operator,Operations Team,Operator
INC-01813,2025-04-13 03:00:00,OVER_GENERATION_INCIDENT,Low,Operator,Operations Team,Operator
INC-01814,2025-04-13 03:30:00,OVER_GENERATION_INCIDENT,Low,Operator,Operations Team,Operator
INC-01815,2025-04-13 04:00:00,OVER_GENERATION_INCIDENT,Low,Operator,Operations Team,Operator
INC-01816,2025-04-13 04:30:00,OVER_GENERATION_INCIDENT,Low,Operator,Operations Team,Operator
INC-01817,2025-04-13 05:00:00,OVER_GENERATION_INCIDENT,Low,Operator,Operations Team,Operator
INC-01818,2025-04-13 05:30:00,OVER_GENERATION_INCIDENT,Low,Operator,Operations Team,Operator
INC-01819,2025-04-13 06:00:00,OVER_GENERATION_INCIDENT,Low,Operator,Operations Team,Operator
INC-01820,2025-04-13 06:30:00,OVER_GENERATION_INCIDENT,Low,Operator,Operations Team,Operator
INC-01821,2025-04-14 04:00:00,OVER_GENERATION_INCIDENT,Low,Operator,Operations Team,Operator
INC-01822,2025-04-14 04:30:00,OVER_GENERATION_INCIDENT,Low,Operator,Operations Team,Operator
INC-01823,2025-04-16 07:30:00,CURTAILMENT_RISK_INCIDENT,Medium,Supervisor,Operations Supervisor,Operator → Supervisor
INC-01824,2025-04-16 08:00:00,CURTAILMENT_RISK_INCIDENT,Medium,Supervisor,Operations Supervisor,Operator → Supervisor
INC-01825,2025-04-16 08:30:00,CURTAILMENT_RISK_INCIDENT,Medium,Supervisor,Operations Supervisor,Operator → Supervisor
INC-01826,2025-04-16 09:00:00,CURTAILMENT_RISK_INCIDENT,Medium,Supervisor,Operations Supervisor,Operator → Supervisor
INC-01827,2025-04-16 09:30:00,CURTAILMENT_RISK_INCIDENT,Medium,Supervisor,Operations Supervisor,Operator → Supervisor
INC-01828,2025-04-16 10:00:00,CURTAILMENT_RISK_INCIDENT,Medium,Supervisor,Operations Supervisor,Operator → Supervisor
INC-01829,2025-04-16 10:30:00,CURTAILMENT_RISK_INCIDENT,Medium,Supervisor,Operations Supervisor,Operator → Supervisor
INC-01830,2025-04-16 11:00:00,CURTAILMENT_RISK_INCIDENT,Medium,Supervisor,Operations Supervisor,Operator → Supervisor
INC-01831,2025-04-16 11:30:00,CURTAILMENT_RISK_INCIDENT,Medium,Supervisor,Operations Supervisor,Operator → Supervisor
INC-01832,2025-04-16 12:00:00,CURTAILMENT_RISK_INCIDENT,Medium,Supervisor,Operations Supervisor,Operator → Supervisor
INC-01833,2025-04-16 12:30:00,CURTAILMENT_RISK_INCIDENT,Medium,Supervisor,Operations Supervisor,Operator → Supervisor
INC-01834,2025-04-16 13:00:00,CURTAILMENT_RISK_INCIDENT,Medium,Supervisor,Operations Supervisor,Operator → Supervisor
INC-01835,2025-04-16 13:30:00,CURTAILMENT_RISK_INCIDENT,Medium,Supervisor,Operations Supervisor,Operator → Supervisor
INC-01836,2025-04-16 14:00:00,CURTAILMENT_RISK_INCIDENT,Medium,Supervisor,Operations Supervisor,Operator → Supervisor
INC-01837,2025-04-16 14:30:00,CURTAILMENT_RISK_INCIDENT,Medium,Supervisor,Operations Supervisor,Operator → Supervisor
INC-01838,2025-04-16 15:00:00,CURTAILMENT_RISK_INCIDENT,Medium,Supervisor,Operations Supervisor,Operator → Supervisor
INC-01839,2025-04-16 15:30:00,CURTAILMENT_RISK_INCIDENT,Medium,Supervisor,Operations Supervisor,Operator → Supervisor
INC-01840,2025-04-17 16:30:00,SUSTAINABILITY_INCIDENT,Medium,Supervisor,Operations Supervisor,Operator → Supervisor
INC-01841,2025-04-17 17:00:00,SUSTAINABILITY_INCIDENT,Medium,Supervisor,Operations Supervisor,Operator → Supervisor
INC-01842,2025-04-17 17:30:00,SUSTAINABILITY_INCIDENT,Medium,Supervisor,Operations Supervisor,Operator → Supervisor
INC-01843,2025-04-17 18:00:00,SUSTAINABILITY_INCIDENT,Medium,Supervisor,Operations Supervisor,Operator → Supervisor
INC-01844,2025-04-17 18:30:00,SUSTAINABILITY_INCIDENT,Medium,Supervisor,Operations Supervisor,Operator → Supervisor
INC-01845,2025-04-17 19:00:00,SUSTAINABILITY_INCIDENT,Medium,Supervisor,Operations Supervisor,Operator → Supervisor
INC-01846,2025-04-17 19:30:00,SUSTAINABILITY_INCIDENT,Medium,Supervisor,Operations Supervisor,Operator → Supervisor
INC-01847,2025-04-17 20:00:00,SUSTAINABILITY_INCIDENT,Medium,Supervisor,Operations Supervisor,Operator → Supervisor
INC-01848,2025-04-17 20:30:00,SUSTAINABILITY_INCIDENT,Medium,Supervisor,Operations Supervisor,Operator → Supervisor
INC-01849,2025-04-17 21:00:00,SUSTAINABILITY_INCIDENT,Medium,Supervisor,Operations Supervisor,Operator → Supervisor
INC-01850,2025-04-17 21:30:00,SUSTAINABILITY_INCIDENT,Medium,Supervisor,Operations Supervisor,Operator → Supervisor
INC-01851,2025-04-17 22:00:00,SUSTAINABILITY_INCIDENT,Medium,Supervisor,Operations Supervisor,Operator → Supervisor
INC-01852,2025-04-19 01:00:00,OVER_GENERATION_INCIDENT,Low,Operator,Operations Team,Operator
INC-01853,2025-04-19 01:30:00,OVER_GENERATION_INCIDENT,Low,Operator,Operations Team,Operator
INC-01854,2025-04-19 02:00:00,OVER_GENERATION_INCIDENT,Low,Operator,Operations Team,Operator
INC-01855,2025-04-19 02:30:00,OVER_GENERATION_INCIDENT,Low,Operator,Operations Team,Operator
INC-01856,2025-04-19 03:00:00,OVER_GENERATION_INCIDENT,Low,Operator,Operations Team,Operator
INC-01857,2025-04-19 03:30:00,OVER_GENERATION_INCIDENT,Low,Operator,Operations Team,Operator
INC-01858,2025-04-19 04:00:00,OVER_GENERATION_INCIDENT,Low,Operator,Operations Team,Operator
INC-01859,2025-04-19 04:30:00,OVER_GENERATION_INCIDENT,Low,Operator,Operations Team,Operator
INC-01860,2025-04-19 05:00:00,OVER_GENERATION_INCIDENT,Low,Operator,Operations Team,Operator
INC-01861,2025-04-19 05:30:00,OVER_GENERATION_INCIDENT,Low,Operator,Operations Team,Operator
INC-01862,2025-04-19 06:00:00,OVER_GENERATION_INCIDENT,Low,Operator,Operations Team,Operator
INC-01863,2025-04-19 06:30:00,OVER_GENERATION_INCIDENT,Low,Operator,Operations Team,Operator
INC-01864,2025-04-19 13:00:00,OVER_GENERATION_INCIDENT,Low,Operator,Operations Team,Operator
INC-01865,2025-04-19 13:30:00,OVER_GENERATION_INCIDENT,Low,Operator,Operations Team,Operator
INC-01866,2025-04-19 14:00:00,OVER_GENERATION_INCIDENT,Low,Operator,Operations Team,Operator
INC-01867,2025-04-19 14:30:00,OVER_GENERATION_INCIDENT,Low,Operator,Operations Team,Operator
INC-01868,2025-04-19 15:00:00,OVER_GENERATION_INCIDENT,Low,Operator,Operations Team,Operator
INC-01869,2025-04-19 15:30:00,OVER_GENERATION_INCIDENT,Low,Operator,Operations Team,Operator
INC-01870,2025-04-20 06:00:00,OVER_GENERATION_INCIDENT,Low,Operator,Operations Team,Operator
INC-01871,2025-04-20 06:30:00,OVER_GENERATION_INCIDENT,Low,Operator,Operations Team,Operator
INC-01872,2025-04-20 10:30:00,OVER_GENERATION_INCIDENT,Low,Operator,Operations Team,Operator
INC-01873,2025-04-20 11:00:00,OVER_GENERATION_INCIDENT,Low,Operator,Operations Team,Operator
INC-01874,2025-04-20 11:30:00,OVER_GENERATION_INCIDENT,Low,Operator,Operations Team,Operator
INC-01875,2025-04-20 12:00:00,OVER_GENERATION_INCIDENT,Low,Operator,Operations Team,Operator
INC-01876,2025-04-20 12:30:00,OVER_GENERATION_INCIDENT,Low,Operator,Operations Team,Operator
INC-01877,2025-04-20 13:00:00,OVER_GENERATION_INCIDENT,Low,Operator,Operations Team,Operator
INC-01878,2025-04-20 13:30:00,OVER_GENERATION_INCIDENT,Low,Operator,Operations Team,Operator
INC-01879,2025-04-20 14:00:00,OVER_GENERATION_INCIDENT,Low,Operator,Operations Team,Operator
INC-01880,2025-04-20 14:30:00,OVER_GENERATION_INCIDENT,Low,Operator,Operations Team,Operator
INC-01881,2025-04-20 15:00:00,OVER_GENERATION_INCIDENT,Low,Operator,Operations Team,Operator
INC-01882,2025-04-21 03:30:00,DEMAND_ANOMALY_INCIDENT,Medium,Supervisor,Operations Supervisor,Operator → Supervisor
INC-01883,2025-04-21 04:00:00,DEMAND_ANOMALY_INCIDENT,Medium,Supervisor,Operations Supervisor,Operator → Supervisor
INC-01884,2025-04-21 17:30:00,SUSTAINABILITY_INCIDENT,Medium,Supervisor,Operations Supervisor,Operator → Supervisor
INC-01885,2025-04-21 18:00:00,SUSTAINABILITY_INCIDENT,Medium,Supervisor,Operations Supervisor,Operator → Supervisor
INC-01886,2025-04-21 18:30:00,SUSTAINABILITY_INCIDENT,Medium,Supervisor,Operations Supervisor,Operator → Supervisor
INC-01887,2025-04-21 19:00:00,SUSTAINABILITY_INCIDENT,Medium,Supervisor,Operations Supervisor,Operator → Supervisor
INC-01888,2025-04-21 19:30:00,SUSTAINABILITY_INCIDENT,Medium,Supervisor,Operations Supervisor,Operator → Supervisor
INC-01889,2025-04-21 20:00:00,SUSTAINABILITY_INCIDENT,Medium,Supervisor,Operations Supervisor,Operator → Supervisor
INC-01890,2025-04-21 20:30:00,SUSTAINABILITY_INCIDENT,Medium,Supervisor,Operations Supervisor,Operator → Supervisor
INC-01891,2025-04-21 21:00:00,SUSTAINABILITY_INCIDENT,Medium,Supervisor,Operations Supervisor,Operator → Supervisor
INC-01892,2025-04-21 21:30:00,SUSTAINABILITY_INCIDENT,Medium,Supervisor,Operations Supervisor,Operator → Supervisor
INC-01893,2025-04-22 04:00:00,SUSTAINABILITY_INCIDENT,Medium,Supervisor,Operations Supervisor,Operator → Supervisor
INC-01894,2025-04-22 04:30:00,SUSTAINABILITY_INCIDENT,Medium,Supervisor,Operations Supervisor,Operator → Supervisor
INC-01895,2025-04-22 05:00:00,SUSTAINABILITY_INCIDENT,Medium,Supervisor,Operations Supervisor,Operator → Supervisor
INC-01896,2025-04-22 05:30:00,SUSTAINABILITY_INCIDENT,Medium,Supervisor,Operations Supervisor,Operator → Supervisor
INC-01897,2025-04-22 06:00:00,SUSTAINABILITY_INCIDENT,Medium,Supervisor,Operations Supervisor,Operator → Supervisor
INC-01898,2025-04-22 18:30:00,SUSTAINABILITY_INCIDENT,Medium,Supervisor,Operations Supervisor,Operator → Supervisor
INC-01899,2025-04-22 19:00:00,SUSTAINABILITY_INCIDENT,Medium,Supervisor,Operations Supervisor,Operator → Supervisor
INC-01900,2025-04-23 05:30:00,SUSTAINABILITY_INCIDENT,Medium,Supervisor,Operations Supervisor,Operator → Supervisor
INC-01901,2025-04-23 06:00:00,SUSTAINABILITY_INCIDENT,Medium,Supervisor,Operations Supervisor,Operator → Supervisor
INC-01902,2025-04-23 06:30:00,SUSTAINABILITY_INCIDENT,Medium,Supervisor,Operations Supervisor,Operator → Supervisor
INC-01903,2025-04-23 07:00:00,SUSTAINABILITY_INCIDENT,Medium,Supervisor,Operations Supervisor,Operator → Supervisor
INC-01904,2025-04-23 15:30:00,SUSTAINABILITY_INCIDENT,Medium,Supervisor,Operations Supervisor,Operator → Supervisor
INC-01905,2025-04-23 16:00:00,SUSTAINABILITY_INCIDENT,Medium,Supervisor,Operations Supervisor,Operator → Supervisor
INC-01906,2025-04-23 16:30:00,SUSTAINABILITY_INCIDENT,Medium,Supervisor,Operations Supervisor,Operator → Supervisor
INC-01907,2025-04-23 17:00:00,SUSTAINABILITY_INCIDENT,Medium,Supervisor,Operations Supervisor,Operator → Supervisor
INC-01908,2025-04-23 17:30:00,SUSTAINABILITY_INCIDENT,Medium,Supervisor,Operations Supervisor,Operator → Supervisor
INC-01909,2025-04-23 18:00:00,SUSTAINABILITY_INCIDENT,Medium,Supervisor,Operations Supervisor,Operator → Supervisor
INC-01910,2025-04-23 18:30:00,SUSTAINABILITY_INCIDENT,Medium,Supervisor,Operations Supervisor,Operator → Supervisor
INC-01911,2025-04-23 19:00:00,SUSTAINABILITY_INCIDENT,Medium,Supervisor,Operations Supervisor,Operator → Supervisor
INC-01912,2025-04-23 19:30:00,SUSTAINABILITY_INCIDENT,Medium,Supervisor,Operations Supervisor,Operator → Supervisor
INC-01913,2025-04-23 20:00:00,SUSTAINABILITY_INCIDENT,Medium,Supervisor,Operations Supervisor,Operator → Supervisor
INC-01914,2025-04-23 20:30:00,SUSTAINABILITY_INCIDENT,Medium,Supervisor,Operations Supervisor,Operator → Supervisor
INC-01915,2025-04-23 21:00:00,SUSTAINABILITY_INCIDENT,Medium,Supervisor,Operations Supervisor,Operator → Supervisor
INC-01916,2025-04-23 21:30:00,SUSTAINABILITY_INCIDENT,Medium,Supervisor,Operations Supervisor,Operator → Supervisor
INC-01917,2025-04-24 17:30:00,SUSTAINABILITY_INCIDENT,Medium,Supervisor,Operations Supervisor,Operator → Supervisor
INC-01918,2025-04-24 18:00:00,SUSTAINABILITY_INCIDENT,Medium,Supervisor,Operations Supervisor,Operator → Supervisor
INC-01919,2025-04-24 18:30:00,SUSTAINABILITY_INCIDENT,Medium,Supervisor,Operations Supervisor,Operator → Supervisor
INC-01920,2025-04-24 19:00:00,SUSTAINABILITY_INCIDENT,Medium,Supervisor,Operations Supervisor,Operator → Supervisor
INC-01921,2025-04-24 19:30:00,SUSTAINABILITY_INCIDENT,Medium,Supervisor,Operations Supervisor,Operator → Supervisor
INC-01922,2025-04-24 20:00:00,SUSTAINABILITY_INCIDENT,Medium,Supervisor,Operations Supervisor,Operator → Supervisor
INC-01923,2025-04-24 20:30:00,SUSTAINABILITY_INCIDENT,Medium,Supervisor,Operations Supervisor,Operator → Supervisor
INC-01924,2025-04-27 04:00:00,OVER_GENERATION_INCIDENT,Low,Operator,Operations Team,Operator
INC-01925,2025-04-27 04:30:00,OVER_GENERATION_INCIDENT,Low,Operator,Operations Team,Operator
INC-01926,2025-04-27 05:00:00,OVER_GENERATION_INCIDENT,Low,Operator,Operations Team,Operator
INC-01927,2025-04-27 05:30:00,OVER_GENERATION_INCIDENT,Low,Operator,Operations Team,Operator
INC-01928,2025-04-27 06:00:00,OVER_GENERATION_INCIDENT,Low,Operator,Operations Team,Operator
INC-01929,2025-04-27 06:30:00,OVER_GENERATION_INCIDENT,Low,Operator,Operations Team,Operator
INC-01930,2025-04-27 07:00:00,OVER_GENERATION_INCIDENT,Low,Operator,Operations Team,Operator
INC-01931,2025-04-27 07:30:00,OVER_GENERATION_INCIDENT,Low,Operator,Operations Team,Operator
INC-01932,2025-04-27 08:30:00,OVER_GENERATION_INCIDENT,Low,Operator,Operations Team,Operator
INC-01933,2025-04-27 09:00:00,OVER_GENERATION_INCIDENT,Low,Operator,Operations Team,Operator
INC-01934,2025-04-27 09:30:00,OVER_GENERATION_INCIDENT,Low,Operator,Operations Team,Operator
INC-01935,2025-04-27 10:00:00,OVER_GENERATION_INCIDENT,Low,Operator,Operations Team,Operator
INC-01936,2025-04-27 10:30:00,OVER_GENERATION_INCIDENT,Low,Operator,Operations Team,Operator
INC-01937,2025-04-27 11:00:00,OVER_GENERATION_INCIDENT,Low,Operator,Operations Team,Operator
INC-01938,2025-04-27 11:30:00,OVER_GENERATION_INCIDENT,Low,Operator,Operations Team,Operator
INC-01939,2025-04-27 12:00:00,OVER_GENERATION_INCIDENT,Low,Operator,Operations Team,Operator
INC-01940,2025-04-27 12:30:00,OVER_GENERATION_INCIDENT,Low,Operator,Operations Team,Operator
INC-01941,2025-04-27 13:00:00,OVER_GENERATION_INCIDENT,Low,Operator,Operations Team,Operator
INC-01942,2025-04-27 13:30:00,OVER_GENERATION_INCIDENT,Low,Operator,Operations Team,Operator
INC-01943,2025-04-27 14:00:00,OVER_GENERATION_INCIDENT,Low,Operator,Operations Team,Operator
INC-01944,2025-04-27 14:30:00,OVER_GENERATION_INCIDENT,Low,Operator,Operations Team,Operator
INC-01945,2025-04-27 15:00:00,OVER_GENERATION_INCIDENT,Low,Operator,Operations Team,Operator
INC-01946,2025-04-27 15:30:00,OVER_GENERATION_INCIDENT,Low,Operator,Operations Team,Operator
INC-01947,2025-04-27 16:00:00,OVER_GENERATION_INCIDENT,Low,Operator,Operations Team,Operator
INC-01948,2025-04-28 02:30:00,OVER_GENERATION_INCIDENT,Low,Operator,Operations Team,Operator
INC-01949,2025-04-28 03:00:00,OVER_GENERATION_INCIDENT,Low,Operator,Operations Team,Operator
INC-01950,2025-04-28 03:30:00,OVER_GENERATION_INCIDENT,Low,Operator,Operations Team,Operator
INC-01951,2025-04-28 04:00:00,OVER_GENERATION_INCIDENT,Low,Operator,Operations Team,Operator
INC-01952,2025-04-28 04:30:00,OVER_GENERATION_INCIDENT,Low,Operator,Operations Team,Operator
INC-01953,2025-04-28 05:00:00,OVER_GENERATION_INCIDENT,Low,Operator,Operations Team,Operator
INC-01954,2025-04-28 17:00:00,SUSTAINABILITY_INCIDENT,Medium,Supervisor,Operations Supervisor,Operator → Supervisor
INC-01955,2025-04-28 17:30:00,SUSTAINABILITY_INCIDENT,Medium,Supervisor,Operations Supervisor,Operator → Supervisor
INC-01956,2025-04-28 18:00:00,SUSTAINABILITY_INCIDENT,Medium,Supervisor,Operations Supervisor,Operator → Supervisor
INC-01957,2025-04-28 18:30:00,SUSTAINABILITY_INCIDENT,Medium,Supervisor,Operations Supervisor,Operator → Supervisor
INC-01958,2025-04-28 19:00:00,SUSTAINABILITY_INCIDENT,Medium,Supervisor,Operations Supervisor,Operator → Supervisor
INC-01959,2025-04-28 19:30:00,SUSTAINABILITY_INCIDENT,Medium,Supervisor,Operations Supervisor,Operator → Supervisor
INC-01960,2025-04-28 20:00:00,SUSTAINABILITY_INCIDENT,Medium,Supervisor,Operations Supervisor,Operator → Supervisor
INC-01961,2025-04-28 20:30:00,SUSTAINABILITY_INCIDENT,Medium,Supervisor,Operations Supervisor,Operator → Supervisor
INC-01962,2025-04-28 21:00:00,SUSTAINABILITY_INCIDENT,Medium,Supervisor,Operations Supervisor,Operator → Supervisor
INC-01963,2025-04-28 21:30:00,SUSTAINABILITY_INCIDENT,Medium,Supervisor,Operations Supervisor,Operator → Supervisor
INC-01964,2025-04-28 22:00:00,SUSTAINABILITY_INCIDENT,Medium,Supervisor,Operations Supervisor,Operator → Supervisor
INC-01965,2025-04-28 22:30:00,SUSTAINABILITY_INCIDENT,Medium,Supervisor,Operations Supervisor,Operator → Supervisor
INC-01966,2025-04-29 00:30:00,SUSTAINABILITY_INCIDENT,Medium,Supervisor,Operations Supervisor,Operator → Supervisor
INC-01967,2025-04-29 03:30:00,SUSTAINABILITY_INCIDENT,Medium,Supervisor,Operations Supervisor,Operator → Supervisor
INC-01968,2025-04-29 04:00:00,SUSTAINABILITY_INCIDENT,Medium,Supervisor,Operations Supervisor,Operator → Supervisor
INC-01969,2025-04-29 04:30:00,SUSTAINABILITY_INCIDENT,Medium,Supervisor,Operations Supervisor,Operator → Supervisor
INC-01970,2025-04-29 05:00:00,SUSTAINABILITY_INCIDENT,Medium,Supervisor,Operations Supervisor,Operator → Supervisor
INC-01971,2025-04-29 05:30:00,SUSTAINABILITY_INCIDENT,Medium,Supervisor,Operations Supervisor,Operator → Supervisor
INC-01972,2025-04-29 06:00:00,SUSTAINABILITY_INCIDENT,Medium,Supervisor,Operations Supervisor,Operator → Supervisor
INC-01973,2025-04-29 12:30:00,OVER_GENERATION_INCIDENT,Low,Operator,Operations Team,Operator
INC-01974,2025-04-29 13:00:00,OVER_GENERATION_INCIDENT,Low,Operator,Operations Team,Operator
INC-01975,2025-04-29 13:30:00,OVER_GENERATION_INCIDENT,Low,Operator,Operations Team,Operator
INC-01976,2025-04-29 14:00:00,OVER_GENERATION_INCIDENT,Low,Operator,Operations Team,Operator
INC-01977,2025-04-29 14:30:00,OVER_GENERATION_INCIDENT,Low,Operator,Operations Team,Operator
INC-01978,2025-04-29 17:30:00,SUSTAINABILITY_INCIDENT,Medium,Supervisor,Operations Supervisor,Operator → Supervisor
INC-01979,2025-04-29 18:00:00,SUSTAINABILITY_INCIDENT,Medium,Supervisor,Operations Supervisor,Operator → Supervisor
INC-01980,2025-04-29 18:30:00,SUSTAINABILITY_INCIDENT,Medium,Supervisor,Operations Supervisor,Operator → Supervisor
INC-01981,2025-04-29 19:00:00,SUSTAINABILITY_INCIDENT,Medium,Supervisor,Operations Supervisor,Operator → Supervisor
INC-01982,2025-04-29 19:30:00,SUSTAINABILITY_INCIDENT,Medium,Supervisor,Operations Supervisor,Operator → Supervisor
INC-01983,2025-04-29 20:00:00,SUSTAINABILITY_INCIDENT,Medium,Supervisor,Operations Supervisor,Operator → Supervisor
INC-01984,2025-04-29 20:30:00,SUSTAINABILITY_INCIDENT,Medium,Supervisor,Operations Supervisor,Operator → Supervisor
INC-01985,2025-04-29 21:00:00,SUSTAINABILITY_INCIDENT,Medium,Supervisor,Operations Supervisor,Operator → Supervisor
INC-01986,2025-04-29 21:30:00,SUSTAINABILITY_INCIDENT,Medium,Supervisor,Operations Supervisor,Operator → Supervisor
INC-01987,2025-04-29 22:00:00,SUSTAINABILITY_INCIDENT,Medium,Supervisor,Operations Supervisor,Operator → Supervisor
INC-01988,2025-04-30 03:30:00,SUSTAINABILITY_INCIDENT,Medium,Supervisor,Operations Supervisor,Operator → Supervisor
INC-01989,2025-04-30 04:00:00,SUSTAINABILITY_INCIDENT,Medium,Supervisor,Operations Supervisor,Operator → Supervisor
INC-01990,2025-04-30 04:30:00,SUSTAINABILITY_INCIDENT,Medium,Supervisor,Operations Supervisor,Operator → Supervisor
INC-01991,2025-04-30 05:00:00,SUSTAINABILITY_INCIDENT,Medium,Supervisor,Operations Supervisor,Operator → Supervisor
INC-01992,2025-04-30 05:30:00,SUSTAINABILITY_INCIDENT,Medium,Supervisor,Operations Supervisor,Operator → Supervisor
INC-01993,2025-04-30 18:00:00,SUSTAINABILITY_INCIDENT,Medium,Supervisor,Operations Supervisor,Operator → Supervisor
INC-01994,2025-04-30 18:30:00,SUSTAINABILITY_INCIDENT,Medium,Supervisor,Operations Supervisor,Operator → Supervisor
INC-01995,2025-04-30 19:00:00,SUSTAINABILITY_INCIDENT,Medium,Supervisor,Operations Supervisor,Operator → Supervisor
INC-01996,2025-04-30 19:30:00,SUSTAINABILITY_INCIDENT,Medium,Supervisor,Operations Supervisor,Operator → Supervisor
INC-01997,2025-04-30 20:00:00,SUSTAINABILITY_INCIDENT,Medium,Supervisor,Operations Supervisor,Operator → Supervisor
INC-01998,2025-04-30 20:30:00,SUSTAINABILITY_INCIDENT,Medium,Supervisor,Operations Supervisor,Operator → Supervisor
INC-01999,2025-04-30 21:00:00,SUSTAINABILITY_INCIDENT,Medium,Supervisor,Operations Supervisor,Operator → Supervisor
INC-02000,2025-04-30 21:30:00,SUSTAINABILITY_INCIDENT,Medium,Supervisor,Operations Supervisor,Operator → Supervisor
INC-02001,2025-05-02 04:00:00,OVER_GENERATION_INCIDENT,Low,Operator,Operations Team,Operator
INC-02002,2025-05-02 04:30:00,OVER_GENERATION_INCIDENT,Low,Operator,Operations Team,Operator
INC-02003,2025-05-02 13:00:00,OVER_GENERATION_INCIDENT,Low,Operator,Operations Team,Operator
INC-02004,2025-05-02 13:30:00,OVER_GENERATION_INCIDENT,Low,Operator,Operations Team,Operator
INC-02005,2025-05-02 14:00:00,OVER_GENERATION_INCIDENT,Low,Operator,Operations Team,Operator
INC-02006,2025-05-02 14:30:00,OVER_GENERATION_INCIDENT,Low,Operator,Operations Team,Operator
INC-02007,2025-05-02 15:00:00,OVER_GENERATION_INCIDENT,Low,Operator,Operations Team,Operator
INC-02008,2025-05-03 04:00:00,OVER_GENERATION_INCIDENT,Low,Operator,Operations Team,Operator
INC-02009,2025-05-03 04:30:00,OVER_GENERATION_INCIDENT,Low,Operator,Operations Team,Operator
INC-02010,2025-05-03 05:00:00,OVER_GENERATION_INCIDENT,Low,Operator,Operations Team,Operator
INC-02011,2025-05-03 05:30:00,OVER_GENERATION_INCIDENT,Low,Operator,Operations Team,Operator
INC-02012,2025-05-03 06:00:00,OVER_GENERATION_INCIDENT,Low,Operator,Operations Team,Operator
INC-02013,2025-05-03 06:30:00,OVER_GENERATION_INCIDENT,Low,Operator,Operations Team,Operator
INC-02014,2025-05-03 07:00:00,OVER_GENERATION_INCIDENT,Low,Operator,Operations Team,Operator
INC-02015,2025-05-03 07:30:00,OVER_GENERATION_INCIDENT,Low,Operator,Operations Team,Operator
INC-02016,2025-05-03 09:00:00,OVER_GENERATION_INCIDENT,Low,Operator,Operations Team,Operator
INC-02017,2025-05-03 09:30:00,OVER_GENERATION_INCIDENT,Low,Operator,Operations Team,Operator
INC-02018,2025-05-03 10:00:00,OVER_GENERATION_INCIDENT,Low,Operator,Operations Team,Operator
INC-02019,2025-05-03 10:30:00,OVER_GENERATION_INCIDENT,Low,Operator,Operations Team,Operator
INC-02020,2025-05-03 11:00:00,OVER_GENERATION_INCIDENT,Low,Operator,Operations Team,Operator
INC-02021,2025-05-03 11:30:00,OVER_GENERATION_INCIDENT,Low,Operator,Operations Team,Operator
INC-02022,2025-05-03 12:00:00,OVER_GENERATION_INCIDENT,Low,Operator,Operations Team,Operator
INC-02023,2025-05-03 12:30:00,OVER_GENERATION_INCIDENT,Low,Operator,Operations Team,Operator
INC-02024,2025-05-03 13:00:00,OVER_GENERATION_INCIDENT,Low,Operator,Operations Team,Operator
INC-02025,2025-05-03 13:30:00,OVER_GENERATION_INCIDENT,Low,Operator,Operations Team,Operator
INC-02026,2025-05-03 14:00:00,OVER_GENERATION_INCIDENT,Low,Operator,Operations Team,Operator
INC-02027,2025-05-03 14:30:00,OVER_GENERATION_INCIDENT,Low,Operator,Operations Team,Operator
INC-02028,2025-05-03 15:00:00,OVER_GENERATION_INCIDENT,Low,Operator,Operations Team,Operator
INC-02029,2025-05-03 15:30:00,OVER_GENERATION_INCIDENT,Low,Operator,Operations Team,Operator
INC-02030,2025-05-03 16:00:00,OVER_GENERATION_INCIDENT,Low,Operator,Operations Team,Operator
INC-02031,2025-05-03 16:30:00,OVER_GENERATION_INCIDENT,Low,Operator,Operations Team,Operator
INC-02032,2025-05-04 02:30:00,OVER_GENERATION_INCIDENT,Low,Operator,Operations Team,Operator
INC-02033,2025-05-04 03:00:00,OVER_GENERATION_INCIDENT,Low,Operator,Operations Team,Operator
INC-02034,2025-05-04 03:30:00,OVER_GENERATION_INCIDENT,Low,Operator,Operations Team,Operator
INC-02035,2025-05-04 04:00:00,OVER_GENERATION_INCIDENT,Low,Operator,Operations Team,Operator
INC-02036,2025-05-04 04:30:00,OVER_GENERATION_INCIDENT,Low,Operator,Operations Team,Operator
INC-02037,2025-05-04 05:00:00,OVER_GENERATION_INCIDENT,Low,Operator,Operations Team,Operator
INC-02038,2025-05-04 05:30:00,OVER_GENERATION_INCIDENT,Low,Operator,Operations Team,Operator
INC-02039,2025-05-04 06:00:00,OVER_GENERATION_INCIDENT,Low,Operator,Operations Team,Operator
INC-02040,2025-05-04 06:30:00,OVER_GENERATION_INCIDENT,Low,Operator,Operations Team,Operator
INC-02041,2025-05-04 07:00:00,OVER_GENERATION_INCIDENT,Low,Operator,Operations Team,Operator
INC-02042,2025-05-04 07:30:00,OVER_GENERATION_INCIDENT,Low,Operator,Operations Team,Operator
INC-02043,2025-05-04 08:00:00,OVER_GENERATION_INCIDENT,Low,Operator,Operations Team,Operator
INC-02044,2025-05-04 08:30:00,OVER_GENERATION_INCIDENT,Low,Operator,Operations Team,Operator
INC-02045,2025-05-04 09:00:00,OVER_GENERATION_INCIDENT,Low,Operator,Operations Team,Operator
INC-02046,2025-05-04 09:30:00,OVER_GENERATION_INCIDENT,Low,Operator,Operations Team,Operator
INC-02047,2025-05-04 10:00:00,OVER_GENERATION_INCIDENT,Low,Operator,Operations Team,Operator
INC-02048,2025-05-04 10:30:00,OVER_GENERATION_INCIDENT,Low,Operator,Operations Team,Operator
INC-02049,2025-05-04 11:00:00,OVER_GENERATION_INCIDENT,Low,Operator,Operations Team,Operator
INC-02050,2025-05-04 11:30:00,OVER_GENERATION_INCIDENT,Low,Operator,Operations Team,Operator
INC-02051,2025-05-04 12:00:00,OVER_GENERATION_INCIDENT,Low,Operator,Operations Team,Operator
INC-02052,2025-05-04 12:30:00,OVER_GENERATION_INCIDENT,Low,Operator,Operations Team,Operator
INC-02053,2025-05-04 13:00:00,OVER_GENERATION_INCIDENT,Low,Operator,Operations Team,Operator
INC-02054,2025-05-04 13:30:00,OVER_GENERATION_INCIDENT,Low,Operator,Operations Team,Operator
INC-02055,2025-05-04 14:00:00,OVER_GENERATION_INCIDENT,Low,Operator,Operations Team,Operator
INC-02056,2025-05-04 14:30:00,OVER_GENERATION_INCIDENT,Low,Operator,Operations Team,Operator
INC-02057,2025-05-04 15:00:00,OVER_GENERATION_INCIDENT,Low,Operator,Operations Team,Operator
INC-02058,2025-05-05 03:00:00,OVER_GENERATION_INCIDENT,Low,Operator,Operations Team,Operator
INC-02059,2025-05-05 03:30:00,OVER_GENERATION_INCIDENT,Low,Operator,Operations Team,Operator
INC-02060,2025-05-05 04:00:00,OVER_GENERATION_INCIDENT,Low,Operator,Operations Team,Operator
INC-02061,2025-05-05 04:30:00,OVER_GENERATION_INCIDENT,Low,Operator,Operations Team,Operator
INC-02062,2025-05-05 05:00:00,OVER_GENERATION_INCIDENT,Low,Operator,Operations Team,Operator
INC-02063,2025-05-05 05:30:00,OVER_GENERATION_INCIDENT,Low,Operator,Operations Team,Operator
INC-02064,2025-05-05 06:00:00,OVER_GENERATION_INCIDENT,Low,Operator,Operations Team,Operator
INC-02065,2025-05-05 06:30:00,OVER_GENERATION_INCIDENT,Low,Operator,Operations Team,Operator
INC-02066,2025-05-06 18:30:00,SUSTAINABILITY_INCIDENT,Medium,Supervisor,Operations Supervisor,Operator → Supervisor
INC-02067,2025-05-06 19:00:00,SUSTAINABILITY_INCIDENT,Medium,Supervisor,Operations Supervisor,Operator → Supervisor
INC-02068,2025-05-06 19:30:00,SUSTAINABILITY_INCIDENT,Medium,Supervisor,Operations Supervisor,Operator → Supervisor
INC-02069,2025-05-06 20:00:00,SUSTAINABILITY_INCIDENT,Medium,Supervisor,Operations Supervisor,Operator → Supervisor
INC-02070,2025-05-06 20:30:00,SUSTAINABILITY_INCIDENT,Medium,Supervisor,Operations Supervisor,Operator → Supervisor
INC-02071,2025-05-06 21:00:00,SUSTAINABILITY_INCIDENT,Medium,Supervisor,Operations Supervisor,Operator → Supervisor
INC-02072,2025-05-06 21:30:00,SUSTAINABILITY_INCIDENT,Medium,Supervisor,Operations Supervisor,Operator → Supervisor
INC-02073,2025-05-07 03:30:00,SUSTAINABILITY_INCIDENT,Medium,Supervisor,Operations Supervisor,Operator → Supervisor
INC-02074,2025-05-07 04:00:00,SUSTAINABILITY_INCIDENT,Medium,Supervisor,Operations Supervisor,Operator → Supervisor
INC-02075,2025-05-07 04:30:00,SUSTAINABILITY_INCIDENT,Medium,Supervisor,Operations Supervisor,Operator → Supervisor
INC-02076,2025-05-07 05:00:00,SUSTAINABILITY_INCIDENT,Medium,Supervisor,Operations Supervisor,Operator → Supervisor
INC-02077,2025-05-07 05:30:00,SUSTAINABILITY_INCIDENT,Medium,Supervisor,Operations Supervisor,Operator → Supervisor
INC-02078,2025-05-07 17:00:00,SUSTAINABILITY_INCIDENT,Medium,Supervisor,Operations Supervisor,Operator → Supervisor
INC-02079,2025-05-07 17:30:00,SUSTAINABILITY_INCIDENT,Medium,Supervisor,Operations Supervisor,Operator → Supervisor
INC-02080,2025-05-07 18:00:00,SUSTAINABILITY_INCIDENT,Medium,Supervisor,Operations Supervisor,Operator → Supervisor
INC-02081,2025-05-07 18:30:00,SUSTAINABILITY_INCIDENT,Medium,Supervisor,Operations Supervisor,Operator → Supervisor
INC-02082,2025-05-07 19:00:00,SUSTAINABILITY_INCIDENT,Medium,Supervisor,Operations Supervisor,Operator → Supervisor
INC-02083,2025-05-07 19:30:00,SUSTAINABILITY_INCIDENT,Medium,Supervisor,Operations Supervisor,Operator → Supervisor
INC-02084,2025-05-07 20:00:00,SUSTAINABILITY_INCIDENT,Medium,Supervisor,Operations Supervisor,Operator → Supervisor
INC-02085,2025-05-07 20:30:00,SUSTAINABILITY_INCIDENT,Medium,Supervisor,Operations Supervisor,Operator → Supervisor
INC-02086,2025-05-08 17:00:00,SUSTAINABILITY_INCIDENT,Medium,Supervisor,Operations Supervisor,Operator → Supervisor
INC-02087,2025-05-08 17:30:00,SUSTAINABILITY_INCIDENT,Medium,Supervisor,Operations Supervisor,Operator → Supervisor
INC-02088,2025-05-08 18:00:00,SUSTAINABILITY_INCIDENT,Medium,Supervisor,Operations Supervisor,Operator → Supervisor
INC-02089,2025-05-08 18:30:00,SUSTAINABILITY_INCIDENT,Medium,Supervisor,Operations Supervisor,Operator → Supervisor
INC-02090,2025-05-08 19:00:00,SUSTAINABILITY_INCIDENT,Medium,Supervisor,Operations Supervisor,Operator → Supervisor
INC-02091,2025-05-08 19:30:00,SUSTAINABILITY_INCIDENT,Medium,Supervisor,Operations Supervisor,Operator → Supervisor
INC-02092,2025-05-08 20:00:00,SUSTAINABILITY_INCIDENT,Medium,Supervisor,Operations Supervisor,Operator → Supervisor
INC-02093,2025-05-08 20:30:00,SUSTAINABILITY_INCIDENT,Medium,Supervisor,Operations Supervisor,Operator → Supervisor
INC-02094,2025-05-08 21:00:00,SUSTAINABILITY_INCIDENT,Medium,Supervisor,Operations Supervisor,Operator → Supervisor
INC-02095,2025-05-08 21:30:00,SUSTAINABILITY_INCIDENT,Medium,Supervisor,Operations Supervisor,Operator → Supervisor
INC-02096,2025-05-08 22:00:00,SUSTAINABILITY_INCIDENT,Medium,Supervisor,Operations Supervisor,Operator → Supervisor
INC-02097,2025-05-09 11:30:00,OVER_GENERATION_INCIDENT,Low,Operator,Operations Team,Operator
INC-02098,2025-05-09 12:00:00,OVER_GENERATION_INCIDENT,Low,Operator,Operations Team,Operator
INC-02099,2025-05-09 12:30:00,OVER_GENERATION_INCIDENT,Low,Operator,Operations Team,Operator
INC-02100,2025-05-09 13:00:00,OVER_GENERATION_INCIDENT,Low,Operator,Operations Team,Operator
INC-02101,2025-05-09 13:30:00,OVER_GENERATION_INCIDENT,Low,Operator,Operations Team,Operator
INC-02102,2025-05-09 14:00:00,OVER_GENERATION_INCIDENT,Low,Operator,Operations Team,Operator
INC-02103,2025-05-09 14:30:00,OVER_GENERATION_INCIDENT,Low,Operator,Operations Team,Operator
INC-02104,2025-05-09 15:00:00,OVER_GENERATION_INCIDENT,Low,Operator,Operations Team,Operator
INC-02105,2025-05-10 05:00:00,OVER_GENERATION_INCIDENT,Low,Operator,Operations Team,Operator
INC-02106,2025-05-10 05:30:00,OVER_GENERATION_INCIDENT,Low,Operator,Operations Team,Operator
INC-02107,2025-05-10 09:00:00,OVER_GENERATION_INCIDENT,Low,Operator,Operations Team,Operator
INC-02108,2025-05-10 09:30:00,OVER_GENERATION_INCIDENT,Low,Operator,Operations Team,Operator
INC-02109,2025-05-10 10:00:00,OVER_GENERATION_INCIDENT,Low,Operator,Operations Team,Operator
INC-02110,2025-05-10 10:30:00,OVER_GENERATION_INCIDENT,Low,Operator,Operations Team,Operator
INC-02111,2025-05-10 11:00:00,OVER_GENERATION_INCIDENT,Low,Operator,Operations Team,Operator
INC-02112,2025-05-10 11:30:00,OVER_GENERATION_INCIDENT,Low,Operator,Operations Team,Operator
INC-02113,2025-05-10 12:00:00,OVER_GENERATION_INCIDENT,Low,Operator,Operations Team,Operator
INC-02114,2025-05-10 12:30:00,OVER_GENERATION_INCIDENT,Low,Operator,Operations Team,Operator
INC-02115,2025-05-10 13:00:00,OVER_GENERATION_INCIDENT,Low,Operator,Operations Team,Operator
INC-02116,2025-05-10 13:30:00,OVER_GENERATION_INCIDENT,Low,Operator,Operations Team,Operator
INC-02117,2025-05-10 14:00:00,OVER_GENERATION_INCIDENT,Low,Operator,Operations Team,Operator
INC-02118,2025-05-10 14:30:00,OVER_GENERATION_INCIDENT,Low,Operator,Operations Team,Operator
INC-02119,2025-05-10 15:00:00,OVER_GENERATION_INCIDENT,Low,Operator,Operations Team,Operator
INC-02120,2025-05-10 15:30:00,OVER_GENERATION_INCIDENT,Low,Operator,Operations Team,Operator
INC-02121,2025-05-10 16:00:00,OVER_GENERATION_INCIDENT,Low,Operator,Operations Team,Operator
INC-02122,2025-05-10 16:30:00,OVER_GENERATION_INCIDENT,Low,Operator,Operations Team,Operator
INC-02123,2025-05-11 05:00:00,OVER_GENERATION_INCIDENT,Low,Operator,Operations Team,Operator
INC-02124,2025-05-11 05:30:00,OVER_GENERATION_INCIDENT,Low,Operator,Operations Team,Operator
INC-02125,2025-05-11 06:00:00,OVER_GENERATION_INCIDENT,Low,Operator,Operations Team,Operator
INC-02126,2025-05-11 06:30:00,OVER_GENERATION_INCIDENT,Low,Operator,Operations Team,Operator
INC-02127,2025-05-11 07:00:00,OVER_GENERATION_INCIDENT,Low,Operator,Operations Team,Operator
INC-02128,2025-05-11 07:30:00,OVER_GENERATION_INCIDENT,Low,Operator,Operations Team,Operator
INC-02129,2025-05-11 08:00:00,OVER_GENERATION_INCIDENT,Low,Operator,Operations Team,Operator
INC-02130,2025-05-11 08:30:00,OVER_GENERATION_INCIDENT,Low,Operator,Operations Team,Operator
INC-02131,2025-05-11 09:00:00,OVER_GENERATION_INCIDENT,Low,Operator,Operations Team,Operator
INC-02132,2025-05-11 09:30:00,OVER_GENERATION_INCIDENT,Low,Operator,Operations Team,Operator
INC-02133,2025-05-11 10:00:00,OVER_GENERATION_INCIDENT,Low,Operator,Operations Team,Operator
INC-02134,2025-05-11 10:30:00,OVER_GENERATION_INCIDENT,Low,Operator,Operations Team,Operator
INC-02135,2025-05-11 11:00:00,OVER_GENERATION_INCIDENT,Low,Operator,Operations Team,Operator
INC-02136,2025-05-11 11:30:00,OVER_GENERATION_INCIDENT,Low,Operator,Operations Team,Operator
INC-02137,2025-05-11 12:00:00,OVER_GENERATION_INCIDENT,Low,Operator,Operations Team,Operator
INC-02138,2025-05-11 12:30:00,OVER_GENERATION_INCIDENT,Low,Operator,Operations Team,Operator
INC-02139,2025-05-11 13:00:00,OVER_GENERATION_INCIDENT,Low,Operator,Operations Team,Operator
INC-02140,2025-05-11 13:30:00,OVER_GENERATION_INCIDENT,Low,Operator,Operations Team,Operator
INC-02141,2025-05-11 14:00:00,OVER_GENERATION_INCIDENT,Low,Operator,Operations Team,Operator
INC-02142,2025-05-11 14:30:00,OVER_GENERATION_INCIDENT,Low,Operator,Operations Team,Operator
INC-02143,2025-05-11 15:00:00,OVER_GENERATION_INCIDENT,Low,Operator,Operations Team,Operator
INC-02144,2025-05-11 15:30:00,OVER_GENERATION_INCIDENT,Low,Operator,Operations Team,Operator
INC-02145,2025-05-11 16:00:00,OVER_GENERATION_INCIDENT,Low,Operator,Operations Team,Operator
INC-02146,2025-05-12 04:30:00,OVER_GENERATION_INCIDENT,Low,Operator,Operations Team,Operator
INC-02147,2025-05-12 05:00:00,OVER_GENERATION_INCIDENT,Low,Operator,Operations Team,Operator
INC-02148,2025-05-13 12:30:00,OVER_GENERATION_INCIDENT,Low,Operator,Operations Team,Operator
INC-02149,2025-05-13 13:00:00,OVER_GENERATION_INCIDENT,Low,Operator,Operations Team,Operator
INC-02150,2025-05-13 13:30:00,OVER_GENERATION_INCIDENT,Low,Operator,Operations Team,Operator
INC-02151,2025-05-13 14:00:00,OVER_GENERATION_INCIDENT,Low,Operator,Operations Team,Operator
INC-02152,2025-05-13 14:30:00,OVER_GENERATION_INCIDENT,Low,Operator,Operations Team,Operator
INC-02153,2025-05-13 15:00:00,OVER_GENERATION_INCIDENT,Low,Operator,Operations Team,Operator
INC-02154,2025-05-14 03:30:00,OVER_GENERATION_INCIDENT,Low,Operator,Operations Team,Operator
INC-02155,2025-05-14 04:00:00,OVER_GENERATION_INCIDENT,Low,Operator,Operations Team,Operator
INC-02156,2025-05-14 04:30:00,OVER_GENERATION_INCIDENT,Low,Operator,Operations Team,Operator
INC-02157,2025-05-14 05:00:00,OVER_GENERATION_INCIDENT,Low,Operator,Operations Team,Operator
INC-02158,2025-05-14 11:00:00,OVER_GENERATION_INCIDENT,Low,Operator,Operations Team,Operator
INC-02159,2025-05-14 11:30:00,OVER_GENERATION_INCIDENT,Low,Operator,Operations Team,Operator
INC-02160,2025-05-14 12:00:00,OVER_GENERATION_INCIDENT,Low,Operator,Operations Team,Operator
INC-02161,2025-05-14 12:30:00,OVER_GENERATION_INCIDENT,Low,Operator,Operations Team,Operator
INC-02162,2025-05-14 13:00:00,OVER_GENERATION_INCIDENT,Low,Operator,Operations Team,Operator
INC-02163,2025-05-14 13:30:00,OVER_GENERATION_INCIDENT,Low,Operator,Operations Team,Operator
INC-02164,2025-05-14 14:00:00,OVER_GENERATION_INCIDENT,Low,Operator,Operations Team,Operator
INC-02165,2025-05-14 14:30:00,OVER_GENERATION_INCIDENT,Low,Operator,Operations Team,Operator
INC-02166,2025-05-14 15:00:00,OVER_GENERATION_INCIDENT,Low,Operator,Operations Team,Operator
INC-02167,2025-05-14 15:30:00,OVER_GENERATION_INCIDENT,Low,Operator,Operations Team,Operator
INC-02168,2025-05-15 04:00:00,OVER_GENERATION_INCIDENT,Low,Operator,Operations Team,Operator
INC-02169,2025-05-15 04:30:00,OVER_GENERATION_INCIDENT,Low,Operator,Operations Team,Operator
INC-02170,2025-05-16 10:30:00,CURTAILMENT_RISK_INCIDENT,Medium,Supervisor,Operations Supervisor,Operator → Supervisor
INC-02171,2025-05-16 11:00:00,OVER_GENERATION_INCIDENT,Low,Operator,Operations Team,Operator
INC-02172,2025-05-16 11:00:00,CURTAILMENT_RISK_INCIDENT,Medium,Supervisor,Operations Supervisor,Operator → Supervisor
INC-02173,2025-05-16 11:30:00,OVER_GENERATION_INCIDENT,Low,Operator,Operations Team,Operator
INC-02174,2025-05-16 11:30:00,CURTAILMENT_RISK_INCIDENT,Medium,Supervisor,Operations Supervisor,Operator → Supervisor
INC-02175,2025-05-16 12:00:00,OVER_GENERATION_INCIDENT,Low,Operator,Operations Team,Operator
INC-02176,2025-05-16 12:00:00,CURTAILMENT_RISK_INCIDENT,Medium,Supervisor,Operations Supervisor,Operator → Supervisor
INC-02177,2025-05-16 12:30:00,OVER_GENERATION_INCIDENT,Low,Operator,Operations Team,Operator
INC-02178,2025-05-16 12:30:00,CURTAILMENT_RISK_INCIDENT,Medium,Supervisor,Operations Supervisor,Operator → Supervisor
INC-02179,2025-05-16 13:00:00,OVER_GENERATION_INCIDENT,Low,Operator,Operations Team,Operator
INC-02180,2025-05-16 13:00:00,CURTAILMENT_RISK_INCIDENT,Medium,Supervisor,Operations Supervisor,Operator → Supervisor
INC-02181,2025-05-16 13:30:00,OVER_GENERATION_INCIDENT,Low,Operator,Operations Team,Operator
INC-02182,2025-05-16 13:30:00,CURTAILMENT_RISK_INCIDENT,Medium,Supervisor,Operations Supervisor,Operator → Supervisor
INC-02183,2025-05-16 14:00:00,OVER_GENERATION_INCIDENT,Low,Operator,Operations Team,Operator
INC-02184,2025-05-16 14:30:00,OVER_GENERATION_INCIDENT,Low,Operator,Operations Team,Operator
INC-02185,2025-05-16 15:00:00,OVER_GENERATION_INCIDENT,Low,Operator,Operations Team,Operator
INC-02186,2025-05-16 15:30:00,OVER_GENERATION_INCIDENT,Low,Operator,Operations Team,Operator
INC-02187,2025-05-16 16:00:00,OVER_GENERATION_INCIDENT,Low,Operator,Operations Team,Operator
INC-02188,2025-05-17 04:30:00,OVER_GENERATION_INCIDENT,Low,Operator,Operations Team,Operator
INC-02189,2025-05-17 05:00:00,OVER_GENERATION_INCIDENT,Low,Operator,Operations Team,Operator
INC-02190,2025-05-17 05:30:00,OVER_GENERATION_INCIDENT,Low,Operator,Operations Team,Operator
INC-02191,2025-05-17 06:00:00,OVER_GENERATION_INCIDENT,Low,Operator,Operations Team,Operator
INC-02192,2025-05-17 10:30:00,OVER_GENERATION_INCIDENT,Low,Operator,Operations Team,Operator
INC-02193,2025-05-17 11:00:00,OVER_GENERATION_INCIDENT,Low,Operator,Operations Team,Operator
INC-02194,2025-05-17 11:30:00,OVER_GENERATION_INCIDENT,Low,Operator,Operations Team,Operator
INC-02195,2025-05-17 12:00:00,OVER_GENERATION_INCIDENT,Low,Operator,Operations Team,Operator
INC-02196,2025-05-17 12:30:00,OVER_GENERATION_INCIDENT,Low,Operator,Operations Team,Operator
INC-02197,2025-05-17 13:00:00,OVER_GENERATION_INCIDENT,Low,Operator,Operations Team,Operator
INC-02198,2025-05-17 13:30:00,OVER_GENERATION_INCIDENT,Low,Operator,Operations Team,Operator
INC-02199,2025-05-17 14:00:00,OVER_GENERATION_INCIDENT,Low,Operator,Operations Team,Operator
INC-02200,2025-05-17 14:30:00,OVER_GENERATION_INCIDENT,Low,Operator,Operations Team,Operator
INC-02201,2025-05-17 15:00:00,OVER_GENERATION_INCIDENT,Low,Operator,Operations Team,Operator
INC-02202,2025-05-17 15:30:00,OVER_GENERATION_INCIDENT,Low,Operator,Operations Team,Operator
INC-02203,2025-05-17 16:00:00,OVER_GENERATION_INCIDENT,Low,Operator,Operations Team,Operator
INC-02204,2025-05-17 16:30:00,OVER_GENERATION_INCIDENT,Low,Operator,Operations Team,Operator
INC-02205,2025-05-18 03:00:00,OVER_GENERATION_INCIDENT,Low,Operator,Operations Team,Operator
INC-02206,2025-05-18 03:30:00,OVER_GENERATION_INCIDENT,Low,Operator,Operations Team,Operator
INC-02207,2025-05-18 04:00:00,OVER_GENERATION_INCIDENT,Low,Operator,Operations Team,Operator
INC-02208,2025-05-18 04:30:00,OVER_GENERATION_INCIDENT,Low,Operator,Operations Team,Operator
INC-02209,2025-05-18 05:00:00,OVER_GENERATION_INCIDENT,Low,Operator,Operations Team,Operator
INC-02210,2025-05-18 05:30:00,OVER_GENERATION_INCIDENT,Low,Operator,Operations Team,Operator
INC-02211,2025-05-18 06:00:00,OVER_GENERATION_INCIDENT,Low,Operator,Operations Team,Operator
INC-02212,2025-05-18 06:30:00,OVER_GENERATION_INCIDENT,Low,Operator,Operations Team,Operator
INC-02213,2025-05-18 07:00:00,OVER_GENERATION_INCIDENT,Low,Operator,Operations Team,Operator
INC-02214,2025-05-18 07:30:00,OVER_GENERATION_INCIDENT,Low,Operator,Operations Team,Operator
INC-02215,2025-05-18 08:00:00,OVER_GENERATION_INCIDENT,Low,Operator,Operations Team,Operator
INC-02216,2025-05-18 08:30:00,OVER_GENERATION_INCIDENT,Low,Operator,Operations Team,Operator
INC-02217,2025-05-18 09:00:00,OVER_GENERATION_INCIDENT,Low,Operator,Operations Team,Operator
INC-02218,2025-05-18 09:30:00,OVER_GENERATION_INCIDENT,Low,Operator,Operations Team,Operator
INC-02219,2025-05-18 10:00:00,OVER_GENERATION_INCIDENT,Low,Operator,Operations Team,Operator
INC-02220,2025-05-18 10:30:00,OVER_GENERATION_INCIDENT,Low,Operator,Operations Team,Operator
INC-02221,2025-05-18 11:00:00,OVER_GENERATION_INCIDENT,Low,Operator,Operations Team,Operator
INC-02222,2025-05-18 11:30:00,OVER_GENERATION_INCIDENT,Low,Operator,Operations Team,Operator
INC-02223,2025-05-18 12:00:00,OVER_GENERATION_INCIDENT,Low,Operator,Operations Team,Operator
INC-02224,2025-05-18 12:30:00,OVER_GENERATION_INCIDENT,Low,Operator,Operations Team,Operator
INC-02225,2025-05-18 13:00:00,OVER_GENERATION_INCIDENT,Low,Operator,Operations Team,Operator
INC-02226,2025-05-18 13:30:00,OVER_GENERATION_INCIDENT,Low,Operator,Operations Team,Operator
INC-02227,2025-05-18 14:00:00,OVER_GENERATION_INCIDENT,Low,Operator,Operations Team,Operator
INC-02228,2025-05-18 14:30:00,OVER_GENERATION_INCIDENT,Low,Operator,Operations Team,Operator
INC-02229,2025-05-18 15:00:00,OVER_GENERATION_INCIDENT,Low,Operator,Operations Team,Operator
INC-02230,2025-05-18 15:30:00,OVER_GENERATION_INCIDENT,Low,Operator,Operations Team,Operator
INC-02231,2025-05-18 16:00:00,OVER_GENERATION_INCIDENT,Low,Operator,Operations Team,Operator
INC-02232,2025-05-19 02:00:00,OVER_GENERATION_INCIDENT,Low,Operator,Operations Team,Operator
INC-02233,2025-05-19 02:00:00,DEMAND_ANOMALY_INCIDENT,Medium,Supervisor,Operations Supervisor,Operator → Supervisor
INC-02234,2025-05-19 02:30:00,OVER_GENERATION_INCIDENT,Low,Operator,Operations Team,Operator
INC-02235,2025-05-19 02:30:00,DEMAND_ANOMALY_INCIDENT,Medium,Supervisor,Operations Supervisor,Operator → Supervisor
INC-02236,2025-05-19 03:00:00,OVER_GENERATION_INCIDENT,Low,Operator,Operations Team,Operator
INC-02237,2025-05-19 03:00:00,DEMAND_ANOMALY_INCIDENT,Medium,Supervisor,Operations Supervisor,Operator → Supervisor
INC-02238,2025-05-19 03:30:00,OVER_GENERATION_INCIDENT,Low,Operator,Operations Team,Operator
INC-02239,2025-05-19 03:30:00,DEMAND_ANOMALY_INCIDENT,Medium,Supervisor,Operations Supervisor,Operator → Supervisor
INC-02240,2025-05-19 04:00:00,OVER_GENERATION_INCIDENT,Low,Operator,Operations Team,Operator
INC-02241,2025-05-19 04:00:00,DEMAND_ANOMALY_INCIDENT,Medium,Supervisor,Operations Supervisor,Operator → Supervisor
INC-02242,2025-05-19 04:30:00,OVER_GENERATION_INCIDENT,Low,Operator,Operations Team,Operator
INC-02243,2025-05-19 04:30:00,DEMAND_ANOMALY_INCIDENT,Medium,Supervisor,Operations Supervisor,Operator → Supervisor
INC-02244,2025-05-19 05:00:00,OVER_GENERATION_INCIDENT,Low,Operator,Operations Team,Operator
INC-02245,2025-05-19 05:00:00,DEMAND_ANOMALY_INCIDENT,Medium,Supervisor,Operations Supervisor,Operator → Supervisor
INC-02246,2025-05-20 13:00:00,OVER_GENERATION_INCIDENT,Low,Operator,Operations Team,Operator
INC-02247,2025-05-20 13:30:00,OVER_GENERATION_INCIDENT,Low,Operator,Operations Team,Operator
INC-02248,2025-05-20 14:00:00,OVER_GENERATION_INCIDENT,Low,Operator,Operations Team,Operator
INC-02249,2025-05-20 18:00:00,SUSTAINABILITY_INCIDENT,Medium,Supervisor,Operations Supervisor,Operator → Supervisor
INC-02250,2025-05-20 18:30:00,SUSTAINABILITY_INCIDENT,Medium,Supervisor,Operations Supervisor,Operator → Supervisor
INC-02251,2025-05-20 19:00:00,SUSTAINABILITY_INCIDENT,Medium,Supervisor,Operations Supervisor,Operator → Supervisor
INC-02252,2025-05-20 19:30:00,SUSTAINABILITY_INCIDENT,Medium,Supervisor,Operations Supervisor,Operator → Supervisor
INC-02253,2025-05-20 20:00:00,SUSTAINABILITY_INCIDENT,Medium,Supervisor,Operations Supervisor,Operator → Supervisor
INC-02254,2025-05-20 20:30:00,SUSTAINABILITY_INCIDENT,Medium,Supervisor,Operations Supervisor,Operator → Supervisor
INC-02255,2025-05-23 14:30:00,OVER_GENERATION_INCIDENT,Low,Operator,Operations Team,Operator
INC-02256,2025-05-23 15:00:00,OVER_GENERATION_INCIDENT,Low,Operator,Operations Team,Operator
INC-02257,2025-05-24 02:00:00,OVER_GENERATION_INCIDENT,Low,Operator,Operations Team,Operator
INC-02258,2025-05-24 02:30:00,OVER_GENERATION_INCIDENT,Low,Operator,Operations Team,Operator
INC-02259,2025-05-24 03:00:00,OVER_GENERATION_INCIDENT,Low,Operator,Operations Team,Operator
INC-02260,2025-05-24 03:30:00,OVER_GENERATION_INCIDENT,Low,Operator,Operations Team,Operator
INC-02261,2025-05-24 04:00:00,OVER_GENERATION_INCIDENT,Low,Operator,Operations Team,Operator
INC-02262,2025-05-24 04:30:00,OVER_GENERATION_INCIDENT,Low,Operator,Operations Team,Operator
INC-02263,2025-05-24 05:00:00,OVER_GENERATION_INCIDENT,Low,Operator,Operations Team,Operator
INC-02264,2025-05-24 05:30:00,OVER_GENERATION_INCIDENT,Low,Operator,Operations Team,Operator
INC-02265,2025-05-24 06:00:00,OVER_GENERATION_INCIDENT,Low,Operator,Operations Team,Operator
INC-02266,2025-05-24 06:30:00,OVER_GENERATION_INCIDENT,Low,Operator,Operations Team,Operator
INC-02267,2025-05-24 07:00:00,OVER_GENERATION_INCIDENT,Low,Operator,Operations Team,Operator
INC-02268,2025-05-24 12:30:00,CURTAILMENT_RISK_INCIDENT,Medium,Supervisor,Operations Supervisor,Operator → Supervisor
INC-02269,2025-05-24 13:00:00,CURTAILMENT_RISK_INCIDENT,Medium,Supervisor,Operations Supervisor,Operator → Supervisor
INC-02270,2025-05-24 23:30:00,OVER_GENERATION_INCIDENT,Low,Operator,Operations Team,Operator
INC-02271,2025-05-25 00:00:00,OVER_GENERATION_INCIDENT,Low,Operator,Operations Team,Operator
INC-02272,2025-05-25 00:30:00,OVER_GENERATION_INCIDENT,Low,Operator,Operations Team,Operator
INC-02273,2025-05-25 01:00:00,OVER_GENERATION_INCIDENT,Low,Operator,Operations Team,Operator
INC-02274,2025-05-25 01:30:00,OVER_GENERATION_INCIDENT,Low,Operator,Operations Team,Operator
INC-02275,2025-05-25 02:00:00,OVER_GENERATION_INCIDENT,Low,Operator,Operations Team,Operator
INC-02276,2025-05-25 02:30:00,OVER_GENERATION_INCIDENT,Low,Operator,Operations Team,Operator
INC-02277,2025-05-25 03:00:00,OVER_GENERATION_INCIDENT,Low,Operator,Operations Team,Operator
INC-02278,2025-05-25 03:30:00,OVER_GENERATION_INCIDENT,Low,Operator,Operations Team,Operator
INC-02279,2025-05-25 04:00:00,OVER_GENERATION_INCIDENT,Low,Operator,Operations Team,Operator
INC-02280,2025-05-25 04:30:00,OVER_GENERATION_INCIDENT,Low,Operator,Operations Team,Operator
INC-02281,2025-05-25 05:00:00,OVER_GENERATION_INCIDENT,Low,Operator,Operations Team,Operator
INC-02282,2025-05-25 05:30:00,OVER_GENERATION_INCIDENT,Low,Operator,Operations Team,Operator
INC-02283,2025-05-25 06:00:00,OVER_GENERATION_INCIDENT,Low,Operator,Operations Team,Operator
INC-02284,2025-05-25 06:30:00,OVER_GENERATION_INCIDENT,Low,Operator,Operations Team,Operator
INC-02285,2025-05-25 07:00:00,OVER_GENERATION_INCIDENT,Low,Operator,Operations Team,Operator
INC-02286,2025-05-25 07:30:00,OVER_GENERATION_INCIDENT,Low,Operator,Operations Team,Operator
INC-02287,2025-05-25 07:30:00,CURTAILMENT_RISK_INCIDENT,Medium,Supervisor,Operations Supervisor,Operator → Supervisor
INC-02288,2025-05-25 08:00:00,OVER_GENERATION_INCIDENT,Low,Operator,Operations Team,Operator
INC-02289,2025-05-25 08:00:00,CURTAILMENT_RISK_INCIDENT,Medium,Supervisor,Operations Supervisor,Operator → Supervisor
INC-02290,2025-05-25 08:30:00,OVER_GENERATION_INCIDENT,Low,Operator,Operations Team,Operator
INC-02291,2025-05-25 08:30:00,CURTAILMENT_RISK_INCIDENT,Medium,Supervisor,Operations Supervisor,Operator → Supervisor
INC-02292,2025-05-25 09:00:00,OVER_GENERATION_INCIDENT,Low,Operator,Operations Team,Operator
INC-02293,2025-05-25 09:00:00,CURTAILMENT_RISK_INCIDENT,Medium,Supervisor,Operations Supervisor,Operator → Supervisor
INC-02294,2025-05-25 09:30:00,OVER_GENERATION_INCIDENT,Low,Operator,Operations Team,Operator
INC-02295,2025-05-25 09:30:00,CURTAILMENT_RISK_INCIDENT,Medium,Supervisor,Operations Supervisor,Operator → Supervisor
INC-02296,2025-05-25 10:00:00,OVER_GENERATION_INCIDENT,Low,Operator,Operations Team,Operator
INC-02297,2025-05-25 10:00:00,CURTAILMENT_RISK_INCIDENT,Medium,Supervisor,Operations Supervisor,Operator → Supervisor
INC-02298,2025-05-25 10:30:00,OVER_GENERATION_INCIDENT,Low,Operator,Operations Team,Operator
INC-02299,2025-05-25 10:30:00,CURTAILMENT_RISK_INCIDENT,Medium,Supervisor,Operations Supervisor,Operator → Supervisor
INC-02300,2025-05-25 11:00:00,OVER_GENERATION_INCIDENT,Low,Operator,Operations Team,Operator
INC-02301,2025-05-25 11:00:00,CURTAILMENT_RISK_INCIDENT,Medium,Supervisor,Operations Supervisor,Operator → Supervisor
INC-02302,2025-05-25 11:30:00,OVER_GENERATION_INCIDENT,Low,Operator,Operations Team,Operator
INC-02303,2025-05-25 11:30:00,CURTAILMENT_RISK_INCIDENT,Medium,Supervisor,Operations Supervisor,Operator → Supervisor
INC-02304,2025-05-25 12:00:00,OVER_GENERATION_INCIDENT,Low,Operator,Operations Team,Operator
INC-02305,2025-05-25 12:00:00,CURTAILMENT_RISK_INCIDENT,Medium,Supervisor,Operations Supervisor,Operator → Supervisor
INC-02306,2025-05-25 12:30:00,OVER_GENERATION_INCIDENT,Low,Operator,Operations Team,Operator
INC-02307,2025-05-25 12:30:00,CURTAILMENT_RISK_INCIDENT,Medium,Supervisor,Operations Supervisor,Operator → Supervisor
INC-02308,2025-05-25 13:00:00,OVER_GENERATION_INCIDENT,Low,Operator,Operations Team,Operator
INC-02309,2025-05-25 13:00:00,CURTAILMENT_RISK_INCIDENT,Medium,Supervisor,Operations Supervisor,Operator → Supervisor
INC-02310,2025-05-25 13:30:00,OVER_GENERATION_INCIDENT,Low,Operator,Operations Team,Operator
INC-02311,2025-05-25 13:30:00,CURTAILMENT_RISK_INCIDENT,Medium,Supervisor,Operations Supervisor,Operator → Supervisor
INC-02312,2025-05-25 14:00:00,OVER_GENERATION_INCIDENT,Low,Operator,Operations Team,Operator
INC-02313,2025-05-25 14:00:00,CURTAILMENT_RISK_INCIDENT,Medium,Supervisor,Operations Supervisor,Operator → Supervisor
INC-02314,2025-05-25 14:30:00,OVER_GENERATION_INCIDENT,Low,Operator,Operations Team,Operator
INC-02315,2025-05-25 14:30:00,CURTAILMENT_RISK_INCIDENT,Medium,Supervisor,Operations Supervisor,Operator → Supervisor
INC-02316,2025-05-25 15:00:00,OVER_GENERATION_INCIDENT,Low,Operator,Operations Team,Operator
INC-02317,2025-05-25 15:00:00,CURTAILMENT_RISK_INCIDENT,Medium,Supervisor,Operations Supervisor,Operator → Supervisor
INC-02318,2025-05-25 15:30:00,OVER_GENERATION_INCIDENT,Low,Operator,Operations Team,Operator
INC-02319,2025-05-25 15:30:00,CURTAILMENT_RISK_INCIDENT,Medium,Supervisor,Operations Supervisor,Operator → Supervisor
INC-02320,2025-05-25 16:00:00,OVER_GENERATION_INCIDENT,Low,Operator,Operations Team,Operator
INC-02321,2025-05-25 16:00:00,CURTAILMENT_RISK_INCIDENT,Medium,Supervisor,Operations Supervisor,Operator → Supervisor
INC-02322,2025-05-25 16:30:00,OVER_GENERATION_INCIDENT,Low,Operator,Operations Team,Operator
INC-02323,2025-05-25 16:30:00,CURTAILMENT_RISK_INCIDENT,Medium,Supervisor,Operations Supervisor,Operator → Supervisor
INC-02324,2025-05-25 17:00:00,OVER_GENERATION_INCIDENT,Low,Operator,Operations Team,Operator
INC-02325,2025-05-25 17:00:00,CURTAILMENT_RISK_INCIDENT,Medium,Supervisor,Operations Supervisor,Operator → Supervisor
INC-02326,2025-05-25 17:30:00,OVER_GENERATION_INCIDENT,Low,Operator,Operations Team,Operator
INC-02327,2025-05-25 23:30:00,OVER_GENERATION_INCIDENT,Low,Operator,Operations Team,Operator
INC-02328,2025-05-26 00:00:00,OVER_GENERATION_INCIDENT,Low,Operator,Operations Team,Operator
INC-02329,2025-05-26 00:30:00,OVER_GENERATION_INCIDENT,Low,Operator,Operations Team,Operator
INC-02330,2025-05-26 01:00:00,OVER_GENERATION_INCIDENT,Low,Operator,Operations Team,Operator
INC-02331,2025-05-26 01:30:00,OVER_GENERATION_INCIDENT,Low,Operator,Operations Team,Operator
INC-02332,2025-05-26 02:00:00,OVER_GENERATION_INCIDENT,Low,Operator,Operations Team,Operator
INC-02333,2025-05-26 02:30:00,OVER_GENERATION_INCIDENT,Low,Operator,Operations Team,Operator
INC-02334,2025-05-26 03:00:00,OVER_GENERATION_INCIDENT,Low,Operator,Operations Team,Operator
INC-02335,2025-05-26 03:30:00,OVER_GENERATION_INCIDENT,Low,Operator,Operations Team,Operator
INC-02336,2025-05-26 04:00:00,OVER_GENERATION_INCIDENT,Low,Operator,Operations Team,Operator
INC-02337,2025-05-26 04:30:00,OVER_GENERATION_INCIDENT,Low,Operator,Operations Team,Operator
INC-02338,2025-05-26 05:00:00,OVER_GENERATION_INCIDENT,Low,Operator,Operations Team,Operator
INC-02339,2025-05-26 05:30:00,OVER_GENERATION_INCIDENT,Low,Operator,Operations Team,Operator
INC-02340,2025-05-26 06:00:00,OVER_GENERATION_INCIDENT,Low,Operator,Operations Team,Operator
INC-02341,2025-05-26 06:30:00,OVER_GENERATION_INCIDENT,Low,Operator,Operations Team,Operator
INC-02342,2025-05-26 06:30:00,CURTAILMENT_RISK_INCIDENT,Medium,Supervisor,Operations Supervisor,Operator → Supervisor
INC-02343,2025-05-26 07:00:00,OVER_GENERATION_INCIDENT,Low,Operator,Operations Team,Operator
INC-02344,2025-05-26 07:00:00,CURTAILMENT_RISK_INCIDENT,Medium,Supervisor,Operations Supervisor,Operator → Supervisor
INC-02345,2025-05-26 07:30:00,OVER_GENERATION_INCIDENT,Low,Operator,Operations Team,Operator
INC-02346,2025-05-26 07:30:00,CURTAILMENT_RISK_INCIDENT,Medium,Supervisor,Operations Supervisor,Operator → Supervisor
INC-02347,2025-05-26 08:00:00,OVER_GENERATION_INCIDENT,Low,Operator,Operations Team,Operator
INC-02348,2025-05-26 08:00:00,CURTAILMENT_RISK_INCIDENT,Medium,Supervisor,Operations Supervisor,Operator → Supervisor
INC-02349,2025-05-26 08:30:00,OVER_GENERATION_INCIDENT,Low,Operator,Operations Team,Operator
INC-02350,2025-05-26 08:30:00,CURTAILMENT_RISK_INCIDENT,Medium,Supervisor,Operations Supervisor,Operator → Supervisor
INC-02351,2025-05-26 09:00:00,OVER_GENERATION_INCIDENT,Low,Operator,Operations Team,Operator
INC-02352,2025-05-26 09:00:00,CURTAILMENT_RISK_INCIDENT,Medium,Supervisor,Operations Supervisor,Operator → Supervisor
INC-02353,2025-05-26 09:30:00,OVER_GENERATION_INCIDENT,Low,Operator,Operations Team,Operator
INC-02354,2025-05-26 09:30:00,CURTAILMENT_RISK_INCIDENT,Medium,Supervisor,Operations Supervisor,Operator → Supervisor
INC-02355,2025-05-26 10:00:00,OVER_GENERATION_INCIDENT,Low,Operator,Operations Team,Operator
INC-02356,2025-05-26 10:00:00,CURTAILMENT_RISK_INCIDENT,Medium,Supervisor,Operations Supervisor,Operator → Supervisor
INC-02357,2025-05-26 10:30:00,OVER_GENERATION_INCIDENT,Low,Operator,Operations Team,Operator
INC-02358,2025-05-26 10:30:00,CURTAILMENT_RISK_INCIDENT,Medium,Supervisor,Operations Supervisor,Operator → Supervisor
INC-02359,2025-05-26 11:00:00,OVER_GENERATION_INCIDENT,Low,Operator,Operations Team,Operator
INC-02360,2025-05-26 11:00:00,CURTAILMENT_RISK_INCIDENT,Medium,Supervisor,Operations Supervisor,Operator → Supervisor
INC-02361,2025-05-26 11:30:00,OVER_GENERATION_INCIDENT,Low,Operator,Operations Team,Operator
INC-02362,2025-05-26 11:30:00,CURTAILMENT_RISK_INCIDENT,Medium,Supervisor,Operations Supervisor,Operator → Supervisor
INC-02363,2025-05-26 12:00:00,OVER_GENERATION_INCIDENT,Low,Operator,Operations Team,Operator
INC-02364,2025-05-26 12:00:00,CURTAILMENT_RISK_INCIDENT,Medium,Supervisor,Operations Supervisor,Operator → Supervisor
INC-02365,2025-05-26 12:30:00,OVER_GENERATION_INCIDENT,Low,Operator,Operations Team,Operator
INC-02366,2025-05-26 12:30:00,CURTAILMENT_RISK_INCIDENT,Medium,Supervisor,Operations Supervisor,Operator → Supervisor
INC-02367,2025-05-26 13:00:00,OVER_GENERATION_INCIDENT,Low,Operator,Operations Team,Operator
INC-02368,2025-05-26 13:00:00,CURTAILMENT_RISK_INCIDENT,Medium,Supervisor,Operations Supervisor,Operator → Supervisor
INC-02369,2025-05-26 13:30:00,OVER_GENERATION_INCIDENT,Low,Operator,Operations Team,Operator
INC-02370,2025-05-26 13:30:00,CURTAILMENT_RISK_INCIDENT,Medium,Supervisor,Operations Supervisor,Operator → Supervisor
INC-02371,2025-05-26 14:00:00,OVER_GENERATION_INCIDENT,Low,Operator,Operations Team,Operator
INC-02372,2025-05-26 14:00:00,CURTAILMENT_RISK_INCIDENT,Medium,Supervisor,Operations Supervisor,Operator → Supervisor
INC-02373,2025-05-26 14:30:00,OVER_GENERATION_INCIDENT,Low,Operator,Operations Team,Operator
INC-02374,2025-05-26 14:30:00,CURTAILMENT_RISK_INCIDENT,Medium,Supervisor,Operations Supervisor,Operator → Supervisor
INC-02375,2025-05-26 15:00:00,OVER_GENERATION_INCIDENT,Low,Operator,Operations Team,Operator
INC-02376,2025-05-26 15:00:00,CURTAILMENT_RISK_INCIDENT,Medium,Supervisor,Operations Supervisor,Operator → Supervisor
INC-02377,2025-05-26 15:30:00,CURTAILMENT_RISK_INCIDENT,Medium,Supervisor,Operations Supervisor,Operator → Supervisor
INC-02378,2025-05-26 23:00:00,OVER_GENERATION_INCIDENT,Low,Operator,Operations Team,Operator
INC-02379,2025-05-26 23:30:00,OVER_GENERATION_INCIDENT,Low,Operator,Operations Team,Operator
INC-02380,2025-05-27 00:00:00,OVER_GENERATION_INCIDENT,Low,Operator,Operations Team,Operator
INC-02381,2025-05-27 00:30:00,OVER_GENERATION_INCIDENT,Low,Operator,Operations Team,Operator
INC-02382,2025-05-27 01:00:00,OVER_GENERATION_INCIDENT,Low,Operator,Operations Team,Operator
INC-02383,2025-05-27 01:30:00,OVER_GENERATION_INCIDENT,Low,Operator,Operations Team,Operator
INC-02384,2025-05-27 02:00:00,OVER_GENERATION_INCIDENT,Low,Operator,Operations Team,Operator
INC-02385,2025-05-27 02:30:00,OVER_GENERATION_INCIDENT,Low,Operator,Operations Team,Operator
INC-02386,2025-05-27 03:00:00,OVER_GENERATION_INCIDENT,Low,Operator,Operations Team,Operator
INC-02387,2025-05-27 03:30:00,OVER_GENERATION_INCIDENT,Low,Operator,Operations Team,Operator
INC-02388,2025-05-27 04:00:00,OVER_GENERATION_INCIDENT,Low,Operator,Operations Team,Operator
INC-02389,2025-05-27 04:30:00,OVER_GENERATION_INCIDENT,Low,Operator,Operations Team,Operator
INC-02390,2025-05-27 05:00:00,OVER_GENERATION_INCIDENT,Low,Operator,Operations Team,Operator
INC-02391,2025-05-27 05:30:00,OVER_GENERATION_INCIDENT,Low,Operator,Operations Team,Operator
INC-02392,2025-05-27 06:00:00,OVER_GENERATION_INCIDENT,Low,Operator,Operations Team,Operator
INC-02393,2025-05-28 03:30:00,OVER_GENERATION_INCIDENT,Low,Operator,Operations Team,Operator
INC-02394,2025-05-28 04:00:00,OVER_GENERATION_INCIDENT,Low,Operator,Operations Team,Operator
INC-02395,2025-05-28 04:30:00,OVER_GENERATION_INCIDENT,Low,Operator,Operations Team,Operator
INC-02396,2025-05-28 05:00:00,OVER_GENERATION_INCIDENT,Low,Operator,Operations Team,Operator
INC-02397,2025-05-29 02:30:00,OVER_GENERATION_INCIDENT,Low,Operator,Operations Team,Operator
INC-02398,2025-05-29 03:00:00,OVER_GENERATION_INCIDENT,Low,Operator,Operations Team,Operator
INC-02399,2025-05-29 03:30:00,OVER_GENERATION_INCIDENT,Low,Operator,Operations Team,Operator
INC-02400,2025-05-29 04:00:00,OVER_GENERATION_INCIDENT,Low,Operator,Operations Team,Operator
INC-02401,2025-05-29 04:30:00,OVER_GENERATION_INCIDENT,Low,Operator,Operations Team,Operator
INC-02402,2025-05-29 05:00:00,OVER_GENERATION_INCIDENT,Low,Operator,Operations Team,Operator
INC-02403,2025-05-29 05:30:00,OVER_GENERATION_INCIDENT,Low,Operator,Operations Team,Operator
INC-02404,2025-05-29 07:30:00,CURTAILMENT_RISK_INCIDENT,Medium,Supervisor,Operations Supervisor,Operator → Supervisor
INC-02405,2025-05-29 08:00:00,CURTAILMENT_RISK_INCIDENT,Medium,Supervisor,Operations Supervisor,Operator → Supervisor
INC-02406,2025-05-29 08:30:00,CURTAILMENT_RISK_INCIDENT,Medium,Supervisor,Operations Supervisor,Operator → Supervisor
INC-02407,2025-05-29 09:00:00,CURTAILMENT_RISK_INCIDENT,Medium,Supervisor,Operations Supervisor,Operator → Supervisor
INC-02408,2025-05-29 09:30:00,CURTAILMENT_RISK_INCIDENT,Medium,Supervisor,Operations Supervisor,Operator → Supervisor
INC-02409,2025-05-29 10:00:00,CURTAILMENT_RISK_INCIDENT,Medium,Supervisor,Operations Supervisor,Operator → Supervisor
INC-02410,2025-05-29 10:30:00,CURTAILMENT_RISK_INCIDENT,Medium,Supervisor,Operations Supervisor,Operator → Supervisor
INC-02411,2025-05-29 11:00:00,CURTAILMENT_RISK_INCIDENT,Medium,Supervisor,Operations Supervisor,Operator → Supervisor
INC-02412,2025-05-29 11:30:00,CURTAILMENT_RISK_INCIDENT,Medium,Supervisor,Operations Supervisor,Operator → Supervisor
INC-02413,2025-05-29 12:00:00,CURTAILMENT_RISK_INCIDENT,Medium,Supervisor,Operations Supervisor,Operator → Supervisor
INC-02414,2025-05-29 12:30:00,CURTAILMENT_RISK_INCIDENT,Medium,Supervisor,Operations Supervisor,Operator → Supervisor
INC-02415,2025-05-29 13:00:00,CURTAILMENT_RISK_INCIDENT,Medium,Supervisor,Operations Supervisor,Operator → Supervisor
INC-02416,2025-05-29 13:30:00,CURTAILMENT_RISK_INCIDENT,Medium,Supervisor,Operations Supervisor,Operator → Supervisor
INC-02417,2025-05-29 14:00:00,CURTAILMENT_RISK_INCIDENT,Medium,Supervisor,Operations Supervisor,Operator → Supervisor
INC-02418,2025-05-29 14:30:00,CURTAILMENT_RISK_INCIDENT,Medium,Supervisor,Operations Supervisor,Operator → Supervisor
INC-02419,2025-05-29 15:00:00,CURTAILMENT_RISK_INCIDENT,Medium,Supervisor,Operations Supervisor,Operator → Supervisor
INC-02420,2025-05-29 15:30:00,CURTAILMENT_RISK_INCIDENT,Medium,Supervisor,Operations Supervisor,Operator → Supervisor
INC-02421,2025-05-29 16:00:00,CURTAILMENT_RISK_INCIDENT,Medium,Supervisor,Operations Supervisor,Operator → Supervisor
INC-02422,2025-05-29 16:30:00,CURTAILMENT_RISK_INCIDENT,Medium,Supervisor,Operations Supervisor,Operator → Supervisor
INC-02423,2025-05-29 17:00:00,CURTAILMENT_RISK_INCIDENT,Medium,Supervisor,Operations Supervisor,Operator → Supervisor
INC-02424,2025-05-29 17:30:00,CURTAILMENT_RISK_INCIDENT,Medium,Supervisor,Operations Supervisor,Operator → Supervisor
INC-02425,2025-05-30 02:30:00,OVER_GENERATION_INCIDENT,Low,Operator,Operations Team,Operator
INC-02426,2025-05-30 03:00:00,OVER_GENERATION_INCIDENT,Low,Operator,Operations Team,Operator
INC-02427,2025-05-30 03:30:00,OVER_GENERATION_INCIDENT,Low,Operator,Operations Team,Operator
INC-02428,2025-05-30 04:00:00,OVER_GENERATION_INCIDENT,Low,Operator,Operations Team,Operator
INC-02429,2025-05-30 04:30:00,OVER_GENERATION_INCIDENT,Low,Operator,Operations Team,Operator
INC-02430,2025-05-30 05:00:00,OVER_GENERATION_INCIDENT,Low,Operator,Operations Team,Operator
INC-02431,2025-05-30 05:30:00,OVER_GENERATION_INCIDENT,Low,Operator,Operations Team,Operator
INC-02432,2025-05-31 05:30:00,OVER_GENERATION_INCIDENT,Low,Operator,Operations Team,Operator
INC-02433,2025-05-31 06:00:00,OVER_GENERATION_INCIDENT,Low,Operator,Operations Team,Operator
INC-02434,2025-05-31 06:30:00,OVER_GENERATION_INCIDENT,Low,Operator,Operations Team,Operator
INC-02435,2025-05-31 07:00:00,OVER_GENERATION_INCIDENT,Low,Operator,Operations Team,Operator
INC-02436,2025-05-31 07:30:00,OVER_GENERATION_INCIDENT,Low,Operator,Operations Team,Operator
INC-02437,2025-05-31 10:00:00,OVER_GENERATION_INCIDENT,Low,Operator,Operations Team,Operator
INC-02438,2025-05-31 10:30:00,OVER_GENERATION_INCIDENT,Low,Operator,Operations Team,Operator
INC-02439,2025-05-31 11:00:00,OVER_GENERATION_INCIDENT,Low,Operator,Operations Team,Operator
INC-02440,2025-05-31 11:00:00,CURTAILMENT_RISK_INCIDENT,Medium,Supervisor,Operations Supervisor,Operator → Supervisor
INC-02441,2025-05-31 11:30:00,OVER_GENERATION_INCIDENT,Low,Operator,Operations Team,Operator
INC-02442,2025-05-31 11:30:00,CURTAILMENT_RISK_INCIDENT,Medium,Supervisor,Operations Supervisor,Operator → Supervisor
INC-02443,2025-05-31 12:00:00,OVER_GENERATION_INCIDENT,Low,Operator,Operations Team,Operator
INC-02444,2025-05-31 12:00:00,CURTAILMENT_RISK_INCIDENT,Medium,Supervisor,Operations Supervisor,Operator → Supervisor
INC-02445,2025-05-31 12:30:00,OVER_GENERATION_INCIDENT,Low,Operator,Operations Team,Operator
INC-02446,2025-05-31 12:30:00,CURTAILMENT_RISK_INCIDENT,Medium,Supervisor,Operations Supervisor,Operator → Supervisor
INC-02447,2025-05-31 13:00:00,OVER_GENERATION_INCIDENT,Low,Operator,Operations Team,Operator
INC-02448,2025-05-31 13:00:00,CURTAILMENT_RISK_INCIDENT,Medium,Supervisor,Operations Supervisor,Operator → Supervisor
INC-02449,2025-05-31 13:30:00,OVER_GENERATION_INCIDENT,Low,Operator,Operations Team,Operator
INC-02450,2025-05-31 13:30:00,CURTAILMENT_RISK_INCIDENT,Medium,Supervisor,Operations Supervisor,Operator → Supervisor
INC-02451,2025-05-31 14:00:00,OVER_GENERATION_INCIDENT,Low,Operator,Operations Team,Operator
INC-02452,2025-05-31 14:00:00,CURTAILMENT_RISK_INCIDENT,Medium,Supervisor,Operations Supervisor,Operator → Supervisor
INC-02453,2025-05-31 14:30:00,OVER_GENERATION_INCIDENT,Low,Operator,Operations Team,Operator
INC-02454,2025-05-31 15:00:00,OVER_GENERATION_INCIDENT,Low,Operator,Operations Team,Operator
INC-02455,2025-05-31 15:30:00,OVER_GENERATION_INCIDENT,Low,Operator,Operations Team,Operator
INC-02456,2025-05-31 16:00:00,OVER_GENERATION_INCIDENT,Low,Operator,Operations Team,Operator
INC-02457,2025-05-31 16:30:00,OVER_GENERATION_INCIDENT,Low,Operator,Operations Team,Operator
INC-02458,2025-06-01 01:00:00,OVER_GENERATION_INCIDENT,Low,Operator,Operations Team,Operator
INC-02459,2025-06-01 01:30:00,OVER_GENERATION_INCIDENT,Low,Operator,Operations Team,Operator
INC-02460,2025-06-01 02:00:00,OVER_GENERATION_INCIDENT,Low,Operator,Operations Team,Operator
INC-02461,2025-06-01 02:30:00,OVER_GENERATION_INCIDENT,Low,Operator,Operations Team,Operator
INC-02462,2025-06-01 03:00:00,OVER_GENERATION_INCIDENT,Low,Operator,Operations Team,Operator
INC-02463,2025-06-01 03:30:00,OVER_GENERATION_INCIDENT,Low,Operator,Operations Team,Operator
INC-02464,2025-06-01 04:00:00,OVER_GENERATION_INCIDENT,Low,Operator,Operations Team,Operator
INC-02465,2025-06-01 04:30:00,OVER_GENERATION_INCIDENT,Low,Operator,Operations Team,Operator
INC-02466,2025-06-01 05:00:00,OVER_GENERATION_INCIDENT,Low,Operator,Operations Team,Operator
INC-02467,2025-06-01 05:30:00,OVER_GENERATION_INCIDENT,Low,Operator,Operations Team,Operator
INC-02468,2025-06-01 06:00:00,OVER_GENERATION_INCIDENT,Low,Operator,Operations Team,Operator
INC-02469,2025-06-01 06:30:00,OVER_GENERATION_INCIDENT,Low,Operator,Operations Team,Operator
INC-02470,2025-06-01 07:00:00,OVER_GENERATION_INCIDENT,Low,Operator,Operations Team,Operator
INC-02471,2025-06-01 07:30:00,OVER_GENERATION_INCIDENT,Low,Operator,Operations Team,Operator
INC-02472,2025-06-01 08:00:00,OVER_GENERATION_INCIDENT,Low,Operator,Operations Team,Operator
INC-02473,2025-06-01 08:30:00,OVER_GENERATION_INCIDENT,Low,Operator,Operations Team,Operator
INC-02474,2025-06-01 09:00:00,OVER_GENERATION_INCIDENT,Low,Operator,Operations Team,Operator
INC-02475,2025-06-01 09:30:00,OVER_GENERATION_INCIDENT,Low,Operator,Operations Team,Operator
INC-02476,2025-06-01 10:00:00,OVER_GENERATION_INCIDENT,Low,Operator,Operations Team,Operator
INC-02477,2025-06-01 10:00:00,CURTAILMENT_RISK_INCIDENT,Medium,Supervisor,Operations Supervisor,Operator → Supervisor
INC-02478,2025-06-01 10:30:00,OVER_GENERATION_INCIDENT,Low,Operator,Operations Team,Operator
INC-02479,2025-06-01 10:30:00,CURTAILMENT_RISK_INCIDENT,Medium,Supervisor,Operations Supervisor,Operator → Supervisor
INC-02480,2025-06-01 11:00:00,OVER_GENERATION_INCIDENT,Low,Operator,Operations Team,Operator
INC-02481,2025-06-01 11:00:00,CURTAILMENT_RISK_INCIDENT,Medium,Supervisor,Operations Supervisor,Operator → Supervisor
INC-02482,2025-06-01 11:30:00,OVER_GENERATION_INCIDENT,Low,Operator,Operations Team,Operator
INC-02483,2025-06-01 11:30:00,CURTAILMENT_RISK_INCIDENT,Medium,Supervisor,Operations Supervisor,Operator → Supervisor
INC-02484,2025-06-01 12:00:00,OVER_GENERATION_INCIDENT,Low,Operator,Operations Team,Operator
INC-02485,2025-06-01 12:00:00,CURTAILMENT_RISK_INCIDENT,Medium,Supervisor,Operations Supervisor,Operator → Supervisor
INC-02486,2025-06-01 12:30:00,OVER_GENERATION_INCIDENT,Low,Operator,Operations Team,Operator
INC-02487,2025-06-01 12:30:00,CURTAILMENT_RISK_INCIDENT,Medium,Supervisor,Operations Supervisor,Operator → Supervisor
INC-02488,2025-06-01 13:00:00,OVER_GENERATION_INCIDENT,Low,Operator,Operations Team,Operator
INC-02489,2025-06-01 13:00:00,CURTAILMENT_RISK_INCIDENT,Medium,Supervisor,Operations Supervisor,Operator → Supervisor
INC-02490,2025-06-01 13:30:00,OVER_GENERATION_INCIDENT,Low,Operator,Operations Team,Operator
INC-02491,2025-06-01 13:30:00,CURTAILMENT_RISK_INCIDENT,Medium,Supervisor,Operations Supervisor,Operator → Supervisor
INC-02492,2025-06-01 14:00:00,OVER_GENERATION_INCIDENT,Low,Operator,Operations Team,Operator
INC-02493,2025-06-01 14:00:00,CURTAILMENT_RISK_INCIDENT,Medium,Supervisor,Operations Supervisor,Operator → Supervisor
INC-02494,2025-06-01 14:30:00,OVER_GENERATION_INCIDENT,Low,Operator,Operations Team,Operator
INC-02495,2025-06-01 14:30:00,CURTAILMENT_RISK_INCIDENT,Medium,Supervisor,Operations Supervisor,Operator → Supervisor
INC-02496,2025-06-01 15:00:00,OVER_GENERATION_INCIDENT,Low,Operator,Operations Team,Operator
INC-02497,2025-06-01 15:00:00,CURTAILMENT_RISK_INCIDENT,Medium,Supervisor,Operations Supervisor,Operator → Supervisor
INC-02498,2025-06-01 15:30:00,OVER_GENERATION_INCIDENT,Low,Operator,Operations Team,Operator
INC-02499,2025-06-01 15:30:00,CURTAILMENT_RISK_INCIDENT,Medium,Supervisor,Operations Supervisor,Operator → Supervisor
INC-02500,2025-06-01 16:00:00,OVER_GENERATION_INCIDENT,Low,Operator,Operations Team,Operator
INC-02501,2025-06-01 16:00:00,CURTAILMENT_RISK_INCIDENT,Medium,Supervisor,Operations Supervisor,Operator → Supervisor
INC-02502,2025-06-01 16:30:00,CURTAILMENT_RISK_INCIDENT,Medium,Supervisor,Operations Supervisor,Operator → Supervisor
INC-02503,2025-06-02 01:30:00,OVER_GENERATION_INCIDENT,Low,Operator,Operations Team,Operator
INC-02504,2025-06-02 02:00:00,OVER_GENERATION_INCIDENT,Low,Operator,Operations Team,Operator
INC-02505,2025-06-02 02:30:00,OVER_GENERATION_INCIDENT,Low,Operator,Operations Team,Operator
INC-02506,2025-06-02 03:00:00,OVER_GENERATION_INCIDENT,Low,Operator,Operations Team,Operator
INC-02507,2025-06-02 03:30:00,OVER_GENERATION_INCIDENT,Low,Operator,Operations Team,Operator
INC-02508,2025-06-02 04:00:00,OVER_GENERATION_INCIDENT,Low,Operator,Operations Team,Operator
INC-02509,2025-06-02 04:30:00,OVER_GENERATION_INCIDENT,Low,Operator,Operations Team,Operator
INC-02510,2025-06-02 05:00:00,OVER_GENERATION_INCIDENT,Low,Operator,Operations Team,Operator
INC-02511,2025-06-02 05:30:00,OVER_GENERATION_INCIDENT,Low,Operator,Operations Team,Operator
INC-02512,2025-06-02 23:30:00,OVER_GENERATION_INCIDENT,Low,Operator,Operations Team,Operator
INC-02513,2025-06-03 00:00:00,OVER_GENERATION_INCIDENT,Low,Operator,Operations Team,Operator
INC-02514,2025-06-03 00:30:00,OVER_GENERATION_INCIDENT,Low,Operator,Operations Team,Operator
INC-02515,2025-06-03 01:00:00,OVER_GENERATION_INCIDENT,Low,Operator,Operations Team,Operator
INC-02516,2025-06-03 01:30:00,OVER_GENERATION_INCIDENT,Low,Operator,Operations Team,Operator
INC-02517,2025-06-03 02:00:00,OVER_GENERATION_INCIDENT,Low,Operator,Operations Team,Operator
INC-02518,2025-06-03 02:30:00,OVER_GENERATION_INCIDENT,Low,Operator,Operations Team,Operator
INC-02519,2025-06-03 03:00:00,OVER_GENERATION_INCIDENT,Low,Operator,Operations Team,Operator
INC-02520,2025-06-03 03:30:00,OVER_GENERATION_INCIDENT,Low,Operator,Operations Team,Operator
INC-02521,2025-06-03 04:00:00,OVER_GENERATION_INCIDENT,Low,Operator,Operations Team,Operator
INC-02522,2025-06-03 04:30:00,OVER_GENERATION_INCIDENT,Low,Operator,Operations Team,Operator
INC-02523,2025-06-03 05:00:00,OVER_GENERATION_INCIDENT,Low,Operator,Operations Team,Operator
INC-02524,2025-06-03 05:30:00,OVER_GENERATION_INCIDENT,Low,Operator,Operations Team,Operator
INC-02525,2025-06-03 06:00:00,OVER_GENERATION_INCIDENT,Low,Operator,Operations Team,Operator
INC-02526,2025-06-03 06:30:00,CURTAILMENT_RISK_INCIDENT,Medium,Supervisor,Operations Supervisor,Operator → Supervisor
INC-02527,2025-06-03 07:00:00,CURTAILMENT_RISK_INCIDENT,Medium,Supervisor,Operations Supervisor,Operator → Supervisor
INC-02528,2025-06-03 07:30:00,CURTAILMENT_RISK_INCIDENT,Medium,Supervisor,Operations Supervisor,Operator → Supervisor
INC-02529,2025-06-03 08:00:00,CURTAILMENT_RISK_INCIDENT,Medium,Supervisor,Operations Supervisor,Operator → Supervisor
INC-02530,2025-06-03 08:30:00,CURTAILMENT_RISK_INCIDENT,Medium,Supervisor,Operations Supervisor,Operator → Supervisor
INC-02531,2025-06-03 09:00:00,CURTAILMENT_RISK_INCIDENT,Medium,Supervisor,Operations Supervisor,Operator → Supervisor
INC-02532,2025-06-03 09:30:00,CURTAILMENT_RISK_INCIDENT,Medium,Supervisor,Operations Supervisor,Operator → Supervisor
INC-02533,2025-06-03 10:00:00,CURTAILMENT_RISK_INCIDENT,Medium,Supervisor,Operations Supervisor,Operator → Supervisor
INC-02534,2025-06-03 10:30:00,CURTAILMENT_RISK_INCIDENT,Medium,Supervisor,Operations Supervisor,Operator → Supervisor
INC-02535,2025-06-03 11:00:00,CURTAILMENT_RISK_INCIDENT,Medium,Supervisor,Operations Supervisor,Operator → Supervisor
INC-02536,2025-06-03 11:30:00,CURTAILMENT_RISK_INCIDENT,Medium,Supervisor,Operations Supervisor,Operator → Supervisor
INC-02537,2025-06-03 12:00:00,CURTAILMENT_RISK_INCIDENT,Medium,Supervisor,Operations Supervisor,Operator → Supervisor
INC-02538,2025-06-03 12:30:00,CURTAILMENT_RISK_INCIDENT,Medium,Supervisor,Operations Supervisor,Operator → Supervisor
INC-02539,2025-06-03 13:00:00,CURTAILMENT_RISK_INCIDENT,Medium,Supervisor,Operations Supervisor,Operator → Supervisor
INC-02540,2025-06-03 13:30:00,CURTAILMENT_RISK_INCIDENT,Medium,Supervisor,Operations Supervisor,Operator → Supervisor
INC-02541,2025-06-03 14:00:00,CURTAILMENT_RISK_INCIDENT,Medium,Supervisor,Operations Supervisor,Operator → Supervisor
INC-02542,2025-06-03 14:30:00,OVER_GENERATION_INCIDENT,Low,Operator,Operations Team,Operator
INC-02543,2025-06-03 14:30:00,CURTAILMENT_RISK_INCIDENT,Medium,Supervisor,Operations Supervisor,Operator → Supervisor
INC-02544,2025-06-03 15:00:00,OVER_GENERATION_INCIDENT,Low,Operator,Operations Team,Operator
INC-02545,2025-06-03 15:00:00,CURTAILMENT_RISK_INCIDENT,Medium,Supervisor,Operations Supervisor,Operator → Supervisor
INC-02546,2025-06-03 15:30:00,CURTAILMENT_RISK_INCIDENT,Medium,Supervisor,Operations Supervisor,Operator → Supervisor
INC-02547,2025-06-03 16:00:00,CURTAILMENT_RISK_INCIDENT,Medium,Supervisor,Operations Supervisor,Operator → Supervisor
INC-02548,2025-06-03 16:30:00,CURTAILMENT_RISK_INCIDENT,Medium,Supervisor,Operations Supervisor,Operator → Supervisor
INC-02549,2025-06-03 17:00:00,CURTAILMENT_RISK_INCIDENT,Medium,Supervisor,Operations Supervisor,Operator → Supervisor
INC-02550,2025-06-04 02:00:00,OVER_GENERATION_INCIDENT,Low,Operator,Operations Team,Operator
INC-02551,2025-06-04 02:30:00,OVER_GENERATION_INCIDENT,Low,Operator,Operations Team,Operator
INC-02552,2025-06-04 03:00:00,OVER_GENERATION_INCIDENT,Low,Operator,Operations Team,Operator
INC-02553,2025-06-04 03:30:00,OVER_GENERATION_INCIDENT,Low,Operator,Operations Team,Operator
INC-02554,2025-06-04 04:00:00,OVER_GENERATION_INCIDENT,Low,Operator,Operations Team,Operator
INC-02555,2025-06-04 04:30:00,OVER_GENERATION_INCIDENT,Low,Operator,Operations Team,Operator
INC-02556,2025-06-04 05:00:00,OVER_GENERATION_INCIDENT,Low,Operator,Operations Team,Operator
INC-02557,2025-06-04 05:30:00,OVER_GENERATION_INCIDENT,Low,Operator,Operations Team,Operator
INC-02558,2025-06-04 08:30:00,CURTAILMENT_RISK_INCIDENT,Medium,Supervisor,Operations Supervisor,Operator → Supervisor
INC-02559,2025-06-04 09:00:00,CURTAILMENT_RISK_INCIDENT,Medium,Supervisor,Operations Supervisor,Operator → Supervisor
INC-02560,2025-06-04 09:30:00,CURTAILMENT_RISK_INCIDENT,Medium,Supervisor,Operations Supervisor,Operator → Supervisor
INC-02561,2025-06-04 10:00:00,CURTAILMENT_RISK_INCIDENT,Medium,Supervisor,Operations Supervisor,Operator → Supervisor
INC-02562,2025-06-04 10:30:00,CURTAILMENT_RISK_INCIDENT,Medium,Supervisor,Operations Supervisor,Operator → Supervisor
INC-02563,2025-06-04 11:00:00,CURTAILMENT_RISK_INCIDENT,Medium,Supervisor,Operations Supervisor,Operator → Supervisor
INC-02564,2025-06-04 11:30:00,CURTAILMENT_RISK_INCIDENT,Medium,Supervisor,Operations Supervisor,Operator → Supervisor
INC-02565,2025-06-04 12:00:00,CURTAILMENT_RISK_INCIDENT,Medium,Supervisor,Operations Supervisor,Operator → Supervisor
INC-02566,2025-06-04 12:30:00,CURTAILMENT_RISK_INCIDENT,Medium,Supervisor,Operations Supervisor,Operator → Supervisor
INC-02567,2025-06-04 13:00:00,CURTAILMENT_RISK_INCIDENT,Medium,Supervisor,Operations Supervisor,Operator → Supervisor
INC-02568,2025-06-04 13:30:00,CURTAILMENT_RISK_INCIDENT,Medium,Supervisor,Operations Supervisor,Operator → Supervisor
INC-02569,2025-06-04 14:00:00,OVER_GENERATION_INCIDENT,Low,Operator,Operations Team,Operator
INC-02570,2025-06-04 14:00:00,CURTAILMENT_RISK_INCIDENT,Medium,Supervisor,Operations Supervisor,Operator → Supervisor
INC-02571,2025-06-04 14:30:00,OVER_GENERATION_INCIDENT,Low,Operator,Operations Team,Operator
INC-02572,2025-06-04 14:30:00,CURTAILMENT_RISK_INCIDENT,Medium,Supervisor,Operations Supervisor,Operator → Supervisor
INC-02573,2025-06-04 15:00:00,OVER_GENERATION_INCIDENT,Low,Operator,Operations Team,Operator
INC-02574,2025-06-04 15:00:00,CURTAILMENT_RISK_INCIDENT,Medium,Supervisor,Operations Supervisor,Operator → Supervisor
INC-02575,2025-06-04 15:30:00,CURTAILMENT_RISK_INCIDENT,Medium,Supervisor,Operations Supervisor,Operator → Supervisor
INC-02576,2025-06-05 02:30:00,OVER_GENERATION_INCIDENT,Low,Operator,Operations Team,Operator
INC-02577,2025-06-05 03:00:00,OVER_GENERATION_INCIDENT,Low,Operator,Operations Team,Operator
INC-02578,2025-06-05 03:30:00,OVER_GENERATION_INCIDENT,Low,Operator,Operations Team,Operator
INC-02579,2025-06-05 04:00:00,OVER_GENERATION_INCIDENT,Low,Operator,Operations Team,Operator
INC-02580,2025-06-05 04:30:00,OVER_GENERATION_INCIDENT,Low,Operator,Operations Team,Operator
INC-02581,2025-06-05 05:00:00,OVER_GENERATION_INCIDENT,Low,Operator,Operations Team,Operator
INC-02582,2025-06-06 04:30:00,OVER_GENERATION_INCIDENT,Low,Operator,Operations Team,Operator
INC-02583,2025-06-06 15:00:00,OVER_GENERATION_INCIDENT,Low,Operator,Operations Team,Operator
INC-02584,2025-06-07 03:30:00,DEMAND_ANOMALY_INCIDENT,Medium,Supervisor,Operations Supervisor,Operator → Supervisor
INC-02585,2025-06-07 04:00:00,DEMAND_ANOMALY_INCIDENT,Medium,Supervisor,Operations Supervisor,Operator → Supervisor
INC-02586,2025-06-07 04:30:00,DEMAND_ANOMALY_INCIDENT,Medium,Supervisor,Operations Supervisor,Operator → Supervisor
INC-02587,2025-06-07 05:00:00,OVER_GENERATION_INCIDENT,Low,Operator,Operations Team,Operator
INC-02588,2025-06-07 05:00:00,DEMAND_ANOMALY_INCIDENT,Medium,Supervisor,Operations Supervisor,Operator → Supervisor
INC-02589,2025-06-07 05:30:00,OVER_GENERATION_INCIDENT,Low,Operator,Operations Team,Operator
INC-02590,2025-06-07 05:30:00,DEMAND_ANOMALY_INCIDENT,Medium,Supervisor,Operations Supervisor,Operator → Supervisor
INC-02591,2025-06-07 06:00:00,OVER_GENERATION_INCIDENT,Low,Operator,Operations Team,Operator
INC-02592,2025-06-07 06:00:00,DEMAND_ANOMALY_INCIDENT,Medium,Supervisor,Operations Supervisor,Operator → Supervisor
INC-02593,2025-06-07 06:30:00,OVER_GENERATION_INCIDENT,Low,Operator,Operations Team,Operator
INC-02594,2025-06-07 06:30:00,DEMAND_ANOMALY_INCIDENT,Medium,Supervisor,Operations Supervisor,Operator → Supervisor
INC-02595,2025-06-08 01:00:00,OVER_GENERATION_INCIDENT,Low,Operator,Operations Team,Operator
INC-02596,2025-06-08 01:30:00,OVER_GENERATION_INCIDENT,Low,Operator,Operations Team,Operator
INC-02597,2025-06-08 02:00:00,OVER_GENERATION_INCIDENT,Low,Operator,Operations Team,Operator
INC-02598,2025-06-08 02:30:00,OVER_GENERATION_INCIDENT,Low,Operator,Operations Team,Operator
INC-02599,2025-06-08 03:00:00,OVER_GENERATION_INCIDENT,Low,Operator,Operations Team,Operator
INC-02600,2025-06-08 03:30:00,OVER_GENERATION_INCIDENT,Low,Operator,Operations Team,Operator
INC-02601,2025-06-08 04:00:00,OVER_GENERATION_INCIDENT,Low,Operator,Operations Team,Operator
INC-02602,2025-06-08 04:30:00,OVER_GENERATION_INCIDENT,Low,Operator,Operations Team,Operator
INC-02603,2025-06-08 05:00:00,OVER_GENERATION_INCIDENT,Low,Operator,Operations Team,Operator
INC-02604,2025-06-08 05:30:00,OVER_GENERATION_INCIDENT,Low,Operator,Operations Team,Operator
INC-02605,2025-06-08 06:00:00,OVER_GENERATION_INCIDENT,Low,Operator,Operations Team,Operator
INC-02606,2025-06-08 06:30:00,OVER_GENERATION_INCIDENT,Low,Operator,Operations Team,Operator
INC-02607,2025-06-08 07:00:00,OVER_GENERATION_INCIDENT,Low,Operator,Operations Team,Operator
INC-02608,2025-06-08 07:30:00,OVER_GENERATION_INCIDENT,Low,Operator,Operations Team,Operator
INC-02609,2025-06-08 08:00:00,OVER_GENERATION_INCIDENT,Low,Operator,Operations Team,Operator
INC-02610,2025-06-08 08:30:00,OVER_GENERATION_INCIDENT,Low,Operator,Operations Team,Operator
INC-02611,2025-06-08 09:00:00,OVER_GENERATION_INCIDENT,Low,Operator,Operations Team,Operator
INC-02612,2025-06-08 09:30:00,OVER_GENERATION_INCIDENT,Low,Operator,Operations Team,Operator
INC-02613,2025-06-08 10:00:00,OVER_GENERATION_INCIDENT,Low,Operator,Operations Team,Operator
INC-02614,2025-06-08 10:30:00,OVER_GENERATION_INCIDENT,Low,Operator,Operations Team,Operator
INC-02615,2025-06-08 11:00:00,OVER_GENERATION_INCIDENT,Low,Operator,Operations Team,Operator
INC-02616,2025-06-08 11:30:00,OVER_GENERATION_INCIDENT,Low,Operator,Operations Team,Operator
INC-02617,2025-06-08 12:00:00,OVER_GENERATION_INCIDENT,Low,Operator,Operations Team,Operator
INC-02618,2025-06-08 12:30:00,OVER_GENERATION_INCIDENT,Low,Operator,Operations Team,Operator
INC-02619,2025-06-08 13:00:00,OVER_GENERATION_INCIDENT,Low,Operator,Operations Team,Operator
INC-02620,2025-06-08 13:30:00,OVER_GENERATION_INCIDENT,Low,Operator,Operations Team,Operator
INC-02621,2025-06-08 14:00:00,OVER_GENERATION_INCIDENT,Low,Operator,Operations Team,Operator
INC-02622,2025-06-08 14:30:00,OVER_GENERATION_INCIDENT,Low,Operator,Operations Team,Operator
INC-02623,2025-06-08 15:00:00,OVER_GENERATION_INCIDENT,Low,Operator,Operations Team,Operator
INC-02624,2025-06-09 04:00:00,OVER_GENERATION_INCIDENT,Low,Operator,Operations Team,Operator
INC-02625,2025-06-09 04:30:00,OVER_GENERATION_INCIDENT,Low,Operator,Operations Team,Operator
INC-02626,2025-06-09 05:00:00,OVER_GENERATION_INCIDENT,Low,Operator,Operations Team,Operator
INC-02627,2025-06-10 01:00:00,OVER_GENERATION_INCIDENT,Low,Operator,Operations Team,Operator
INC-02628,2025-06-10 01:30:00,OVER_GENERATION_INCIDENT,Low,Operator,Operations Team,Operator
INC-02629,2025-06-10 02:00:00,OVER_GENERATION_INCIDENT,Low,Operator,Operations Team,Operator
INC-02630,2025-06-10 02:30:00,OVER_GENERATION_INCIDENT,Low,Operator,Operations Team,Operator
INC-02631,2025-06-10 03:00:00,OVER_GENERATION_INCIDENT,Low,Operator,Operations Team,Operator
INC-02632,2025-06-10 03:30:00,OVER_GENERATION_INCIDENT,Low,Operator,Operations Team,Operator
INC-02633,2025-06-10 04:00:00,OVER_GENERATION_INCIDENT,Low,Operator,Operations Team,Operator
INC-02634,2025-06-10 04:30:00,OVER_GENERATION_INCIDENT,Low,Operator,Operations Team,Operator
INC-02635,2025-06-10 05:00:00,OVER_GENERATION_INCIDENT,Low,Operator,Operations Team,Operator
INC-02636,2025-06-10 05:30:00,OVER_GENERATION_INCIDENT,Low,Operator,Operations Team,Operator
INC-02637,2025-06-10 08:00:00,CURTAILMENT_RISK_INCIDENT,Medium,Supervisor,Operations Supervisor,Operator → Supervisor
INC-02638,2025-06-10 08:30:00,CURTAILMENT_RISK_INCIDENT,Medium,Supervisor,Operations Supervisor,Operator → Supervisor
INC-02639,2025-06-10 09:00:00,CURTAILMENT_RISK_INCIDENT,Medium,Supervisor,Operations Supervisor,Operator → Supervisor
INC-02640,2025-06-10 09:30:00,CURTAILMENT_RISK_INCIDENT,Medium,Supervisor,Operations Supervisor,Operator → Supervisor
INC-02641,2025-06-10 10:00:00,CURTAILMENT_RISK_INCIDENT,Medium,Supervisor,Operations Supervisor,Operator → Supervisor
INC-02642,2025-06-10 10:30:00,CURTAILMENT_RISK_INCIDENT,Medium,Supervisor,Operations Supervisor,Operator → Supervisor
INC-02643,2025-06-10 11:00:00,CURTAILMENT_RISK_INCIDENT,Medium,Supervisor,Operations Supervisor,Operator → Supervisor
INC-02644,2025-06-10 19:00:00,SUSTAINABILITY_INCIDENT,Medium,Supervisor,Operations Supervisor,Operator → Supervisor
INC-02645,2025-06-10 19:30:00,SUSTAINABILITY_INCIDENT,Medium,Supervisor,Operations Supervisor,Operator → Supervisor
INC-02646,2025-06-10 20:00:00,SUSTAINABILITY_INCIDENT,Medium,Supervisor,Operations Supervisor,Operator → Supervisor
INC-02647,2025-06-10 20:30:00,SUSTAINABILITY_INCIDENT,Medium,Supervisor,Operations Supervisor,Operator → Supervisor
INC-02648,2025-06-10 21:00:00,SUSTAINABILITY_INCIDENT,Medium,Supervisor,Operations Supervisor,Operator → Supervisor
INC-02649,2025-06-10 21:30:00,SUSTAINABILITY_INCIDENT,Medium,Supervisor,Operations Supervisor,Operator → Supervisor
INC-02650,2025-06-11 04:30:00,OVER_GENERATION_INCIDENT,Low,Operator,Operations Team,Operator
INC-02651,2025-06-11 04:30:00,DEMAND_ANOMALY_INCIDENT,Medium,Supervisor,Operations Supervisor,Operator → Supervisor
INC-02652,2025-06-12 03:00:00,OVER_GENERATION_INCIDENT,Low,Operator,Operations Team,Operator
INC-02653,2025-06-12 03:30:00,OVER_GENERATION_INCIDENT,Low,Operator,Operations Team,Operator
INC-02654,2025-06-12 04:00:00,OVER_GENERATION_INCIDENT,Low,Operator,Operations Team,Operator
INC-02655,2025-06-12 04:30:00,OVER_GENERATION_INCIDENT,Low,Operator,Operations Team,Operator
INC-02656,2025-06-12 05:00:00,OVER_GENERATION_INCIDENT,Low,Operator,Operations Team,Operator
INC-02657,2025-06-12 05:30:00,OVER_GENERATION_INCIDENT,Low,Operator,Operations Team,Operator
INC-02658,2025-06-12 08:00:00,CURTAILMENT_RISK_INCIDENT,Medium,Supervisor,Operations Supervisor,Operator → Supervisor
INC-02659,2025-06-12 08:30:00,CURTAILMENT_RISK_INCIDENT,Medium,Supervisor,Operations Supervisor,Operator → Supervisor
INC-02660,2025-06-12 09:00:00,CURTAILMENT_RISK_INCIDENT,Medium,Supervisor,Operations Supervisor,Operator → Supervisor
INC-02661,2025-06-12 09:30:00,CURTAILMENT_RISK_INCIDENT,Medium,Supervisor,Operations Supervisor,Operator → Supervisor
INC-02662,2025-06-12 10:00:00,CURTAILMENT_RISK_INCIDENT,Medium,Supervisor,Operations Supervisor,Operator → Supervisor
INC-02663,2025-06-12 10:30:00,CURTAILMENT_RISK_INCIDENT,Medium,Supervisor,Operations Supervisor,Operator → Supervisor
INC-02664,2025-06-12 11:00:00,CURTAILMENT_RISK_INCIDENT,Medium,Supervisor,Operations Supervisor,Operator → Supervisor
INC-02665,2025-06-12 11:30:00,CURTAILMENT_RISK_INCIDENT,Medium,Supervisor,Operations Supervisor,Operator → Supervisor
INC-02666,2025-06-12 12:00:00,CURTAILMENT_RISK_INCIDENT,Medium,Supervisor,Operations Supervisor,Operator → Supervisor
INC-02667,2025-06-12 12:30:00,CURTAILMENT_RISK_INCIDENT,Medium,Supervisor,Operations Supervisor,Operator → Supervisor
INC-02668,2025-06-12 13:00:00,CURTAILMENT_RISK_INCIDENT,Medium,Supervisor,Operations Supervisor,Operator → Supervisor
INC-02669,2025-06-12 13:30:00,CURTAILMENT_RISK_INCIDENT,Medium,Supervisor,Operations Supervisor,Operator → Supervisor
INC-02670,2025-06-12 14:00:00,CURTAILMENT_RISK_INCIDENT,Medium,Supervisor,Operations Supervisor,Operator → Supervisor
INC-02671,2025-06-12 14:30:00,CURTAILMENT_RISK_INCIDENT,Medium,Supervisor,Operations Supervisor,Operator → Supervisor
INC-02672,2025-06-12 15:00:00,CURTAILMENT_RISK_INCIDENT,Medium,Supervisor,Operations Supervisor,Operator → Supervisor
INC-02673,2025-06-12 15:30:00,CURTAILMENT_RISK_INCIDENT,Medium,Supervisor,Operations Supervisor,Operator → Supervisor
INC-02674,2025-06-12 16:00:00,CURTAILMENT_RISK_INCIDENT,Medium,Supervisor,Operations Supervisor,Operator → Supervisor
INC-02675,2025-06-13 03:00:00,OVER_GENERATION_INCIDENT,Low,Operator,Operations Team,Operator
INC-02676,2025-06-13 04:00:00,OVER_GENERATION_INCIDENT,Low,Operator,Operations Team,Operator
INC-02677,2025-06-13 04:30:00,OVER_GENERATION_INCIDENT,Low,Operator,Operations Team,Operator
INC-02678,2025-06-13 05:00:00,OVER_GENERATION_INCIDENT,Low,Operator,Operations Team,Operator
INC-02679,2025-06-13 05:30:00,OVER_GENERATION_INCIDENT,Low,Operator,Operations Team,Operator
INC-02680,2025-06-13 10:00:00,CURTAILMENT_RISK_INCIDENT,Medium,Supervisor,Operations Supervisor,Operator → Supervisor
INC-02681,2025-06-13 10:30:00,CURTAILMENT_RISK_INCIDENT,Medium,Supervisor,Operations Supervisor,Operator → Supervisor
INC-02682,2025-06-13 11:00:00,CURTAILMENT_RISK_INCIDENT,Medium,Supervisor,Operations Supervisor,Operator → Supervisor
INC-02683,2025-06-13 11:30:00,CURTAILMENT_RISK_INCIDENT,Medium,Supervisor,Operations Supervisor,Operator → Supervisor
INC-02684,2025-06-13 13:30:00,OVER_GENERATION_INCIDENT,Low,Operator,Operations Team,Operator
INC-02685,2025-06-13 14:00:00,OVER_GENERATION_INCIDENT,Low,Operator,Operations Team,Operator
INC-02686,2025-06-13 14:30:00,OVER_GENERATION_INCIDENT,Low,Operator,Operations Team,Operator
INC-02687,2025-06-14 05:00:00,OVER_GENERATION_INCIDENT,Low,Operator,Operations Team,Operator
INC-02688,2025-06-14 05:30:00,OVER_GENERATION_INCIDENT,Low,Operator,Operations Team,Operator
INC-02689,2025-06-14 06:00:00,OVER_GENERATION_INCIDENT,Low,Operator,Operations Team,Operator
INC-02690,2025-06-14 06:30:00,OVER_GENERATION_INCIDENT,Low,Operator,Operations Team,Operator
INC-02691,2025-06-14 10:30:00,OVER_GENERATION_INCIDENT,Low,Operator,Operations Team,Operator
INC-02692,2025-06-14 11:00:00,OVER_GENERATION_INCIDENT,Low,Operator,Operations Team,Operator
INC-02693,2025-06-14 11:30:00,OVER_GENERATION_INCIDENT,Low,Operator,Operations Team,Operator
INC-02694,2025-06-14 11:30:00,CURTAILMENT_RISK_INCIDENT,Medium,Supervisor,Operations Supervisor,Operator → Supervisor
INC-02695,2025-06-14 12:00:00,OVER_GENERATION_INCIDENT,Low,Operator,Operations Team,Operator
INC-02696,2025-06-14 12:00:00,CURTAILMENT_RISK_INCIDENT,Medium,Supervisor,Operations Supervisor,Operator → Supervisor
INC-02697,2025-06-14 12:30:00,OVER_GENERATION_INCIDENT,Low,Operator,Operations Team,Operator
INC-02698,2025-06-14 12:30:00,CURTAILMENT_RISK_INCIDENT,Medium,Supervisor,Operations Supervisor,Operator → Supervisor
INC-02699,2025-06-14 13:00:00,OVER_GENERATION_INCIDENT,Low,Operator,Operations Team,Operator
INC-02700,2025-06-14 13:00:00,CURTAILMENT_RISK_INCIDENT,Medium,Supervisor,Operations Supervisor,Operator → Supervisor
INC-02701,2025-06-14 13:30:00,OVER_GENERATION_INCIDENT,Low,Operator,Operations Team,Operator
INC-02702,2025-06-14 13:30:00,CURTAILMENT_RISK_INCIDENT,Medium,Supervisor,Operations Supervisor,Operator → Supervisor
INC-02703,2025-06-14 14:00:00,OVER_GENERATION_INCIDENT,Low,Operator,Operations Team,Operator
INC-02704,2025-06-14 14:00:00,CURTAILMENT_RISK_INCIDENT,Medium,Supervisor,Operations Supervisor,Operator → Supervisor
INC-02705,2025-06-14 14:30:00,OVER_GENERATION_INCIDENT,Low,Operator,Operations Team,Operator
INC-02706,2025-06-14 15:00:00,OVER_GENERATION_INCIDENT,Low,Operator,Operations Team,Operator
INC-02707,2025-06-14 15:30:00,OVER_GENERATION_INCIDENT,Low,Operator,Operations Team,Operator
INC-02708,2025-06-14 16:00:00,OVER_GENERATION_INCIDENT,Low,Operator,Operations Team,Operator
INC-02709,2025-06-14 16:30:00,OVER_GENERATION_INCIDENT,Low,Operator,Operations Team,Operator
INC-02710,2025-06-15 02:30:00,OVER_GENERATION_INCIDENT,Low,Operator,Operations Team,Operator
INC-02711,2025-06-15 03:00:00,OVER_GENERATION_INCIDENT,Low,Operator,Operations Team,Operator
INC-02712,2025-06-15 03:30:00,OVER_GENERATION_INCIDENT,Low,Operator,Operations Team,Operator
INC-02713,2025-06-15 04:00:00,OVER_GENERATION_INCIDENT,Low,Operator,Operations Team,Operator
INC-02714,2025-06-15 04:30:00,OVER_GENERATION_INCIDENT,Low,Operator,Operations Team,Operator
INC-02715,2025-06-15 05:00:00,OVER_GENERATION_INCIDENT,Low,Operator,Operations Team,Operator
INC-02716,2025-06-15 05:30:00,OVER_GENERATION_INCIDENT,Low,Operator,Operations Team,Operator
INC-02717,2025-06-15 06:00:00,OVER_GENERATION_INCIDENT,Low,Operator,Operations Team,Operator
INC-02718,2025-06-15 06:30:00,OVER_GENERATION_INCIDENT,Low,Operator,Operations Team,Operator
INC-02719,2025-06-15 07:00:00,OVER_GENERATION_INCIDENT,Low,Operator,Operations Team,Operator
INC-02720,2025-06-15 07:30:00,OVER_GENERATION_INCIDENT,Low,Operator,Operations Team,Operator
INC-02721,2025-06-15 08:00:00,OVER_GENERATION_INCIDENT,Low,Operator,Operations Team,Operator
INC-02722,2025-06-15 08:30:00,OVER_GENERATION_INCIDENT,Low,Operator,Operations Team,Operator
INC-02723,2025-06-15 09:00:00,OVER_GENERATION_INCIDENT,Low,Operator,Operations Team,Operator
INC-02724,2025-06-15 09:30:00,OVER_GENERATION_INCIDENT,Low,Operator,Operations Team,Operator
INC-02725,2025-06-15 10:00:00,OVER_GENERATION_INCIDENT,Low,Operator,Operations Team,Operator
INC-02726,2025-06-15 10:30:00,OVER_GENERATION_INCIDENT,Low,Operator,Operations Team,Operator
INC-02727,2025-06-15 11:00:00,OVER_GENERATION_INCIDENT,Low,Operator,Operations Team,Operator
INC-02728,2025-06-15 11:30:00,OVER_GENERATION_INCIDENT,Low,Operator,Operations Team,Operator
INC-02729,2025-06-15 12:00:00,OVER_GENERATION_INCIDENT,Low,Operator,Operations Team,Operator
INC-02730,2025-06-15 12:30:00,OVER_GENERATION_INCIDENT,Low,Operator,Operations Team,Operator
INC-02731,2025-06-15 13:00:00,OVER_GENERATION_INCIDENT,Low,Operator,Operations Team,Operator
INC-02732,2025-06-15 13:30:00,OVER_GENERATION_INCIDENT,Low,Operator,Operations Team,Operator
INC-02733,2025-06-15 14:00:00,OVER_GENERATION_INCIDENT,Low,Operator,Operations Team,Operator
INC-02734,2025-06-15 14:30:00,OVER_GENERATION_INCIDENT,Low,Operator,Operations Team,Operator
INC-02735,2025-06-15 15:00:00,OVER_GENERATION_INCIDENT,Low,Operator,Operations Team,Operator
INC-02736,2025-06-15 15:30:00,OVER_GENERATION_INCIDENT,Low,Operator,Operations Team,Operator
INC-02737,2025-06-15 16:00:00,OVER_GENERATION_INCIDENT,Low,Operator,Operations Team,Operator
INC-02738,2025-06-16 02:00:00,OVER_GENERATION_INCIDENT,Low,Operator,Operations Team,Operator
INC-02739,2025-06-16 02:30:00,OVER_GENERATION_INCIDENT,Low,Operator,Operations Team,Operator
INC-02740,2025-06-16 03:00:00,OVER_GENERATION_INCIDENT,Low,Operator,Operations Team,Operator
INC-02741,2025-06-16 03:30:00,OVER_GENERATION_INCIDENT,Low,Operator,Operations Team,Operator
INC-02742,2025-06-16 04:00:00,OVER_GENERATION_INCIDENT,Low,Operator,Operations Team,Operator
INC-02743,2025-06-16 04:30:00,OVER_GENERATION_INCIDENT,Low,Operator,Operations Team,Operator
INC-02744,2025-06-16 05:00:00,OVER_GENERATION_INCIDENT,Low,Operator,Operations Team,Operator
INC-02745,2025-06-16 05:30:00,OVER_GENERATION_INCIDENT,Low,Operator,Operations Team,Operator
INC-02746,2025-06-17 03:00:00,OVER_GENERATION_INCIDENT,Low,Operator,Operations Team,Operator
INC-02747,2025-06-17 03:30:00,OVER_GENERATION_INCIDENT,Low,Operator,Operations Team,Operator
INC-02748,2025-06-17 04:00:00,OVER_GENERATION_INCIDENT,Low,Operator,Operations Team,Operator
INC-02749,2025-06-17 04:30:00,OVER_GENERATION_INCIDENT,Low,Operator,Operations Team,Operator
INC-02750,2025-06-17 05:00:00,OVER_GENERATION_INCIDENT,Low,Operator,Operations Team,Operator
INC-02751,2025-06-17 05:30:00,OVER_GENERATION_INCIDENT,Low,Operator,Operations Team,Operator
INC-02752,2025-06-17 10:30:00,CURTAILMENT_RISK_INCIDENT,Medium,Supervisor,Operations Supervisor,Operator → Supervisor
INC-02753,2025-06-17 11:00:00,CURTAILMENT_RISK_INCIDENT,Medium,Supervisor,Operations Supervisor,Operator → Supervisor
INC-02754,2025-06-17 11:30:00,CURTAILMENT_RISK_INCIDENT,Medium,Supervisor,Operations Supervisor,Operator → Supervisor
INC-02755,2025-06-17 12:00:00,CURTAILMENT_RISK_INCIDENT,Medium,Supervisor,Operations Supervisor,Operator → Supervisor
INC-02756,2025-06-17 12:30:00,CURTAILMENT_RISK_INCIDENT,Medium,Supervisor,Operations Supervisor,Operator → Supervisor
INC-02757,2025-06-18 19:30:00,SUSTAINABILITY_INCIDENT,Medium,Supervisor,Operations Supervisor,Operator → Supervisor
INC-02758,2025-06-18 20:00:00,SUSTAINABILITY_INCIDENT,Medium,Supervisor,Operations Supervisor,Operator → Supervisor
INC-02759,2025-06-18 20:30:00,SUSTAINABILITY_INCIDENT,Medium,Supervisor,Operations Supervisor,Operator → Supervisor
INC-02760,2025-06-18 21:00:00,SUSTAINABILITY_INCIDENT,Medium,Supervisor,Operations Supervisor,Operator → Supervisor
INC-02761,2025-06-18 21:30:00,SUSTAINABILITY_INCIDENT,Medium,Supervisor,Operations Supervisor,Operator → Supervisor
INC-02762,2025-06-18 22:00:00,SUSTAINABILITY_INCIDENT,Medium,Supervisor,Operations Supervisor,Operator → Supervisor
INC-02763,2025-06-21 05:00:00,OVER_GENERATION_INCIDENT,Low,Operator,Operations Team,Operator
INC-02764,2025-06-21 05:30:00,OVER_GENERATION_INCIDENT,Low,Operator,Operations Team,Operator
INC-02765,2025-06-22 02:30:00,OVER_GENERATION_INCIDENT,Low,Operator,Operations Team,Operator
INC-02766,2025-06-22 03:00:00,OVER_GENERATION_INCIDENT,Low,Operator,Operations Team,Operator
INC-02767,2025-06-22 03:30:00,OVER_GENERATION_INCIDENT,Low,Operator,Operations Team,Operator
INC-02768,2025-06-22 04:00:00,OVER_GENERATION_INCIDENT,Low,Operator,Operations Team,Operator
INC-02769,2025-06-22 04:30:00,OVER_GENERATION_INCIDENT,Low,Operator,Operations Team,Operator
INC-02770,2025-06-22 05:00:00,OVER_GENERATION_INCIDENT,Low,Operator,Operations Team,Operator
INC-02771,2025-06-22 05:30:00,OVER_GENERATION_INCIDENT,Low,Operator,Operations Team,Operator
INC-02772,2025-06-22 06:00:00,OVER_GENERATION_INCIDENT,Low,Operator,Operations Team,Operator
INC-02773,2025-06-22 06:30:00,OVER_GENERATION_INCIDENT,Low,Operator,Operations Team,Operator
INC-02774,2025-06-22 07:00:00,OVER_GENERATION_INCIDENT,Low,Operator,Operations Team,Operator
INC-02775,2025-06-22 07:30:00,OVER_GENERATION_INCIDENT,Low,Operator,Operations Team,Operator
INC-02776,2025-06-22 08:00:00,OVER_GENERATION_INCIDENT,Low,Operator,Operations Team,Operator
INC-02777,2025-06-22 08:30:00,OVER_GENERATION_INCIDENT,Low,Operator,Operations Team,Operator
INC-02778,2025-06-22 09:00:00,OVER_GENERATION_INCIDENT,Low,Operator,Operations Team,Operator
INC-02779,2025-06-22 09:30:00,OVER_GENERATION_INCIDENT,Low,Operator,Operations Team,Operator
INC-02780,2025-06-22 09:30:00,CURTAILMENT_RISK_INCIDENT,Medium,Supervisor,Operations Supervisor,Operator → Supervisor
INC-02781,2025-06-22 10:00:00,OVER_GENERATION_INCIDENT,Low,Operator,Operations Team,Operator
INC-02782,2025-06-22 10:00:00,CURTAILMENT_RISK_INCIDENT,Medium,Supervisor,Operations Supervisor,Operator → Supervisor
INC-02783,2025-06-22 10:30:00,OVER_GENERATION_INCIDENT,Low,Operator,Operations Team,Operator
INC-02784,2025-06-22 10:30:00,CURTAILMENT_RISK_INCIDENT,Medium,Supervisor,Operations Supervisor,Operator → Supervisor
INC-02785,2025-06-22 11:00:00,OVER_GENERATION_INCIDENT,Low,Operator,Operations Team,Operator
INC-02786,2025-06-22 11:00:00,CURTAILMENT_RISK_INCIDENT,Medium,Supervisor,Operations Supervisor,Operator → Supervisor
INC-02787,2025-06-22 11:30:00,OVER_GENERATION_INCIDENT,Low,Operator,Operations Team,Operator
INC-02788,2025-06-22 11:30:00,CURTAILMENT_RISK_INCIDENT,Medium,Supervisor,Operations Supervisor,Operator → Supervisor
INC-02789,2025-06-22 12:00:00,OVER_GENERATION_INCIDENT,Low,Operator,Operations Team,Operator
INC-02790,2025-06-22 12:00:00,CURTAILMENT_RISK_INCIDENT,Medium,Supervisor,Operations Supervisor,Operator → Supervisor
INC-02791,2025-06-22 12:30:00,OVER_GENERATION_INCIDENT,Low,Operator,Operations Team,Operator
INC-02792,2025-06-22 12:30:00,CURTAILMENT_RISK_INCIDENT,Medium,Supervisor,Operations Supervisor,Operator → Supervisor
INC-02793,2025-06-22 13:00:00,OVER_GENERATION_INCIDENT,Low,Operator,Operations Team,Operator
INC-02794,2025-06-22 13:00:00,CURTAILMENT_RISK_INCIDENT,Medium,Supervisor,Operations Supervisor,Operator → Supervisor
INC-02795,2025-06-22 13:30:00,OVER_GENERATION_INCIDENT,Low,Operator,Operations Team,Operator
INC-02796,2025-06-22 13:30:00,CURTAILMENT_RISK_INCIDENT,Medium,Supervisor,Operations Supervisor,Operator → Supervisor
INC-02797,2025-06-22 14:00:00,OVER_GENERATION_INCIDENT,Low,Operator,Operations Team,Operator
INC-02798,2025-06-22 14:00:00,CURTAILMENT_RISK_INCIDENT,Medium,Supervisor,Operations Supervisor,Operator → Supervisor
INC-02799,2025-06-22 14:30:00,OVER_GENERATION_INCIDENT,Low,Operator,Operations Team,Operator
INC-02800,2025-06-22 14:30:00,CURTAILMENT_RISK_INCIDENT,Medium,Supervisor,Operations Supervisor,Operator → Supervisor
INC-02801,2025-06-22 15:00:00,OVER_GENERATION_INCIDENT,Low,Operator,Operations Team,Operator
INC-02802,2025-06-22 15:00:00,CURTAILMENT_RISK_INCIDENT,Medium,Supervisor,Operations Supervisor,Operator → Supervisor
INC-02803,2025-06-22 15:30:00,OVER_GENERATION_INCIDENT,Low,Operator,Operations Team,Operator
INC-02804,2025-06-22 15:30:00,CURTAILMENT_RISK_INCIDENT,Medium,Supervisor,Operations Supervisor,Operator → Supervisor
INC-02805,2025-06-22 16:00:00,CURTAILMENT_RISK_INCIDENT,Medium,Supervisor,Operations Supervisor,Operator → Supervisor
INC-02806,2025-06-23 00:30:00,OVER_GENERATION_INCIDENT,Low,Operator,Operations Team,Operator
INC-02807,2025-06-23 01:00:00,OVER_GENERATION_INCIDENT,Low,Operator,Operations Team,Operator
INC-02808,2025-06-23 01:30:00,OVER_GENERATION_INCIDENT,Low,Operator,Operations Team,Operator
INC-02809,2025-06-23 02:00:00,OVER_GENERATION_INCIDENT,Low,Operator,Operations Team,Operator
INC-02810,2025-06-23 02:30:00,OVER_GENERATION_INCIDENT,Low,Operator,Operations Team,Operator
INC-02811,2025-06-23 03:00:00,OVER_GENERATION_INCIDENT,Low,Operator,Operations Team,Operator
INC-02812,2025-06-23 03:30:00,OVER_GENERATION_INCIDENT,Low,Operator,Operations Team,Operator
INC-02813,2025-06-23 04:00:00,OVER_GENERATION_INCIDENT,Low,Operator,Operations Team,Operator
INC-02814,2025-06-23 04:30:00,OVER_GENERATION_INCIDENT,Low,Operator,Operations Team,Operator
INC-02815,2025-06-23 05:00:00,OVER_GENERATION_INCIDENT,Low,Operator,Operations Team,Operator
INC-02816,2025-06-23 05:30:00,OVER_GENERATION_INCIDENT,Low,Operator,Operations Team,Operator
INC-02817,2025-06-23 06:00:00,OVER_GENERATION_INCIDENT,Low,Operator,Operations Team,Operator
INC-02818,2025-06-23 06:00:00,CURTAILMENT_RISK_INCIDENT,Medium,Supervisor,Operations Supervisor,Operator → Supervisor
INC-02819,2025-06-23 06:30:00,CURTAILMENT_RISK_INCIDENT,Medium,Supervisor,Operations Supervisor,Operator → Supervisor
INC-02820,2025-06-23 07:00:00,CURTAILMENT_RISK_INCIDENT,Medium,Supervisor,Operations Supervisor,Operator → Supervisor
INC-02821,2025-06-23 07:30:00,CURTAILMENT_RISK_INCIDENT,Medium,Supervisor,Operations Supervisor,Operator → Supervisor
INC-02822,2025-06-23 08:00:00,CURTAILMENT_RISK_INCIDENT,Medium,Supervisor,Operations Supervisor,Operator → Supervisor
INC-02823,2025-06-23 08:30:00,CURTAILMENT_RISK_INCIDENT,Medium,Supervisor,Operations Supervisor,Operator → Supervisor
INC-02824,2025-06-23 09:00:00,CURTAILMENT_RISK_INCIDENT,Medium,Supervisor,Operations Supervisor,Operator → Supervisor
INC-02825,2025-06-23 09:30:00,CURTAILMENT_RISK_INCIDENT,Medium,Supervisor,Operations Supervisor,Operator → Supervisor
INC-02826,2025-06-23 10:00:00,CURTAILMENT_RISK_INCIDENT,Medium,Supervisor,Operations Supervisor,Operator → Supervisor
INC-02827,2025-06-23 10:30:00,CURTAILMENT_RISK_INCIDENT,Medium,Supervisor,Operations Supervisor,Operator → Supervisor
INC-02828,2025-06-23 11:00:00,CURTAILMENT_RISK_INCIDENT,Medium,Supervisor,Operations Supervisor,Operator → Supervisor
INC-02829,2025-06-23 11:30:00,CURTAILMENT_RISK_INCIDENT,Medium,Supervisor,Operations Supervisor,Operator → Supervisor
INC-02830,2025-06-23 12:00:00,CURTAILMENT_RISK_INCIDENT,Medium,Supervisor,Operations Supervisor,Operator → Supervisor
INC-02831,2025-06-23 12:30:00,CURTAILMENT_RISK_INCIDENT,Medium,Supervisor,Operations Supervisor,Operator → Supervisor
INC-02832,2025-06-23 13:00:00,CURTAILMENT_RISK_INCIDENT,Medium,Supervisor,Operations Supervisor,Operator → Supervisor
INC-02833,2025-06-23 13:30:00,OVER_GENERATION_INCIDENT,Low,Operator,Operations Team,Operator
INC-02834,2025-06-23 13:30:00,CURTAILMENT_RISK_INCIDENT,Medium,Supervisor,Operations Supervisor,Operator → Supervisor
INC-02835,2025-06-23 14:00:00,OVER_GENERATION_INCIDENT,Low,Operator,Operations Team,Operator
INC-02836,2025-06-23 14:00:00,CURTAILMENT_RISK_INCIDENT,Medium,Supervisor,Operations Supervisor,Operator → Supervisor
INC-02837,2025-06-23 14:30:00,OVER_GENERATION_INCIDENT,Low,Operator,Operations Team,Operator
INC-02838,2025-06-23 14:30:00,CURTAILMENT_RISK_INCIDENT,Medium,Supervisor,Operations Supervisor,Operator → Supervisor
INC-02839,2025-06-23 15:00:00,OVER_GENERATION_INCIDENT,Low,Operator,Operations Team,Operator
INC-02840,2025-06-23 15:00:00,CURTAILMENT_RISK_INCIDENT,Medium,Supervisor,Operations Supervisor,Operator → Supervisor
INC-02841,2025-06-23 15:30:00,OVER_GENERATION_INCIDENT,Low,Operator,Operations Team,Operator
INC-02842,2025-06-23 15:30:00,CURTAILMENT_RISK_INCIDENT,Medium,Supervisor,Operations Supervisor,Operator → Supervisor
INC-02843,2025-06-23 16:00:00,CURTAILMENT_RISK_INCIDENT,Medium,Supervisor,Operations Supervisor,Operator → Supervisor
INC-02844,2025-06-23 16:30:00,CURTAILMENT_RISK_INCIDENT,Medium,Supervisor,Operations Supervisor,Operator → Supervisor
INC-02845,2025-06-23 17:00:00,CURTAILMENT_RISK_INCIDENT,Medium,Supervisor,Operations Supervisor,Operator → Supervisor
INC-02846,2025-06-24 01:00:00,OVER_GENERATION_INCIDENT,Low,Operator,Operations Team,Operator
INC-02847,2025-06-24 01:30:00,OVER_GENERATION_INCIDENT,Low,Operator,Operations Team,Operator
INC-02848,2025-06-24 02:00:00,OVER_GENERATION_INCIDENT,Low,Operator,Operations Team,Operator
INC-02849,2025-06-24 02:30:00,OVER_GENERATION_INCIDENT,Low,Operator,Operations Team,Operator
INC-02850,2025-06-24 03:00:00,OVER_GENERATION_INCIDENT,Low,Operator,Operations Team,Operator
INC-02851,2025-06-24 03:30:00,OVER_GENERATION_INCIDENT,Low,Operator,Operations Team,Operator
INC-02852,2025-06-24 04:00:00,OVER_GENERATION_INCIDENT,Low,Operator,Operations Team,Operator
INC-02853,2025-06-24 04:30:00,OVER_GENERATION_INCIDENT,Low,Operator,Operations Team,Operator
INC-02854,2025-06-24 05:00:00,OVER_GENERATION_INCIDENT,Low,Operator,Operations Team,Operator
INC-02855,2025-06-24 05:30:00,OVER_GENERATION_INCIDENT,Low,Operator,Operations Team,Operator
INC-02856,2025-06-24 08:30:00,CURTAILMENT_RISK_INCIDENT,Medium,Supervisor,Operations Supervisor,Operator → Supervisor
INC-02857,2025-06-24 09:00:00,CURTAILMENT_RISK_INCIDENT,Medium,Supervisor,Operations Supervisor,Operator → Supervisor
INC-02858,2025-06-24 09:30:00,CURTAILMENT_RISK_INCIDENT,Medium,Supervisor,Operations Supervisor,Operator → Supervisor
INC-02859,2025-06-24 10:00:00,CURTAILMENT_RISK_INCIDENT,Medium,Supervisor,Operations Supervisor,Operator → Supervisor
INC-02860,2025-06-24 10:30:00,CURTAILMENT_RISK_INCIDENT,Medium,Supervisor,Operations Supervisor,Operator → Supervisor
INC-02861,2025-06-24 11:00:00,CURTAILMENT_RISK_INCIDENT,Medium,Supervisor,Operations Supervisor,Operator → Supervisor
INC-02862,2025-06-24 11:30:00,CURTAILMENT_RISK_INCIDENT,Medium,Supervisor,Operations Supervisor,Operator → Supervisor
INC-02863,2025-06-24 12:00:00,CURTAILMENT_RISK_INCIDENT,Medium,Supervisor,Operations Supervisor,Operator → Supervisor
INC-02864,2025-06-24 12:30:00,CURTAILMENT_RISK_INCIDENT,Medium,Supervisor,Operations Supervisor,Operator → Supervisor
INC-02865,2025-06-24 13:00:00,CURTAILMENT_RISK_INCIDENT,Medium,Supervisor,Operations Supervisor,Operator → Supervisor
INC-02866,2025-06-24 13:30:00,CURTAILMENT_RISK_INCIDENT,Medium,Supervisor,Operations Supervisor,Operator → Supervisor
INC-02867,2025-06-24 14:00:00,CURTAILMENT_RISK_INCIDENT,Medium,Supervisor,Operations Supervisor,Operator → Supervisor
INC-02868,2025-06-24 14:30:00,CURTAILMENT_RISK_INCIDENT,Medium,Supervisor,Operations Supervisor,Operator → Supervisor
INC-02869,2025-06-24 15:00:00,CURTAILMENT_RISK_INCIDENT,Medium,Supervisor,Operations Supervisor,Operator → Supervisor
INC-02870,2025-06-24 15:30:00,CURTAILMENT_RISK_INCIDENT,Medium,Supervisor,Operations Supervisor,Operator → Supervisor
INC-02871,2025-06-24 16:00:00,CURTAILMENT_RISK_INCIDENT,Medium,Supervisor,Operations Supervisor,Operator → Supervisor
INC-02872,2025-06-26 09:30:00,CURTAILMENT_RISK_INCIDENT,Medium,Supervisor,Operations Supervisor,Operator → Supervisor
INC-02873,2025-06-26 10:00:00,CURTAILMENT_RISK_INCIDENT,Medium,Supervisor,Operations Supervisor,Operator → Supervisor
INC-02874,2025-06-26 10:30:00,CURTAILMENT_RISK_INCIDENT,Medium,Supervisor,Operations Supervisor,Operator → Supervisor
INC-02875,2025-06-26 11:00:00,CURTAILMENT_RISK_INCIDENT,Medium,Supervisor,Operations Supervisor,Operator → Supervisor
INC-02876,2025-06-26 11:30:00,CURTAILMENT_RISK_INCIDENT,Medium,Supervisor,Operations Supervisor,Operator → Supervisor
INC-02877,2025-06-26 12:00:00,CURTAILMENT_RISK_INCIDENT,Medium,Supervisor,Operations Supervisor,Operator → Supervisor
INC-02878,2025-06-26 12:30:00,CURTAILMENT_RISK_INCIDENT,Medium,Supervisor,Operations Supervisor,Operator → Supervisor
INC-02879,2025-06-26 13:00:00,CURTAILMENT_RISK_INCIDENT,Medium,Supervisor,Operations Supervisor,Operator → Supervisor
INC-02880,2025-06-26 13:30:00,OVER_GENERATION_INCIDENT,Low,Operator,Operations Team,Operator
INC-02881,2025-06-26 13:30:00,CURTAILMENT_RISK_INCIDENT,Medium,Supervisor,Operations Supervisor,Operator → Supervisor
INC-02882,2025-06-26 14:00:00,OVER_GENERATION_INCIDENT,Low,Operator,Operations Team,Operator
INC-02883,2025-06-26 14:00:00,CURTAILMENT_RISK_INCIDENT,Medium,Supervisor,Operations Supervisor,Operator → Supervisor
INC-02884,2025-06-26 14:30:00,OVER_GENERATION_INCIDENT,Low,Operator,Operations Team,Operator
INC-02885,2025-06-26 14:30:00,CURTAILMENT_RISK_INCIDENT,Medium,Supervisor,Operations Supervisor,Operator → Supervisor
INC-02886,2025-06-26 15:00:00,OVER_GENERATION_INCIDENT,Low,Operator,Operations Team,Operator
INC-02887,2025-06-26 15:00:00,CURTAILMENT_RISK_INCIDENT,Medium,Supervisor,Operations Supervisor,Operator → Supervisor
INC-02888,2025-06-26 15:30:00,OVER_GENERATION_INCIDENT,Low,Operator,Operations Team,Operator
INC-02889,2025-06-26 15:30:00,CURTAILMENT_RISK_INCIDENT,Medium,Supervisor,Operations Supervisor,Operator → Supervisor
INC-02890,2025-06-26 16:00:00,CURTAILMENT_RISK_INCIDENT,Medium,Supervisor,Operations Supervisor,Operator → Supervisor
INC-02891,2025-06-26 16:30:00,CURTAILMENT_RISK_INCIDENT,Medium,Supervisor,Operations Supervisor,Operator → Supervisor
INC-02892,2025-06-26 17:00:00,CURTAILMENT_RISK_INCIDENT,Medium,Supervisor,Operations Supervisor,Operator → Supervisor
INC-02893,2025-06-27 03:30:00,OVER_GENERATION_INCIDENT,Low,Operator,Operations Team,Operator
INC-02894,2025-06-27 04:00:00,OVER_GENERATION_INCIDENT,Low,Operator,Operations Team,Operator
INC-02895,2025-06-27 04:30:00,OVER_GENERATION_INCIDENT,Low,Operator,Operations Team,Operator
INC-02896,2025-06-27 05:00:00,OVER_GENERATION_INCIDENT,Low,Operator,Operations Team,Operator
INC-02897,2025-06-27 05:30:00,OVER_GENERATION_INCIDENT,Low,Operator,Operations Team,Operator
INC-02898,2025-06-27 09:00:00,CURTAILMENT_RISK_INCIDENT,Medium,Supervisor,Operations Supervisor,Operator → Supervisor
INC-02899,2025-06-27 09:30:00,CURTAILMENT_RISK_INCIDENT,Medium,Supervisor,Operations Supervisor,Operator → Supervisor
INC-02900,2025-06-27 10:00:00,CURTAILMENT_RISK_INCIDENT,Medium,Supervisor,Operations Supervisor,Operator → Supervisor
INC-02901,2025-06-27 10:30:00,CURTAILMENT_RISK_INCIDENT,Medium,Supervisor,Operations Supervisor,Operator → Supervisor
INC-02902,2025-06-27 11:00:00,CURTAILMENT_RISK_INCIDENT,Medium,Supervisor,Operations Supervisor,Operator → Supervisor
INC-02903,2025-06-27 11:30:00,CURTAILMENT_RISK_INCIDENT,Medium,Supervisor,Operations Supervisor,Operator → Supervisor
INC-02904,2025-06-27 12:00:00,CURTAILMENT_RISK_INCIDENT,Medium,Supervisor,Operations Supervisor,Operator → Supervisor
INC-02905,2025-06-27 12:30:00,CURTAILMENT_RISK_INCIDENT,Medium,Supervisor,Operations Supervisor,Operator → Supervisor
INC-02906,2025-06-27 13:00:00,CURTAILMENT_RISK_INCIDENT,Medium,Supervisor,Operations Supervisor,Operator → Supervisor
INC-02907,2025-06-27 13:30:00,OVER_GENERATION_INCIDENT,Low,Operator,Operations Team,Operator
INC-02908,2025-06-27 13:30:00,CURTAILMENT_RISK_INCIDENT,Medium,Supervisor,Operations Supervisor,Operator → Supervisor
INC-02909,2025-06-27 14:00:00,OVER_GENERATION_INCIDENT,Low,Operator,Operations Team,Operator
INC-02910,2025-06-27 14:00:00,CURTAILMENT_RISK_INCIDENT,Medium,Supervisor,Operations Supervisor,Operator → Supervisor
INC-02911,2025-06-27 14:30:00,OVER_GENERATION_INCIDENT,Low,Operator,Operations Team,Operator
INC-02912,2025-06-27 14:30:00,CURTAILMENT_RISK_INCIDENT,Medium,Supervisor,Operations Supervisor,Operator → Supervisor
INC-02913,2025-06-27 15:00:00,OVER_GENERATION_INCIDENT,Low,Operator,Operations Team,Operator
INC-02914,2025-06-27 15:00:00,CURTAILMENT_RISK_INCIDENT,Medium,Supervisor,Operations Supervisor,Operator → Supervisor
INC-02915,2025-06-27 15:30:00,CURTAILMENT_RISK_INCIDENT,Medium,Supervisor,Operations Supervisor,Operator → Supervisor
INC-02916,2025-06-27 16:00:00,CURTAILMENT_RISK_INCIDENT,Medium,Supervisor,Operations Supervisor,Operator → Supervisor
INC-02917,2025-06-27 16:30:00,CURTAILMENT_RISK_INCIDENT,Medium,Supervisor,Operations Supervisor,Operator → Supervisor
INC-02918,2025-06-28 01:30:00,OVER_GENERATION_INCIDENT,Low,Operator,Operations Team,Operator
INC-02919,2025-06-28 02:00:00,OVER_GENERATION_INCIDENT,Low,Operator,Operations Team,Operator
INC-02920,2025-06-28 02:30:00,OVER_GENERATION_INCIDENT,Low,Operator,Operations Team,Operator
INC-02921,2025-06-28 03:00:00,OVER_GENERATION_INCIDENT,Low,Operator,Operations Team,Operator
INC-02922,2025-06-28 03:30:00,OVER_GENERATION_INCIDENT,Low,Operator,Operations Team,Operator
INC-02923,2025-06-28 04:00:00,OVER_GENERATION_INCIDENT,Low,Operator,Operations Team,Operator
INC-02924,2025-06-28 04:30:00,OVER_GENERATION_INCIDENT,Low,Operator,Operations Team,Operator
INC-02925,2025-06-28 05:00:00,OVER_GENERATION_INCIDENT,Low,Operator,Operations Team,Operator
INC-02926,2025-06-28 05:30:00,OVER_GENERATION_INCIDENT,Low,Operator,Operations Team,Operator
INC-02927,2025-06-28 06:00:00,OVER_GENERATION_INCIDENT,Low,Operator,Operations Team,Operator
INC-02928,2025-06-28 06:30:00,OVER_GENERATION_INCIDENT,Low,Operator,Operations Team,Operator
INC-02929,2025-06-28 07:00:00,OVER_GENERATION_INCIDENT,Low,Operator,Operations Team,Operator
INC-02930,2025-06-28 08:00:00,CURTAILMENT_RISK_INCIDENT,Medium,Supervisor,Operations Supervisor,Operator → Supervisor
INC-02931,2025-06-28 08:30:00,CURTAILMENT_RISK_INCIDENT,Medium,Supervisor,Operations Supervisor,Operator → Supervisor
INC-02932,2025-06-28 09:00:00,CURTAILMENT_RISK_INCIDENT,Medium,Supervisor,Operations Supervisor,Operator → Supervisor
INC-02933,2025-06-28 09:30:00,CURTAILMENT_RISK_INCIDENT,Medium,Supervisor,Operations Supervisor,Operator → Supervisor
INC-02934,2025-06-28 10:00:00,CURTAILMENT_RISK_INCIDENT,Medium,Supervisor,Operations Supervisor,Operator → Supervisor
INC-02935,2025-06-28 10:30:00,CURTAILMENT_RISK_INCIDENT,Medium,Supervisor,Operations Supervisor,Operator → Supervisor
INC-02936,2025-06-28 11:00:00,OVER_GENERATION_INCIDENT,Low,Operator,Operations Team,Operator
INC-02937,2025-06-28 11:00:00,CURTAILMENT_RISK_INCIDENT,Medium,Supervisor,Operations Supervisor,Operator → Supervisor
INC-02938,2025-06-28 11:30:00,OVER_GENERATION_INCIDENT,Low,Operator,Operations Team,Operator
INC-02939,2025-06-28 11:30:00,CURTAILMENT_RISK_INCIDENT,Medium,Supervisor,Operations Supervisor,Operator → Supervisor
INC-02940,2025-06-28 12:00:00,OVER_GENERATION_INCIDENT,Low,Operator,Operations Team,Operator
INC-02941,2025-06-28 12:00:00,CURTAILMENT_RISK_INCIDENT,Medium,Supervisor,Operations Supervisor,Operator → Supervisor
INC-02942,2025-06-28 12:30:00,OVER_GENERATION_INCIDENT,Low,Operator,Operations Team,Operator
INC-02943,2025-06-28 12:30:00,CURTAILMENT_RISK_INCIDENT,Medium,Supervisor,Operations Supervisor,Operator → Supervisor
INC-02944,2025-06-28 13:00:00,OVER_GENERATION_INCIDENT,Low,Operator,Operations Team,Operator
INC-02945,2025-06-28 13:00:00,CURTAILMENT_RISK_INCIDENT,Medium,Supervisor,Operations Supervisor,Operator → Supervisor
INC-02946,2025-06-28 13:30:00,OVER_GENERATION_INCIDENT,Low,Operator,Operations Team,Operator
INC-02947,2025-06-28 13:30:00,CURTAILMENT_RISK_INCIDENT,Medium,Supervisor,Operations Supervisor,Operator → Supervisor
INC-02948,2025-06-28 14:00:00,OVER_GENERATION_INCIDENT,Low,Operator,Operations Team,Operator
INC-02949,2025-06-28 14:00:00,CURTAILMENT_RISK_INCIDENT,Medium,Supervisor,Operations Supervisor,Operator → Supervisor
INC-02950,2025-06-28 14:30:00,OVER_GENERATION_INCIDENT,Low,Operator,Operations Team,Operator
INC-02951,2025-06-28 14:30:00,CURTAILMENT_RISK_INCIDENT,Medium,Supervisor,Operations Supervisor,Operator → Supervisor
INC-02952,2025-06-28 15:00:00,OVER_GENERATION_INCIDENT,Low,Operator,Operations Team,Operator
INC-02953,2025-06-28 15:00:00,CURTAILMENT_RISK_INCIDENT,Medium,Supervisor,Operations Supervisor,Operator → Supervisor
INC-02954,2025-06-28 15:30:00,OVER_GENERATION_INCIDENT,Low,Operator,Operations Team,Operator
INC-02955,2025-06-28 15:30:00,CURTAILMENT_RISK_INCIDENT,Medium,Supervisor,Operations Supervisor,Operator → Supervisor
INC-02956,2025-06-28 16:00:00,OVER_GENERATION_INCIDENT,Low,Operator,Operations Team,Operator
INC-02957,2025-06-28 16:30:00,OVER_GENERATION_INCIDENT,Low,Operator,Operations Team,Operator
INC-02958,2025-06-29 06:00:00,OVER_GENERATION_INCIDENT,Low,Operator,Operations Team,Operator
INC-02959,2025-06-29 06:30:00,OVER_GENERATION_INCIDENT,Low,Operator,Operations Team,Operator
INC-02960,2025-06-29 07:00:00,OVER_GENERATION_INCIDENT,Low,Operator,Operations Team,Operator
INC-02961,2025-06-29 07:30:00,OVER_GENERATION_INCIDENT,Low,Operator,Operations Team,Operator
INC-02962,2025-06-29 14:00:00,OVER_GENERATION_INCIDENT,Low,Operator,Operations Team,Operator
INC-02963,2025-06-29 14:30:00,OVER_GENERATION_INCIDENT,Low,Operator,Operations Team,Operator
INC-02964,2025-06-30 04:00:00,OVER_GENERATION_INCIDENT,Low,Operator,Operations Team,Operator
INC-02965,2025-06-30 04:30:00,OVER_GENERATION_INCIDENT,Low,Operator,Operations Team,Operator
INC-02966,2025-06-30 05:00:00,OVER_GENERATION_INCIDENT,Low,Operator,Operations Team,Operator
INC-02967,2025-06-30 12:30:00,CURTAILMENT_RISK_INCIDENT,Medium,Supervisor,Operations Supervisor,Operator → Supervisor
INC-02968,2025-06-30 13:00:00,CURTAILMENT_RISK_INCIDENT,Medium,Supervisor,Operations Supervisor,Operator → Supervisor
INC-02969,2025-06-30 13:30:00,CURTAILMENT_RISK_INCIDENT,Medium,Supervisor,Operations Supervisor,Operator → Supervisor
INC-02970,2025-07-01 04:00:00,SUSTAINABILITY_INCIDENT,Medium,Supervisor,Operations Supervisor,Operator → Supervisor
INC-02971,2025-07-01 04:30:00,SUSTAINABILITY_INCIDENT,Medium,Supervisor,Operations Supervisor,Operator → Supervisor
INC-02972,2025-07-01 05:00:00,SUSTAINABILITY_INCIDENT,Medium,Supervisor,Operations Supervisor,Operator → Supervisor
INC-02973,2025-07-01 18:30:00,SUSTAINABILITY_INCIDENT,Medium,Supervisor,Operations Supervisor,Operator → Supervisor
INC-02974,2025-07-01 19:00:00,SUSTAINABILITY_INCIDENT,Medium,Supervisor,Operations Supervisor,Operator → Supervisor
INC-02975,2025-07-01 19:30:00,SUSTAINABILITY_INCIDENT,Medium,Supervisor,Operations Supervisor,Operator → Supervisor
INC-02976,2025-07-01 20:00:00,SUSTAINABILITY_INCIDENT,Medium,Supervisor,Operations Supervisor,Operator → Supervisor
INC-02977,2025-07-01 20:30:00,SUSTAINABILITY_INCIDENT,Medium,Supervisor,Operations Supervisor,Operator → Supervisor
INC-02978,2025-07-01 21:00:00,SUSTAINABILITY_INCIDENT,Medium,Supervisor,Operations Supervisor,Operator → Supervisor
INC-02979,2025-07-01 21:30:00,SUSTAINABILITY_INCIDENT,Medium,Supervisor,Operations Supervisor,Operator → Supervisor
INC-02980,2025-07-01 22:00:00,SUSTAINABILITY_INCIDENT,Medium,Supervisor,Operations Supervisor,Operator → Supervisor
INC-02981,2025-07-01 22:30:00,SUSTAINABILITY_INCIDENT,Medium,Supervisor,Operations Supervisor,Operator → Supervisor
INC-02982,2025-07-01 23:00:00,SUSTAINABILITY_INCIDENT,Medium,Supervisor,Operations Supervisor,Operator → Supervisor
INC-02983,2025-07-01 23:30:00,SUSTAINABILITY_INCIDENT,Medium,Supervisor,Operations Supervisor,Operator → Supervisor
INC-02984,2025-07-02 00:00:00,SUSTAINABILITY_INCIDENT,Medium,Supervisor,Operations Supervisor,Operator → Supervisor
INC-02985,2025-07-02 00:30:00,SUSTAINABILITY_INCIDENT,Medium,Supervisor,Operations Supervisor,Operator → Supervisor
INC-02986,2025-07-02 01:00:00,SUSTAINABILITY_INCIDENT,Medium,Supervisor,Operations Supervisor,Operator → Supervisor
INC-02987,2025-07-02 01:30:00,SUSTAINABILITY_INCIDENT,Medium,Supervisor,Operations Supervisor,Operator → Supervisor
INC-02988,2025-07-02 02:00:00,SUSTAINABILITY_INCIDENT,Medium,Supervisor,Operations Supervisor,Operator → Supervisor
INC-02989,2025-07-02 02:30:00,SUSTAINABILITY_INCIDENT,Medium,Supervisor,Operations Supervisor,Operator → Supervisor
INC-02990,2025-07-02 03:00:00,SUSTAINABILITY_INCIDENT,Medium,Supervisor,Operations Supervisor,Operator → Supervisor
INC-02991,2025-07-02 03:30:00,SUSTAINABILITY_INCIDENT,Medium,Supervisor,Operations Supervisor,Operator → Supervisor
INC-02992,2025-07-02 04:00:00,SUSTAINABILITY_INCIDENT,Medium,Supervisor,Operations Supervisor,Operator → Supervisor
INC-02993,2025-07-02 04:30:00,SUSTAINABILITY_INCIDENT,Medium,Supervisor,Operations Supervisor,Operator → Supervisor
INC-02994,2025-07-02 05:00:00,SUSTAINABILITY_INCIDENT,Medium,Supervisor,Operations Supervisor,Operator → Supervisor
INC-02995,2025-07-02 05:30:00,SUSTAINABILITY_INCIDENT,Medium,Supervisor,Operations Supervisor,Operator → Supervisor
INC-02996,2025-07-02 06:00:00,SUSTAINABILITY_INCIDENT,Medium,Supervisor,Operations Supervisor,Operator → Supervisor
INC-02997,2025-07-03 05:00:00,OVER_GENERATION_INCIDENT,Low,Operator,Operations Team,Operator
INC-02998,2025-07-03 05:30:00,OVER_GENERATION_INCIDENT,Low,Operator,Operations Team,Operator
INC-02999,2025-07-04 03:00:00,OVER_GENERATION_INCIDENT,Low,Operator,Operations Team,Operator
INC-03000,2025-07-04 03:30:00,OVER_GENERATION_INCIDENT,Low,Operator,Operations Team,Operator
INC-03001,2025-07-04 04:00:00,OVER_GENERATION_INCIDENT,Low,Operator,Operations Team,Operator
INC-03002,2025-07-04 04:30:00,OVER_GENERATION_INCIDENT,Low,Operator,Operations Team,Operator
INC-03003,2025-07-04 05:00:00,OVER_GENERATION_INCIDENT,Low,Operator,Operations Team,Operator
INC-03004,2025-07-04 05:30:00,OVER_GENERATION_INCIDENT,Low,Operator,Operations Team,Operator
INC-03005,2025-07-04 09:30:00,CURTAILMENT_RISK_INCIDENT,Medium,Supervisor,Operations Supervisor,Operator → Supervisor
INC-03006,2025-07-04 10:00:00,CURTAILMENT_RISK_INCIDENT,Medium,Supervisor,Operations Supervisor,Operator → Supervisor
INC-03007,2025-07-04 10:30:00,CURTAILMENT_RISK_INCIDENT,Medium,Supervisor,Operations Supervisor,Operator → Supervisor
INC-03008,2025-07-04 11:00:00,OVER_GENERATION_INCIDENT,Low,Operator,Operations Team,Operator
INC-03009,2025-07-04 11:00:00,CURTAILMENT_RISK_INCIDENT,Medium,Supervisor,Operations Supervisor,Operator → Supervisor
INC-03010,2025-07-04 11:30:00,OVER_GENERATION_INCIDENT,Low,Operator,Operations Team,Operator
INC-03011,2025-07-04 11:30:00,CURTAILMENT_RISK_INCIDENT,Medium,Supervisor,Operations Supervisor,Operator → Supervisor
INC-03012,2025-07-04 12:00:00,OVER_GENERATION_INCIDENT,Low,Operator,Operations Team,Operator
INC-03013,2025-07-04 12:00:00,CURTAILMENT_RISK_INCIDENT,Medium,Supervisor,Operations Supervisor,Operator → Supervisor
INC-03014,2025-07-04 12:30:00,OVER_GENERATION_INCIDENT,Low,Operator,Operations Team,Operator
INC-03015,2025-07-04 12:30:00,CURTAILMENT_RISK_INCIDENT,Medium,Supervisor,Operations Supervisor,Operator → Supervisor
INC-03016,2025-07-04 13:00:00,OVER_GENERATION_INCIDENT,Low,Operator,Operations Team,Operator
INC-03017,2025-07-04 13:00:00,CURTAILMENT_RISK_INCIDENT,Medium,Supervisor,Operations Supervisor,Operator → Supervisor
INC-03018,2025-07-04 13:30:00,OVER_GENERATION_INCIDENT,Low,Operator,Operations Team,Operator
INC-03019,2025-07-04 13:30:00,CURTAILMENT_RISK_INCIDENT,Medium,Supervisor,Operations Supervisor,Operator → Supervisor
INC-03020,2025-07-04 14:00:00,OVER_GENERATION_INCIDENT,Low,Operator,Operations Team,Operator
INC-03021,2025-07-04 14:00:00,CURTAILMENT_RISK_INCIDENT,Medium,Supervisor,Operations Supervisor,Operator → Supervisor
INC-03022,2025-07-04 14:30:00,OVER_GENERATION_INCIDENT,Low,Operator,Operations Team,Operator
INC-03023,2025-07-04 14:30:00,CURTAILMENT_RISK_INCIDENT,Medium,Supervisor,Operations Supervisor,Operator → Supervisor
INC-03024,2025-07-04 15:00:00,OVER_GENERATION_INCIDENT,Low,Operator,Operations Team,Operator
INC-03025,2025-07-04 15:00:00,CURTAILMENT_RISK_INCIDENT,Medium,Supervisor,Operations Supervisor,Operator → Supervisor
INC-03026,2025-07-04 15:30:00,OVER_GENERATION_INCIDENT,Low,Operator,Operations Team,Operator
INC-03027,2025-07-04 15:30:00,CURTAILMENT_RISK_INCIDENT,Medium,Supervisor,Operations Supervisor,Operator → Supervisor
INC-03028,2025-07-04 16:00:00,OVER_GENERATION_INCIDENT,Low,Operator,Operations Team,Operator
INC-03029,2025-07-04 16:00:00,CURTAILMENT_RISK_INCIDENT,Medium,Supervisor,Operations Supervisor,Operator → Supervisor
INC-03030,2025-07-04 16:30:00,CURTAILMENT_RISK_INCIDENT,Medium,Supervisor,Operations Supervisor,Operator → Supervisor
INC-03031,2025-07-05 00:00:00,OVER_GENERATION_INCIDENT,Low,Operator,Operations Team,Operator
INC-03032,2025-07-05 00:30:00,OVER_GENERATION_INCIDENT,Low,Operator,Operations Team,Operator
INC-03033,2025-07-05 01:00:00,OVER_GENERATION_INCIDENT,Low,Operator,Operations Team,Operator
INC-03034,2025-07-05 01:30:00,OVER_GENERATION_INCIDENT,Low,Operator,Operations Team,Operator
INC-03035,2025-07-05 02:00:00,OVER_GENERATION_INCIDENT,Low,Operator,Operations Team,Operator
INC-03036,2025-07-05 02:30:00,OVER_GENERATION_INCIDENT,Low,Operator,Operations Team,Operator
INC-03037,2025-07-05 03:00:00,OVER_GENERATION_INCIDENT,Low,Operator,Operations Team,Operator
INC-03038,2025-07-05 03:30:00,OVER_GENERATION_INCIDENT,Low,Operator,Operations Team,Operator
INC-03039,2025-07-05 04:00:00,OVER_GENERATION_INCIDENT,Low,Operator,Operations Team,Operator
INC-03040,2025-07-05 04:30:00,OVER_GENERATION_INCIDENT,Low,Operator,Operations Team,Operator
INC-03041,2025-07-05 05:00:00,OVER_GENERATION_INCIDENT,Low,Operator,Operations Team,Operator
INC-03042,2025-07-05 05:30:00,OVER_GENERATION_INCIDENT,Low,Operator,Operations Team,Operator
INC-03043,2025-07-05 06:00:00,OVER_GENERATION_INCIDENT,Low,Operator,Operations Team,Operator
INC-03044,2025-07-05 06:30:00,OVER_GENERATION_INCIDENT,Low,Operator,Operations Team,Operator
INC-03045,2025-07-05 07:00:00,OVER_GENERATION_INCIDENT,Low,Operator,Operations Team,Operator
INC-03046,2025-07-05 07:30:00,OVER_GENERATION_INCIDENT,Low,Operator,Operations Team,Operator
INC-03047,2025-07-05 08:00:00,CURTAILMENT_RISK_INCIDENT,Medium,Supervisor,Operations Supervisor,Operator → Supervisor
INC-03048,2025-07-05 08:30:00,CURTAILMENT_RISK_INCIDENT,Medium,Supervisor,Operations Supervisor,Operator → Supervisor
INC-03049,2025-07-05 09:00:00,CURTAILMENT_RISK_INCIDENT,Medium,Supervisor,Operations Supervisor,Operator → Supervisor
INC-03050,2025-07-05 09:30:00,CURTAILMENT_RISK_INCIDENT,Medium,Supervisor,Operations Supervisor,Operator → Supervisor
INC-03051,2025-07-05 13:00:00,CURTAILMENT_RISK_INCIDENT,Medium,Supervisor,Operations Supervisor,Operator → Supervisor
INC-03052,2025-07-05 15:00:00,OVER_GENERATION_INCIDENT,Low,Operator,Operations Team,Operator
INC-03053,2025-07-05 15:30:00,OVER_GENERATION_INCIDENT,Low,Operator,Operations Team,Operator
INC-03054,2025-07-05 16:00:00,OVER_GENERATION_INCIDENT,Low,Operator,Operations Team,Operator
INC-03055,2025-07-06 04:30:00,OVER_GENERATION_INCIDENT,Low,Operator,Operations Team,Operator
INC-03056,2025-07-06 05:00:00,OVER_GENERATION_INCIDENT,Low,Operator,Operations Team,Operator
INC-03057,2025-07-06 05:30:00,OVER_GENERATION_INCIDENT,Low,Operator,Operations Team,Operator
INC-03058,2025-07-06 06:00:00,OVER_GENERATION_INCIDENT,Low,Operator,Operations Team,Operator
INC-03059,2025-07-06 06:30:00,OVER_GENERATION_INCIDENT,Low,Operator,Operations Team,Operator
INC-03060,2025-07-06 07:00:00,OVER_GENERATION_INCIDENT,Low,Operator,Operations Team,Operator
INC-03061,2025-07-06 07:30:00,OVER_GENERATION_INCIDENT,Low,Operator,Operations Team,Operator
INC-03062,2025-07-07 01:00:00,OVER_GENERATION_INCIDENT,Low,Operator,Operations Team,Operator
INC-03063,2025-07-07 01:30:00,OVER_GENERATION_INCIDENT,Low,Operator,Operations Team,Operator
INC-03064,2025-07-07 02:00:00,OVER_GENERATION_INCIDENT,Low,Operator,Operations Team,Operator
INC-03065,2025-07-07 02:30:00,OVER_GENERATION_INCIDENT,Low,Operator,Operations Team,Operator
INC-03066,2025-07-07 03:00:00,OVER_GENERATION_INCIDENT,Low,Operator,Operations Team,Operator
INC-03067,2025-07-07 03:30:00,OVER_GENERATION_INCIDENT,Low,Operator,Operations Team,Operator
INC-03068,2025-07-07 04:00:00,OVER_GENERATION_INCIDENT,Low,Operator,Operations Team,Operator
INC-03069,2025-07-07 04:30:00,OVER_GENERATION_INCIDENT,Low,Operator,Operations Team,Operator
INC-03070,2025-07-07 05:00:00,OVER_GENERATION_INCIDENT,Low,Operator,Operations Team,Operator
INC-03071,2025-07-07 05:30:00,OVER_GENERATION_INCIDENT,Low,Operator,Operations Team,Operator
INC-03072,2025-07-07 07:30:00,CURTAILMENT_RISK_INCIDENT,Medium,Supervisor,Operations Supervisor,Operator → Supervisor
INC-03073,2025-07-07 08:00:00,CURTAILMENT_RISK_INCIDENT,Medium,Supervisor,Operations Supervisor,Operator → Supervisor
INC-03074,2025-07-07 08:30:00,CURTAILMENT_RISK_INCIDENT,Medium,Supervisor,Operations Supervisor,Operator → Supervisor
INC-03075,2025-07-07 09:00:00,CURTAILMENT_RISK_INCIDENT,Medium,Supervisor,Operations Supervisor,Operator → Supervisor
INC-03076,2025-07-07 09:30:00,CURTAILMENT_RISK_INCIDENT,Medium,Supervisor,Operations Supervisor,Operator → Supervisor
INC-03077,2025-07-07 10:00:00,CURTAILMENT_RISK_INCIDENT,Medium,Supervisor,Operations Supervisor,Operator → Supervisor
INC-03078,2025-07-07 10:30:00,CURTAILMENT_RISK_INCIDENT,Medium,Supervisor,Operations Supervisor,Operator → Supervisor
INC-03079,2025-07-07 11:00:00,CURTAILMENT_RISK_INCIDENT,Medium,Supervisor,Operations Supervisor,Operator → Supervisor
INC-03080,2025-07-07 11:30:00,CURTAILMENT_RISK_INCIDENT,Medium,Supervisor,Operations Supervisor,Operator → Supervisor
INC-03081,2025-07-07 12:00:00,CURTAILMENT_RISK_INCIDENT,Medium,Supervisor,Operations Supervisor,Operator → Supervisor
INC-03082,2025-07-07 12:30:00,CURTAILMENT_RISK_INCIDENT,Medium,Supervisor,Operations Supervisor,Operator → Supervisor
INC-03083,2025-07-07 13:00:00,CURTAILMENT_RISK_INCIDENT,Medium,Supervisor,Operations Supervisor,Operator → Supervisor
INC-03084,2025-07-07 13:30:00,CURTAILMENT_RISK_INCIDENT,Medium,Supervisor,Operations Supervisor,Operator → Supervisor
INC-03085,2025-07-07 14:00:00,CURTAILMENT_RISK_INCIDENT,Medium,Supervisor,Operations Supervisor,Operator → Supervisor
INC-03086,2025-07-07 14:30:00,CURTAILMENT_RISK_INCIDENT,Medium,Supervisor,Operations Supervisor,Operator → Supervisor
INC-03087,2025-07-07 15:00:00,CURTAILMENT_RISK_INCIDENT,Medium,Supervisor,Operations Supervisor,Operator → Supervisor
INC-03088,2025-07-07 15:30:00,CURTAILMENT_RISK_INCIDENT,Medium,Supervisor,Operations Supervisor,Operator → Supervisor
INC-03089,2025-07-08 02:30:00,OVER_GENERATION_INCIDENT,Low,Operator,Operations Team,Operator
INC-03090,2025-07-08 03:30:00,OVER_GENERATION_INCIDENT,Low,Operator,Operations Team,Operator
INC-03091,2025-07-08 04:00:00,OVER_GENERATION_INCIDENT,Low,Operator,Operations Team,Operator
INC-03092,2025-07-08 04:30:00,OVER_GENERATION_INCIDENT,Low,Operator,Operations Team,Operator
INC-03093,2025-07-08 05:00:00,OVER_GENERATION_INCIDENT,Low,Operator,Operations Team,Operator
INC-03094,2025-07-08 12:30:00,OVER_GENERATION_INCIDENT,Low,Operator,Operations Team,Operator
INC-03095,2025-07-08 13:00:00,OVER_GENERATION_INCIDENT,Low,Operator,Operations Team,Operator
INC-03096,2025-07-08 13:30:00,OVER_GENERATION_INCIDENT,Low,Operator,Operations Team,Operator
INC-03097,2025-07-08 14:00:00,OVER_GENERATION_INCIDENT,Low,Operator,Operations Team,Operator
INC-03098,2025-07-08 14:30:00,OVER_GENERATION_INCIDENT,Low,Operator,Operations Team,Operator
INC-03099,2025-07-08 15:00:00,OVER_GENERATION_INCIDENT,Low,Operator,Operations Team,Operator
INC-03100,2025-07-08 15:30:00,OVER_GENERATION_INCIDENT,Low,Operator,Operations Team,Operator
INC-03101,2025-07-09 04:30:00,OVER_GENERATION_INCIDENT,Low,Operator,Operations Team,Operator
INC-03102,2025-07-09 04:30:00,DEMAND_ANOMALY_INCIDENT,Medium,Supervisor,Operations Supervisor,Operator → Supervisor
INC-03103,2025-07-09 05:00:00,OVER_GENERATION_INCIDENT,Low,Operator,Operations Team,Operator
INC-03104,2025-07-09 05:00:00,DEMAND_ANOMALY_INCIDENT,Medium,Supervisor,Operations Supervisor,Operator → Supervisor
INC-03105,2025-07-09 19:30:00,SUSTAINABILITY_INCIDENT,Medium,Supervisor,Operations Supervisor,Operator → Supervisor
INC-03106,2025-07-09 20:00:00,SUSTAINABILITY_INCIDENT,Medium,Supervisor,Operations Supervisor,Operator → Supervisor
INC-03107,2025-07-09 20:30:00,SUSTAINABILITY_INCIDENT,Medium,Supervisor,Operations Supervisor,Operator → Supervisor
INC-03108,2025-07-10 19:00:00,SUSTAINABILITY_INCIDENT,Medium,Supervisor,Operations Supervisor,Operator → Supervisor
INC-03109,2025-07-10 19:30:00,SUSTAINABILITY_INCIDENT,Medium,Supervisor,Operations Supervisor,Operator → Supervisor
INC-03110,2025-07-10 20:00:00,SUSTAINABILITY_INCIDENT,Medium,Supervisor,Operations Supervisor,Operator → Supervisor
INC-03111,2025-07-10 20:30:00,SUSTAINABILITY_INCIDENT,Medium,Supervisor,Operations Supervisor,Operator → Supervisor
INC-03112,2025-07-10 21:00:00,SUSTAINABILITY_INCIDENT,Medium,Supervisor,Operations Supervisor,Operator → Supervisor
INC-03113,2025-07-10 21:30:00,SUSTAINABILITY_INCIDENT,Medium,Supervisor,Operations Supervisor,Operator → Supervisor
INC-03114,2025-07-12 05:30:00,OVER_GENERATION_INCIDENT,Low,Operator,Operations Team,Operator
INC-03115,2025-07-12 05:30:00,DEMAND_ANOMALY_INCIDENT,Medium,Supervisor,Operations Supervisor,Operator → Supervisor
INC-03116,2025-07-12 10:00:00,OVER_GENERATION_INCIDENT,Low,Operator,Operations Team,Operator
INC-03117,2025-07-12 10:30:00,OVER_GENERATION_INCIDENT,Low,Operator,Operations Team,Operator
INC-03118,2025-07-12 11:00:00,OVER_GENERATION_INCIDENT,Low,Operator,Operations Team,Operator
INC-03119,2025-07-12 11:30:00,OVER_GENERATION_INCIDENT,Low,Operator,Operations Team,Operator
INC-03120,2025-07-12 12:00:00,OVER_GENERATION_INCIDENT,Low,Operator,Operations Team,Operator
INC-03121,2025-07-12 12:30:00,OVER_GENERATION_INCIDENT,Low,Operator,Operations Team,Operator
INC-03122,2025-07-12 13:00:00,OVER_GENERATION_INCIDENT,Low,Operator,Operations Team,Operator
INC-03123,2025-07-12 13:30:00,OVER_GENERATION_INCIDENT,Low,Operator,Operations Team,Operator
INC-03124,2025-07-12 14:00:00,OVER_GENERATION_INCIDENT,Low,Operator,Operations Team,Operator
INC-03125,2025-07-12 14:30:00,OVER_GENERATION_INCIDENT,Low,Operator,Operations Team,Operator
INC-03126,2025-07-12 15:00:00,OVER_GENERATION_INCIDENT,Low,Operator,Operations Team,Operator
INC-03127,2025-07-12 15:30:00,OVER_GENERATION_INCIDENT,Low,Operator,Operations Team,Operator
INC-03128,2025-07-12 16:00:00,OVER_GENERATION_INCIDENT,Low,Operator,Operations Team,Operator
INC-03129,2025-07-13 05:00:00,OVER_GENERATION_INCIDENT,Low,Operator,Operations Team,Operator
INC-03130,2025-07-13 05:30:00,OVER_GENERATION_INCIDENT,Low,Operator,Operations Team,Operator
INC-03131,2025-07-13 06:00:00,OVER_GENERATION_INCIDENT,Low,Operator,Operations Team,Operator
INC-03132,2025-07-13 06:30:00,OVER_GENERATION_INCIDENT,Low,Operator,Operations Team,Operator
INC-03133,2025-07-13 07:00:00,OVER_GENERATION_INCIDENT,Low,Operator,Operations Team,Operator
INC-03134,2025-07-13 07:30:00,OVER_GENERATION_INCIDENT,Low,Operator,Operations Team,Operator
INC-03135,2025-07-13 08:00:00,OVER_GENERATION_INCIDENT,Low,Operator,Operations Team,Operator
INC-03136,2025-07-13 08:30:00,OVER_GENERATION_INCIDENT,Low,Operator,Operations Team,Operator
INC-03137,2025-07-13 09:00:00,OVER_GENERATION_INCIDENT,Low,Operator,Operations Team,Operator
INC-03138,2025-07-13 09:30:00,OVER_GENERATION_INCIDENT,Low,Operator,Operations Team,Operator
INC-03139,2025-07-13 10:00:00,OVER_GENERATION_INCIDENT,Low,Operator,Operations Team,Operator
INC-03140,2025-07-13 10:30:00,OVER_GENERATION_INCIDENT,Low,Operator,Operations Team,Operator
INC-03141,2025-07-13 11:00:00,OVER_GENERATION_INCIDENT,Low,Operator,Operations Team,Operator
INC-03142,2025-07-13 11:30:00,OVER_GENERATION_INCIDENT,Low,Operator,Operations Team,Operator
INC-03143,2025-07-13 12:00:00,OVER_GENERATION_INCIDENT,Low,Operator,Operations Team,Operator
INC-03144,2025-07-13 12:30:00,OVER_GENERATION_INCIDENT,Low,Operator,Operations Team,Operator
INC-03145,2025-07-13 13:00:00,OVER_GENERATION_INCIDENT,Low,Operator,Operations Team,Operator
INC-03146,2025-07-13 13:30:00,OVER_GENERATION_INCIDENT,Low,Operator,Operations Team,Operator
INC-03147,2025-07-13 14:00:00,OVER_GENERATION_INCIDENT,Low,Operator,Operations Team,Operator
INC-03148,2025-07-13 14:30:00,OVER_GENERATION_INCIDENT,Low,Operator,Operations Team,Operator
INC-03149,2025-07-13 15:00:00,OVER_GENERATION_INCIDENT,Low,Operator,Operations Team,Operator
INC-03150,2025-07-14 03:30:00,OVER_GENERATION_INCIDENT,Low,Operator,Operations Team,Operator
INC-03151,2025-07-14 04:00:00,OVER_GENERATION_INCIDENT,Low,Operator,Operations Team,Operator
INC-03152,2025-07-14 04:30:00,OVER_GENERATION_INCIDENT,Low,Operator,Operations Team,Operator
INC-03153,2025-07-14 11:30:00,CURTAILMENT_RISK_INCIDENT,Medium,Supervisor,Operations Supervisor,Operator → Supervisor
INC-03154,2025-07-14 12:00:00,CURTAILMENT_RISK_INCIDENT,Medium,Supervisor,Operations Supervisor,Operator → Supervisor
INC-03155,2025-07-14 12:30:00,CURTAILMENT_RISK_INCIDENT,Medium,Supervisor,Operations Supervisor,Operator → Supervisor
INC-03156,2025-07-14 13:00:00,CURTAILMENT_RISK_INCIDENT,Medium,Supervisor,Operations Supervisor,Operator → Supervisor
INC-03157,2025-07-14 13:30:00,CURTAILMENT_RISK_INCIDENT,Medium,Supervisor,Operations Supervisor,Operator → Supervisor
INC-03158,2025-07-14 14:00:00,CURTAILMENT_RISK_INCIDENT,Medium,Supervisor,Operations Supervisor,Operator → Supervisor
INC-03159,2025-07-14 14:30:00,CURTAILMENT_RISK_INCIDENT,Medium,Supervisor,Operations Supervisor,Operator → Supervisor
INC-03160,2025-07-14 15:00:00,CURTAILMENT_RISK_INCIDENT,Medium,Supervisor,Operations Supervisor,Operator → Supervisor
INC-03161,2025-07-15 03:00:00,OVER_GENERATION_INCIDENT,Low,Operator,Operations Team,Operator
INC-03162,2025-07-15 03:30:00,OVER_GENERATION_INCIDENT,Low,Operator,Operations Team,Operator
INC-03163,2025-07-15 04:00:00,OVER_GENERATION_INCIDENT,Low,Operator,Operations Team,Operator
INC-03164,2025-07-15 04:30:00,OVER_GENERATION_INCIDENT,Low,Operator,Operations Team,Operator
INC-03165,2025-07-15 05:00:00,OVER_GENERATION_INCIDENT,Low,Operator,Operations Team,Operator
INC-03166,2025-07-15 05:30:00,OVER_GENERATION_INCIDENT,Low,Operator,Operations Team,Operator
INC-03167,2025-07-16 03:00:00,OVER_GENERATION_INCIDENT,Low,Operator,Operations Team,Operator
INC-03168,2025-07-16 03:30:00,OVER_GENERATION_INCIDENT,Low,Operator,Operations Team,Operator
INC-03169,2025-07-16 04:00:00,OVER_GENERATION_INCIDENT,Low,Operator,Operations Team,Operator
INC-03170,2025-07-16 04:30:00,OVER_GENERATION_INCIDENT,Low,Operator,Operations Team,Operator
INC-03171,2025-07-16 05:00:00,OVER_GENERATION_INCIDENT,Low,Operator,Operations Team,Operator
INC-03172,2025-07-16 05:30:00,OVER_GENERATION_INCIDENT,Low,Operator,Operations Team,Operator
INC-03173,2025-07-16 19:00:00,SUSTAINABILITY_INCIDENT,Medium,Supervisor,Operations Supervisor,Operator → Supervisor
INC-03174,2025-07-16 19:30:00,SUSTAINABILITY_INCIDENT,Medium,Supervisor,Operations Supervisor,Operator → Supervisor
INC-03175,2025-07-16 20:00:00,SUSTAINABILITY_INCIDENT,Medium,Supervisor,Operations Supervisor,Operator → Supervisor
INC-03176,2025-07-16 20:30:00,SUSTAINABILITY_INCIDENT,Medium,Supervisor,Operations Supervisor,Operator → Supervisor
INC-03177,2025-07-16 21:00:00,SUSTAINABILITY_INCIDENT,Medium,Supervisor,Operations Supervisor,Operator → Supervisor
INC-03178,2025-07-16 21:30:00,SUSTAINABILITY_INCIDENT,Medium,Supervisor,Operations Supervisor,Operator → Supervisor
INC-03179,2025-07-16 22:00:00,SUSTAINABILITY_INCIDENT,Medium,Supervisor,Operations Supervisor,Operator → Supervisor
INC-03180,2025-07-19 05:00:00,OVER_GENERATION_INCIDENT,Low,Operator,Operations Team,Operator
INC-03181,2025-07-19 05:00:00,DEMAND_ANOMALY_INCIDENT,Medium,Supervisor,Operations Supervisor,Operator → Supervisor
INC-03182,2025-07-19 05:30:00,OVER_GENERATION_INCIDENT,Low,Operator,Operations Team,Operator
INC-03183,2025-07-19 05:30:00,DEMAND_ANOMALY_INCIDENT,Medium,Supervisor,Operations Supervisor,Operator → Supervisor
INC-03184,2025-07-20 05:30:00,OVER_GENERATION_INCIDENT,Low,Operator,Operations Team,Operator
INC-03185,2025-07-20 06:00:00,OVER_GENERATION_INCIDENT,Low,Operator,Operations Team,Operator
INC-03186,2025-07-20 06:30:00,OVER_GENERATION_INCIDENT,Low,Operator,Operations Team,Operator
INC-03187,2025-07-20 07:00:00,OVER_GENERATION_INCIDENT,Low,Operator,Operations Team,Operator
INC-03188,2025-07-20 07:30:00,OVER_GENERATION_INCIDENT,Low,Operator,Operations Team,Operator
INC-03189,2025-07-20 08:00:00,OVER_GENERATION_INCIDENT,Low,Operator,Operations Team,Operator
INC-03190,2025-07-21 03:30:00,DEMAND_ANOMALY_INCIDENT,Medium,Supervisor,Operations Supervisor,Operator → Supervisor
INC-03191,2025-07-21 04:00:00,DEMAND_ANOMALY_INCIDENT,Medium,Supervisor,Operations Supervisor,Operator → Supervisor
INC-03192,2025-07-21 04:30:00,OVER_GENERATION_INCIDENT,Low,Operator,Operations Team,Operator
INC-03193,2025-07-21 04:30:00,DEMAND_ANOMALY_INCIDENT,Medium,Supervisor,Operations Supervisor,Operator → Supervisor
INC-03194,2025-07-22 03:30:00,OVER_GENERATION_INCIDENT,Low,Operator,Operations Team,Operator
INC-03195,2025-07-22 04:00:00,OVER_GENERATION_INCIDENT,Low,Operator,Operations Team,Operator
INC-03196,2025-07-22 04:30:00,OVER_GENERATION_INCIDENT,Low,Operator,Operations Team,Operator
INC-03197,2025-07-22 05:00:00,OVER_GENERATION_INCIDENT,Low,Operator,Operations Team,Operator
INC-03198,2025-07-22 05:30:00,OVER_GENERATION_INCIDENT,Low,Operator,Operations Team,Operator
INC-03199,2025-07-23 03:30:00,DEMAND_ANOMALY_INCIDENT,Medium,Supervisor,Operations Supervisor,Operator → Supervisor
INC-03200,2025-07-23 04:00:00,DEMAND_ANOMALY_INCIDENT,Medium,Supervisor,Operations Supervisor,Operator → Supervisor
INC-03201,2025-07-23 04:30:00,DEMAND_ANOMALY_INCIDENT,Medium,Supervisor,Operations Supervisor,Operator → Supervisor
INC-03202,2025-07-23 05:00:00,OVER_GENERATION_INCIDENT,Low,Operator,Operations Team,Operator
INC-03203,2025-07-23 05:00:00,DEMAND_ANOMALY_INCIDENT,Medium,Supervisor,Operations Supervisor,Operator → Supervisor
INC-03204,2025-07-24 04:00:00,OVER_GENERATION_INCIDENT,Low,Operator,Operations Team,Operator
INC-03205,2025-07-24 04:30:00,OVER_GENERATION_INCIDENT,Low,Operator,Operations Team,Operator
INC-03206,2025-07-24 05:00:00,OVER_GENERATION_INCIDENT,Low,Operator,Operations Team,Operator
INC-03207,2025-07-25 04:00:00,OVER_GENERATION_INCIDENT,Low,Operator,Operations Team,Operator
INC-03208,2025-07-25 04:00:00,DEMAND_ANOMALY_INCIDENT,Medium,Supervisor,Operations Supervisor,Operator → Supervisor
INC-03209,2025-07-25 04:30:00,OVER_GENERATION_INCIDENT,Low,Operator,Operations Team,Operator
INC-03210,2025-07-25 04:30:00,DEMAND_ANOMALY_INCIDENT,Medium,Supervisor,Operations Supervisor,Operator → Supervisor
INC-03211,2025-07-25 05:00:00,OVER_GENERATION_INCIDENT,Low,Operator,Operations Team,Operator
INC-03212,2025-07-25 05:00:00,DEMAND_ANOMALY_INCIDENT,Medium,Supervisor,Operations Supervisor,Operator → Supervisor
INC-03213,2025-07-26 03:00:00,DEMAND_ANOMALY_INCIDENT,Medium,Supervisor,Operations Supervisor,Operator → Supervisor
INC-03214,2025-07-26 03:30:00,DEMAND_ANOMALY_INCIDENT,Medium,Supervisor,Operations Supervisor,Operator → Supervisor
INC-03215,2025-07-26 04:00:00,DEMAND_ANOMALY_INCIDENT,Medium,Supervisor,Operations Supervisor,Operator → Supervisor
INC-03216,2025-07-26 04:30:00,DEMAND_ANOMALY_INCIDENT,Medium,Supervisor,Operations Supervisor,Operator → Supervisor
INC-03217,2025-07-26 05:00:00,OVER_GENERATION_INCIDENT,Low,Operator,Operations Team,Operator
INC-03218,2025-07-26 05:00:00,DEMAND_ANOMALY_INCIDENT,Medium,Supervisor,Operations Supervisor,Operator → Supervisor
INC-03219,2025-07-26 05:30:00,OVER_GENERATION_INCIDENT,Low,Operator,Operations Team,Operator
INC-03220,2025-07-26 05:30:00,DEMAND_ANOMALY_INCIDENT,Medium,Supervisor,Operations Supervisor,Operator → Supervisor
INC-03221,2025-07-26 06:00:00,OVER_GENERATION_INCIDENT,Low,Operator,Operations Team,Operator
INC-03222,2025-07-26 15:00:00,OVER_GENERATION_INCIDENT,Low,Operator,Operations Team,Operator
INC-03223,2025-07-26 15:30:00,OVER_GENERATION_INCIDENT,Low,Operator,Operations Team,Operator
INC-03224,2025-07-27 01:00:00,OVER_GENERATION_INCIDENT,Low,Operator,Operations Team,Operator
INC-03225,2025-07-27 01:30:00,OVER_GENERATION_INCIDENT,Low,Operator,Operations Team,Operator
INC-03226,2025-07-27 02:00:00,OVER_GENERATION_INCIDENT,Low,Operator,Operations Team,Operator
INC-03227,2025-07-27 02:30:00,OVER_GENERATION_INCIDENT,Low,Operator,Operations Team,Operator
INC-03228,2025-07-27 03:00:00,OVER_GENERATION_INCIDENT,Low,Operator,Operations Team,Operator
INC-03229,2025-07-27 03:30:00,OVER_GENERATION_INCIDENT,Low,Operator,Operations Team,Operator
INC-03230,2025-07-27 04:00:00,OVER_GENERATION_INCIDENT,Low,Operator,Operations Team,Operator
INC-03231,2025-07-27 04:30:00,OVER_GENERATION_INCIDENT,Low,Operator,Operations Team,Operator
INC-03232,2025-07-27 05:00:00,OVER_GENERATION_INCIDENT,Low,Operator,Operations Team,Operator
INC-03233,2025-07-27 05:30:00,OVER_GENERATION_INCIDENT,Low,Operator,Operations Team,Operator
INC-03234,2025-07-27 06:00:00,OVER_GENERATION_INCIDENT,Low,Operator,Operations Team,Operator
INC-03235,2025-07-27 06:30:00,OVER_GENERATION_INCIDENT,Low,Operator,Operations Team,Operator
INC-03236,2025-07-27 07:00:00,OVER_GENERATION_INCIDENT,Low,Operator,Operations Team,Operator
INC-03237,2025-07-27 07:30:00,OVER_GENERATION_INCIDENT,Low,Operator,Operations Team,Operator
INC-03238,2025-07-27 08:00:00,OVER_GENERATION_INCIDENT,Low,Operator,Operations Team,Operator
INC-03239,2025-07-27 08:30:00,OVER_GENERATION_INCIDENT,Low,Operator,Operations Team,Operator
INC-03240,2025-07-28 03:00:00,OVER_GENERATION_INCIDENT,Low,Operator,Operations Team,Operator
INC-03241,2025-07-28 03:30:00,OVER_GENERATION_INCIDENT,Low,Operator,Operations Team,Operator
INC-03242,2025-07-28 04:00:00,OVER_GENERATION_INCIDENT,Low,Operator,Operations Team,Operator
INC-03243,2025-07-28 04:30:00,OVER_GENERATION_INCIDENT,Low,Operator,Operations Team,Operator
INC-03244,2025-07-28 05:00:00,OVER_GENERATION_INCIDENT,Low,Operator,Operations Team,Operator
INC-03245,2025-07-28 05:30:00,OVER_GENERATION_INCIDENT,Low,Operator,Operations Team,Operator
INC-03246,2025-07-29 03:30:00,DEMAND_ANOMALY_INCIDENT,Medium,Supervisor,Operations Supervisor,Operator → Supervisor
INC-03247,2025-07-29 04:00:00,DEMAND_ANOMALY_INCIDENT,Medium,Supervisor,Operations Supervisor,Operator → Supervisor
INC-03248,2025-07-29 04:30:00,DEMAND_ANOMALY_INCIDENT,Medium,Supervisor,Operations Supervisor,Operator → Supervisor
INC-03249,2025-07-29 05:00:00,OVER_GENERATION_INCIDENT,Low,Operator,Operations Team,Operator
INC-03250,2025-07-29 05:00:00,DEMAND_ANOMALY_INCIDENT,Medium,Supervisor,Operations Supervisor,Operator → Supervisor
INC-03251,2025-07-29 05:30:00,OVER_GENERATION_INCIDENT,Low,Operator,Operations Team,Operator
INC-03252,2025-07-29 05:30:00,DEMAND_ANOMALY_INCIDENT,Medium,Supervisor,Operations Supervisor,Operator → Supervisor
INC-03253,2025-07-30 03:30:00,DEMAND_ANOMALY_INCIDENT,Medium,Supervisor,Operations Supervisor,Operator → Supervisor
INC-03254,2025-07-30 04:00:00,DEMAND_ANOMALY_INCIDENT,Medium,Supervisor,Operations Supervisor,Operator → Supervisor
INC-03255,2025-07-30 04:30:00,OVER_GENERATION_INCIDENT,Low,Operator,Operations Team,Operator
INC-03256,2025-07-30 04:30:00,DEMAND_ANOMALY_INCIDENT,Medium,Supervisor,Operations Supervisor,Operator → Supervisor
INC-03257,2025-07-30 05:00:00,OVER_GENERATION_INCIDENT,Low,Operator,Operations Team,Operator
INC-03258,2025-07-30 05:00:00,DEMAND_ANOMALY_INCIDENT,Medium,Supervisor,Operations Supervisor,Operator → Supervisor
INC-03259,2025-07-30 05:30:00,OVER_GENERATION_INCIDENT,Low,Operator,Operations Team,Operator
INC-03260,2025-07-30 05:30:00,DEMAND_ANOMALY_INCIDENT,Medium,Supervisor,Operations Supervisor,Operator → Supervisor
INC-03261,2025-07-31 03:30:00,OVER_GENERATION_INCIDENT,Low,Operator,Operations Team,Operator
INC-03262,2025-07-31 04:00:00,OVER_GENERATION_INCIDENT,Low,Operator,Operations Team,Operator
INC-03263,2025-07-31 04:30:00,OVER_GENERATION_INCIDENT,Low,Operator,Operations Team,Operator
INC-03264,2025-07-31 05:00:00,OVER_GENERATION_INCIDENT,Low,Operator,Operations Team,Operator
INC-03265,2025-07-31 05:30:00,OVER_GENERATION_INCIDENT,Low,Operator,Operations Team,Operator
INC-03266,2025-08-01 02:00:00,OVER_GENERATION_INCIDENT,Low,Operator,Operations Team,Operator
INC-03267,2025-08-01 02:30:00,OVER_GENERATION_INCIDENT,Low,Operator,Operations Team,Operator
INC-03268,2025-08-01 03:00:00,OVER_GENERATION_INCIDENT,Low,Operator,Operations Team,Operator
INC-03269,2025-08-01 03:30:00,OVER_GENERATION_INCIDENT,Low,Operator,Operations Team,Operator
INC-03270,2025-08-01 04:00:00,OVER_GENERATION_INCIDENT,Low,Operator,Operations Team,Operator
INC-03271,2025-08-01 04:30:00,OVER_GENERATION_INCIDENT,Low,Operator,Operations Team,Operator
INC-03272,2025-08-01 05:00:00,OVER_GENERATION_INCIDENT,Low,Operator,Operations Team,Operator
INC-03273,2025-08-01 05:30:00,OVER_GENERATION_INCIDENT,Low,Operator,Operations Team,Operator
INC-03274,2025-08-02 02:30:00,OVER_GENERATION_INCIDENT,Low,Operator,Operations Team,Operator
INC-03275,2025-08-02 03:00:00,OVER_GENERATION_INCIDENT,Low,Operator,Operations Team,Operator
INC-03276,2025-08-02 03:30:00,OVER_GENERATION_INCIDENT,Low,Operator,Operations Team,Operator
INC-03277,2025-08-02 04:00:00,OVER_GENERATION_INCIDENT,Low,Operator,Operations Team,Operator
INC-03278,2025-08-02 04:30:00,OVER_GENERATION_INCIDENT,Low,Operator,Operations Team,Operator
INC-03279,2025-08-02 05:00:00,OVER_GENERATION_INCIDENT,Low,Operator,Operations Team,Operator
INC-03280,2025-08-02 05:30:00,OVER_GENERATION_INCIDENT,Low,Operator,Operations Team,Operator
INC-03281,2025-08-02 06:00:00,OVER_GENERATION_INCIDENT,Low,Operator,Operations Team,Operator
INC-03282,2025-08-02 06:30:00,OVER_GENERATION_INCIDENT,Low,Operator,Operations Team,Operator
INC-03283,2025-08-02 07:00:00,OVER_GENERATION_INCIDENT,Low,Operator,Operations Team,Operator
INC-03284,2025-08-02 13:00:00,OVER_GENERATION_INCIDENT,Low,Operator,Operations Team,Operator
INC-03285,2025-08-02 13:30:00,OVER_GENERATION_INCIDENT,Low,Operator,Operations Team,Operator
INC-03286,2025-08-02 14:00:00,OVER_GENERATION_INCIDENT,Low,Operator,Operations Team,Operator
INC-03287,2025-08-02 14:30:00,OVER_GENERATION_INCIDENT,Low,Operator,Operations Team,Operator
INC-03288,2025-08-02 15:00:00,OVER_GENERATION_INCIDENT,Low,Operator,Operations Team,Operator
INC-03289,2025-08-02 15:30:00,OVER_GENERATION_INCIDENT,Low,Operator,Operations Team,Operator
INC-03290,2025-08-02 16:00:00,OVER_GENERATION_INCIDENT,Low,Operator,Operations Team,Operator
INC-03291,2025-08-02 16:30:00,OVER_GENERATION_INCIDENT,Low,Operator,Operations Team,Operator
INC-03292,2025-08-03 03:00:00,OVER_GENERATION_INCIDENT,Low,Operator,Operations Team,Operator
INC-03293,2025-08-03 03:30:00,OVER_GENERATION_INCIDENT,Low,Operator,Operations Team,Operator
INC-03294,2025-08-03 04:00:00,OVER_GENERATION_INCIDENT,Low,Operator,Operations Team,Operator
INC-03295,2025-08-03 04:30:00,OVER_GENERATION_INCIDENT,Low,Operator,Operations Team,Operator
INC-03296,2025-08-03 05:00:00,OVER_GENERATION_INCIDENT,Low,Operator,Operations Team,Operator
INC-03297,2025-08-03 05:30:00,OVER_GENERATION_INCIDENT,Low,Operator,Operations Team,Operator
INC-03298,2025-08-03 06:00:00,OVER_GENERATION_INCIDENT,Low,Operator,Operations Team,Operator
INC-03299,2025-08-03 06:30:00,OVER_GENERATION_INCIDENT,Low,Operator,Operations Team,Operator
INC-03300,2025-08-03 07:00:00,OVER_GENERATION_INCIDENT,Low,Operator,Operations Team,Operator
INC-03301,2025-08-03 07:30:00,OVER_GENERATION_INCIDENT,Low,Operator,Operations Team,Operator
INC-03302,2025-08-03 08:00:00,OVER_GENERATION_INCIDENT,Low,Operator,Operations Team,Operator
INC-03303,2025-08-03 08:30:00,OVER_GENERATION_INCIDENT,Low,Operator,Operations Team,Operator
INC-03304,2025-08-03 09:00:00,OVER_GENERATION_INCIDENT,Low,Operator,Operations Team,Operator
INC-03305,2025-08-03 14:00:00,OVER_GENERATION_INCIDENT,Low,Operator,Operations Team,Operator
INC-03306,2025-08-03 14:30:00,OVER_GENERATION_INCIDENT,Low,Operator,Operations Team,Operator
INC-03307,2025-08-03 15:00:00,OVER_GENERATION_INCIDENT,Low,Operator,Operations Team,Operator
INC-03308,2025-08-03 15:30:00,OVER_GENERATION_INCIDENT,Low,Operator,Operations Team,Operator
INC-03309,2025-08-03 16:00:00,OVER_GENERATION_INCIDENT,Low,Operator,Operations Team,Operator
INC-03310,2025-08-04 03:00:00,OVER_GENERATION_INCIDENT,Low,Operator,Operations Team,Operator
INC-03311,2025-08-04 03:30:00,OVER_GENERATION_INCIDENT,Low,Operator,Operations Team,Operator
INC-03312,2025-08-04 04:00:00,OVER_GENERATION_INCIDENT,Low,Operator,Operations Team,Operator
INC-03313,2025-08-04 04:30:00,OVER_GENERATION_INCIDENT,Low,Operator,Operations Team,Operator
INC-03314,2025-08-04 05:00:00,OVER_GENERATION_INCIDENT,Low,Operator,Operations Team,Operator
INC-03315,2025-08-04 05:30:00,OVER_GENERATION_INCIDENT,Low,Operator,Operations Team,Operator
INC-03316,2025-08-04 06:00:00,OVER_GENERATION_INCIDENT,Low,Operator,Operations Team,Operator
INC-03317,2025-08-04 08:30:00,CURTAILMENT_RISK_INCIDENT,Medium,Supervisor,Operations Supervisor,Operator → Supervisor
INC-03318,2025-08-04 09:00:00,CURTAILMENT_RISK_INCIDENT,Medium,Supervisor,Operations Supervisor,Operator → Supervisor
INC-03319,2025-08-04 09:30:00,CURTAILMENT_RISK_INCIDENT,Medium,Supervisor,Operations Supervisor,Operator → Supervisor
INC-03320,2025-08-04 10:00:00,CURTAILMENT_RISK_INCIDENT,Medium,Supervisor,Operations Supervisor,Operator → Supervisor
INC-03321,2025-08-04 10:30:00,CURTAILMENT_RISK_INCIDENT,Medium,Supervisor,Operations Supervisor,Operator → Supervisor
INC-03322,2025-08-04 11:00:00,CURTAILMENT_RISK_INCIDENT,Medium,Supervisor,Operations Supervisor,Operator → Supervisor
INC-03323,2025-08-04 11:30:00,CURTAILMENT_RISK_INCIDENT,Medium,Supervisor,Operations Supervisor,Operator → Supervisor
INC-03324,2025-08-04 12:00:00,CURTAILMENT_RISK_INCIDENT,Medium,Supervisor,Operations Supervisor,Operator → Supervisor
INC-03325,2025-08-04 12:30:00,CURTAILMENT_RISK_INCIDENT,Medium,Supervisor,Operations Supervisor,Operator → Supervisor
INC-03326,2025-08-04 13:00:00,CURTAILMENT_RISK_INCIDENT,Medium,Supervisor,Operations Supervisor,Operator → Supervisor
INC-03327,2025-08-04 13:30:00,CURTAILMENT_RISK_INCIDENT,Medium,Supervisor,Operations Supervisor,Operator → Supervisor
INC-03328,2025-08-04 14:00:00,CURTAILMENT_RISK_INCIDENT,Medium,Supervisor,Operations Supervisor,Operator → Supervisor
INC-03329,2025-08-04 14:30:00,CURTAILMENT_RISK_INCIDENT,Medium,Supervisor,Operations Supervisor,Operator → Supervisor
INC-03330,2025-08-04 15:00:00,CURTAILMENT_RISK_INCIDENT,Medium,Supervisor,Operations Supervisor,Operator → Supervisor
INC-03331,2025-08-04 15:30:00,CURTAILMENT_RISK_INCIDENT,Medium,Supervisor,Operations Supervisor,Operator → Supervisor
INC-03332,2025-08-04 16:00:00,CURTAILMENT_RISK_INCIDENT,Medium,Supervisor,Operations Supervisor,Operator → Supervisor
INC-03333,2025-08-04 16:30:00,CURTAILMENT_RISK_INCIDENT,Medium,Supervisor,Operations Supervisor,Operator → Supervisor
INC-03334,2025-08-04 17:00:00,CURTAILMENT_RISK_INCIDENT,Medium,Supervisor,Operations Supervisor,Operator → Supervisor
INC-03335,2025-08-04 17:30:00,CURTAILMENT_RISK_INCIDENT,Medium,Supervisor,Operations Supervisor,Operator → Supervisor
INC-03336,2025-08-04 18:00:00,CURTAILMENT_RISK_INCIDENT,Medium,Supervisor,Operations Supervisor,Operator → Supervisor
INC-03337,2025-08-04 18:30:00,CURTAILMENT_RISK_INCIDENT,Medium,Supervisor,Operations Supervisor,Operator → Supervisor
INC-03338,2025-08-05 00:00:00,OVER_GENERATION_INCIDENT,Low,Operator,Operations Team,Operator
INC-03339,2025-08-05 00:30:00,OVER_GENERATION_INCIDENT,Low,Operator,Operations Team,Operator
INC-03340,2025-08-05 01:00:00,OVER_GENERATION_INCIDENT,Low,Operator,Operations Team,Operator
INC-03341,2025-08-05 01:30:00,OVER_GENERATION_INCIDENT,Low,Operator,Operations Team,Operator
INC-03342,2025-08-05 02:00:00,OVER_GENERATION_INCIDENT,Low,Operator,Operations Team,Operator
INC-03343,2025-08-05 02:30:00,OVER_GENERATION_INCIDENT,Low,Operator,Operations Team,Operator
INC-03344,2025-08-05 03:00:00,OVER_GENERATION_INCIDENT,Low,Operator,Operations Team,Operator
INC-03345,2025-08-05 03:30:00,OVER_GENERATION_INCIDENT,Low,Operator,Operations Team,Operator
INC-03346,2025-08-05 04:00:00,OVER_GENERATION_INCIDENT,Low,Operator,Operations Team,Operator
INC-03347,2025-08-05 04:30:00,OVER_GENERATION_INCIDENT,Low,Operator,Operations Team,Operator
INC-03348,2025-08-05 05:00:00,OVER_GENERATION_INCIDENT,Low,Operator,Operations Team,Operator
INC-03349,2025-08-05 05:30:00,OVER_GENERATION_INCIDENT,Low,Operator,Operations Team,Operator
INC-03350,2025-08-05 06:00:00,OVER_GENERATION_INCIDENT,Low,Operator,Operations Team,Operator
INC-03351,2025-08-05 06:00:00,CURTAILMENT_RISK_INCIDENT,Medium,Supervisor,Operations Supervisor,Operator → Supervisor
INC-03352,2025-08-05 06:30:00,OVER_GENERATION_INCIDENT,Low,Operator,Operations Team,Operator
INC-03353,2025-08-05 06:30:00,CURTAILMENT_RISK_INCIDENT,Medium,Supervisor,Operations Supervisor,Operator → Supervisor
INC-03354,2025-08-05 07:00:00,CURTAILMENT_RISK_INCIDENT,Medium,Supervisor,Operations Supervisor,Operator → Supervisor
INC-03355,2025-08-05 07:30:00,CURTAILMENT_RISK_INCIDENT,Medium,Supervisor,Operations Supervisor,Operator → Supervisor
INC-03356,2025-08-05 08:00:00,CURTAILMENT_RISK_INCIDENT,Medium,Supervisor,Operations Supervisor,Operator → Supervisor
INC-03357,2025-08-05 08:30:00,CURTAILMENT_RISK_INCIDENT,Medium,Supervisor,Operations Supervisor,Operator → Supervisor
INC-03358,2025-08-05 09:00:00,CURTAILMENT_RISK_INCIDENT,Medium,Supervisor,Operations Supervisor,Operator → Supervisor
INC-03359,2025-08-05 09:30:00,CURTAILMENT_RISK_INCIDENT,Medium,Supervisor,Operations Supervisor,Operator → Supervisor
INC-03360,2025-08-05 10:00:00,CURTAILMENT_RISK_INCIDENT,Medium,Supervisor,Operations Supervisor,Operator → Supervisor
INC-03361,2025-08-05 10:30:00,OVER_GENERATION_INCIDENT,Low,Operator,Operations Team,Operator
INC-03362,2025-08-05 10:30:00,CURTAILMENT_RISK_INCIDENT,Medium,Supervisor,Operations Supervisor,Operator → Supervisor
INC-03363,2025-08-05 11:00:00,OVER_GENERATION_INCIDENT,Low,Operator,Operations Team,Operator
INC-03364,2025-08-05 11:00:00,CURTAILMENT_RISK_INCIDENT,Medium,Supervisor,Operations Supervisor,Operator → Supervisor
INC-03365,2025-08-05 11:30:00,OVER_GENERATION_INCIDENT,Low,Operator,Operations Team,Operator
INC-03366,2025-08-05 11:30:00,CURTAILMENT_RISK_INCIDENT,Medium,Supervisor,Operations Supervisor,Operator → Supervisor
INC-03367,2025-08-05 12:00:00,OVER_GENERATION_INCIDENT,Low,Operator,Operations Team,Operator
INC-03368,2025-08-05 12:00:00,CURTAILMENT_RISK_INCIDENT,Medium,Supervisor,Operations Supervisor,Operator → Supervisor
INC-03369,2025-08-05 12:30:00,OVER_GENERATION_INCIDENT,Low,Operator,Operations Team,Operator
INC-03370,2025-08-05 12:30:00,CURTAILMENT_RISK_INCIDENT,Medium,Supervisor,Operations Supervisor,Operator → Supervisor
INC-03371,2025-08-05 13:00:00,OVER_GENERATION_INCIDENT,Low,Operator,Operations Team,Operator
INC-03372,2025-08-05 13:00:00,CURTAILMENT_RISK_INCIDENT,Medium,Supervisor,Operations Supervisor,Operator → Supervisor
INC-03373,2025-08-05 13:30:00,OVER_GENERATION_INCIDENT,Low,Operator,Operations Team,Operator
INC-03374,2025-08-05 13:30:00,CURTAILMENT_RISK_INCIDENT,Medium,Supervisor,Operations Supervisor,Operator → Supervisor
INC-03375,2025-08-05 14:00:00,OVER_GENERATION_INCIDENT,Low,Operator,Operations Team,Operator
INC-03376,2025-08-05 14:00:00,CURTAILMENT_RISK_INCIDENT,Medium,Supervisor,Operations Supervisor,Operator → Supervisor
INC-03377,2025-08-05 14:30:00,OVER_GENERATION_INCIDENT,Low,Operator,Operations Team,Operator
INC-03378,2025-08-05 14:30:00,CURTAILMENT_RISK_INCIDENT,Medium,Supervisor,Operations Supervisor,Operator → Supervisor
INC-03379,2025-08-05 15:00:00,OVER_GENERATION_INCIDENT,Low,Operator,Operations Team,Operator
INC-03380,2025-08-05 15:00:00,CURTAILMENT_RISK_INCIDENT,Medium,Supervisor,Operations Supervisor,Operator → Supervisor
INC-03381,2025-08-05 15:30:00,OVER_GENERATION_INCIDENT,Low,Operator,Operations Team,Operator
INC-03382,2025-08-05 15:30:00,CURTAILMENT_RISK_INCIDENT,Medium,Supervisor,Operations Supervisor,Operator → Supervisor
INC-03383,2025-08-05 16:00:00,OVER_GENERATION_INCIDENT,Low,Operator,Operations Team,Operator
INC-03384,2025-08-05 16:00:00,CURTAILMENT_RISK_INCIDENT,Medium,Supervisor,Operations Supervisor,Operator → Supervisor
INC-03385,2025-08-05 16:30:00,CURTAILMENT_RISK_INCIDENT,Medium,Supervisor,Operations Supervisor,Operator → Supervisor
INC-03386,2025-08-06 02:30:00,OVER_GENERATION_INCIDENT,Low,Operator,Operations Team,Operator
INC-03387,2025-08-06 03:00:00,OVER_GENERATION_INCIDENT,Low,Operator,Operations Team,Operator
INC-03388,2025-08-06 03:30:00,OVER_GENERATION_INCIDENT,Low,Operator,Operations Team,Operator
INC-03389,2025-08-06 04:00:00,OVER_GENERATION_INCIDENT,Low,Operator,Operations Team,Operator
INC-03390,2025-08-06 04:30:00,OVER_GENERATION_INCIDENT,Low,Operator,Operations Team,Operator
INC-03391,2025-08-06 05:00:00,OVER_GENERATION_INCIDENT,Low,Operator,Operations Team,Operator
INC-03392,2025-08-06 05:30:00,OVER_GENERATION_INCIDENT,Low,Operator,Operations Team,Operator
INC-03393,2025-08-06 11:00:00,OVER_GENERATION_INCIDENT,Low,Operator,Operations Team,Operator
INC-03394,2025-08-06 11:30:00,OVER_GENERATION_INCIDENT,Low,Operator,Operations Team,Operator
INC-03395,2025-08-06 12:00:00,OVER_GENERATION_INCIDENT,Low,Operator,Operations Team,Operator
INC-03396,2025-08-06 12:30:00,OVER_GENERATION_INCIDENT,Low,Operator,Operations Team,Operator
INC-03397,2025-08-06 13:00:00,OVER_GENERATION_INCIDENT,Low,Operator,Operations Team,Operator
INC-03398,2025-08-06 13:30:00,OVER_GENERATION_INCIDENT,Low,Operator,Operations Team,Operator
INC-03399,2025-08-06 14:00:00,OVER_GENERATION_INCIDENT,Low,Operator,Operations Team,Operator
INC-03400,2025-08-07 01:00:00,OVER_GENERATION_INCIDENT,Low,Operator,Operations Team,Operator
INC-03401,2025-08-07 01:30:00,OVER_GENERATION_INCIDENT,Low,Operator,Operations Team,Operator
INC-03402,2025-08-07 02:00:00,OVER_GENERATION_INCIDENT,Low,Operator,Operations Team,Operator
INC-03403,2025-08-07 02:30:00,OVER_GENERATION_INCIDENT,Low,Operator,Operations Team,Operator
INC-03404,2025-08-07 03:00:00,OVER_GENERATION_INCIDENT,Low,Operator,Operations Team,Operator
INC-03405,2025-08-07 03:30:00,OVER_GENERATION_INCIDENT,Low,Operator,Operations Team,Operator
INC-03406,2025-08-07 04:00:00,OVER_GENERATION_INCIDENT,Low,Operator,Operations Team,Operator
INC-03407,2025-08-07 04:30:00,OVER_GENERATION_INCIDENT,Low,Operator,Operations Team,Operator
INC-03408,2025-08-07 05:00:00,OVER_GENERATION_INCIDENT,Low,Operator,Operations Team,Operator
INC-03409,2025-08-07 05:30:00,OVER_GENERATION_INCIDENT,Low,Operator,Operations Team,Operator
INC-03410,2025-08-07 06:00:00,OVER_GENERATION_INCIDENT,Low,Operator,Operations Team,Operator
INC-03411,2025-08-07 11:00:00,CURTAILMENT_RISK_INCIDENT,Medium,Supervisor,Operations Supervisor,Operator → Supervisor
INC-03412,2025-08-07 11:30:00,CURTAILMENT_RISK_INCIDENT,Medium,Supervisor,Operations Supervisor,Operator → Supervisor
INC-03413,2025-08-07 12:00:00,CURTAILMENT_RISK_INCIDENT,Medium,Supervisor,Operations Supervisor,Operator → Supervisor
INC-03414,2025-08-07 12:30:00,CURTAILMENT_RISK_INCIDENT,Medium,Supervisor,Operations Supervisor,Operator → Supervisor
INC-03415,2025-08-07 13:00:00,CURTAILMENT_RISK_INCIDENT,Medium,Supervisor,Operations Supervisor,Operator → Supervisor
INC-03416,2025-08-07 13:30:00,CURTAILMENT_RISK_INCIDENT,Medium,Supervisor,Operations Supervisor,Operator → Supervisor
INC-03417,2025-08-07 14:00:00,CURTAILMENT_RISK_INCIDENT,Medium,Supervisor,Operations Supervisor,Operator → Supervisor
INC-03418,2025-08-07 14:30:00,CURTAILMENT_RISK_INCIDENT,Medium,Supervisor,Operations Supervisor,Operator → Supervisor
INC-03419,2025-08-08 02:30:00,OVER_GENERATION_INCIDENT,Low,Operator,Operations Team,Operator
INC-03420,2025-08-08 03:00:00,OVER_GENERATION_INCIDENT,Low,Operator,Operations Team,Operator
INC-03421,2025-08-08 03:30:00,OVER_GENERATION_INCIDENT,Low,Operator,Operations Team,Operator
INC-03422,2025-08-08 04:00:00,OVER_GENERATION_INCIDENT,Low,Operator,Operations Team,Operator
INC-03423,2025-08-08 04:30:00,OVER_GENERATION_INCIDENT,Low,Operator,Operations Team,Operator
INC-03424,2025-08-08 05:00:00,OVER_GENERATION_INCIDENT,Low,Operator,Operations Team,Operator
INC-03425,2025-08-08 05:30:00,OVER_GENERATION_INCIDENT,Low,Operator,Operations Team,Operator
INC-03426,2025-08-08 06:00:00,OVER_GENERATION_INCIDENT,Low,Operator,Operations Team,Operator
INC-03427,2025-08-08 10:00:00,CURTAILMENT_RISK_INCIDENT,Medium,Supervisor,Operations Supervisor,Operator → Supervisor
INC-03428,2025-08-08 10:30:00,CURTAILMENT_RISK_INCIDENT,Medium,Supervisor,Operations Supervisor,Operator → Supervisor
INC-03429,2025-08-08 11:00:00,CURTAILMENT_RISK_INCIDENT,Medium,Supervisor,Operations Supervisor,Operator → Supervisor
INC-03430,2025-08-08 11:30:00,CURTAILMENT_RISK_INCIDENT,Medium,Supervisor,Operations Supervisor,Operator → Supervisor
INC-03431,2025-08-08 12:00:00,CURTAILMENT_RISK_INCIDENT,Medium,Supervisor,Operations Supervisor,Operator → Supervisor
INC-03432,2025-08-08 12:30:00,CURTAILMENT_RISK_INCIDENT,Medium,Supervisor,Operations Supervisor,Operator → Supervisor
INC-03433,2025-08-08 13:00:00,OVER_GENERATION_INCIDENT,Low,Operator,Operations Team,Operator
INC-03434,2025-08-08 13:00:00,CURTAILMENT_RISK_INCIDENT,Medium,Supervisor,Operations Supervisor,Operator → Supervisor
INC-03435,2025-08-08 13:30:00,OVER_GENERATION_INCIDENT,Low,Operator,Operations Team,Operator
INC-03436,2025-08-08 13:30:00,CURTAILMENT_RISK_INCIDENT,Medium,Supervisor,Operations Supervisor,Operator → Supervisor
INC-03437,2025-08-08 14:00:00,OVER_GENERATION_INCIDENT,Low,Operator,Operations Team,Operator
INC-03438,2025-08-08 14:00:00,CURTAILMENT_RISK_INCIDENT,Medium,Supervisor,Operations Supervisor,Operator → Supervisor
INC-03439,2025-08-08 14:30:00,OVER_GENERATION_INCIDENT,Low,Operator,Operations Team,Operator
INC-03440,2025-08-08 14:30:00,CURTAILMENT_RISK_INCIDENT,Medium,Supervisor,Operations Supervisor,Operator → Supervisor
INC-03441,2025-08-08 15:00:00,OVER_GENERATION_INCIDENT,Low,Operator,Operations Team,Operator
INC-03442,2025-08-08 15:30:00,OVER_GENERATION_INCIDENT,Low,Operator,Operations Team,Operator
INC-03443,2025-08-08 16:00:00,OVER_GENERATION_INCIDENT,Low,Operator,Operations Team,Operator
INC-03444,2025-08-08 16:30:00,OVER_GENERATION_INCIDENT,Low,Operator,Operations Team,Operator
INC-03445,2025-08-09 01:00:00,OVER_GENERATION_INCIDENT,Low,Operator,Operations Team,Operator
INC-03446,2025-08-09 01:30:00,OVER_GENERATION_INCIDENT,Low,Operator,Operations Team,Operator
INC-03447,2025-08-09 02:00:00,OVER_GENERATION_INCIDENT,Low,Operator,Operations Team,Operator
INC-03448,2025-08-09 02:30:00,OVER_GENERATION_INCIDENT,Low,Operator,Operations Team,Operator
INC-03449,2025-08-09 03:00:00,OVER_GENERATION_INCIDENT,Low,Operator,Operations Team,Operator
INC-03450,2025-08-09 03:30:00,OVER_GENERATION_INCIDENT,Low,Operator,Operations Team,Operator
INC-03451,2025-08-09 04:00:00,OVER_GENERATION_INCIDENT,Low,Operator,Operations Team,Operator
INC-03452,2025-08-09 04:30:00,OVER_GENERATION_INCIDENT,Low,Operator,Operations Team,Operator
INC-03453,2025-08-09 05:00:00,OVER_GENERATION_INCIDENT,Low,Operator,Operations Team,Operator
INC-03454,2025-08-09 05:30:00,OVER_GENERATION_INCIDENT,Low,Operator,Operations Team,Operator
INC-03455,2025-08-09 06:00:00,OVER_GENERATION_INCIDENT,Low,Operator,Operations Team,Operator
INC-03456,2025-08-09 06:30:00,OVER_GENERATION_INCIDENT,Low,Operator,Operations Team,Operator
INC-03457,2025-08-09 07:00:00,OVER_GENERATION_INCIDENT,Low,Operator,Operations Team,Operator
INC-03458,2025-08-09 07:30:00,OVER_GENERATION_INCIDENT,Low,Operator,Operations Team,Operator
INC-03459,2025-08-09 08:00:00,OVER_GENERATION_INCIDENT,Low,Operator,Operations Team,Operator
INC-03460,2025-08-09 08:30:00,OVER_GENERATION_INCIDENT,Low,Operator,Operations Team,Operator
INC-03461,2025-08-09 08:30:00,CURTAILMENT_RISK_INCIDENT,Medium,Supervisor,Operations Supervisor,Operator → Supervisor
INC-03462,2025-08-09 09:00:00,OVER_GENERATION_INCIDENT,Low,Operator,Operations Team,Operator
INC-03463,2025-08-09 09:00:00,CURTAILMENT_RISK_INCIDENT,Medium,Supervisor,Operations Supervisor,Operator → Supervisor
INC-03464,2025-08-09 09:30:00,OVER_GENERATION_INCIDENT,Low,Operator,Operations Team,Operator
INC-03465,2025-08-09 09:30:00,CURTAILMENT_RISK_INCIDENT,Medium,Supervisor,Operations Supervisor,Operator → Supervisor
INC-03466,2025-08-09 10:00:00,OVER_GENERATION_INCIDENT,Low,Operator,Operations Team,Operator
INC-03467,2025-08-09 10:00:00,CURTAILMENT_RISK_INCIDENT,Medium,Supervisor,Operations Supervisor,Operator → Supervisor
INC-03468,2025-08-09 10:30:00,OVER_GENERATION_INCIDENT,Low,Operator,Operations Team,Operator
INC-03469,2025-08-09 10:30:00,CURTAILMENT_RISK_INCIDENT,Medium,Supervisor,Operations Supervisor,Operator → Supervisor
INC-03470,2025-08-09 11:00:00,OVER_GENERATION_INCIDENT,Low,Operator,Operations Team,Operator
INC-03471,2025-08-09 11:00:00,CURTAILMENT_RISK_INCIDENT,Medium,Supervisor,Operations Supervisor,Operator → Supervisor
INC-03472,2025-08-09 11:30:00,OVER_GENERATION_INCIDENT,Low,Operator,Operations Team,Operator
INC-03473,2025-08-09 11:30:00,CURTAILMENT_RISK_INCIDENT,Medium,Supervisor,Operations Supervisor,Operator → Supervisor
INC-03474,2025-08-09 12:00:00,OVER_GENERATION_INCIDENT,Low,Operator,Operations Team,Operator
INC-03475,2025-08-09 12:00:00,CURTAILMENT_RISK_INCIDENT,Medium,Supervisor,Operations Supervisor,Operator → Supervisor
INC-03476,2025-08-09 12:30:00,OVER_GENERATION_INCIDENT,Low,Operator,Operations Team,Operator
INC-03477,2025-08-09 12:30:00,CURTAILMENT_RISK_INCIDENT,Medium,Supervisor,Operations Supervisor,Operator → Supervisor
INC-03478,2025-08-09 13:00:00,OVER_GENERATION_INCIDENT,Low,Operator,Operations Team,Operator
INC-03479,2025-08-09 13:00:00,CURTAILMENT_RISK_INCIDENT,Medium,Supervisor,Operations Supervisor,Operator → Supervisor
INC-03480,2025-08-09 13:30:00,OVER_GENERATION_INCIDENT,Low,Operator,Operations Team,Operator
INC-03481,2025-08-09 13:30:00,CURTAILMENT_RISK_INCIDENT,Medium,Supervisor,Operations Supervisor,Operator → Supervisor
INC-03482,2025-08-09 14:00:00,OVER_GENERATION_INCIDENT,Low,Operator,Operations Team,Operator
INC-03483,2025-08-09 14:00:00,CURTAILMENT_RISK_INCIDENT,Medium,Supervisor,Operations Supervisor,Operator → Supervisor
INC-03484,2025-08-09 14:30:00,OVER_GENERATION_INCIDENT,Low,Operator,Operations Team,Operator
INC-03485,2025-08-09 14:30:00,CURTAILMENT_RISK_INCIDENT,Medium,Supervisor,Operations Supervisor,Operator → Supervisor
INC-03486,2025-08-09 15:00:00,OVER_GENERATION_INCIDENT,Low,Operator,Operations Team,Operator
INC-03487,2025-08-09 15:00:00,CURTAILMENT_RISK_INCIDENT,Medium,Supervisor,Operations Supervisor,Operator → Supervisor
INC-03488,2025-08-09 15:30:00,OVER_GENERATION_INCIDENT,Low,Operator,Operations Team,Operator
INC-03489,2025-08-09 15:30:00,CURTAILMENT_RISK_INCIDENT,Medium,Supervisor,Operations Supervisor,Operator → Supervisor
INC-03490,2025-08-09 16:00:00,OVER_GENERATION_INCIDENT,Low,Operator,Operations Team,Operator
INC-03491,2025-08-09 16:30:00,OVER_GENERATION_INCIDENT,Low,Operator,Operations Team,Operator
INC-03492,2025-08-09 17:00:00,OVER_GENERATION_INCIDENT,Low,Operator,Operations Team,Operator
INC-03493,2025-08-10 06:00:00,OVER_GENERATION_INCIDENT,Low,Operator,Operations Team,Operator
INC-03494,2025-08-10 06:30:00,OVER_GENERATION_INCIDENT,Low,Operator,Operations Team,Operator
INC-03495,2025-08-10 07:00:00,OVER_GENERATION_INCIDENT,Low,Operator,Operations Team,Operator
INC-03496,2025-08-10 07:30:00,OVER_GENERATION_INCIDENT,Low,Operator,Operations Team,Operator
INC-03497,2025-08-10 08:00:00,OVER_GENERATION_INCIDENT,Low,Operator,Operations Team,Operator
INC-03498,2025-08-10 08:30:00,OVER_GENERATION_INCIDENT,Low,Operator,Operations Team,Operator
INC-03499,2025-08-10 09:00:00,OVER_GENERATION_INCIDENT,Low,Operator,Operations Team,Operator
INC-03500,2025-08-10 09:30:00,OVER_GENERATION_INCIDENT,Low,Operator,Operations Team,Operator
INC-03501,2025-08-10 10:00:00,OVER_GENERATION_INCIDENT,Low,Operator,Operations Team,Operator
INC-03502,2025-08-10 10:30:00,OVER_GENERATION_INCIDENT,Low,Operator,Operations Team,Operator
INC-03503,2025-08-10 11:00:00,OVER_GENERATION_INCIDENT,Low,Operator,Operations Team,Operator
INC-03504,2025-08-10 11:30:00,OVER_GENERATION_INCIDENT,Low,Operator,Operations Team,Operator
INC-03505,2025-08-10 12:00:00,OVER_GENERATION_INCIDENT,Low,Operator,Operations Team,Operator
INC-03506,2025-08-10 12:30:00,OVER_GENERATION_INCIDENT,Low,Operator,Operations Team,Operator
INC-03507,2025-08-10 13:00:00,OVER_GENERATION_INCIDENT,Low,Operator,Operations Team,Operator
INC-03508,2025-08-10 13:30:00,OVER_GENERATION_INCIDENT,Low,Operator,Operations Team,Operator
INC-03509,2025-08-10 14:00:00,OVER_GENERATION_INCIDENT,Low,Operator,Operations Team,Operator
INC-03510,2025-08-10 14:30:00,OVER_GENERATION_INCIDENT,Low,Operator,Operations Team,Operator
INC-03511,2025-08-10 15:00:00,OVER_GENERATION_INCIDENT,Low,Operator,Operations Team,Operator
INC-03512,2025-08-10 15:30:00,OVER_GENERATION_INCIDENT,Low,Operator,Operations Team,Operator
INC-03513,2025-08-10 16:00:00,OVER_GENERATION_INCIDENT,Low,Operator,Operations Team,Operator
INC-03514,2025-08-10 16:30:00,OVER_GENERATION_INCIDENT,Low,Operator,Operations Team,Operator
INC-03515,2025-08-11 02:30:00,OVER_GENERATION_INCIDENT,Low,Operator,Operations Team,Operator
INC-03516,2025-08-11 03:00:00,OVER_GENERATION_INCIDENT,Low,Operator,Operations Team,Operator
INC-03517,2025-08-11 03:30:00,OVER_GENERATION_INCIDENT,Low,Operator,Operations Team,Operator
INC-03518,2025-08-11 04:00:00,OVER_GENERATION_INCIDENT,Low,Operator,Operations Team,Operator
INC-03519,2025-08-11 04:30:00,OVER_GENERATION_INCIDENT,Low,Operator,Operations Team,Operator
INC-03520,2025-08-11 05:00:00,OVER_GENERATION_INCIDENT,Low,Operator,Operations Team,Operator
INC-03521,2025-08-11 05:30:00,OVER_GENERATION_INCIDENT,Low,Operator,Operations Team,Operator
INC-03522,2025-08-11 17:00:00,SUSTAINABILITY_INCIDENT,Medium,Supervisor,Operations Supervisor,Operator → Supervisor
INC-03523,2025-08-11 17:00:00,OPERATIONAL_RISK_INCIDENT,High,Regional Controller,Regional Leadership,Operator → Supervisor → Regional Controller
INC-03524,2025-08-11 17:30:00,SUSTAINABILITY_INCIDENT,Medium,Supervisor,Operations Supervisor,Operator → Supervisor
INC-03525,2025-08-11 17:30:00,OPERATIONAL_RISK_INCIDENT,High,Regional Controller,Regional Leadership,Operator → Supervisor → Regional Controller
INC-03526,2025-08-11 18:00:00,SUSTAINABILITY_INCIDENT,Medium,Supervisor,Operations Supervisor,Operator → Supervisor
INC-03527,2025-08-11 18:00:00,OPERATIONAL_RISK_INCIDENT,High,Regional Controller,Regional Leadership,Operator → Supervisor → Regional Controller
INC-03528,2025-08-11 18:30:00,SUSTAINABILITY_INCIDENT,Medium,Supervisor,Operations Supervisor,Operator → Supervisor
INC-03529,2025-08-11 19:00:00,SUSTAINABILITY_INCIDENT,Medium,Supervisor,Operations Supervisor,Operator → Supervisor
INC-03530,2025-08-11 19:30:00,SUSTAINABILITY_INCIDENT,Medium,Supervisor,Operations Supervisor,Operator → Supervisor
INC-03531,2025-08-11 20:00:00,SUSTAINABILITY_INCIDENT,Medium,Supervisor,Operations Supervisor,Operator → Supervisor
INC-03532,2025-08-11 20:30:00,SUSTAINABILITY_INCIDENT,Medium,Supervisor,Operations Supervisor,Operator → Supervisor
INC-03533,2025-08-11 21:00:00,SUSTAINABILITY_INCIDENT,Medium,Supervisor,Operations Supervisor,Operator → Supervisor
INC-03534,2025-08-12 17:30:00,SUSTAINABILITY_INCIDENT,Medium,Supervisor,Operations Supervisor,Operator → Supervisor
INC-03535,2025-08-12 18:00:00,SUSTAINABILITY_INCIDENT,Medium,Supervisor,Operations Supervisor,Operator → Supervisor
INC-03536,2025-08-12 18:30:00,SUSTAINABILITY_INCIDENT,Medium,Supervisor,Operations Supervisor,Operator → Supervisor
INC-03537,2025-08-12 19:00:00,SUSTAINABILITY_INCIDENT,Medium,Supervisor,Operations Supervisor,Operator → Supervisor
INC-03538,2025-08-12 19:30:00,SUSTAINABILITY_INCIDENT,Medium,Supervisor,Operations Supervisor,Operator → Supervisor
INC-03539,2025-08-12 20:00:00,SUSTAINABILITY_INCIDENT,Medium,Supervisor,Operations Supervisor,Operator → Supervisor
INC-03540,2025-08-12 20:30:00,SUSTAINABILITY_INCIDENT,Medium,Supervisor,Operations Supervisor,Operator → Supervisor
INC-03541,2025-08-12 21:00:00,SUSTAINABILITY_INCIDENT,Medium,Supervisor,Operations Supervisor,Operator → Supervisor
INC-03542,2025-08-12 21:30:00,SUSTAINABILITY_INCIDENT,Medium,Supervisor,Operations Supervisor,Operator → Supervisor
INC-03543,2025-08-12 22:00:00,SUSTAINABILITY_INCIDENT,Medium,Supervisor,Operations Supervisor,Operator → Supervisor
INC-03544,2025-08-12 22:30:00,SUSTAINABILITY_INCIDENT,Medium,Supervisor,Operations Supervisor,Operator → Supervisor
INC-03545,2025-08-12 23:00:00,SUSTAINABILITY_INCIDENT,Medium,Supervisor,Operations Supervisor,Operator → Supervisor
INC-03546,2025-08-12 23:30:00,SUSTAINABILITY_INCIDENT,Medium,Supervisor,Operations Supervisor,Operator → Supervisor
INC-03547,2025-08-13 00:00:00,SUSTAINABILITY_INCIDENT,Medium,Supervisor,Operations Supervisor,Operator → Supervisor
INC-03548,2025-08-13 00:30:00,SUSTAINABILITY_INCIDENT,Medium,Supervisor,Operations Supervisor,Operator → Supervisor
INC-03549,2025-08-13 01:00:00,SUSTAINABILITY_INCIDENT,Medium,Supervisor,Operations Supervisor,Operator → Supervisor
INC-03550,2025-08-13 01:30:00,SUSTAINABILITY_INCIDENT,Medium,Supervisor,Operations Supervisor,Operator → Supervisor
INC-03551,2025-08-13 02:00:00,SUSTAINABILITY_INCIDENT,Medium,Supervisor,Operations Supervisor,Operator → Supervisor
INC-03552,2025-08-13 02:30:00,SUSTAINABILITY_INCIDENT,Medium,Supervisor,Operations Supervisor,Operator → Supervisor
INC-03553,2025-08-13 03:00:00,SUSTAINABILITY_INCIDENT,Medium,Supervisor,Operations Supervisor,Operator → Supervisor
INC-03554,2025-08-13 03:30:00,SUSTAINABILITY_INCIDENT,Medium,Supervisor,Operations Supervisor,Operator → Supervisor
INC-03555,2025-08-13 04:00:00,SUSTAINABILITY_INCIDENT,Medium,Supervisor,Operations Supervisor,Operator → Supervisor
INC-03556,2025-08-13 04:30:00,SUSTAINABILITY_INCIDENT,Medium,Supervisor,Operations Supervisor,Operator → Supervisor
INC-03557,2025-08-13 05:00:00,SUSTAINABILITY_INCIDENT,Medium,Supervisor,Operations Supervisor,Operator → Supervisor
INC-03558,2025-08-13 05:30:00,SUSTAINABILITY_INCIDENT,Medium,Supervisor,Operations Supervisor,Operator → Supervisor
INC-03559,2025-08-13 06:00:00,SUSTAINABILITY_INCIDENT,Medium,Supervisor,Operations Supervisor,Operator → Supervisor
INC-03560,2025-08-13 06:30:00,SUSTAINABILITY_INCIDENT,Medium,Supervisor,Operations Supervisor,Operator → Supervisor
INC-03561,2025-08-14 19:00:00,SUSTAINABILITY_INCIDENT,Medium,Supervisor,Operations Supervisor,Operator → Supervisor
INC-03562,2025-08-14 19:30:00,SUSTAINABILITY_INCIDENT,Medium,Supervisor,Operations Supervisor,Operator → Supervisor
INC-03563,2025-08-14 20:00:00,SUSTAINABILITY_INCIDENT,Medium,Supervisor,Operations Supervisor,Operator → Supervisor
INC-03564,2025-08-14 21:00:00,SUSTAINABILITY_INCIDENT,Medium,Supervisor,Operations Supervisor,Operator → Supervisor
INC-03565,2025-08-16 05:30:00,OVER_GENERATION_INCIDENT,Low,Operator,Operations Team,Operator
INC-03566,2025-08-16 14:00:00,OVER_GENERATION_INCIDENT,Low,Operator,Operations Team,Operator
INC-03567,2025-08-16 14:30:00,OVER_GENERATION_INCIDENT,Low,Operator,Operations Team,Operator
INC-03568,2025-08-16 15:00:00,OVER_GENERATION_INCIDENT,Low,Operator,Operations Team,Operator
INC-03569,2025-08-16 15:30:00,OVER_GENERATION_INCIDENT,Low,Operator,Operations Team,Operator
INC-03570,2025-08-17 01:30:00,DEMAND_ANOMALY_INCIDENT,Medium,Supervisor,Operations Supervisor,Operator → Supervisor
INC-03571,2025-08-17 02:00:00,DEMAND_ANOMALY_INCIDENT,Medium,Supervisor,Operations Supervisor,Operator → Supervisor
INC-03572,2025-08-17 02:30:00,DEMAND_ANOMALY_INCIDENT,Medium,Supervisor,Operations Supervisor,Operator → Supervisor
INC-03573,2025-08-17 03:00:00,DEMAND_ANOMALY_INCIDENT,Medium,Supervisor,Operations Supervisor,Operator → Supervisor
INC-03574,2025-08-17 03:30:00,DEMAND_ANOMALY_INCIDENT,Medium,Supervisor,Operations Supervisor,Operator → Supervisor
INC-03575,2025-08-17 04:00:00,DEMAND_ANOMALY_INCIDENT,Medium,Supervisor,Operations Supervisor,Operator → Supervisor
INC-03576,2025-08-17 04:30:00,DEMAND_ANOMALY_INCIDENT,Medium,Supervisor,Operations Supervisor,Operator → Supervisor
INC-03577,2025-08-17 05:00:00,DEMAND_ANOMALY_INCIDENT,Medium,Supervisor,Operations Supervisor,Operator → Supervisor
INC-03578,2025-08-17 05:30:00,DEMAND_ANOMALY_INCIDENT,Medium,Supervisor,Operations Supervisor,Operator → Supervisor
INC-03579,2025-08-17 06:00:00,OVER_GENERATION_INCIDENT,Low,Operator,Operations Team,Operator
INC-03580,2025-08-17 06:30:00,OVER_GENERATION_INCIDENT,Low,Operator,Operations Team,Operator
INC-03581,2025-08-17 07:00:00,OVER_GENERATION_INCIDENT,Low,Operator,Operations Team,Operator
INC-03582,2025-08-17 07:30:00,OVER_GENERATION_INCIDENT,Low,Operator,Operations Team,Operator
INC-03583,2025-08-17 08:00:00,OVER_GENERATION_INCIDENT,Low,Operator,Operations Team,Operator
INC-03584,2025-08-17 08:30:00,OVER_GENERATION_INCIDENT,Low,Operator,Operations Team,Operator
INC-03585,2025-08-17 09:00:00,OVER_GENERATION_INCIDENT,Low,Operator,Operations Team,Operator
INC-03586,2025-08-17 09:30:00,OVER_GENERATION_INCIDENT,Low,Operator,Operations Team,Operator
INC-03587,2025-08-17 10:00:00,OVER_GENERATION_INCIDENT,Low,Operator,Operations Team,Operator
INC-03588,2025-08-17 10:30:00,OVER_GENERATION_INCIDENT,Low,Operator,Operations Team,Operator
INC-03589,2025-08-17 11:00:00,OVER_GENERATION_INCIDENT,Low,Operator,Operations Team,Operator
INC-03590,2025-08-17 11:30:00,OVER_GENERATION_INCIDENT,Low,Operator,Operations Team,Operator
INC-03591,2025-08-17 12:00:00,OVER_GENERATION_INCIDENT,Low,Operator,Operations Team,Operator
INC-03592,2025-08-17 12:30:00,OVER_GENERATION_INCIDENT,Low,Operator,Operations Team,Operator
INC-03593,2025-08-17 13:00:00,OVER_GENERATION_INCIDENT,Low,Operator,Operations Team,Operator
INC-03594,2025-08-17 13:30:00,OVER_GENERATION_INCIDENT,Low,Operator,Operations Team,Operator
INC-03595,2025-08-17 14:00:00,OVER_GENERATION_INCIDENT,Low,Operator,Operations Team,Operator
INC-03596,2025-08-17 14:30:00,OVER_GENERATION_INCIDENT,Low,Operator,Operations Team,Operator
INC-03597,2025-08-17 15:00:00,OVER_GENERATION_INCIDENT,Low,Operator,Operations Team,Operator
INC-03598,2025-08-17 15:30:00,OVER_GENERATION_INCIDENT,Low,Operator,Operations Team,Operator
INC-03599,2025-08-17 16:00:00,OVER_GENERATION_INCIDENT,Low,Operator,Operations Team,Operator
INC-03600,2025-08-18 02:00:00,OVER_GENERATION_INCIDENT,Low,Operator,Operations Team,Operator
INC-03601,2025-08-18 02:00:00,DEMAND_ANOMALY_INCIDENT,Medium,Supervisor,Operations Supervisor,Operator → Supervisor
INC-03602,2025-08-18 02:30:00,OVER_GENERATION_INCIDENT,Low,Operator,Operations Team,Operator
INC-03603,2025-08-18 02:30:00,DEMAND_ANOMALY_INCIDENT,Medium,Supervisor,Operations Supervisor,Operator → Supervisor
INC-03604,2025-08-18 03:00:00,OVER_GENERATION_INCIDENT,Low,Operator,Operations Team,Operator
INC-03605,2025-08-18 03:00:00,DEMAND_ANOMALY_INCIDENT,Medium,Supervisor,Operations Supervisor,Operator → Supervisor
INC-03606,2025-08-18 03:30:00,OVER_GENERATION_INCIDENT,Low,Operator,Operations Team,Operator
INC-03607,2025-08-18 03:30:00,DEMAND_ANOMALY_INCIDENT,Medium,Supervisor,Operations Supervisor,Operator → Supervisor
INC-03608,2025-08-18 04:00:00,OVER_GENERATION_INCIDENT,Low,Operator,Operations Team,Operator
INC-03609,2025-08-18 04:00:00,DEMAND_ANOMALY_INCIDENT,Medium,Supervisor,Operations Supervisor,Operator → Supervisor
INC-03610,2025-08-18 04:30:00,OVER_GENERATION_INCIDENT,Low,Operator,Operations Team,Operator
INC-03611,2025-08-18 04:30:00,DEMAND_ANOMALY_INCIDENT,Medium,Supervisor,Operations Supervisor,Operator → Supervisor
INC-03612,2025-08-18 05:00:00,OVER_GENERATION_INCIDENT,Low,Operator,Operations Team,Operator
INC-03613,2025-08-18 05:00:00,DEMAND_ANOMALY_INCIDENT,Medium,Supervisor,Operations Supervisor,Operator → Supervisor
INC-03614,2025-08-18 05:30:00,OVER_GENERATION_INCIDENT,Low,Operator,Operations Team,Operator
INC-03615,2025-08-18 05:30:00,DEMAND_ANOMALY_INCIDENT,Medium,Supervisor,Operations Supervisor,Operator → Supervisor
INC-03616,2025-08-18 16:30:00,SUSTAINABILITY_INCIDENT,Medium,Supervisor,Operations Supervisor,Operator → Supervisor
INC-03617,2025-08-18 17:00:00,SUSTAINABILITY_INCIDENT,Medium,Supervisor,Operations Supervisor,Operator → Supervisor
INC-03618,2025-08-18 17:30:00,SUSTAINABILITY_INCIDENT,Medium,Supervisor,Operations Supervisor,Operator → Supervisor
INC-03619,2025-08-18 18:00:00,SUSTAINABILITY_INCIDENT,Medium,Supervisor,Operations Supervisor,Operator → Supervisor
INC-03620,2025-08-18 18:30:00,SUSTAINABILITY_INCIDENT,Medium,Supervisor,Operations Supervisor,Operator → Supervisor
INC-03621,2025-08-18 19:00:00,SUSTAINABILITY_INCIDENT,Medium,Supervisor,Operations Supervisor,Operator → Supervisor
INC-03622,2025-08-18 19:30:00,SUSTAINABILITY_INCIDENT,Medium,Supervisor,Operations Supervisor,Operator → Supervisor
INC-03623,2025-08-18 20:00:00,SUSTAINABILITY_INCIDENT,Medium,Supervisor,Operations Supervisor,Operator → Supervisor
INC-03624,2025-08-18 20:30:00,SUSTAINABILITY_INCIDENT,Medium,Supervisor,Operations Supervisor,Operator → Supervisor
INC-03625,2025-08-18 21:00:00,SUSTAINABILITY_INCIDENT,Medium,Supervisor,Operations Supervisor,Operator → Supervisor
INC-03626,2025-08-18 21:30:00,SUSTAINABILITY_INCIDENT,Medium,Supervisor,Operations Supervisor,Operator → Supervisor
INC-03627,2025-08-19 04:00:00,OVER_GENERATION_INCIDENT,Low,Operator,Operations Team,Operator
INC-03628,2025-08-19 04:30:00,OVER_GENERATION_INCIDENT,Low,Operator,Operations Team,Operator
INC-03629,2025-08-19 05:00:00,OVER_GENERATION_INCIDENT,Low,Operator,Operations Team,Operator
INC-03630,2025-08-20 02:30:00,OVER_GENERATION_INCIDENT,Low,Operator,Operations Team,Operator
INC-03631,2025-08-20 03:00:00,OVER_GENERATION_INCIDENT,Low,Operator,Operations Team,Operator
INC-03632,2025-08-20 03:30:00,OVER_GENERATION_INCIDENT,Low,Operator,Operations Team,Operator
INC-03633,2025-08-20 04:00:00,OVER_GENERATION_INCIDENT,Low,Operator,Operations Team,Operator
INC-03634,2025-08-20 04:30:00,OVER_GENERATION_INCIDENT,Low,Operator,Operations Team,Operator
INC-03635,2025-08-20 05:00:00,OVER_GENERATION_INCIDENT,Low,Operator,Operations Team,Operator
INC-03636,2025-08-21 03:00:00,OVER_GENERATION_INCIDENT,Low,Operator,Operations Team,Operator
INC-03637,2025-08-21 03:30:00,OVER_GENERATION_INCIDENT,Low,Operator,Operations Team,Operator
INC-03638,2025-08-21 04:00:00,OVER_GENERATION_INCIDENT,Low,Operator,Operations Team,Operator
INC-03639,2025-08-21 04:30:00,OVER_GENERATION_INCIDENT,Low,Operator,Operations Team,Operator
INC-03640,2025-08-21 05:00:00,OVER_GENERATION_INCIDENT,Low,Operator,Operations Team,Operator
INC-03641,2025-08-22 04:30:00,OVER_GENERATION_INCIDENT,Low,Operator,Operations Team,Operator
INC-03642,2025-08-22 04:30:00,DEMAND_ANOMALY_INCIDENT,Medium,Supervisor,Operations Supervisor,Operator → Supervisor
INC-03643,2025-08-22 19:00:00,SUSTAINABILITY_INCIDENT,Medium,Supervisor,Operations Supervisor,Operator → Supervisor
INC-03644,2025-08-22 19:30:00,SUSTAINABILITY_INCIDENT,Medium,Supervisor,Operations Supervisor,Operator → Supervisor
INC-03645,2025-08-23 03:00:00,DEMAND_ANOMALY_INCIDENT,Medium,Supervisor,Operations Supervisor,Operator → Supervisor
INC-03646,2025-08-23 03:30:00,DEMAND_ANOMALY_INCIDENT,Medium,Supervisor,Operations Supervisor,Operator → Supervisor
INC-03647,2025-08-23 04:00:00,DEMAND_ANOMALY_INCIDENT,Medium,Supervisor,Operations Supervisor,Operator → Supervisor
INC-03648,2025-08-23 04:30:00,DEMAND_ANOMALY_INCIDENT,Medium,Supervisor,Operations Supervisor,Operator → Supervisor
INC-03649,2025-08-23 05:00:00,DEMAND_ANOMALY_INCIDENT,Medium,Supervisor,Operations Supervisor,Operator → Supervisor
INC-03650,2025-08-23 05:30:00,OVER_GENERATION_INCIDENT,Low,Operator,Operations Team,Operator
INC-03651,2025-08-23 05:30:00,DEMAND_ANOMALY_INCIDENT,Medium,Supervisor,Operations Supervisor,Operator → Supervisor
INC-03652,2025-08-23 06:00:00,OVER_GENERATION_INCIDENT,Low,Operator,Operations Team,Operator
INC-03653,2025-08-23 06:00:00,DEMAND_ANOMALY_INCIDENT,Medium,Supervisor,Operations Supervisor,Operator → Supervisor
INC-03654,2025-08-23 18:30:00,SUSTAINABILITY_INCIDENT,Medium,Supervisor,Operations Supervisor,Operator → Supervisor
INC-03655,2025-08-23 20:00:00,SUSTAINABILITY_INCIDENT,Medium,Supervisor,Operations Supervisor,Operator → Supervisor
INC-03656,2025-08-23 20:30:00,SUSTAINABILITY_INCIDENT,Medium,Supervisor,Operations Supervisor,Operator → Supervisor
INC-03657,2025-08-23 21:00:00,SUSTAINABILITY_INCIDENT,Medium,Supervisor,Operations Supervisor,Operator → Supervisor
INC-03658,2025-08-24 01:30:00,DEMAND_ANOMALY_INCIDENT,Medium,Supervisor,Operations Supervisor,Operator → Supervisor
INC-03659,2025-08-24 02:00:00,DEMAND_ANOMALY_INCIDENT,Medium,Supervisor,Operations Supervisor,Operator → Supervisor
INC-03660,2025-08-24 02:30:00,DEMAND_ANOMALY_INCIDENT,Medium,Supervisor,Operations Supervisor,Operator → Supervisor
INC-03661,2025-08-24 03:00:00,DEMAND_ANOMALY_INCIDENT,Medium,Supervisor,Operations Supervisor,Operator → Supervisor
INC-03662,2025-08-24 03:30:00,DEMAND_ANOMALY_INCIDENT,Medium,Supervisor,Operations Supervisor,Operator → Supervisor
INC-03663,2025-08-24 04:00:00,DEMAND_ANOMALY_INCIDENT,Medium,Supervisor,Operations Supervisor,Operator → Supervisor
INC-03664,2025-08-24 04:30:00,DEMAND_ANOMALY_INCIDENT,Medium,Supervisor,Operations Supervisor,Operator → Supervisor
INC-03665,2025-08-24 05:00:00,DEMAND_ANOMALY_INCIDENT,Medium,Supervisor,Operations Supervisor,Operator → Supervisor
INC-03666,2025-08-24 05:30:00,DEMAND_ANOMALY_INCIDENT,Medium,Supervisor,Operations Supervisor,Operator → Supervisor
INC-03667,2025-08-24 06:00:00,OVER_GENERATION_INCIDENT,Low,Operator,Operations Team,Operator
INC-03668,2025-08-24 06:00:00,DEMAND_ANOMALY_INCIDENT,Medium,Supervisor,Operations Supervisor,Operator → Supervisor
INC-03669,2025-08-24 06:30:00,OVER_GENERATION_INCIDENT,Low,Operator,Operations Team,Operator
INC-03670,2025-08-24 06:30:00,DEMAND_ANOMALY_INCIDENT,Medium,Supervisor,Operations Supervisor,Operator → Supervisor
INC-03671,2025-08-24 07:00:00,OVER_GENERATION_INCIDENT,Low,Operator,Operations Team,Operator
INC-03672,2025-08-24 07:00:00,DEMAND_ANOMALY_INCIDENT,Medium,Supervisor,Operations Supervisor,Operator → Supervisor
INC-03673,2025-08-24 07:30:00,OVER_GENERATION_INCIDENT,Low,Operator,Operations Team,Operator
INC-03674,2025-08-24 07:30:00,DEMAND_ANOMALY_INCIDENT,Medium,Supervisor,Operations Supervisor,Operator → Supervisor
INC-03675,2025-08-24 10:00:00,OVER_GENERATION_INCIDENT,Low,Operator,Operations Team,Operator
INC-03676,2025-08-24 10:30:00,OVER_GENERATION_INCIDENT,Low,Operator,Operations Team,Operator
INC-03677,2025-08-24 11:00:00,OVER_GENERATION_INCIDENT,Low,Operator,Operations Team,Operator
INC-03678,2025-08-24 11:30:00,OVER_GENERATION_INCIDENT,Low,Operator,Operations Team,Operator
INC-03679,2025-08-24 12:00:00,OVER_GENERATION_INCIDENT,Low,Operator,Operations Team,Operator
INC-03680,2025-08-24 12:30:00,OVER_GENERATION_INCIDENT,Low,Operator,Operations Team,Operator
INC-03681,2025-08-24 13:00:00,OVER_GENERATION_INCIDENT,Low,Operator,Operations Team,Operator
INC-03682,2025-08-24 13:30:00,OVER_GENERATION_INCIDENT,Low,Operator,Operations Team,Operator
INC-03683,2025-08-24 14:00:00,OVER_GENERATION_INCIDENT,Low,Operator,Operations Team,Operator
INC-03684,2025-08-24 14:30:00,OVER_GENERATION_INCIDENT,Low,Operator,Operations Team,Operator
INC-03685,2025-08-24 15:00:00,OVER_GENERATION_INCIDENT,Low,Operator,Operations Team,Operator
INC-03686,2025-08-25 01:00:00,DEMAND_ANOMALY_INCIDENT,Medium,Supervisor,Operations Supervisor,Operator → Supervisor
INC-03687,2025-08-25 01:30:00,DEMAND_ANOMALY_INCIDENT,Medium,Supervisor,Operations Supervisor,Operator → Supervisor
INC-03688,2025-08-25 04:00:00,OVER_GENERATION_INCIDENT,Low,Operator,Operations Team,Operator
INC-03689,2025-08-25 04:30:00,OVER_GENERATION_INCIDENT,Low,Operator,Operations Team,Operator
INC-03690,2025-08-25 05:00:00,OVER_GENERATION_INCIDENT,Low,Operator,Operations Team,Operator
INC-03691,2025-08-25 05:30:00,OVER_GENERATION_INCIDENT,Low,Operator,Operations Team,Operator
INC-03692,2025-08-25 06:00:00,OVER_GENERATION_INCIDENT,Low,Operator,Operations Team,Operator
INC-03693,2025-08-25 06:30:00,OVER_GENERATION_INCIDENT,Low,Operator,Operations Team,Operator
INC-03694,2025-08-25 09:00:00,OVER_GENERATION_INCIDENT,Low,Operator,Operations Team,Operator
INC-03695,2025-08-25 09:30:00,OVER_GENERATION_INCIDENT,Low,Operator,Operations Team,Operator
INC-03696,2025-08-25 10:00:00,OVER_GENERATION_INCIDENT,Low,Operator,Operations Team,Operator
INC-03697,2025-08-25 10:30:00,OVER_GENERATION_INCIDENT,Low,Operator,Operations Team,Operator
INC-03698,2025-08-25 11:00:00,OVER_GENERATION_INCIDENT,Low,Operator,Operations Team,Operator
INC-03699,2025-08-25 11:30:00,OVER_GENERATION_INCIDENT,Low,Operator,Operations Team,Operator
INC-03700,2025-08-25 11:30:00,CURTAILMENT_RISK_INCIDENT,Medium,Supervisor,Operations Supervisor,Operator → Supervisor
INC-03701,2025-08-25 12:00:00,OVER_GENERATION_INCIDENT,Low,Operator,Operations Team,Operator
INC-03702,2025-08-25 12:00:00,CURTAILMENT_RISK_INCIDENT,Medium,Supervisor,Operations Supervisor,Operator → Supervisor
INC-03703,2025-08-25 12:30:00,OVER_GENERATION_INCIDENT,Low,Operator,Operations Team,Operator
INC-03704,2025-08-25 12:30:00,CURTAILMENT_RISK_INCIDENT,Medium,Supervisor,Operations Supervisor,Operator → Supervisor
INC-03705,2025-08-25 13:00:00,OVER_GENERATION_INCIDENT,Low,Operator,Operations Team,Operator
INC-03706,2025-08-25 13:00:00,CURTAILMENT_RISK_INCIDENT,Medium,Supervisor,Operations Supervisor,Operator → Supervisor
INC-03707,2025-08-25 13:30:00,OVER_GENERATION_INCIDENT,Low,Operator,Operations Team,Operator
INC-03708,2025-08-25 13:30:00,CURTAILMENT_RISK_INCIDENT,Medium,Supervisor,Operations Supervisor,Operator → Supervisor
INC-03709,2025-08-25 14:00:00,OVER_GENERATION_INCIDENT,Low,Operator,Operations Team,Operator
INC-03710,2025-08-25 14:00:00,CURTAILMENT_RISK_INCIDENT,Medium,Supervisor,Operations Supervisor,Operator → Supervisor
INC-03711,2025-08-25 14:30:00,OVER_GENERATION_INCIDENT,Low,Operator,Operations Team,Operator
INC-03712,2025-08-25 14:30:00,CURTAILMENT_RISK_INCIDENT,Medium,Supervisor,Operations Supervisor,Operator → Supervisor
INC-03713,2025-08-25 15:00:00,OVER_GENERATION_INCIDENT,Low,Operator,Operations Team,Operator
INC-03714,2025-08-25 15:30:00,OVER_GENERATION_INCIDENT,Low,Operator,Operations Team,Operator
INC-03715,2025-08-25 16:00:00,OVER_GENERATION_INCIDENT,Low,Operator,Operations Team,Operator
INC-03716,2025-08-25 16:30:00,OVER_GENERATION_INCIDENT,Low,Operator,Operations Team,Operator
INC-03717,2025-08-26 01:30:00,OVER_GENERATION_INCIDENT,Low,Operator,Operations Team,Operator
INC-03718,2025-08-26 02:00:00,OVER_GENERATION_INCIDENT,Low,Operator,Operations Team,Operator
INC-03719,2025-08-26 02:30:00,OVER_GENERATION_INCIDENT,Low,Operator,Operations Team,Operator
INC-03720,2025-08-26 03:00:00,OVER_GENERATION_INCIDENT,Low,Operator,Operations Team,Operator
INC-03721,2025-08-26 03:30:00,OVER_GENERATION_INCIDENT,Low,Operator,Operations Team,Operator
INC-03722,2025-08-26 04:00:00,OVER_GENERATION_INCIDENT,Low,Operator,Operations Team,Operator
INC-03723,2025-08-26 04:30:00,OVER_GENERATION_INCIDENT,Low,Operator,Operations Team,Operator
INC-03724,2025-08-26 05:00:00,OVER_GENERATION_INCIDENT,Low,Operator,Operations Team,Operator
INC-03725,2025-08-26 05:30:00,OVER_GENERATION_INCIDENT,Low,Operator,Operations Team,Operator
INC-03726,2025-08-27 04:00:00,OVER_GENERATION_INCIDENT,Low,Operator,Operations Team,Operator
INC-03727,2025-08-27 04:30:00,OVER_GENERATION_INCIDENT,Low,Operator,Operations Team,Operator
INC-03728,2025-08-27 05:00:00,OVER_GENERATION_INCIDENT,Low,Operator,Operations Team,Operator
INC-03729,2025-08-27 13:00:00,CURTAILMENT_RISK_INCIDENT,Medium,Supervisor,Operations Supervisor,Operator → Supervisor
INC-03730,2025-08-27 13:30:00,CURTAILMENT_RISK_INCIDENT,Medium,Supervisor,Operations Supervisor,Operator → Supervisor
INC-03731,2025-08-27 14:00:00,CURTAILMENT_RISK_INCIDENT,Medium,Supervisor,Operations Supervisor,Operator → Supervisor
INC-03732,2025-08-28 02:30:00,OVER_GENERATION_INCIDENT,Low,Operator,Operations Team,Operator
INC-03733,2025-08-28 03:00:00,OVER_GENERATION_INCIDENT,Low,Operator,Operations Team,Operator
INC-03734,2025-08-28 03:30:00,OVER_GENERATION_INCIDENT,Low,Operator,Operations Team,Operator
INC-03735,2025-08-28 04:00:00,OVER_GENERATION_INCIDENT,Low,Operator,Operations Team,Operator
INC-03736,2025-08-28 04:30:00,OVER_GENERATION_INCIDENT,Low,Operator,Operations Team,Operator
INC-03737,2025-08-28 05:00:00,OVER_GENERATION_INCIDENT,Low,Operator,Operations Team,Operator
INC-03738,2025-08-29 04:00:00,OVER_GENERATION_INCIDENT,Low,Operator,Operations Team,Operator
INC-03739,2025-08-29 04:30:00,OVER_GENERATION_INCIDENT,Low,Operator,Operations Team,Operator
INC-03740,2025-08-29 05:00:00,OVER_GENERATION_INCIDENT,Low,Operator,Operations Team,Operator
INC-03741,2025-08-29 05:30:00,OVER_GENERATION_INCIDENT,Low,Operator,Operations Team,Operator
INC-03742,2025-08-30 02:30:00,OVER_GENERATION_INCIDENT,Low,Operator,Operations Team,Operator
INC-03743,2025-08-30 06:00:00,OVER_GENERATION_INCIDENT,Low,Operator,Operations Team,Operator
INC-03744,2025-08-30 06:30:00,OVER_GENERATION_INCIDENT,Low,Operator,Operations Team,Operator
INC-03745,2025-08-30 15:30:00,CURTAILMENT_RISK_INCIDENT,Medium,Supervisor,Operations Supervisor,Operator → Supervisor
INC-03746,2025-08-30 16:00:00,CURTAILMENT_RISK_INCIDENT,Medium,Supervisor,Operations Supervisor,Operator → Supervisor
INC-03747,2025-08-30 16:30:00,CURTAILMENT_RISK_INCIDENT,Medium,Supervisor,Operations Supervisor,Operator → Supervisor
INC-03748,2025-08-30 17:00:00,CURTAILMENT_RISK_INCIDENT,Medium,Supervisor,Operations Supervisor,Operator → Supervisor
INC-03749,2025-08-30 17:30:00,CURTAILMENT_RISK_INCIDENT,Medium,Supervisor,Operations Supervisor,Operator → Supervisor
INC-03750,2025-08-30 23:30:00,OVER_GENERATION_INCIDENT,Low,Operator,Operations Team,Operator
INC-03751,2025-08-31 00:00:00,OVER_GENERATION_INCIDENT,Low,Operator,Operations Team,Operator
INC-03752,2025-08-31 00:30:00,OVER_GENERATION_INCIDENT,Low,Operator,Operations Team,Operator
INC-03753,2025-08-31 01:00:00,OVER_GENERATION_INCIDENT,Low,Operator,Operations Team,Operator
INC-03754,2025-08-31 01:30:00,OVER_GENERATION_INCIDENT,Low,Operator,Operations Team,Operator
INC-03755,2025-08-31 02:00:00,OVER_GENERATION_INCIDENT,Low,Operator,Operations Team,Operator
INC-03756,2025-08-31 02:30:00,OVER_GENERATION_INCIDENT,Low,Operator,Operations Team,Operator
INC-03757,2025-08-31 03:00:00,OVER_GENERATION_INCIDENT,Low,Operator,Operations Team,Operator
INC-03758,2025-08-31 03:30:00,OVER_GENERATION_INCIDENT,Low,Operator,Operations Team,Operator
INC-03759,2025-08-31 04:00:00,OVER_GENERATION_INCIDENT,Low,Operator,Operations Team,Operator
INC-03760,2025-08-31 04:30:00,OVER_GENERATION_INCIDENT,Low,Operator,Operations Team,Operator
INC-03761,2025-08-31 05:00:00,OVER_GENERATION_INCIDENT,Low,Operator,Operations Team,Operator
INC-03762,2025-08-31 05:30:00,OVER_GENERATION_INCIDENT,Low,Operator,Operations Team,Operator
INC-03763,2025-08-31 06:00:00,OVER_GENERATION_INCIDENT,Low,Operator,Operations Team,Operator
INC-03764,2025-08-31 06:30:00,OVER_GENERATION_INCIDENT,Low,Operator,Operations Team,Operator
INC-03765,2025-08-31 07:00:00,OVER_GENERATION_INCIDENT,Low,Operator,Operations Team,Operator
INC-03766,2025-08-31 07:30:00,OVER_GENERATION_INCIDENT,Low,Operator,Operations Team,Operator
INC-03767,2025-08-31 08:00:00,OVER_GENERATION_INCIDENT,Low,Operator,Operations Team,Operator
INC-03768,2025-08-31 08:30:00,OVER_GENERATION_INCIDENT,Low,Operator,Operations Team,Operator
INC-03769,2025-08-31 08:30:00,CURTAILMENT_RISK_INCIDENT,Medium,Supervisor,Operations Supervisor,Operator → Supervisor
INC-03770,2025-08-31 09:00:00,OVER_GENERATION_INCIDENT,Low,Operator,Operations Team,Operator
INC-03771,2025-08-31 09:00:00,CURTAILMENT_RISK_INCIDENT,Medium,Supervisor,Operations Supervisor,Operator → Supervisor
INC-03772,2025-08-31 09:30:00,OVER_GENERATION_INCIDENT,Low,Operator,Operations Team,Operator
INC-03773,2025-08-31 09:30:00,CURTAILMENT_RISK_INCIDENT,Medium,Supervisor,Operations Supervisor,Operator → Supervisor
INC-03774,2025-08-31 10:00:00,OVER_GENERATION_INCIDENT,Low,Operator,Operations Team,Operator
INC-03775,2025-08-31 10:00:00,CURTAILMENT_RISK_INCIDENT,Medium,Supervisor,Operations Supervisor,Operator → Supervisor
INC-03776,2025-08-31 10:30:00,OVER_GENERATION_INCIDENT,Low,Operator,Operations Team,Operator
INC-03777,2025-08-31 10:30:00,CURTAILMENT_RISK_INCIDENT,Medium,Supervisor,Operations Supervisor,Operator → Supervisor
INC-03778,2025-08-31 11:00:00,OVER_GENERATION_INCIDENT,Low,Operator,Operations Team,Operator
INC-03779,2025-08-31 11:00:00,CURTAILMENT_RISK_INCIDENT,Medium,Supervisor,Operations Supervisor,Operator → Supervisor
INC-03780,2025-08-31 11:30:00,OVER_GENERATION_INCIDENT,Low,Operator,Operations Team,Operator
INC-03781,2025-08-31 11:30:00,CURTAILMENT_RISK_INCIDENT,Medium,Supervisor,Operations Supervisor,Operator → Supervisor
INC-03782,2025-08-31 12:00:00,OVER_GENERATION_INCIDENT,Low,Operator,Operations Team,Operator
INC-03783,2025-08-31 12:00:00,CURTAILMENT_RISK_INCIDENT,Medium,Supervisor,Operations Supervisor,Operator → Supervisor
INC-03784,2025-08-31 12:30:00,OVER_GENERATION_INCIDENT,Low,Operator,Operations Team,Operator
INC-03785,2025-08-31 12:30:00,CURTAILMENT_RISK_INCIDENT,Medium,Supervisor,Operations Supervisor,Operator → Supervisor
INC-03786,2025-08-31 13:00:00,OVER_GENERATION_INCIDENT,Low,Operator,Operations Team,Operator
INC-03787,2025-08-31 13:00:00,CURTAILMENT_RISK_INCIDENT,Medium,Supervisor,Operations Supervisor,Operator → Supervisor
INC-03788,2025-08-31 13:30:00,OVER_GENERATION_INCIDENT,Low,Operator,Operations Team,Operator
INC-03789,2025-08-31 13:30:00,CURTAILMENT_RISK_INCIDENT,Medium,Supervisor,Operations Supervisor,Operator → Supervisor
INC-03790,2025-08-31 14:00:00,OVER_GENERATION_INCIDENT,Low,Operator,Operations Team,Operator
INC-03791,2025-08-31 14:00:00,CURTAILMENT_RISK_INCIDENT,Medium,Supervisor,Operations Supervisor,Operator → Supervisor
INC-03792,2025-08-31 14:30:00,OVER_GENERATION_INCIDENT,Low,Operator,Operations Team,Operator
INC-03793,2025-08-31 14:30:00,CURTAILMENT_RISK_INCIDENT,Medium,Supervisor,Operations Supervisor,Operator → Supervisor
INC-03794,2025-08-31 15:00:00,OVER_GENERATION_INCIDENT,Low,Operator,Operations Team,Operator
INC-03795,2025-08-31 15:00:00,CURTAILMENT_RISK_INCIDENT,Medium,Supervisor,Operations Supervisor,Operator → Supervisor
INC-03796,2025-08-31 15:30:00,OVER_GENERATION_INCIDENT,Low,Operator,Operations Team,Operator
INC-03797,2025-08-31 15:30:00,CURTAILMENT_RISK_INCIDENT,Medium,Supervisor,Operations Supervisor,Operator → Supervisor
INC-03798,2025-08-31 16:00:00,OVER_GENERATION_INCIDENT,Low,Operator,Operations Team,Operator
INC-03799,2025-08-31 16:00:00,CURTAILMENT_RISK_INCIDENT,Medium,Supervisor,Operations Supervisor,Operator → Supervisor
INC-03800,2025-08-31 16:30:00,CURTAILMENT_RISK_INCIDENT,Medium,Supervisor,Operations Supervisor,Operator → Supervisor
INC-03801,2025-08-31 17:00:00,CURTAILMENT_RISK_INCIDENT,Medium,Supervisor,Operations Supervisor,Operator → Supervisor
INC-03802,2025-08-31 23:30:00,OVER_GENERATION_INCIDENT,Low,Operator,Operations Team,Operator
INC-03803,2025-09-01 00:00:00,OVER_GENERATION_INCIDENT,Low,Operator,Operations Team,Operator
INC-03804,2025-09-01 00:30:00,OVER_GENERATION_INCIDENT,Low,Operator,Operations Team,Operator
INC-03805,2025-09-01 01:00:00,OVER_GENERATION_INCIDENT,Low,Operator,Operations Team,Operator
INC-03806,2025-09-01 01:30:00,OVER_GENERATION_INCIDENT,Low,Operator,Operations Team,Operator
INC-03807,2025-09-01 02:00:00,OVER_GENERATION_INCIDENT,Low,Operator,Operations Team,Operator
INC-03808,2025-09-01 02:30:00,OVER_GENERATION_INCIDENT,Low,Operator,Operations Team,Operator
INC-03809,2025-09-01 03:00:00,OVER_GENERATION_INCIDENT,Low,Operator,Operations Team,Operator
INC-03810,2025-09-01 03:30:00,OVER_GENERATION_INCIDENT,Low,Operator,Operations Team,Operator
INC-03811,2025-09-01 04:00:00,OVER_GENERATION_INCIDENT,Low,Operator,Operations Team,Operator
INC-03812,2025-09-01 04:30:00,OVER_GENERATION_INCIDENT,Low,Operator,Operations Team,Operator
INC-03813,2025-09-01 05:00:00,OVER_GENERATION_INCIDENT,Low,Operator,Operations Team,Operator
INC-03814,2025-09-01 05:30:00,OVER_GENERATION_INCIDENT,Low,Operator,Operations Team,Operator
INC-03815,2025-09-01 07:30:00,CURTAILMENT_RISK_INCIDENT,Medium,Supervisor,Operations Supervisor,Operator → Supervisor
INC-03816,2025-09-01 08:00:00,CURTAILMENT_RISK_INCIDENT,Medium,Supervisor,Operations Supervisor,Operator → Supervisor
INC-03817,2025-09-01 08:30:00,CURTAILMENT_RISK_INCIDENT,Medium,Supervisor,Operations Supervisor,Operator → Supervisor
INC-03818,2025-09-01 09:00:00,CURTAILMENT_RISK_INCIDENT,Medium,Supervisor,Operations Supervisor,Operator → Supervisor
INC-03819,2025-09-01 09:30:00,CURTAILMENT_RISK_INCIDENT,Medium,Supervisor,Operations Supervisor,Operator → Supervisor
INC-03820,2025-09-01 10:00:00,CURTAILMENT_RISK_INCIDENT,Medium,Supervisor,Operations Supervisor,Operator → Supervisor
INC-03821,2025-09-01 10:30:00,CURTAILMENT_RISK_INCIDENT,Medium,Supervisor,Operations Supervisor,Operator → Supervisor
INC-03822,2025-09-01 11:00:00,CURTAILMENT_RISK_INCIDENT,Medium,Supervisor,Operations Supervisor,Operator → Supervisor
INC-03823,2025-09-01 11:30:00,CURTAILMENT_RISK_INCIDENT,Medium,Supervisor,Operations Supervisor,Operator → Supervisor
INC-03824,2025-09-01 12:00:00,CURTAILMENT_RISK_INCIDENT,Medium,Supervisor,Operations Supervisor,Operator → Supervisor
INC-03825,2025-09-01 12:30:00,CURTAILMENT_RISK_INCIDENT,Medium,Supervisor,Operations Supervisor,Operator → Supervisor
INC-03826,2025-09-01 13:00:00,CURTAILMENT_RISK_INCIDENT,Medium,Supervisor,Operations Supervisor,Operator → Supervisor
INC-03827,2025-09-01 13:30:00,CURTAILMENT_RISK_INCIDENT,Medium,Supervisor,Operations Supervisor,Operator → Supervisor
INC-03828,2025-09-01 14:00:00,CURTAILMENT_RISK_INCIDENT,Medium,Supervisor,Operations Supervisor,Operator → Supervisor
INC-03829,2025-09-01 14:30:00,CURTAILMENT_RISK_INCIDENT,Medium,Supervisor,Operations Supervisor,Operator → Supervisor
INC-03830,2025-09-01 15:00:00,CURTAILMENT_RISK_INCIDENT,Medium,Supervisor,Operations Supervisor,Operator → Supervisor
INC-03831,2025-09-01 15:30:00,CURTAILMENT_RISK_INCIDENT,Medium,Supervisor,Operations Supervisor,Operator → Supervisor
INC-03832,2025-09-01 16:00:00,CURTAILMENT_RISK_INCIDENT,Medium,Supervisor,Operations Supervisor,Operator → Supervisor
INC-03833,2025-09-02 02:00:00,OVER_GENERATION_INCIDENT,Low,Operator,Operations Team,Operator
INC-03834,2025-09-02 02:30:00,OVER_GENERATION_INCIDENT,Low,Operator,Operations Team,Operator
INC-03835,2025-09-02 03:00:00,OVER_GENERATION_INCIDENT,Low,Operator,Operations Team,Operator
INC-03836,2025-09-02 03:30:00,OVER_GENERATION_INCIDENT,Low,Operator,Operations Team,Operator
INC-03837,2025-09-02 04:00:00,OVER_GENERATION_INCIDENT,Low,Operator,Operations Team,Operator
INC-03838,2025-09-02 04:30:00,OVER_GENERATION_INCIDENT,Low,Operator,Operations Team,Operator
INC-03839,2025-09-02 05:00:00,OVER_GENERATION_INCIDENT,Low,Operator,Operations Team,Operator
INC-03840,2025-09-05 03:30:00,OVER_GENERATION_INCIDENT,Low,Operator,Operations Team,Operator
INC-03841,2025-09-05 04:00:00,OVER_GENERATION_INCIDENT,Low,Operator,Operations Team,Operator
INC-03842,2025-09-05 04:30:00,OVER_GENERATION_INCIDENT,Low,Operator,Operations Team,Operator
INC-03843,2025-09-05 05:00:00,OVER_GENERATION_INCIDENT,Low,Operator,Operations Team,Operator
INC-03844,2025-09-05 17:30:00,SUSTAINABILITY_INCIDENT,Medium,Supervisor,Operations Supervisor,Operator → Supervisor
INC-03845,2025-09-05 18:00:00,SUSTAINABILITY_INCIDENT,Medium,Supervisor,Operations Supervisor,Operator → Supervisor
INC-03846,2025-09-05 18:30:00,SUSTAINABILITY_INCIDENT,Medium,Supervisor,Operations Supervisor,Operator → Supervisor
INC-03847,2025-09-05 19:00:00,SUSTAINABILITY_INCIDENT,Medium,Supervisor,Operations Supervisor,Operator → Supervisor
INC-03848,2025-09-05 19:30:00,SUSTAINABILITY_INCIDENT,Medium,Supervisor,Operations Supervisor,Operator → Supervisor
INC-03849,2025-09-05 20:00:00,SUSTAINABILITY_INCIDENT,Medium,Supervisor,Operations Supervisor,Operator → Supervisor
INC-03850,2025-09-05 20:30:00,SUSTAINABILITY_INCIDENT,Medium,Supervisor,Operations Supervisor,Operator → Supervisor
INC-03851,2025-09-05 21:00:00,SUSTAINABILITY_INCIDENT,Medium,Supervisor,Operations Supervisor,Operator → Supervisor
INC-03852,2025-09-06 05:00:00,OVER_GENERATION_INCIDENT,Low,Operator,Operations Team,Operator
INC-03853,2025-09-06 05:30:00,OVER_GENERATION_INCIDENT,Low,Operator,Operations Team,Operator
INC-03854,2025-09-06 06:00:00,OVER_GENERATION_INCIDENT,Low,Operator,Operations Team,Operator
INC-03855,2025-09-06 11:00:00,OVER_GENERATION_INCIDENT,Low,Operator,Operations Team,Operator
INC-03856,2025-09-06 11:30:00,OVER_GENERATION_INCIDENT,Low,Operator,Operations Team,Operator
INC-03857,2025-09-06 12:00:00,OVER_GENERATION_INCIDENT,Low,Operator,Operations Team,Operator
INC-03858,2025-09-06 12:30:00,OVER_GENERATION_INCIDENT,Low,Operator,Operations Team,Operator
INC-03859,2025-09-06 13:00:00,OVER_GENERATION_INCIDENT,Low,Operator,Operations Team,Operator
INC-03860,2025-09-06 13:30:00,OVER_GENERATION_INCIDENT,Low,Operator,Operations Team,Operator
INC-03861,2025-09-06 14:00:00,OVER_GENERATION_INCIDENT,Low,Operator,Operations Team,Operator
INC-03862,2025-09-06 14:30:00,OVER_GENERATION_INCIDENT,Low,Operator,Operations Team,Operator
INC-03863,2025-09-06 15:00:00,OVER_GENERATION_INCIDENT,Low,Operator,Operations Team,Operator
INC-03864,2025-09-06 15:30:00,OVER_GENERATION_INCIDENT,Low,Operator,Operations Team,Operator
INC-03865,2025-09-06 16:00:00,OVER_GENERATION_INCIDENT,Low,Operator,Operations Team,Operator
INC-03866,2025-09-06 23:30:00,OVER_GENERATION_INCIDENT,Low,Operator,Operations Team,Operator
INC-03867,2025-09-07 00:00:00,OVER_GENERATION_INCIDENT,Low,Operator,Operations Team,Operator
INC-03868,2025-09-07 00:30:00,OVER_GENERATION_INCIDENT,Low,Operator,Operations Team,Operator
INC-03869,2025-09-07 01:00:00,OVER_GENERATION_INCIDENT,Low,Operator,Operations Team,Operator
INC-03870,2025-09-07 01:30:00,OVER_GENERATION_INCIDENT,Low,Operator,Operations Team,Operator
INC-03871,2025-09-07 02:00:00,OVER_GENERATION_INCIDENT,Low,Operator,Operations Team,Operator
INC-03872,2025-09-07 02:30:00,OVER_GENERATION_INCIDENT,Low,Operator,Operations Team,Operator
INC-03873,2025-09-07 03:00:00,OVER_GENERATION_INCIDENT,Low,Operator,Operations Team,Operator
INC-03874,2025-09-07 03:30:00,OVER_GENERATION_INCIDENT,Low,Operator,Operations Team,Operator
INC-03875,2025-09-07 04:00:00,OVER_GENERATION_INCIDENT,Low,Operator,Operations Team,Operator
INC-03876,2025-09-07 04:30:00,OVER_GENERATION_INCIDENT,Low,Operator,Operations Team,Operator
INC-03877,2025-09-07 05:00:00,OVER_GENERATION_INCIDENT,Low,Operator,Operations Team,Operator
INC-03878,2025-09-07 05:30:00,OVER_GENERATION_INCIDENT,Low,Operator,Operations Team,Operator
INC-03879,2025-09-07 06:00:00,OVER_GENERATION_INCIDENT,Low,Operator,Operations Team,Operator
INC-03880,2025-09-07 06:30:00,OVER_GENERATION_INCIDENT,Low,Operator,Operations Team,Operator
INC-03881,2025-09-07 07:00:00,OVER_GENERATION_INCIDENT,Low,Operator,Operations Team,Operator
INC-03882,2025-09-07 07:30:00,OVER_GENERATION_INCIDENT,Low,Operator,Operations Team,Operator
INC-03883,2025-09-07 08:00:00,OVER_GENERATION_INCIDENT,Low,Operator,Operations Team,Operator
INC-03884,2025-09-07 08:30:00,OVER_GENERATION_INCIDENT,Low,Operator,Operations Team,Operator
INC-03885,2025-09-07 09:00:00,CURTAILMENT_RISK_INCIDENT,Medium,Supervisor,Operations Supervisor,Operator → Supervisor
INC-03886,2025-09-07 09:30:00,CURTAILMENT_RISK_INCIDENT,Medium,Supervisor,Operations Supervisor,Operator → Supervisor
INC-03887,2025-09-07 10:00:00,CURTAILMENT_RISK_INCIDENT,Medium,Supervisor,Operations Supervisor,Operator → Supervisor
INC-03888,2025-09-07 10:30:00,CURTAILMENT_RISK_INCIDENT,Medium,Supervisor,Operations Supervisor,Operator → Supervisor
INC-03889,2025-09-07 11:00:00,CURTAILMENT_RISK_INCIDENT,Medium,Supervisor,Operations Supervisor,Operator → Supervisor
INC-03890,2025-09-07 11:30:00,CURTAILMENT_RISK_INCIDENT,Medium,Supervisor,Operations Supervisor,Operator → Supervisor
INC-03891,2025-09-07 12:00:00,CURTAILMENT_RISK_INCIDENT,Medium,Supervisor,Operations Supervisor,Operator → Supervisor
INC-03892,2025-09-07 12:30:00,CURTAILMENT_RISK_INCIDENT,Medium,Supervisor,Operations Supervisor,Operator → Supervisor
INC-03893,2025-09-07 13:00:00,CURTAILMENT_RISK_INCIDENT,Medium,Supervisor,Operations Supervisor,Operator → Supervisor
INC-03894,2025-09-07 13:30:00,CURTAILMENT_RISK_INCIDENT,Medium,Supervisor,Operations Supervisor,Operator → Supervisor
INC-03895,2025-09-07 14:00:00,CURTAILMENT_RISK_INCIDENT,Medium,Supervisor,Operations Supervisor,Operator → Supervisor
INC-03896,2025-09-07 14:30:00,CURTAILMENT_RISK_INCIDENT,Medium,Supervisor,Operations Supervisor,Operator → Supervisor
INC-03897,2025-09-07 15:00:00,CURTAILMENT_RISK_INCIDENT,Medium,Supervisor,Operations Supervisor,Operator → Supervisor
INC-03898,2025-09-07 15:30:00,CURTAILMENT_RISK_INCIDENT,Medium,Supervisor,Operations Supervisor,Operator → Supervisor
INC-03899,2025-09-07 16:00:00,CURTAILMENT_RISK_INCIDENT,Medium,Supervisor,Operations Supervisor,Operator → Supervisor
INC-03900,2025-09-08 04:30:00,OVER_GENERATION_INCIDENT,Low,Operator,Operations Team,Operator
INC-03901,2025-09-08 05:00:00,OVER_GENERATION_INCIDENT,Low,Operator,Operations Team,Operator
INC-03902,2025-09-09 03:30:00,OVER_GENERATION_INCIDENT,Low,Operator,Operations Team,Operator
INC-03903,2025-09-09 04:00:00,OVER_GENERATION_INCIDENT,Low,Operator,Operations Team,Operator
INC-03904,2025-09-09 04:30:00,OVER_GENERATION_INCIDENT,Low,Operator,Operations Team,Operator
INC-03905,2025-09-09 05:00:00,OVER_GENERATION_INCIDENT,Low,Operator,Operations Team,Operator
INC-03906,2025-09-10 02:30:00,OVER_GENERATION_INCIDENT,Low,Operator,Operations Team,Operator
INC-03907,2025-09-10 03:00:00,OVER_GENERATION_INCIDENT,Low,Operator,Operations Team,Operator
INC-03908,2025-09-10 03:30:00,OVER_GENERATION_INCIDENT,Low,Operator,Operations Team,Operator
INC-03909,2025-09-10 04:00:00,OVER_GENERATION_INCIDENT,Low,Operator,Operations Team,Operator
INC-03910,2025-09-10 04:30:00,OVER_GENERATION_INCIDENT,Low,Operator,Operations Team,Operator
INC-03911,2025-09-10 08:30:00,CURTAILMENT_RISK_INCIDENT,Medium,Supervisor,Operations Supervisor,Operator → Supervisor
INC-03912,2025-09-10 09:00:00,CURTAILMENT_RISK_INCIDENT,Medium,Supervisor,Operations Supervisor,Operator → Supervisor
INC-03913,2025-09-10 09:30:00,CURTAILMENT_RISK_INCIDENT,Medium,Supervisor,Operations Supervisor,Operator → Supervisor
INC-03914,2025-09-10 10:00:00,CURTAILMENT_RISK_INCIDENT,Medium,Supervisor,Operations Supervisor,Operator → Supervisor
INC-03915,2025-09-10 10:30:00,CURTAILMENT_RISK_INCIDENT,Medium,Supervisor,Operations Supervisor,Operator → Supervisor
INC-03916,2025-09-10 11:00:00,CURTAILMENT_RISK_INCIDENT,Medium,Supervisor,Operations Supervisor,Operator → Supervisor
INC-03917,2025-09-10 11:30:00,CURTAILMENT_RISK_INCIDENT,Medium,Supervisor,Operations Supervisor,Operator → Supervisor
INC-03918,2025-09-10 12:00:00,CURTAILMENT_RISK_INCIDENT,Medium,Supervisor,Operations Supervisor,Operator → Supervisor
INC-03919,2025-09-10 12:30:00,CURTAILMENT_RISK_INCIDENT,Medium,Supervisor,Operations Supervisor,Operator → Supervisor
INC-03920,2025-09-10 13:00:00,CURTAILMENT_RISK_INCIDENT,Medium,Supervisor,Operations Supervisor,Operator → Supervisor
INC-03921,2025-09-10 13:30:00,CURTAILMENT_RISK_INCIDENT,Medium,Supervisor,Operations Supervisor,Operator → Supervisor
INC-03922,2025-09-10 14:00:00,CURTAILMENT_RISK_INCIDENT,Medium,Supervisor,Operations Supervisor,Operator → Supervisor
INC-03923,2025-09-10 14:30:00,CURTAILMENT_RISK_INCIDENT,Medium,Supervisor,Operations Supervisor,Operator → Supervisor
INC-03924,2025-09-10 15:00:00,CURTAILMENT_RISK_INCIDENT,Medium,Supervisor,Operations Supervisor,Operator → Supervisor
INC-03925,2025-09-10 15:30:00,CURTAILMENT_RISK_INCIDENT,Medium,Supervisor,Operations Supervisor,Operator → Supervisor
INC-03926,2025-09-10 16:00:00,CURTAILMENT_RISK_INCIDENT,Medium,Supervisor,Operations Supervisor,Operator → Supervisor
INC-03927,2025-09-11 01:30:00,OVER_GENERATION_INCIDENT,Low,Operator,Operations Team,Operator
INC-03928,2025-09-11 02:30:00,OVER_GENERATION_INCIDENT,Low,Operator,Operations Team,Operator
INC-03929,2025-09-11 03:00:00,OVER_GENERATION_INCIDENT,Low,Operator,Operations Team,Operator
INC-03930,2025-09-11 03:30:00,OVER_GENERATION_INCIDENT,Low,Operator,Operations Team,Operator
INC-03931,2025-09-11 04:00:00,OVER_GENERATION_INCIDENT,Low,Operator,Operations Team,Operator
INC-03932,2025-09-11 04:30:00,OVER_GENERATION_INCIDENT,Low,Operator,Operations Team,Operator
INC-03933,2025-09-11 05:00:00,OVER_GENERATION_INCIDENT,Low,Operator,Operations Team,Operator
INC-03934,2025-09-11 05:30:00,OVER_GENERATION_INCIDENT,Low,Operator,Operations Team,Operator
INC-03935,2025-09-11 07:00:00,CURTAILMENT_RISK_INCIDENT,Medium,Supervisor,Operations Supervisor,Operator → Supervisor
INC-03936,2025-09-11 07:30:00,CURTAILMENT_RISK_INCIDENT,Medium,Supervisor,Operations Supervisor,Operator → Supervisor
INC-03937,2025-09-11 08:00:00,CURTAILMENT_RISK_INCIDENT,Medium,Supervisor,Operations Supervisor,Operator → Supervisor
INC-03938,2025-09-11 08:30:00,CURTAILMENT_RISK_INCIDENT,Medium,Supervisor,Operations Supervisor,Operator → Supervisor
INC-03939,2025-09-11 09:00:00,CURTAILMENT_RISK_INCIDENT,Medium,Supervisor,Operations Supervisor,Operator → Supervisor
INC-03940,2025-09-11 09:30:00,CURTAILMENT_RISK_INCIDENT,Medium,Supervisor,Operations Supervisor,Operator → Supervisor
INC-03941,2025-09-11 10:00:00,CURTAILMENT_RISK_INCIDENT,Medium,Supervisor,Operations Supervisor,Operator → Supervisor
INC-03942,2025-09-11 10:30:00,CURTAILMENT_RISK_INCIDENT,Medium,Supervisor,Operations Supervisor,Operator → Supervisor
INC-03943,2025-09-11 11:00:00,CURTAILMENT_RISK_INCIDENT,Medium,Supervisor,Operations Supervisor,Operator → Supervisor
INC-03944,2025-09-11 11:30:00,CURTAILMENT_RISK_INCIDENT,Medium,Supervisor,Operations Supervisor,Operator → Supervisor
INC-03945,2025-09-11 12:00:00,CURTAILMENT_RISK_INCIDENT,Medium,Supervisor,Operations Supervisor,Operator → Supervisor
INC-03946,2025-09-11 12:30:00,CURTAILMENT_RISK_INCIDENT,Medium,Supervisor,Operations Supervisor,Operator → Supervisor
INC-03947,2025-09-11 13:00:00,CURTAILMENT_RISK_INCIDENT,Medium,Supervisor,Operations Supervisor,Operator → Supervisor
INC-03948,2025-09-11 13:30:00,CURTAILMENT_RISK_INCIDENT,Medium,Supervisor,Operations Supervisor,Operator → Supervisor
INC-03949,2025-09-11 14:00:00,CURTAILMENT_RISK_INCIDENT,Medium,Supervisor,Operations Supervisor,Operator → Supervisor
INC-03950,2025-09-11 14:30:00,CURTAILMENT_RISK_INCIDENT,Medium,Supervisor,Operations Supervisor,Operator → Supervisor
INC-03951,2025-09-11 15:00:00,CURTAILMENT_RISK_INCIDENT,Medium,Supervisor,Operations Supervisor,Operator → Supervisor
INC-03952,2025-09-11 15:30:00,CURTAILMENT_RISK_INCIDENT,Medium,Supervisor,Operations Supervisor,Operator → Supervisor
INC-03953,2025-09-11 16:00:00,CURTAILMENT_RISK_INCIDENT,Medium,Supervisor,Operations Supervisor,Operator → Supervisor
INC-03954,2025-09-11 16:30:00,CURTAILMENT_RISK_INCIDENT,Medium,Supervisor,Operations Supervisor,Operator → Supervisor
INC-03955,2025-09-12 01:00:00,OVER_GENERATION_INCIDENT,Low,Operator,Operations Team,Operator
INC-03956,2025-09-12 01:30:00,OVER_GENERATION_INCIDENT,Low,Operator,Operations Team,Operator
INC-03957,2025-09-12 02:00:00,OVER_GENERATION_INCIDENT,Low,Operator,Operations Team,Operator
INC-03958,2025-09-12 02:30:00,OVER_GENERATION_INCIDENT,Low,Operator,Operations Team,Operator
INC-03959,2025-09-12 03:00:00,OVER_GENERATION_INCIDENT,Low,Operator,Operations Team,Operator
INC-03960,2025-09-12 03:30:00,OVER_GENERATION_INCIDENT,Low,Operator,Operations Team,Operator
INC-03961,2025-09-12 04:00:00,OVER_GENERATION_INCIDENT,Low,Operator,Operations Team,Operator
INC-03962,2025-09-12 04:30:00,OVER_GENERATION_INCIDENT,Low,Operator,Operations Team,Operator
INC-03963,2025-09-12 05:00:00,OVER_GENERATION_INCIDENT,Low,Operator,Operations Team,Operator
INC-03964,2025-09-12 05:30:00,OVER_GENERATION_INCIDENT,Low,Operator,Operations Team,Operator
INC-03965,2025-09-12 06:30:00,CURTAILMENT_RISK_INCIDENT,Medium,Supervisor,Operations Supervisor,Operator → Supervisor
INC-03966,2025-09-12 07:00:00,CURTAILMENT_RISK_INCIDENT,Medium,Supervisor,Operations Supervisor,Operator → Supervisor
INC-03967,2025-09-12 07:30:00,CURTAILMENT_RISK_INCIDENT,Medium,Supervisor,Operations Supervisor,Operator → Supervisor
INC-03968,2025-09-12 08:00:00,CURTAILMENT_RISK_INCIDENT,Medium,Supervisor,Operations Supervisor,Operator → Supervisor
INC-03969,2025-09-12 08:30:00,CURTAILMENT_RISK_INCIDENT,Medium,Supervisor,Operations Supervisor,Operator → Supervisor
INC-03970,2025-09-12 09:00:00,CURTAILMENT_RISK_INCIDENT,Medium,Supervisor,Operations Supervisor,Operator → Supervisor
INC-03971,2025-09-12 09:30:00,CURTAILMENT_RISK_INCIDENT,Medium,Supervisor,Operations Supervisor,Operator → Supervisor
INC-03972,2025-09-12 10:00:00,CURTAILMENT_RISK_INCIDENT,Medium,Supervisor,Operations Supervisor,Operator → Supervisor
INC-03973,2025-09-12 10:30:00,CURTAILMENT_RISK_INCIDENT,Medium,Supervisor,Operations Supervisor,Operator → Supervisor
INC-03974,2025-09-12 11:00:00,CURTAILMENT_RISK_INCIDENT,Medium,Supervisor,Operations Supervisor,Operator → Supervisor
INC-03975,2025-09-12 11:30:00,CURTAILMENT_RISK_INCIDENT,Medium,Supervisor,Operations Supervisor,Operator → Supervisor
INC-03976,2025-09-12 12:00:00,CURTAILMENT_RISK_INCIDENT,Medium,Supervisor,Operations Supervisor,Operator → Supervisor
INC-03977,2025-09-12 12:30:00,CURTAILMENT_RISK_INCIDENT,Medium,Supervisor,Operations Supervisor,Operator → Supervisor
INC-03978,2025-09-12 13:00:00,CURTAILMENT_RISK_INCIDENT,Medium,Supervisor,Operations Supervisor,Operator → Supervisor
INC-03979,2025-09-12 13:30:00,CURTAILMENT_RISK_INCIDENT,Medium,Supervisor,Operations Supervisor,Operator → Supervisor
INC-03980,2025-09-12 14:00:00,CURTAILMENT_RISK_INCIDENT,Medium,Supervisor,Operations Supervisor,Operator → Supervisor
INC-03981,2025-09-12 14:30:00,CURTAILMENT_RISK_INCIDENT,Medium,Supervisor,Operations Supervisor,Operator → Supervisor
INC-03982,2025-09-12 15:00:00,CURTAILMENT_RISK_INCIDENT,Medium,Supervisor,Operations Supervisor,Operator → Supervisor
INC-03983,2025-09-12 15:30:00,CURTAILMENT_RISK_INCIDENT,Medium,Supervisor,Operations Supervisor,Operator → Supervisor
INC-03984,2025-09-13 02:00:00,OVER_GENERATION_INCIDENT,Low,Operator,Operations Team,Operator
INC-03985,2025-09-13 02:30:00,OVER_GENERATION_INCIDENT,Low,Operator,Operations Team,Operator
INC-03986,2025-09-13 03:00:00,OVER_GENERATION_INCIDENT,Low,Operator,Operations Team,Operator
INC-03987,2025-09-13 03:30:00,OVER_GENERATION_INCIDENT,Low,Operator,Operations Team,Operator
INC-03988,2025-09-13 04:00:00,OVER_GENERATION_INCIDENT,Low,Operator,Operations Team,Operator
INC-03989,2025-09-13 04:30:00,OVER_GENERATION_INCIDENT,Low,Operator,Operations Team,Operator
INC-03990,2025-09-13 05:00:00,OVER_GENERATION_INCIDENT,Low,Operator,Operations Team,Operator
INC-03991,2025-09-13 05:30:00,OVER_GENERATION_INCIDENT,Low,Operator,Operations Team,Operator
INC-03992,2025-09-13 06:00:00,OVER_GENERATION_INCIDENT,Low,Operator,Operations Team,Operator
INC-03993,2025-09-13 09:30:00,CURTAILMENT_RISK_INCIDENT,Medium,Supervisor,Operations Supervisor,Operator → Supervisor
INC-03994,2025-09-13 10:00:00,CURTAILMENT_RISK_INCIDENT,Medium,Supervisor,Operations Supervisor,Operator → Supervisor
INC-03995,2025-09-13 10:30:00,CURTAILMENT_RISK_INCIDENT,Medium,Supervisor,Operations Supervisor,Operator → Supervisor
INC-03996,2025-09-13 11:00:00,CURTAILMENT_RISK_INCIDENT,Medium,Supervisor,Operations Supervisor,Operator → Supervisor
INC-03997,2025-09-13 11:30:00,OVER_GENERATION_INCIDENT,Low,Operator,Operations Team,Operator
INC-03998,2025-09-13 11:30:00,CURTAILMENT_RISK_INCIDENT,Medium,Supervisor,Operations Supervisor,Operator → Supervisor
INC-03999,2025-09-13 12:00:00,OVER_GENERATION_INCIDENT,Low,Operator,Operations Team,Operator
INC-04000,2025-09-13 12:00:00,CURTAILMENT_RISK_INCIDENT,Medium,Supervisor,Operations Supervisor,Operator → Supervisor
INC-04001,2025-09-13 12:30:00,OVER_GENERATION_INCIDENT,Low,Operator,Operations Team,Operator
INC-04002,2025-09-13 12:30:00,CURTAILMENT_RISK_INCIDENT,Medium,Supervisor,Operations Supervisor,Operator → Supervisor
INC-04003,2025-09-13 13:00:00,OVER_GENERATION_INCIDENT,Low,Operator,Operations Team,Operator
INC-04004,2025-09-13 13:00:00,CURTAILMENT_RISK_INCIDENT,Medium,Supervisor,Operations Supervisor,Operator → Supervisor
INC-04005,2025-09-13 13:30:00,OVER_GENERATION_INCIDENT,Low,Operator,Operations Team,Operator
INC-04006,2025-09-13 14:00:00,OVER_GENERATION_INCIDENT,Low,Operator,Operations Team,Operator
INC-04007,2025-09-13 14:30:00,OVER_GENERATION_INCIDENT,Low,Operator,Operations Team,Operator
INC-04008,2025-09-13 15:00:00,OVER_GENERATION_INCIDENT,Low,Operator,Operations Team,Operator
INC-04009,2025-09-13 15:30:00,OVER_GENERATION_INCIDENT,Low,Operator,Operations Team,Operator
INC-04010,2025-09-14 06:30:00,OVER_GENERATION_INCIDENT,Low,Operator,Operations Team,Operator
INC-04011,2025-09-14 16:00:00,CURTAILMENT_RISK_INCIDENT,Medium,Supervisor,Operations Supervisor,Operator → Supervisor
INC-04012,2025-09-14 16:30:00,CURTAILMENT_RISK_INCIDENT,Medium,Supervisor,Operations Supervisor,Operator → Supervisor
INC-04013,2025-09-14 17:00:00,CURTAILMENT_RISK_INCIDENT,Medium,Supervisor,Operations Supervisor,Operator → Supervisor
INC-04014,2025-09-14 17:30:00,CURTAILMENT_RISK_INCIDENT,Medium,Supervisor,Operations Supervisor,Operator → Supervisor
INC-04015,2025-09-14 18:00:00,CURTAILMENT_RISK_INCIDENT,Medium,Supervisor,Operations Supervisor,Operator → Supervisor
INC-04016,2025-09-14 18:30:00,CURTAILMENT_RISK_INCIDENT,Medium,Supervisor,Operations Supervisor,Operator → Supervisor
INC-04017,2025-09-14 19:00:00,CURTAILMENT_RISK_INCIDENT,Medium,Supervisor,Operations Supervisor,Operator → Supervisor
INC-04018,2025-09-14 19:30:00,CURTAILMENT_RISK_INCIDENT,Medium,Supervisor,Operations Supervisor,Operator → Supervisor
INC-04019,2025-09-15 00:00:00,OVER_GENERATION_INCIDENT,Low,Operator,Operations Team,Operator
INC-04020,2025-09-15 00:30:00,OVER_GENERATION_INCIDENT,Low,Operator,Operations Team,Operator
INC-04021,2025-09-15 01:00:00,OVER_GENERATION_INCIDENT,Low,Operator,Operations Team,Operator
INC-04022,2025-09-15 01:30:00,OVER_GENERATION_INCIDENT,Low,Operator,Operations Team,Operator
INC-04023,2025-09-15 02:00:00,OVER_GENERATION_INCIDENT,Low,Operator,Operations Team,Operator
INC-04024,2025-09-15 02:30:00,OVER_GENERATION_INCIDENT,Low,Operator,Operations Team,Operator
INC-04025,2025-09-15 03:00:00,OVER_GENERATION_INCIDENT,Low,Operator,Operations Team,Operator
INC-04026,2025-09-15 03:30:00,OVER_GENERATION_INCIDENT,Low,Operator,Operations Team,Operator
INC-04027,2025-09-15 04:00:00,OVER_GENERATION_INCIDENT,Low,Operator,Operations Team,Operator
INC-04028,2025-09-15 04:30:00,OVER_GENERATION_INCIDENT,Low,Operator,Operations Team,Operator
INC-04029,2025-09-15 05:00:00,OVER_GENERATION_INCIDENT,Low,Operator,Operations Team,Operator
INC-04030,2025-09-15 05:30:00,OVER_GENERATION_INCIDENT,Low,Operator,Operations Team,Operator
INC-04031,2025-09-15 07:00:00,CURTAILMENT_RISK_INCIDENT,Medium,Supervisor,Operations Supervisor,Operator → Supervisor
INC-04032,2025-09-15 07:30:00,CURTAILMENT_RISK_INCIDENT,Medium,Supervisor,Operations Supervisor,Operator → Supervisor
INC-04033,2025-09-15 08:00:00,CURTAILMENT_RISK_INCIDENT,Medium,Supervisor,Operations Supervisor,Operator → Supervisor
INC-04034,2025-09-15 08:30:00,CURTAILMENT_RISK_INCIDENT,Medium,Supervisor,Operations Supervisor,Operator → Supervisor
INC-04035,2025-09-15 09:00:00,CURTAILMENT_RISK_INCIDENT,Medium,Supervisor,Operations Supervisor,Operator → Supervisor
INC-04036,2025-09-15 09:30:00,CURTAILMENT_RISK_INCIDENT,Medium,Supervisor,Operations Supervisor,Operator → Supervisor
INC-04037,2025-09-15 10:00:00,CURTAILMENT_RISK_INCIDENT,Medium,Supervisor,Operations Supervisor,Operator → Supervisor
INC-04038,2025-09-15 10:30:00,CURTAILMENT_RISK_INCIDENT,Medium,Supervisor,Operations Supervisor,Operator → Supervisor
INC-04039,2025-09-15 11:00:00,CURTAILMENT_RISK_INCIDENT,Medium,Supervisor,Operations Supervisor,Operator → Supervisor
INC-04040,2025-09-15 11:30:00,CURTAILMENT_RISK_INCIDENT,Medium,Supervisor,Operations Supervisor,Operator → Supervisor
INC-04041,2025-09-15 12:00:00,CURTAILMENT_RISK_INCIDENT,Medium,Supervisor,Operations Supervisor,Operator → Supervisor
INC-04042,2025-09-15 12:30:00,CURTAILMENT_RISK_INCIDENT,Medium,Supervisor,Operations Supervisor,Operator → Supervisor
INC-04043,2025-09-15 13:00:00,CURTAILMENT_RISK_INCIDENT,Medium,Supervisor,Operations Supervisor,Operator → Supervisor
INC-04044,2025-09-15 13:30:00,CURTAILMENT_RISK_INCIDENT,Medium,Supervisor,Operations Supervisor,Operator → Supervisor
INC-04045,2025-09-15 14:00:00,CURTAILMENT_RISK_INCIDENT,Medium,Supervisor,Operations Supervisor,Operator → Supervisor
INC-04046,2025-09-15 14:30:00,CURTAILMENT_RISK_INCIDENT,Medium,Supervisor,Operations Supervisor,Operator → Supervisor
INC-04047,2025-09-15 15:00:00,CURTAILMENT_RISK_INCIDENT,Medium,Supervisor,Operations Supervisor,Operator → Supervisor
INC-04048,2025-09-15 15:30:00,CURTAILMENT_RISK_INCIDENT,Medium,Supervisor,Operations Supervisor,Operator → Supervisor
INC-04049,2025-09-15 16:00:00,CURTAILMENT_RISK_INCIDENT,Medium,Supervisor,Operations Supervisor,Operator → Supervisor
INC-04050,2025-09-15 16:30:00,CURTAILMENT_RISK_INCIDENT,Medium,Supervisor,Operations Supervisor,Operator → Supervisor
INC-04051,2025-09-15 17:00:00,CURTAILMENT_RISK_INCIDENT,Medium,Supervisor,Operations Supervisor,Operator → Supervisor
INC-04052,2025-09-15 17:30:00,CURTAILMENT_RISK_INCIDENT,Medium,Supervisor,Operations Supervisor,Operator → Supervisor
INC-04053,2025-09-15 18:00:00,CURTAILMENT_RISK_INCIDENT,Medium,Supervisor,Operations Supervisor,Operator → Supervisor
INC-04054,2025-09-15 18:30:00,CURTAILMENT_RISK_INCIDENT,Medium,Supervisor,Operations Supervisor,Operator → Supervisor
INC-04055,2025-09-16 01:00:00,OVER_GENERATION_INCIDENT,Low,Operator,Operations Team,Operator
INC-04056,2025-09-16 01:30:00,OVER_GENERATION_INCIDENT,Low,Operator,Operations Team,Operator
INC-04057,2025-09-16 02:00:00,OVER_GENERATION_INCIDENT,Low,Operator,Operations Team,Operator
INC-04058,2025-09-16 02:30:00,OVER_GENERATION_INCIDENT,Low,Operator,Operations Team,Operator
INC-04059,2025-09-16 03:00:00,OVER_GENERATION_INCIDENT,Low,Operator,Operations Team,Operator
INC-04060,2025-09-16 03:30:00,OVER_GENERATION_INCIDENT,Low,Operator,Operations Team,Operator
INC-04061,2025-09-16 04:00:00,OVER_GENERATION_INCIDENT,Low,Operator,Operations Team,Operator
INC-04062,2025-09-16 04:30:00,OVER_GENERATION_INCIDENT,Low,Operator,Operations Team,Operator
INC-04063,2025-09-16 05:00:00,OVER_GENERATION_INCIDENT,Low,Operator,Operations Team,Operator
INC-04064,2025-09-16 05:30:00,OVER_GENERATION_INCIDENT,Low,Operator,Operations Team,Operator
INC-04065,2025-09-16 07:00:00,CURTAILMENT_RISK_INCIDENT,Medium,Supervisor,Operations Supervisor,Operator → Supervisor
INC-04066,2025-09-16 07:30:00,CURTAILMENT_RISK_INCIDENT,Medium,Supervisor,Operations Supervisor,Operator → Supervisor
INC-04067,2025-09-16 08:00:00,CURTAILMENT_RISK_INCIDENT,Medium,Supervisor,Operations Supervisor,Operator → Supervisor
INC-04068,2025-09-16 08:30:00,CURTAILMENT_RISK_INCIDENT,Medium,Supervisor,Operations Supervisor,Operator → Supervisor
INC-04069,2025-09-16 09:00:00,CURTAILMENT_RISK_INCIDENT,Medium,Supervisor,Operations Supervisor,Operator → Supervisor
INC-04070,2025-09-16 09:30:00,CURTAILMENT_RISK_INCIDENT,Medium,Supervisor,Operations Supervisor,Operator → Supervisor
INC-04071,2025-09-16 10:00:00,CURTAILMENT_RISK_INCIDENT,Medium,Supervisor,Operations Supervisor,Operator → Supervisor
INC-04072,2025-09-16 10:30:00,CURTAILMENT_RISK_INCIDENT,Medium,Supervisor,Operations Supervisor,Operator → Supervisor
INC-04073,2025-09-16 11:00:00,CURTAILMENT_RISK_INCIDENT,Medium,Supervisor,Operations Supervisor,Operator → Supervisor
INC-04074,2025-09-16 11:30:00,CURTAILMENT_RISK_INCIDENT,Medium,Supervisor,Operations Supervisor,Operator → Supervisor
INC-04075,2025-09-16 12:00:00,CURTAILMENT_RISK_INCIDENT,Medium,Supervisor,Operations Supervisor,Operator → Supervisor
INC-04076,2025-09-16 12:30:00,CURTAILMENT_RISK_INCIDENT,Medium,Supervisor,Operations Supervisor,Operator → Supervisor
INC-04077,2025-09-16 13:00:00,CURTAILMENT_RISK_INCIDENT,Medium,Supervisor,Operations Supervisor,Operator → Supervisor
INC-04078,2025-09-16 13:30:00,CURTAILMENT_RISK_INCIDENT,Medium,Supervisor,Operations Supervisor,Operator → Supervisor
INC-04079,2025-09-16 14:00:00,CURTAILMENT_RISK_INCIDENT,Medium,Supervisor,Operations Supervisor,Operator → Supervisor
INC-04080,2025-09-16 14:30:00,CURTAILMENT_RISK_INCIDENT,Medium,Supervisor,Operations Supervisor,Operator → Supervisor
INC-04081,2025-09-16 15:00:00,CURTAILMENT_RISK_INCIDENT,Medium,Supervisor,Operations Supervisor,Operator → Supervisor
INC-04082,2025-09-16 15:30:00,CURTAILMENT_RISK_INCIDENT,Medium,Supervisor,Operations Supervisor,Operator → Supervisor
INC-04083,2025-09-16 16:00:00,CURTAILMENT_RISK_INCIDENT,Medium,Supervisor,Operations Supervisor,Operator → Supervisor
INC-04084,2025-09-17 09:30:00,CURTAILMENT_RISK_INCIDENT,Medium,Supervisor,Operations Supervisor,Operator → Supervisor
INC-04085,2025-09-17 10:00:00,CURTAILMENT_RISK_INCIDENT,Medium,Supervisor,Operations Supervisor,Operator → Supervisor
INC-04086,2025-09-17 10:30:00,CURTAILMENT_RISK_INCIDENT,Medium,Supervisor,Operations Supervisor,Operator → Supervisor
INC-04087,2025-09-17 11:00:00,CURTAILMENT_RISK_INCIDENT,Medium,Supervisor,Operations Supervisor,Operator → Supervisor
INC-04088,2025-09-17 11:30:00,CURTAILMENT_RISK_INCIDENT,Medium,Supervisor,Operations Supervisor,Operator → Supervisor
INC-04089,2025-09-17 12:00:00,CURTAILMENT_RISK_INCIDENT,Medium,Supervisor,Operations Supervisor,Operator → Supervisor
INC-04090,2025-09-17 12:30:00,CURTAILMENT_RISK_INCIDENT,Medium,Supervisor,Operations Supervisor,Operator → Supervisor
INC-04091,2025-09-17 13:00:00,CURTAILMENT_RISK_INCIDENT,Medium,Supervisor,Operations Supervisor,Operator → Supervisor
INC-04092,2025-09-17 13:30:00,CURTAILMENT_RISK_INCIDENT,Medium,Supervisor,Operations Supervisor,Operator → Supervisor
INC-04093,2025-09-17 14:00:00,CURTAILMENT_RISK_INCIDENT,Medium,Supervisor,Operations Supervisor,Operator → Supervisor
INC-04094,2025-09-17 14:30:00,CURTAILMENT_RISK_INCIDENT,Medium,Supervisor,Operations Supervisor,Operator → Supervisor
INC-04095,2025-09-17 15:00:00,CURTAILMENT_RISK_INCIDENT,Medium,Supervisor,Operations Supervisor,Operator → Supervisor
INC-04096,2025-09-17 15:30:00,CURTAILMENT_RISK_INCIDENT,Medium,Supervisor,Operations Supervisor,Operator → Supervisor
INC-04097,2025-09-17 16:00:00,CURTAILMENT_RISK_INCIDENT,Medium,Supervisor,Operations Supervisor,Operator → Supervisor
INC-04098,2025-09-17 16:30:00,CURTAILMENT_RISK_INCIDENT,Medium,Supervisor,Operations Supervisor,Operator → Supervisor
INC-04099,2025-09-18 02:30:00,OVER_GENERATION_INCIDENT,Low,Operator,Operations Team,Operator
INC-04100,2025-09-18 03:00:00,OVER_GENERATION_INCIDENT,Low,Operator,Operations Team,Operator
INC-04101,2025-09-18 03:30:00,OVER_GENERATION_INCIDENT,Low,Operator,Operations Team,Operator
INC-04102,2025-09-18 04:00:00,OVER_GENERATION_INCIDENT,Low,Operator,Operations Team,Operator
INC-04103,2025-09-18 04:30:00,OVER_GENERATION_INCIDENT,Low,Operator,Operations Team,Operator
INC-04104,2025-09-18 05:00:00,OVER_GENERATION_INCIDENT,Low,Operator,Operations Team,Operator
INC-04105,2025-09-18 05:30:00,OVER_GENERATION_INCIDENT,Low,Operator,Operations Team,Operator
INC-04106,2025-09-18 09:00:00,CURTAILMENT_RISK_INCIDENT,Medium,Supervisor,Operations Supervisor,Operator → Supervisor
INC-04107,2025-09-18 09:30:00,CURTAILMENT_RISK_INCIDENT,Medium,Supervisor,Operations Supervisor,Operator → Supervisor
INC-04108,2025-09-18 10:00:00,CURTAILMENT_RISK_INCIDENT,Medium,Supervisor,Operations Supervisor,Operator → Supervisor
INC-04109,2025-09-18 10:30:00,CURTAILMENT_RISK_INCIDENT,Medium,Supervisor,Operations Supervisor,Operator → Supervisor
INC-04110,2025-09-18 11:00:00,CURTAILMENT_RISK_INCIDENT,Medium,Supervisor,Operations Supervisor,Operator → Supervisor
INC-04111,2025-09-18 11:30:00,CURTAILMENT_RISK_INCIDENT,Medium,Supervisor,Operations Supervisor,Operator → Supervisor
INC-04112,2025-09-18 12:00:00,CURTAILMENT_RISK_INCIDENT,Medium,Supervisor,Operations Supervisor,Operator → Supervisor
INC-04113,2025-09-18 12:30:00,CURTAILMENT_RISK_INCIDENT,Medium,Supervisor,Operations Supervisor,Operator → Supervisor
INC-04114,2025-09-18 13:00:00,CURTAILMENT_RISK_INCIDENT,Medium,Supervisor,Operations Supervisor,Operator → Supervisor
INC-04115,2025-09-18 13:30:00,CURTAILMENT_RISK_INCIDENT,Medium,Supervisor,Operations Supervisor,Operator → Supervisor
INC-04116,2025-09-18 14:00:00,CURTAILMENT_RISK_INCIDENT,Medium,Supervisor,Operations Supervisor,Operator → Supervisor
INC-04117,2025-09-18 14:30:00,CURTAILMENT_RISK_INCIDENT,Medium,Supervisor,Operations Supervisor,Operator → Supervisor
INC-04118,2025-09-18 15:00:00,CURTAILMENT_RISK_INCIDENT,Medium,Supervisor,Operations Supervisor,Operator → Supervisor
INC-04119,2025-09-19 03:30:00,OVER_GENERATION_INCIDENT,Low,Operator,Operations Team,Operator
INC-04120,2025-09-19 04:00:00,OVER_GENERATION_INCIDENT,Low,Operator,Operations Team,Operator
INC-04121,2025-09-19 04:30:00,OVER_GENERATION_INCIDENT,Low,Operator,Operations Team,Operator
INC-04122,2025-09-19 05:00:00,OVER_GENERATION_INCIDENT,Low,Operator,Operations Team,Operator
INC-04123,2025-09-19 05:30:00,OVER_GENERATION_INCIDENT,Low,Operator,Operations Team,Operator
INC-04124,2025-09-19 10:30:00,CURTAILMENT_RISK_INCIDENT,Medium,Supervisor,Operations Supervisor,Operator → Supervisor
INC-04125,2025-09-19 11:00:00,CURTAILMENT_RISK_INCIDENT,Medium,Supervisor,Operations Supervisor,Operator → Supervisor
INC-04126,2025-09-19 11:30:00,CURTAILMENT_RISK_INCIDENT,Medium,Supervisor,Operations Supervisor,Operator → Supervisor
INC-04127,2025-09-20 05:30:00,OVER_GENERATION_INCIDENT,Low,Operator,Operations Team,Operator
INC-04128,2025-09-20 23:30:00,OVER_GENERATION_INCIDENT,Low,Operator,Operations Team,Operator
INC-04129,2025-09-21 00:00:00,OVER_GENERATION_INCIDENT,Low,Operator,Operations Team,Operator
INC-04130,2025-09-21 00:30:00,OVER_GENERATION_INCIDENT,Low,Operator,Operations Team,Operator
INC-04131,2025-09-21 01:00:00,OVER_GENERATION_INCIDENT,Low,Operator,Operations Team,Operator
INC-04132,2025-09-21 01:30:00,OVER_GENERATION_INCIDENT,Low,Operator,Operations Team,Operator
INC-04133,2025-09-21 02:00:00,OVER_GENERATION_INCIDENT,Low,Operator,Operations Team,Operator
INC-04134,2025-09-21 02:30:00,OVER_GENERATION_INCIDENT,Low,Operator,Operations Team,Operator
INC-04135,2025-09-21 03:00:00,OVER_GENERATION_INCIDENT,Low,Operator,Operations Team,Operator
INC-04136,2025-09-21 03:30:00,OVER_GENERATION_INCIDENT,Low,Operator,Operations Team,Operator
INC-04137,2025-09-21 04:00:00,OVER_GENERATION_INCIDENT,Low,Operator,Operations Team,Operator
INC-04138,2025-09-21 04:30:00,OVER_GENERATION_INCIDENT,Low,Operator,Operations Team,Operator
INC-04139,2025-09-21 05:00:00,OVER_GENERATION_INCIDENT,Low,Operator,Operations Team,Operator
INC-04140,2025-09-21 05:30:00,OVER_GENERATION_INCIDENT,Low,Operator,Operations Team,Operator
INC-04141,2025-09-21 06:00:00,OVER_GENERATION_INCIDENT,Low,Operator,Operations Team,Operator
INC-04142,2025-09-21 06:30:00,OVER_GENERATION_INCIDENT,Low,Operator,Operations Team,Operator
INC-04143,2025-09-21 09:00:00,CURTAILMENT_RISK_INCIDENT,Medium,Supervisor,Operations Supervisor,Operator → Supervisor
INC-04144,2025-09-21 09:30:00,CURTAILMENT_RISK_INCIDENT,Medium,Supervisor,Operations Supervisor,Operator → Supervisor
INC-04145,2025-09-21 10:00:00,CURTAILMENT_RISK_INCIDENT,Medium,Supervisor,Operations Supervisor,Operator → Supervisor
INC-04146,2025-09-21 10:30:00,CURTAILMENT_RISK_INCIDENT,Medium,Supervisor,Operations Supervisor,Operator → Supervisor
INC-04147,2025-09-21 11:00:00,CURTAILMENT_RISK_INCIDENT,Medium,Supervisor,Operations Supervisor,Operator → Supervisor
INC-04148,2025-09-21 11:30:00,OVER_GENERATION_INCIDENT,Low,Operator,Operations Team,Operator
INC-04149,2025-09-21 11:30:00,CURTAILMENT_RISK_INCIDENT,Medium,Supervisor,Operations Supervisor,Operator → Supervisor
INC-04150,2025-09-21 12:00:00,OVER_GENERATION_INCIDENT,Low,Operator,Operations Team,Operator
INC-04151,2025-09-21 12:00:00,CURTAILMENT_RISK_INCIDENT,Medium,Supervisor,Operations Supervisor,Operator → Supervisor
INC-04152,2025-09-21 12:30:00,OVER_GENERATION_INCIDENT,Low,Operator,Operations Team,Operator
INC-04153,2025-09-21 12:30:00,CURTAILMENT_RISK_INCIDENT,Medium,Supervisor,Operations Supervisor,Operator → Supervisor
INC-04154,2025-09-21 13:00:00,OVER_GENERATION_INCIDENT,Low,Operator,Operations Team,Operator
INC-04155,2025-09-21 13:00:00,CURTAILMENT_RISK_INCIDENT,Medium,Supervisor,Operations Supervisor,Operator → Supervisor
INC-04156,2025-09-21 13:30:00,OVER_GENERATION_INCIDENT,Low,Operator,Operations Team,Operator
INC-04157,2025-09-22 10:00:00,CURTAILMENT_RISK_INCIDENT,Medium,Supervisor,Operations Supervisor,Operator → Supervisor
INC-04158,2025-09-22 10:30:00,CURTAILMENT_RISK_INCIDENT,Medium,Supervisor,Operations Supervisor,Operator → Supervisor
INC-04159,2025-09-22 11:00:00,CURTAILMENT_RISK_INCIDENT,Medium,Supervisor,Operations Supervisor,Operator → Supervisor
INC-04160,2025-09-22 11:30:00,CURTAILMENT_RISK_INCIDENT,Medium,Supervisor,Operations Supervisor,Operator → Supervisor
INC-04161,2025-09-22 12:00:00,CURTAILMENT_RISK_INCIDENT,Medium,Supervisor,Operations Supervisor,Operator → Supervisor
INC-04162,2025-09-22 12:30:00,CURTAILMENT_RISK_INCIDENT,Medium,Supervisor,Operations Supervisor,Operator → Supervisor
INC-04163,2025-09-23 05:30:00,SUSTAINABILITY_INCIDENT,Medium,Supervisor,Operations Supervisor,Operator → Supervisor
INC-04164,2025-09-23 06:00:00,SUSTAINABILITY_INCIDENT,Medium,Supervisor,Operations Supervisor,Operator → Supervisor
INC-04165,2025-09-23 17:00:00,SUSTAINABILITY_INCIDENT,Medium,Supervisor,Operations Supervisor,Operator → Supervisor
INC-04166,2025-09-23 17:30:00,SUSTAINABILITY_INCIDENT,Medium,Supervisor,Operations Supervisor,Operator → Supervisor
INC-04167,2025-09-23 18:00:00,SUSTAINABILITY_INCIDENT,Medium,Supervisor,Operations Supervisor,Operator → Supervisor
INC-04168,2025-09-23 18:30:00,SUSTAINABILITY_INCIDENT,Medium,Supervisor,Operations Supervisor,Operator → Supervisor
INC-04169,2025-09-23 19:00:00,SUSTAINABILITY_INCIDENT,Medium,Supervisor,Operations Supervisor,Operator → Supervisor
INC-04170,2025-09-23 19:30:00,SUSTAINABILITY_INCIDENT,Medium,Supervisor,Operations Supervisor,Operator → Supervisor
INC-04171,2025-09-23 20:00:00,SUSTAINABILITY_INCIDENT,Medium,Supervisor,Operations Supervisor,Operator → Supervisor
INC-04172,2025-09-27 04:30:00,OVER_GENERATION_INCIDENT,Low,Operator,Operations Team,Operator
INC-04173,2025-09-28 03:00:00,OVER_GENERATION_INCIDENT,Low,Operator,Operations Team,Operator
INC-04174,2025-09-28 03:30:00,OVER_GENERATION_INCIDENT,Low,Operator,Operations Team,Operator
INC-04175,2025-09-28 04:00:00,OVER_GENERATION_INCIDENT,Low,Operator,Operations Team,Operator
INC-04176,2025-09-28 04:30:00,OVER_GENERATION_INCIDENT,Low,Operator,Operations Team,Operator
INC-04177,2025-09-28 05:00:00,OVER_GENERATION_INCIDENT,Low,Operator,Operations Team,Operator
INC-04178,2025-09-28 05:30:00,OVER_GENERATION_INCIDENT,Low,Operator,Operations Team,Operator
INC-04179,2025-09-28 15:00:00,SUSTAINABILITY_INCIDENT,Medium,Supervisor,Operations Supervisor,Operator → Supervisor
INC-04180,2025-09-28 15:30:00,SUSTAINABILITY_INCIDENT,Medium,Supervisor,Operations Supervisor,Operator → Supervisor
INC-04181,2025-09-28 16:00:00,SUSTAINABILITY_INCIDENT,Medium,Supervisor,Operations Supervisor,Operator → Supervisor
INC-04182,2025-09-28 16:30:00,SUSTAINABILITY_INCIDENT,Medium,Supervisor,Operations Supervisor,Operator → Supervisor
INC-04183,2025-09-28 17:00:00,SUSTAINABILITY_INCIDENT,Medium,Supervisor,Operations Supervisor,Operator → Supervisor
INC-04184,2025-09-28 17:30:00,SUSTAINABILITY_INCIDENT,Medium,Supervisor,Operations Supervisor,Operator → Supervisor
INC-04185,2025-09-28 18:00:00,SUSTAINABILITY_INCIDENT,Medium,Supervisor,Operations Supervisor,Operator → Supervisor
INC-04186,2025-09-28 18:30:00,SUSTAINABILITY_INCIDENT,Medium,Supervisor,Operations Supervisor,Operator → Supervisor
INC-04187,2025-09-28 19:00:00,SUSTAINABILITY_INCIDENT,Medium,Supervisor,Operations Supervisor,Operator → Supervisor
INC-04188,2025-09-28 19:30:00,SUSTAINABILITY_INCIDENT,Medium,Supervisor,Operations Supervisor,Operator → Supervisor
INC-04189,2025-09-28 20:00:00,SUSTAINABILITY_INCIDENT,Medium,Supervisor,Operations Supervisor,Operator → Supervisor
INC-04190,2025-09-28 20:30:00,SUSTAINABILITY_INCIDENT,Medium,Supervisor,Operations Supervisor,Operator → Supervisor
INC-04191,2025-09-28 21:00:00,SUSTAINABILITY_INCIDENT,Medium,Supervisor,Operations Supervisor,Operator → Supervisor
INC-04192,2025-09-28 21:30:00,SUSTAINABILITY_INCIDENT,Medium,Supervisor,Operations Supervisor,Operator → Supervisor
INC-04193,2025-09-28 22:00:00,SUSTAINABILITY_INCIDENT,Medium,Supervisor,Operations Supervisor,Operator → Supervisor
INC-04194,2025-09-28 22:30:00,SUSTAINABILITY_INCIDENT,Medium,Supervisor,Operations Supervisor,Operator → Supervisor
INC-04195,2025-09-28 23:00:00,SUSTAINABILITY_INCIDENT,Medium,Supervisor,Operations Supervisor,Operator → Supervisor
INC-04196,2025-09-28 23:30:00,SUSTAINABILITY_INCIDENT,Medium,Supervisor,Operations Supervisor,Operator → Supervisor
INC-04197,2025-09-29 00:00:00,SUSTAINABILITY_INCIDENT,Medium,Supervisor,Operations Supervisor,Operator → Supervisor
INC-04198,2025-09-29 00:30:00,SUSTAINABILITY_INCIDENT,Medium,Supervisor,Operations Supervisor,Operator → Supervisor
INC-04199,2025-09-29 01:00:00,SUSTAINABILITY_INCIDENT,Medium,Supervisor,Operations Supervisor,Operator → Supervisor
INC-04200,2025-09-29 01:30:00,SUSTAINABILITY_INCIDENT,Medium,Supervisor,Operations Supervisor,Operator → Supervisor
INC-04201,2025-09-29 02:00:00,SUSTAINABILITY_INCIDENT,Medium,Supervisor,Operations Supervisor,Operator → Supervisor
INC-04202,2025-09-29 02:30:00,SUSTAINABILITY_INCIDENT,Medium,Supervisor,Operations Supervisor,Operator → Supervisor
INC-04203,2025-09-29 03:00:00,SUSTAINABILITY_INCIDENT,Medium,Supervisor,Operations Supervisor,Operator → Supervisor
INC-04204,2025-09-29 03:30:00,SUSTAINABILITY_INCIDENT,Medium,Supervisor,Operations Supervisor,Operator → Supervisor
INC-04205,2025-09-29 04:00:00,SUSTAINABILITY_INCIDENT,Medium,Supervisor,Operations Supervisor,Operator → Supervisor
INC-04206,2025-09-29 04:30:00,SUSTAINABILITY_INCIDENT,Medium,Supervisor,Operations Supervisor,Operator → Supervisor
INC-04207,2025-09-29 05:00:00,SUSTAINABILITY_INCIDENT,Medium,Supervisor,Operations Supervisor,Operator → Supervisor
INC-04208,2025-09-29 05:30:00,SUSTAINABILITY_INCIDENT,Medium,Supervisor,Operations Supervisor,Operator → Supervisor
INC-04209,2025-09-29 06:00:00,SUSTAINABILITY_INCIDENT,Medium,Supervisor,Operations Supervisor,Operator → Supervisor
INC-04210,2025-09-29 06:30:00,SUSTAINABILITY_INCIDENT,Medium,Supervisor,Operations Supervisor,Operator → Supervisor
INC-04211,2025-09-29 07:00:00,SUSTAINABILITY_INCIDENT,Medium,Supervisor,Operations Supervisor,Operator → Supervisor
INC-04212,2025-09-29 07:30:00,SUSTAINABILITY_INCIDENT,Medium,Supervisor,Operations Supervisor,Operator → Supervisor
INC-04213,2025-09-29 14:30:00,SUSTAINABILITY_INCIDENT,Medium,Supervisor,Operations Supervisor,Operator → Supervisor
INC-04214,2025-09-29 15:00:00,SUSTAINABILITY_INCIDENT,Medium,Supervisor,Operations Supervisor,Operator → Supervisor
INC-04215,2025-09-29 15:30:00,SUSTAINABILITY_INCIDENT,Medium,Supervisor,Operations Supervisor,Operator → Supervisor
INC-04216,2025-09-29 16:00:00,SUSTAINABILITY_INCIDENT,Medium,Supervisor,Operations Supervisor,Operator → Supervisor
INC-04217,2025-09-29 16:30:00,SUSTAINABILITY_INCIDENT,Medium,Supervisor,Operations Supervisor,Operator → Supervisor
INC-04218,2025-09-29 17:00:00,SUSTAINABILITY_INCIDENT,Medium,Supervisor,Operations Supervisor,Operator → Supervisor
INC-04219,2025-09-29 17:30:00,SUSTAINABILITY_INCIDENT,Medium,Supervisor,Operations Supervisor,Operator → Supervisor
INC-04220,2025-09-29 18:00:00,SUSTAINABILITY_INCIDENT,Medium,Supervisor,Operations Supervisor,Operator → Supervisor
INC-04221,2025-09-29 18:30:00,SUSTAINABILITY_INCIDENT,Medium,Supervisor,Operations Supervisor,Operator → Supervisor
INC-04222,2025-09-29 19:00:00,SUSTAINABILITY_INCIDENT,Medium,Supervisor,Operations Supervisor,Operator → Supervisor
INC-04223,2025-09-29 19:30:00,SUSTAINABILITY_INCIDENT,Medium,Supervisor,Operations Supervisor,Operator → Supervisor
INC-04224,2025-09-29 20:00:00,SUSTAINABILITY_INCIDENT,Medium,Supervisor,Operations Supervisor,Operator → Supervisor
INC-04225,2025-09-29 20:30:00,SUSTAINABILITY_INCIDENT,Medium,Supervisor,Operations Supervisor,Operator → Supervisor
INC-04226,2025-09-29 21:00:00,SUSTAINABILITY_INCIDENT,Medium,Supervisor,Operations Supervisor,Operator → Supervisor
INC-04227,2025-09-30 05:00:00,SUSTAINABILITY_INCIDENT,Medium,Supervisor,Operations Supervisor,Operator → Supervisor
INC-04228,2025-09-30 05:30:00,SUSTAINABILITY_INCIDENT,Medium,Supervisor,Operations Supervisor,Operator → Supervisor
INC-04229,2025-09-30 06:00:00,SUSTAINABILITY_INCIDENT,Medium,Supervisor,Operations Supervisor,Operator → Supervisor
INC-04230,2025-09-30 06:30:00,SUSTAINABILITY_INCIDENT,Medium,Supervisor,Operations Supervisor,Operator → Supervisor
INC-04231,2025-10-03 01:00:00,OVER_GENERATION_INCIDENT,Low,Operator,Operations Team,Operator
INC-04232,2025-10-03 01:30:00,OVER_GENERATION_INCIDENT,Low,Operator,Operations Team,Operator
INC-04233,2025-10-03 02:00:00,OVER_GENERATION_INCIDENT,Low,Operator,Operations Team,Operator
INC-04234,2025-10-03 02:30:00,OVER_GENERATION_INCIDENT,Low,Operator,Operations Team,Operator
INC-04235,2025-10-03 03:00:00,OVER_GENERATION_INCIDENT,Low,Operator,Operations Team,Operator
INC-04236,2025-10-03 03:30:00,OVER_GENERATION_INCIDENT,Low,Operator,Operations Team,Operator
INC-04237,2025-10-03 04:00:00,OVER_GENERATION_INCIDENT,Low,Operator,Operations Team,Operator
INC-04238,2025-10-03 04:30:00,OVER_GENERATION_INCIDENT,Low,Operator,Operations Team,Operator
INC-04239,2025-10-03 05:00:00,OVER_GENERATION_INCIDENT,Low,Operator,Operations Team,Operator
INC-04240,2025-10-03 05:30:00,OVER_GENERATION_INCIDENT,Low,Operator,Operations Team,Operator
INC-04241,2025-10-03 13:30:00,CURTAILMENT_RISK_INCIDENT,Medium,Supervisor,Operations Supervisor,Operator → Supervisor
INC-04242,2025-10-03 14:00:00,CURTAILMENT_RISK_INCIDENT,Medium,Supervisor,Operations Supervisor,Operator → Supervisor
INC-04243,2025-10-03 14:30:00,CURTAILMENT_RISK_INCIDENT,Medium,Supervisor,Operations Supervisor,Operator → Supervisor
INC-04244,2025-10-03 15:00:00,CURTAILMENT_RISK_INCIDENT,Medium,Supervisor,Operations Supervisor,Operator → Supervisor
INC-04245,2025-10-03 15:30:00,CURTAILMENT_RISK_INCIDENT,Medium,Supervisor,Operations Supervisor,Operator → Supervisor
INC-04246,2025-10-03 16:00:00,CURTAILMENT_RISK_INCIDENT,Medium,Supervisor,Operations Supervisor,Operator → Supervisor
INC-04247,2025-10-03 20:30:00,CURTAILMENT_RISK_INCIDENT,Medium,Supervisor,Operations Supervisor,Operator → Supervisor
INC-04248,2025-10-03 21:00:00,CURTAILMENT_RISK_INCIDENT,Medium,Supervisor,Operations Supervisor,Operator → Supervisor
INC-04249,2025-10-04 00:30:00,OVER_GENERATION_INCIDENT,Low,Operator,Operations Team,Operator
INC-04250,2025-10-04 01:00:00,OVER_GENERATION_INCIDENT,Low,Operator,Operations Team,Operator
INC-04251,2025-10-04 01:30:00,OVER_GENERATION_INCIDENT,Low,Operator,Operations Team,Operator
INC-04252,2025-10-04 02:00:00,OVER_GENERATION_INCIDENT,Low,Operator,Operations Team,Operator
INC-04253,2025-10-04 02:30:00,OVER_GENERATION_INCIDENT,Low,Operator,Operations Team,Operator
INC-04254,2025-10-04 03:00:00,OVER_GENERATION_INCIDENT,Low,Operator,Operations Team,Operator
INC-04255,2025-10-04 03:30:00,OVER_GENERATION_INCIDENT,Low,Operator,Operations Team,Operator
INC-04256,2025-10-04 04:00:00,OVER_GENERATION_INCIDENT,Low,Operator,Operations Team,Operator
INC-04257,2025-10-04 04:30:00,OVER_GENERATION_INCIDENT,Low,Operator,Operations Team,Operator
INC-04258,2025-10-04 05:00:00,OVER_GENERATION_INCIDENT,Low,Operator,Operations Team,Operator
INC-04259,2025-10-04 05:30:00,OVER_GENERATION_INCIDENT,Low,Operator,Operations Team,Operator
INC-04260,2025-10-04 06:00:00,OVER_GENERATION_INCIDENT,Low,Operator,Operations Team,Operator
INC-04261,2025-10-04 06:30:00,OVER_GENERATION_INCIDENT,Low,Operator,Operations Team,Operator
INC-04262,2025-10-04 07:00:00,OVER_GENERATION_INCIDENT,Low,Operator,Operations Team,Operator
INC-04263,2025-10-04 07:00:00,CURTAILMENT_RISK_INCIDENT,Medium,Supervisor,Operations Supervisor,Operator → Supervisor
INC-04264,2025-10-04 07:30:00,CURTAILMENT_RISK_INCIDENT,Medium,Supervisor,Operations Supervisor,Operator → Supervisor
INC-04265,2025-10-04 08:00:00,CURTAILMENT_RISK_INCIDENT,Medium,Supervisor,Operations Supervisor,Operator → Supervisor
INC-04266,2025-10-04 08:30:00,CURTAILMENT_RISK_INCIDENT,Medium,Supervisor,Operations Supervisor,Operator → Supervisor
INC-04267,2025-10-04 09:00:00,CURTAILMENT_RISK_INCIDENT,Medium,Supervisor,Operations Supervisor,Operator → Supervisor
INC-04268,2025-10-04 09:30:00,CURTAILMENT_RISK_INCIDENT,Medium,Supervisor,Operations Supervisor,Operator → Supervisor
INC-04269,2025-10-04 10:00:00,CURTAILMENT_RISK_INCIDENT,Medium,Supervisor,Operations Supervisor,Operator → Supervisor
INC-04270,2025-10-04 10:30:00,CURTAILMENT_RISK_INCIDENT,Medium,Supervisor,Operations Supervisor,Operator → Supervisor
INC-04271,2025-10-04 11:00:00,CURTAILMENT_RISK_INCIDENT,Medium,Supervisor,Operations Supervisor,Operator → Supervisor
INC-04272,2025-10-04 11:30:00,CURTAILMENT_RISK_INCIDENT,Medium,Supervisor,Operations Supervisor,Operator → Supervisor
INC-04273,2025-10-04 12:00:00,CURTAILMENT_RISK_INCIDENT,Medium,Supervisor,Operations Supervisor,Operator → Supervisor
INC-04274,2025-10-04 12:30:00,CURTAILMENT_RISK_INCIDENT,Medium,Supervisor,Operations Supervisor,Operator → Supervisor
INC-04275,2025-10-04 13:00:00,CURTAILMENT_RISK_INCIDENT,Medium,Supervisor,Operations Supervisor,Operator → Supervisor
INC-04276,2025-10-04 13:30:00,CURTAILMENT_RISK_INCIDENT,Medium,Supervisor,Operations Supervisor,Operator → Supervisor
INC-04277,2025-10-04 14:00:00,CURTAILMENT_RISK_INCIDENT,Medium,Supervisor,Operations Supervisor,Operator → Supervisor
INC-04278,2025-10-04 14:30:00,CURTAILMENT_RISK_INCIDENT,Medium,Supervisor,Operations Supervisor,Operator → Supervisor
INC-04279,2025-10-04 15:00:00,CURTAILMENT_RISK_INCIDENT,Medium,Supervisor,Operations Supervisor,Operator → Supervisor
INC-04280,2025-10-04 15:30:00,CURTAILMENT_RISK_INCIDENT,Medium,Supervisor,Operations Supervisor,Operator → Supervisor
INC-04281,2025-10-04 16:00:00,CURTAILMENT_RISK_INCIDENT,Medium,Supervisor,Operations Supervisor,Operator → Supervisor
INC-04282,2025-10-04 16:30:00,CURTAILMENT_RISK_INCIDENT,Medium,Supervisor,Operations Supervisor,Operator → Supervisor
INC-04283,2025-10-04 17:00:00,CURTAILMENT_RISK_INCIDENT,Medium,Supervisor,Operations Supervisor,Operator → Supervisor
INC-04284,2025-10-04 17:30:00,CURTAILMENT_RISK_INCIDENT,Medium,Supervisor,Operations Supervisor,Operator → Supervisor
INC-04285,2025-10-04 18:00:00,CURTAILMENT_RISK_INCIDENT,Medium,Supervisor,Operations Supervisor,Operator → Supervisor
INC-04286,2025-10-04 18:30:00,CURTAILMENT_RISK_INCIDENT,Medium,Supervisor,Operations Supervisor,Operator → Supervisor
INC-04287,2025-10-04 20:30:00,CURTAILMENT_RISK_INCIDENT,Medium,Supervisor,Operations Supervisor,Operator → Supervisor
INC-04288,2025-10-04 21:00:00,CURTAILMENT_RISK_INCIDENT,Medium,Supervisor,Operations Supervisor,Operator → Supervisor
INC-04289,2025-10-04 21:30:00,CURTAILMENT_RISK_INCIDENT,Medium,Supervisor,Operations Supervisor,Operator → Supervisor
INC-04290,2025-10-04 22:00:00,CURTAILMENT_RISK_INCIDENT,Medium,Supervisor,Operations Supervisor,Operator → Supervisor
INC-04291,2025-10-04 23:30:00,OVER_GENERATION_INCIDENT,Low,Operator,Operations Team,Operator
INC-04292,2025-10-05 00:00:00,OVER_GENERATION_INCIDENT,Low,Operator,Operations Team,Operator
INC-04293,2025-10-05 00:30:00,OVER_GENERATION_INCIDENT,Low,Operator,Operations Team,Operator
INC-04294,2025-10-05 01:00:00,OVER_GENERATION_INCIDENT,Low,Operator,Operations Team,Operator
INC-04295,2025-10-05 01:30:00,OVER_GENERATION_INCIDENT,Low,Operator,Operations Team,Operator
INC-04296,2025-10-05 02:00:00,OVER_GENERATION_INCIDENT,Low,Operator,Operations Team,Operator
INC-04297,2025-10-05 02:30:00,OVER_GENERATION_INCIDENT,Low,Operator,Operations Team,Operator
INC-04298,2025-10-05 03:00:00,OVER_GENERATION_INCIDENT,Low,Operator,Operations Team,Operator
INC-04299,2025-10-05 03:30:00,OVER_GENERATION_INCIDENT,Low,Operator,Operations Team,Operator
INC-04300,2025-10-05 04:00:00,OVER_GENERATION_INCIDENT,Low,Operator,Operations Team,Operator
INC-04301,2025-10-05 04:30:00,OVER_GENERATION_INCIDENT,Low,Operator,Operations Team,Operator
INC-04302,2025-10-05 05:00:00,OVER_GENERATION_INCIDENT,Low,Operator,Operations Team,Operator
INC-04303,2025-10-05 05:30:00,OVER_GENERATION_INCIDENT,Low,Operator,Operations Team,Operator
INC-04304,2025-10-05 06:00:00,OVER_GENERATION_INCIDENT,Low,Operator,Operations Team,Operator
INC-04305,2025-10-05 06:30:00,OVER_GENERATION_INCIDENT,Low,Operator,Operations Team,Operator
INC-04306,2025-10-05 06:30:00,CURTAILMENT_RISK_INCIDENT,Medium,Supervisor,Operations Supervisor,Operator → Supervisor
INC-04307,2025-10-05 07:00:00,OVER_GENERATION_INCIDENT,Low,Operator,Operations Team,Operator
INC-04308,2025-10-05 07:00:00,CURTAILMENT_RISK_INCIDENT,Medium,Supervisor,Operations Supervisor,Operator → Supervisor
INC-04309,2025-10-05 07:30:00,OVER_GENERATION_INCIDENT,Low,Operator,Operations Team,Operator
INC-04310,2025-10-05 07:30:00,CURTAILMENT_RISK_INCIDENT,Medium,Supervisor,Operations Supervisor,Operator → Supervisor
INC-04311,2025-10-05 08:00:00,CURTAILMENT_RISK_INCIDENT,Medium,Supervisor,Operations Supervisor,Operator → Supervisor
INC-04312,2025-10-05 08:30:00,CURTAILMENT_RISK_INCIDENT,Medium,Supervisor,Operations Supervisor,Operator → Supervisor
INC-04313,2025-10-05 09:00:00,CURTAILMENT_RISK_INCIDENT,Medium,Supervisor,Operations Supervisor,Operator → Supervisor
INC-04314,2025-10-05 09:30:00,CURTAILMENT_RISK_INCIDENT,Medium,Supervisor,Operations Supervisor,Operator → Supervisor
INC-04315,2025-10-05 10:00:00,CURTAILMENT_RISK_INCIDENT,Medium,Supervisor,Operations Supervisor,Operator → Supervisor
INC-04316,2025-10-05 10:30:00,CURTAILMENT_RISK_INCIDENT,Medium,Supervisor,Operations Supervisor,Operator → Supervisor
INC-04317,2025-10-05 11:00:00,CURTAILMENT_RISK_INCIDENT,Medium,Supervisor,Operations Supervisor,Operator → Supervisor
INC-04318,2025-10-05 11:30:00,CURTAILMENT_RISK_INCIDENT,Medium,Supervisor,Operations Supervisor,Operator → Supervisor
INC-04319,2025-10-05 12:00:00,CURTAILMENT_RISK_INCIDENT,Medium,Supervisor,Operations Supervisor,Operator → Supervisor
INC-04320,2025-10-05 12:30:00,CURTAILMENT_RISK_INCIDENT,Medium,Supervisor,Operations Supervisor,Operator → Supervisor
INC-04321,2025-10-05 13:00:00,CURTAILMENT_RISK_INCIDENT,Medium,Supervisor,Operations Supervisor,Operator → Supervisor
INC-04322,2025-10-05 13:30:00,CURTAILMENT_RISK_INCIDENT,Medium,Supervisor,Operations Supervisor,Operator → Supervisor
INC-04323,2025-10-05 14:00:00,CURTAILMENT_RISK_INCIDENT,Medium,Supervisor,Operations Supervisor,Operator → Supervisor
INC-04324,2025-10-05 14:30:00,CURTAILMENT_RISK_INCIDENT,Medium,Supervisor,Operations Supervisor,Operator → Supervisor
INC-04325,2025-10-05 15:00:00,CURTAILMENT_RISK_INCIDENT,Medium,Supervisor,Operations Supervisor,Operator → Supervisor
INC-04326,2025-10-05 15:30:00,CURTAILMENT_RISK_INCIDENT,Medium,Supervisor,Operations Supervisor,Operator → Supervisor
INC-04327,2025-10-05 16:00:00,CURTAILMENT_RISK_INCIDENT,Medium,Supervisor,Operations Supervisor,Operator → Supervisor
INC-04328,2025-10-05 16:30:00,CURTAILMENT_RISK_INCIDENT,Medium,Supervisor,Operations Supervisor,Operator → Supervisor
INC-04329,2025-10-06 03:00:00,OVER_GENERATION_INCIDENT,Low,Operator,Operations Team,Operator
INC-04330,2025-10-06 03:30:00,OVER_GENERATION_INCIDENT,Low,Operator,Operations Team,Operator
INC-04331,2025-10-06 04:00:00,OVER_GENERATION_INCIDENT,Low,Operator,Operations Team,Operator
INC-04332,2025-10-06 04:30:00,OVER_GENERATION_INCIDENT,Low,Operator,Operations Team,Operator
INC-04333,2025-10-06 05:00:00,OVER_GENERATION_INCIDENT,Low,Operator,Operations Team,Operator
INC-04334,2025-10-06 09:30:00,CURTAILMENT_RISK_INCIDENT,Medium,Supervisor,Operations Supervisor,Operator → Supervisor
INC-04335,2025-10-06 10:00:00,CURTAILMENT_RISK_INCIDENT,Medium,Supervisor,Operations Supervisor,Operator → Supervisor
INC-04336,2025-10-06 10:30:00,CURTAILMENT_RISK_INCIDENT,Medium,Supervisor,Operations Supervisor,Operator → Supervisor
INC-04337,2025-10-06 11:00:00,CURTAILMENT_RISK_INCIDENT,Medium,Supervisor,Operations Supervisor,Operator → Supervisor
INC-04338,2025-10-06 11:30:00,CURTAILMENT_RISK_INCIDENT,Medium,Supervisor,Operations Supervisor,Operator → Supervisor
INC-04339,2025-10-06 12:00:00,CURTAILMENT_RISK_INCIDENT,Medium,Supervisor,Operations Supervisor,Operator → Supervisor
INC-04340,2025-10-06 12:30:00,CURTAILMENT_RISK_INCIDENT,Medium,Supervisor,Operations Supervisor,Operator → Supervisor
INC-04341,2025-10-07 03:30:00,OVER_GENERATION_INCIDENT,Low,Operator,Operations Team,Operator
INC-04342,2025-10-07 04:00:00,OVER_GENERATION_INCIDENT,Low,Operator,Operations Team,Operator
INC-04343,2025-10-07 04:30:00,OVER_GENERATION_INCIDENT,Low,Operator,Operations Team,Operator
INC-04344,2025-10-07 05:00:00,OVER_GENERATION_INCIDENT,Low,Operator,Operations Team,Operator
INC-04345,2025-10-08 08:30:00,OPERATIONAL_RISK_INCIDENT,High,Regional Controller,Regional Leadership,Operator → Supervisor → Regional Controller
INC-04346,2025-10-11 06:00:00,SUSTAINABILITY_INCIDENT,Medium,Supervisor,Operations Supervisor,Operator → Supervisor
INC-04347,2025-10-11 06:30:00,SUSTAINABILITY_INCIDENT,Medium,Supervisor,Operations Supervisor,Operator → Supervisor
INC-04348,2025-10-11 07:00:00,SUSTAINABILITY_INCIDENT,Medium,Supervisor,Operations Supervisor,Operator → Supervisor
INC-04349,2025-10-11 07:30:00,SUSTAINABILITY_INCIDENT,Medium,Supervisor,Operations Supervisor,Operator → Supervisor
INC-04350,2025-10-11 08:00:00,SUSTAINABILITY_INCIDENT,Medium,Supervisor,Operations Supervisor,Operator → Supervisor
INC-04351,2025-10-11 08:30:00,SUSTAINABILITY_INCIDENT,Medium,Supervisor,Operations Supervisor,Operator → Supervisor
INC-04352,2025-10-11 09:00:00,SUSTAINABILITY_INCIDENT,Medium,Supervisor,Operations Supervisor,Operator → Supervisor
INC-04353,2025-10-11 15:30:00,SUSTAINABILITY_INCIDENT,Medium,Supervisor,Operations Supervisor,Operator → Supervisor
INC-04354,2025-10-11 16:00:00,SUSTAINABILITY_INCIDENT,Medium,Supervisor,Operations Supervisor,Operator → Supervisor
INC-04355,2025-10-11 16:30:00,SUSTAINABILITY_INCIDENT,Medium,Supervisor,Operations Supervisor,Operator → Supervisor
INC-04356,2025-10-11 17:00:00,SUSTAINABILITY_INCIDENT,Medium,Supervisor,Operations Supervisor,Operator → Supervisor
INC-04357,2025-10-11 17:30:00,SUSTAINABILITY_INCIDENT,Medium,Supervisor,Operations Supervisor,Operator → Supervisor
INC-04358,2025-10-11 18:00:00,SUSTAINABILITY_INCIDENT,Medium,Supervisor,Operations Supervisor,Operator → Supervisor
INC-04359,2025-10-11 18:30:00,SUSTAINABILITY_INCIDENT,Medium,Supervisor,Operations Supervisor,Operator → Supervisor
INC-04360,2025-10-11 19:00:00,SUSTAINABILITY_INCIDENT,Medium,Supervisor,Operations Supervisor,Operator → Supervisor
INC-04361,2025-10-11 19:30:00,SUSTAINABILITY_INCIDENT,Medium,Supervisor,Operations Supervisor,Operator → Supervisor
INC-04362,2025-10-11 20:00:00,SUSTAINABILITY_INCIDENT,Medium,Supervisor,Operations Supervisor,Operator → Supervisor
INC-04363,2025-10-11 20:30:00,SUSTAINABILITY_INCIDENT,Medium,Supervisor,Operations Supervisor,Operator → Supervisor
INC-04364,2025-10-11 21:00:00,SUSTAINABILITY_INCIDENT,Medium,Supervisor,Operations Supervisor,Operator → Supervisor
INC-04365,2025-10-11 21:30:00,SUSTAINABILITY_INCIDENT,Medium,Supervisor,Operations Supervisor,Operator → Supervisor
INC-04366,2025-10-11 22:00:00,SUSTAINABILITY_INCIDENT,Medium,Supervisor,Operations Supervisor,Operator → Supervisor
INC-04367,2025-10-11 22:30:00,SUSTAINABILITY_INCIDENT,Medium,Supervisor,Operations Supervisor,Operator → Supervisor
INC-04368,2025-10-11 23:00:00,SUSTAINABILITY_INCIDENT,Medium,Supervisor,Operations Supervisor,Operator → Supervisor
INC-04369,2025-10-11 23:30:00,SUSTAINABILITY_INCIDENT,Medium,Supervisor,Operations Supervisor,Operator → Supervisor
INC-04370,2025-10-12 00:00:00,SUSTAINABILITY_INCIDENT,Medium,Supervisor,Operations Supervisor,Operator → Supervisor
INC-04371,2025-10-12 00:30:00,SUSTAINABILITY_INCIDENT,Medium,Supervisor,Operations Supervisor,Operator → Supervisor
INC-04372,2025-10-12 01:00:00,SUSTAINABILITY_INCIDENT,Medium,Supervisor,Operations Supervisor,Operator → Supervisor
INC-04373,2025-10-12 01:30:00,SUSTAINABILITY_INCIDENT,Medium,Supervisor,Operations Supervisor,Operator → Supervisor
INC-04374,2025-10-12 02:00:00,SUSTAINABILITY_INCIDENT,Medium,Supervisor,Operations Supervisor,Operator → Supervisor
INC-04375,2025-10-12 02:30:00,SUSTAINABILITY_INCIDENT,Medium,Supervisor,Operations Supervisor,Operator → Supervisor
INC-04376,2025-10-12 03:00:00,SUSTAINABILITY_INCIDENT,Medium,Supervisor,Operations Supervisor,Operator → Supervisor
INC-04377,2025-10-12 03:30:00,SUSTAINABILITY_INCIDENT,Medium,Supervisor,Operations Supervisor,Operator → Supervisor
INC-04378,2025-10-12 04:00:00,SUSTAINABILITY_INCIDENT,Medium,Supervisor,Operations Supervisor,Operator → Supervisor
INC-04379,2025-10-12 04:30:00,SUSTAINABILITY_INCIDENT,Medium,Supervisor,Operations Supervisor,Operator → Supervisor
INC-04380,2025-10-12 05:00:00,SUSTAINABILITY_INCIDENT,Medium,Supervisor,Operations Supervisor,Operator → Supervisor
INC-04381,2025-10-12 05:30:00,SUSTAINABILITY_INCIDENT,Medium,Supervisor,Operations Supervisor,Operator → Supervisor
INC-04382,2025-10-12 06:00:00,SUSTAINABILITY_INCIDENT,Medium,Supervisor,Operations Supervisor,Operator → Supervisor
INC-04383,2025-10-12 06:30:00,SUSTAINABILITY_INCIDENT,Medium,Supervisor,Operations Supervisor,Operator → Supervisor
INC-04384,2025-10-12 07:00:00,SUSTAINABILITY_INCIDENT,Medium,Supervisor,Operations Supervisor,Operator → Supervisor
INC-04385,2025-10-12 07:30:00,SUSTAINABILITY_INCIDENT,Medium,Supervisor,Operations Supervisor,Operator → Supervisor
INC-04386,2025-10-12 08:00:00,SUSTAINABILITY_INCIDENT,Medium,Supervisor,Operations Supervisor,Operator → Supervisor
INC-04387,2025-10-12 08:30:00,SUSTAINABILITY_INCIDENT,Medium,Supervisor,Operations Supervisor,Operator → Supervisor
INC-04388,2025-10-12 09:00:00,SUSTAINABILITY_INCIDENT,Medium,Supervisor,Operations Supervisor,Operator → Supervisor
INC-04389,2025-10-12 09:30:00,SUSTAINABILITY_INCIDENT,Medium,Supervisor,Operations Supervisor,Operator → Supervisor
INC-04390,2025-10-12 10:00:00,SUSTAINABILITY_INCIDENT,Medium,Supervisor,Operations Supervisor,Operator → Supervisor
INC-04391,2025-10-12 10:30:00,SUSTAINABILITY_INCIDENT,Medium,Supervisor,Operations Supervisor,Operator → Supervisor
INC-04392,2025-10-12 10:30:00,OPERATIONAL_RISK_INCIDENT,High,Regional Controller,Regional Leadership,Operator → Supervisor → Regional Controller
INC-04393,2025-10-12 11:00:00,SUSTAINABILITY_INCIDENT,Medium,Supervisor,Operations Supervisor,Operator → Supervisor
INC-04394,2025-10-12 11:00:00,OPERATIONAL_RISK_INCIDENT,High,Regional Controller,Regional Leadership,Operator → Supervisor → Regional Controller
INC-04395,2025-10-12 11:30:00,SUSTAINABILITY_INCIDENT,Medium,Supervisor,Operations Supervisor,Operator → Supervisor
INC-04396,2025-10-12 11:30:00,OPERATIONAL_RISK_INCIDENT,High,Regional Controller,Regional Leadership,Operator → Supervisor → Regional Controller
INC-04397,2025-10-12 12:00:00,SUSTAINABILITY_INCIDENT,Medium,Supervisor,Operations Supervisor,Operator → Supervisor
INC-04398,2025-10-12 12:00:00,OPERATIONAL_RISK_INCIDENT,High,Regional Controller,Regional Leadership,Operator → Supervisor → Regional Controller
INC-04399,2025-10-12 12:30:00,SUSTAINABILITY_INCIDENT,Medium,Supervisor,Operations Supervisor,Operator → Supervisor
INC-04400,2025-10-12 12:30:00,OPERATIONAL_RISK_INCIDENT,High,Regional Controller,Regional Leadership,Operator → Supervisor → Regional Controller
INC-04401,2025-10-12 13:00:00,SUSTAINABILITY_INCIDENT,Medium,Supervisor,Operations Supervisor,Operator → Supervisor
INC-04402,2025-10-12 13:00:00,OPERATIONAL_RISK_INCIDENT,High,Regional Controller,Regional Leadership,Operator → Supervisor → Regional Controller
INC-04403,2025-10-12 13:30:00,SUSTAINABILITY_INCIDENT,Medium,Supervisor,Operations Supervisor,Operator → Supervisor
INC-04404,2025-10-12 13:30:00,OPERATIONAL_RISK_INCIDENT,High,Regional Controller,Regional Leadership,Operator → Supervisor → Regional Controller
INC-04405,2025-10-12 14:00:00,SUSTAINABILITY_INCIDENT,Medium,Supervisor,Operations Supervisor,Operator → Supervisor
INC-04406,2025-10-12 14:00:00,OPERATIONAL_RISK_INCIDENT,High,Regional Controller,Regional Leadership,Operator → Supervisor → Regional Controller
INC-04407,2025-10-12 14:30:00,SUSTAINABILITY_INCIDENT,Medium,Supervisor,Operations Supervisor,Operator → Supervisor
INC-04408,2025-10-12 14:30:00,OPERATIONAL_RISK_INCIDENT,High,Regional Controller,Regional Leadership,Operator → Supervisor → Regional Controller
INC-04409,2025-10-12 15:00:00,SUSTAINABILITY_INCIDENT,Medium,Supervisor,Operations Supervisor,Operator → Supervisor
INC-04410,2025-10-12 15:00:00,OPERATIONAL_RISK_INCIDENT,High,Regional Controller,Regional Leadership,Operator → Supervisor → Regional Controller
INC-04411,2025-10-12 15:30:00,SUSTAINABILITY_INCIDENT,Medium,Supervisor,Operations Supervisor,Operator → Supervisor
INC-04412,2025-10-12 16:00:00,SUSTAINABILITY_INCIDENT,Medium,Supervisor,Operations Supervisor,Operator → Supervisor
INC-04413,2025-10-12 16:00:00,OPERATIONAL_RISK_INCIDENT,High,Regional Controller,Regional Leadership,Operator → Supervisor → Regional Controller
INC-04414,2025-10-12 16:30:00,SUSTAINABILITY_INCIDENT,Medium,Supervisor,Operations Supervisor,Operator → Supervisor
INC-04415,2025-10-12 16:30:00,OPERATIONAL_RISK_INCIDENT,High,Regional Controller,Regional Leadership,Operator → Supervisor → Regional Controller
INC-04416,2025-10-12 17:00:00,SUSTAINABILITY_INCIDENT,Medium,Supervisor,Operations Supervisor,Operator → Supervisor
INC-04417,2025-10-12 17:30:00,SUSTAINABILITY_INCIDENT,Medium,Supervisor,Operations Supervisor,Operator → Supervisor
INC-04418,2025-10-12 17:30:00,OPERATIONAL_RISK_INCIDENT,High,Regional Controller,Regional Leadership,Operator → Supervisor → Regional Controller
INC-04419,2025-10-12 18:00:00,SUSTAINABILITY_INCIDENT,Medium,Supervisor,Operations Supervisor,Operator → Supervisor
INC-04420,2025-10-12 18:00:00,OPERATIONAL_RISK_INCIDENT,High,Regional Controller,Regional Leadership,Operator → Supervisor → Regional Controller
INC-04421,2025-10-12 18:30:00,SUSTAINABILITY_INCIDENT,Medium,Supervisor,Operations Supervisor,Operator → Supervisor
INC-04422,2025-10-12 19:00:00,SUSTAINABILITY_INCIDENT,Medium,Supervisor,Operations Supervisor,Operator → Supervisor
INC-04423,2025-10-12 19:30:00,SUSTAINABILITY_INCIDENT,Medium,Supervisor,Operations Supervisor,Operator → Supervisor
INC-04424,2025-10-12 20:00:00,SUSTAINABILITY_INCIDENT,Medium,Supervisor,Operations Supervisor,Operator → Supervisor
INC-04425,2025-10-12 20:30:00,SUSTAINABILITY_INCIDENT,Medium,Supervisor,Operations Supervisor,Operator → Supervisor
INC-04426,2025-10-12 21:00:00,SUSTAINABILITY_INCIDENT,Medium,Supervisor,Operations Supervisor,Operator → Supervisor
INC-04427,2025-10-12 21:30:00,SUSTAINABILITY_INCIDENT,Medium,Supervisor,Operations Supervisor,Operator → Supervisor
INC-04428,2025-10-12 22:00:00,SUSTAINABILITY_INCIDENT,Medium,Supervisor,Operations Supervisor,Operator → Supervisor
INC-04429,2025-10-12 22:30:00,SUSTAINABILITY_INCIDENT,Medium,Supervisor,Operations Supervisor,Operator → Supervisor
INC-04430,2025-10-12 23:00:00,SUSTAINABILITY_INCIDENT,Medium,Supervisor,Operations Supervisor,Operator → Supervisor
INC-04431,2025-10-12 23:30:00,SUSTAINABILITY_INCIDENT,Medium,Supervisor,Operations Supervisor,Operator → Supervisor
INC-04432,2025-10-13 00:00:00,SUSTAINABILITY_INCIDENT,Medium,Supervisor,Operations Supervisor,Operator → Supervisor
INC-04433,2025-10-13 00:30:00,SUSTAINABILITY_INCIDENT,Medium,Supervisor,Operations Supervisor,Operator → Supervisor
INC-04434,2025-10-13 01:00:00,SUSTAINABILITY_INCIDENT,Medium,Supervisor,Operations Supervisor,Operator → Supervisor
INC-04435,2025-10-13 01:30:00,SUSTAINABILITY_INCIDENT,Medium,Supervisor,Operations Supervisor,Operator → Supervisor
INC-04436,2025-10-13 02:00:00,SUSTAINABILITY_INCIDENT,Medium,Supervisor,Operations Supervisor,Operator → Supervisor
INC-04437,2025-10-13 02:30:00,SUSTAINABILITY_INCIDENT,Medium,Supervisor,Operations Supervisor,Operator → Supervisor
INC-04438,2025-10-13 03:00:00,SUSTAINABILITY_INCIDENT,Medium,Supervisor,Operations Supervisor,Operator → Supervisor
INC-04439,2025-10-13 03:30:00,SUSTAINABILITY_INCIDENT,Medium,Supervisor,Operations Supervisor,Operator → Supervisor
INC-04440,2025-10-13 04:00:00,SUSTAINABILITY_INCIDENT,Medium,Supervisor,Operations Supervisor,Operator → Supervisor
INC-04441,2025-10-13 04:30:00,SUSTAINABILITY_INCIDENT,Medium,Supervisor,Operations Supervisor,Operator → Supervisor
INC-04442,2025-10-13 05:00:00,SUSTAINABILITY_INCIDENT,Medium,Supervisor,Operations Supervisor,Operator → Supervisor
INC-04443,2025-10-13 05:30:00,SUSTAINABILITY_INCIDENT,Medium,Supervisor,Operations Supervisor,Operator → Supervisor
INC-04444,2025-10-13 06:00:00,SUSTAINABILITY_INCIDENT,Medium,Supervisor,Operations Supervisor,Operator → Supervisor
INC-04445,2025-10-13 06:30:00,SUSTAINABILITY_INCIDENT,Medium,Supervisor,Operations Supervisor,Operator → Supervisor
INC-04446,2025-10-13 07:00:00,SUSTAINABILITY_INCIDENT,Medium,Supervisor,Operations Supervisor,Operator → Supervisor
INC-04447,2025-10-13 07:30:00,SUSTAINABILITY_INCIDENT,Medium,Supervisor,Operations Supervisor,Operator → Supervisor
INC-04448,2025-10-13 08:00:00,SUSTAINABILITY_INCIDENT,Medium,Supervisor,Operations Supervisor,Operator → Supervisor
INC-04449,2025-10-13 08:30:00,SUSTAINABILITY_INCIDENT,Medium,Supervisor,Operations Supervisor,Operator → Supervisor
INC-04450,2025-10-13 09:00:00,SUSTAINABILITY_INCIDENT,Medium,Supervisor,Operations Supervisor,Operator → Supervisor
INC-04451,2025-10-13 09:30:00,SUSTAINABILITY_INCIDENT,Medium,Supervisor,Operations Supervisor,Operator → Supervisor
INC-04452,2025-10-13 10:00:00,SUSTAINABILITY_INCIDENT,Medium,Supervisor,Operations Supervisor,Operator → Supervisor
INC-04453,2025-10-13 10:30:00,SUSTAINABILITY_INCIDENT,Medium,Supervisor,Operations Supervisor,Operator → Supervisor
INC-04454,2025-10-13 11:00:00,SUSTAINABILITY_INCIDENT,Medium,Supervisor,Operations Supervisor,Operator → Supervisor
INC-04455,2025-10-13 11:30:00,SUSTAINABILITY_INCIDENT,Medium,Supervisor,Operations Supervisor,Operator → Supervisor
INC-04456,2025-10-13 12:00:00,SUSTAINABILITY_INCIDENT,Medium,Supervisor,Operations Supervisor,Operator → Supervisor
INC-04457,2025-10-13 12:30:00,SUSTAINABILITY_INCIDENT,Medium,Supervisor,Operations Supervisor,Operator → Supervisor
INC-04458,2025-10-13 13:00:00,SUSTAINABILITY_INCIDENT,Medium,Supervisor,Operations Supervisor,Operator → Supervisor
INC-04459,2025-10-13 13:30:00,SUSTAINABILITY_INCIDENT,Medium,Supervisor,Operations Supervisor,Operator → Supervisor
INC-04460,2025-10-13 14:00:00,SUSTAINABILITY_INCIDENT,Medium,Supervisor,Operations Supervisor,Operator → Supervisor
INC-04461,2025-10-13 14:30:00,SUSTAINABILITY_INCIDENT,Medium,Supervisor,Operations Supervisor,Operator → Supervisor
INC-04462,2025-10-13 15:00:00,SUSTAINABILITY_INCIDENT,Medium,Supervisor,Operations Supervisor,Operator → Supervisor
INC-04463,2025-10-13 15:30:00,SUSTAINABILITY_INCIDENT,Medium,Supervisor,Operations Supervisor,Operator → Supervisor
INC-04464,2025-10-13 16:00:00,SUSTAINABILITY_INCIDENT,Medium,Supervisor,Operations Supervisor,Operator → Supervisor
INC-04465,2025-10-13 16:30:00,SUSTAINABILITY_INCIDENT,Medium,Supervisor,Operations Supervisor,Operator → Supervisor
INC-04466,2025-10-13 17:00:00,SUSTAINABILITY_INCIDENT,Medium,Supervisor,Operations Supervisor,Operator → Supervisor
INC-04467,2025-10-13 17:30:00,SUSTAINABILITY_INCIDENT,Medium,Supervisor,Operations Supervisor,Operator → Supervisor
INC-04468,2025-10-13 18:00:00,SUSTAINABILITY_INCIDENT,Medium,Supervisor,Operations Supervisor,Operator → Supervisor
INC-04469,2025-10-13 18:30:00,SUSTAINABILITY_INCIDENT,Medium,Supervisor,Operations Supervisor,Operator → Supervisor
INC-04470,2025-10-13 19:00:00,SUSTAINABILITY_INCIDENT,Medium,Supervisor,Operations Supervisor,Operator → Supervisor
INC-04471,2025-10-13 19:30:00,SUSTAINABILITY_INCIDENT,Medium,Supervisor,Operations Supervisor,Operator → Supervisor
INC-04472,2025-10-13 20:00:00,SUSTAINABILITY_INCIDENT,Medium,Supervisor,Operations Supervisor,Operator → Supervisor
INC-04473,2025-10-13 20:30:00,SUSTAINABILITY_INCIDENT,Medium,Supervisor,Operations Supervisor,Operator → Supervisor
INC-04474,2025-10-13 21:00:00,SUSTAINABILITY_INCIDENT,Medium,Supervisor,Operations Supervisor,Operator → Supervisor
INC-04475,2025-10-13 21:30:00,SUSTAINABILITY_INCIDENT,Medium,Supervisor,Operations Supervisor,Operator → Supervisor
INC-04476,2025-10-13 22:00:00,SUSTAINABILITY_INCIDENT,Medium,Supervisor,Operations Supervisor,Operator → Supervisor
INC-04477,2025-10-13 22:30:00,SUSTAINABILITY_INCIDENT,Medium,Supervisor,Operations Supervisor,Operator → Supervisor
INC-04478,2025-10-13 23:00:00,SUSTAINABILITY_INCIDENT,Medium,Supervisor,Operations Supervisor,Operator → Supervisor
INC-04479,2025-10-13 23:30:00,SUSTAINABILITY_INCIDENT,Medium,Supervisor,Operations Supervisor,Operator → Supervisor
INC-04480,2025-10-14 00:00:00,SUSTAINABILITY_INCIDENT,Medium,Supervisor,Operations Supervisor,Operator → Supervisor
INC-04481,2025-10-14 00:30:00,SUSTAINABILITY_INCIDENT,Medium,Supervisor,Operations Supervisor,Operator → Supervisor
INC-04482,2025-10-14 01:00:00,SUSTAINABILITY_INCIDENT,Medium,Supervisor,Operations Supervisor,Operator → Supervisor
INC-04483,2025-10-14 01:30:00,SUSTAINABILITY_INCIDENT,Medium,Supervisor,Operations Supervisor,Operator → Supervisor
INC-04484,2025-10-14 02:00:00,SUSTAINABILITY_INCIDENT,Medium,Supervisor,Operations Supervisor,Operator → Supervisor
INC-04485,2025-10-14 02:30:00,SUSTAINABILITY_INCIDENT,Medium,Supervisor,Operations Supervisor,Operator → Supervisor
INC-04486,2025-10-14 03:00:00,SUSTAINABILITY_INCIDENT,Medium,Supervisor,Operations Supervisor,Operator → Supervisor
INC-04487,2025-10-14 03:30:00,SUSTAINABILITY_INCIDENT,Medium,Supervisor,Operations Supervisor,Operator → Supervisor
INC-04488,2025-10-14 04:00:00,SUSTAINABILITY_INCIDENT,Medium,Supervisor,Operations Supervisor,Operator → Supervisor
INC-04489,2025-10-14 04:30:00,SUSTAINABILITY_INCIDENT,Medium,Supervisor,Operations Supervisor,Operator → Supervisor
INC-04490,2025-10-14 05:00:00,SUSTAINABILITY_INCIDENT,Medium,Supervisor,Operations Supervisor,Operator → Supervisor
INC-04491,2025-10-14 05:30:00,SUSTAINABILITY_INCIDENT,Medium,Supervisor,Operations Supervisor,Operator → Supervisor
INC-04492,2025-10-14 06:00:00,SUSTAINABILITY_INCIDENT,Medium,Supervisor,Operations Supervisor,Operator → Supervisor
INC-04493,2025-10-14 06:30:00,SUSTAINABILITY_INCIDENT,Medium,Supervisor,Operations Supervisor,Operator → Supervisor
INC-04494,2025-10-14 07:00:00,SUSTAINABILITY_INCIDENT,Medium,Supervisor,Operations Supervisor,Operator → Supervisor
INC-04495,2025-10-14 07:30:00,SUSTAINABILITY_INCIDENT,Medium,Supervisor,Operations Supervisor,Operator → Supervisor
INC-04496,2025-10-14 08:00:00,SUSTAINABILITY_INCIDENT,Medium,Supervisor,Operations Supervisor,Operator → Supervisor
INC-04497,2025-10-14 08:30:00,SUSTAINABILITY_INCIDENT,Medium,Supervisor,Operations Supervisor,Operator → Supervisor
INC-04498,2025-10-14 09:00:00,SUSTAINABILITY_INCIDENT,Medium,Supervisor,Operations Supervisor,Operator → Supervisor
INC-04499,2025-10-14 09:30:00,SUSTAINABILITY_INCIDENT,Medium,Supervisor,Operations Supervisor,Operator → Supervisor
INC-04500,2025-10-14 10:00:00,SUSTAINABILITY_INCIDENT,Medium,Supervisor,Operations Supervisor,Operator → Supervisor
INC-04501,2025-10-14 10:30:00,SUSTAINABILITY_INCIDENT,Medium,Supervisor,Operations Supervisor,Operator → Supervisor
INC-04502,2025-10-14 11:00:00,SUSTAINABILITY_INCIDENT,Medium,Supervisor,Operations Supervisor,Operator → Supervisor
INC-04503,2025-10-14 11:30:00,SUSTAINABILITY_INCIDENT,Medium,Supervisor,Operations Supervisor,Operator → Supervisor
INC-04504,2025-10-14 12:00:00,SUSTAINABILITY_INCIDENT,Medium,Supervisor,Operations Supervisor,Operator → Supervisor
INC-04505,2025-10-14 12:30:00,SUSTAINABILITY_INCIDENT,Medium,Supervisor,Operations Supervisor,Operator → Supervisor
INC-04506,2025-10-14 13:00:00,SUSTAINABILITY_INCIDENT,Medium,Supervisor,Operations Supervisor,Operator → Supervisor
INC-04507,2025-10-14 13:30:00,SUSTAINABILITY_INCIDENT,Medium,Supervisor,Operations Supervisor,Operator → Supervisor
INC-04508,2025-10-14 13:30:00,OPERATIONAL_RISK_INCIDENT,High,Regional Controller,Regional Leadership,Operator → Supervisor → Regional Controller
INC-04509,2025-10-14 14:00:00,SUSTAINABILITY_INCIDENT,Medium,Supervisor,Operations Supervisor,Operator → Supervisor
INC-04510,2025-10-14 14:30:00,SUSTAINABILITY_INCIDENT,Medium,Supervisor,Operations Supervisor,Operator → Supervisor
INC-04511,2025-10-14 15:00:00,SUSTAINABILITY_INCIDENT,Medium,Supervisor,Operations Supervisor,Operator → Supervisor
INC-04512,2025-10-14 15:30:00,SUSTAINABILITY_INCIDENT,Medium,Supervisor,Operations Supervisor,Operator → Supervisor
INC-04513,2025-10-14 16:00:00,SUSTAINABILITY_INCIDENT,Medium,Supervisor,Operations Supervisor,Operator → Supervisor
INC-04514,2025-10-14 16:30:00,SUSTAINABILITY_INCIDENT,Medium,Supervisor,Operations Supervisor,Operator → Supervisor
INC-04515,2025-10-14 17:00:00,SUSTAINABILITY_INCIDENT,Medium,Supervisor,Operations Supervisor,Operator → Supervisor
INC-04516,2025-10-14 17:30:00,SUSTAINABILITY_INCIDENT,Medium,Supervisor,Operations Supervisor,Operator → Supervisor
INC-04517,2025-10-14 18:00:00,SUSTAINABILITY_INCIDENT,Medium,Supervisor,Operations Supervisor,Operator → Supervisor
INC-04518,2025-10-14 18:30:00,SUSTAINABILITY_INCIDENT,Medium,Supervisor,Operations Supervisor,Operator → Supervisor
INC-04519,2025-10-14 19:00:00,SUSTAINABILITY_INCIDENT,Medium,Supervisor,Operations Supervisor,Operator → Supervisor
INC-04520,2025-10-14 19:30:00,SUSTAINABILITY_INCIDENT,Medium,Supervisor,Operations Supervisor,Operator → Supervisor
INC-04521,2025-10-14 20:00:00,SUSTAINABILITY_INCIDENT,Medium,Supervisor,Operations Supervisor,Operator → Supervisor
INC-04522,2025-10-14 20:30:00,SUSTAINABILITY_INCIDENT,Medium,Supervisor,Operations Supervisor,Operator → Supervisor
INC-04523,2025-10-14 21:00:00,SUSTAINABILITY_INCIDENT,Medium,Supervisor,Operations Supervisor,Operator → Supervisor
INC-04524,2025-10-14 21:30:00,SUSTAINABILITY_INCIDENT,Medium,Supervisor,Operations Supervisor,Operator → Supervisor
INC-04525,2025-10-14 22:00:00,SUSTAINABILITY_INCIDENT,Medium,Supervisor,Operations Supervisor,Operator → Supervisor
INC-04526,2025-10-14 22:30:00,SUSTAINABILITY_INCIDENT,Medium,Supervisor,Operations Supervisor,Operator → Supervisor
INC-04527,2025-10-14 23:00:00,SUSTAINABILITY_INCIDENT,Medium,Supervisor,Operations Supervisor,Operator → Supervisor
INC-04528,2025-10-14 23:30:00,SUSTAINABILITY_INCIDENT,Medium,Supervisor,Operations Supervisor,Operator → Supervisor
INC-04529,2025-10-15 00:00:00,SUSTAINABILITY_INCIDENT,Medium,Supervisor,Operations Supervisor,Operator → Supervisor
INC-04530,2025-10-15 00:30:00,SUSTAINABILITY_INCIDENT,Medium,Supervisor,Operations Supervisor,Operator → Supervisor
INC-04531,2025-10-15 01:00:00,SUSTAINABILITY_INCIDENT,Medium,Supervisor,Operations Supervisor,Operator → Supervisor
INC-04532,2025-10-15 01:30:00,SUSTAINABILITY_INCIDENT,Medium,Supervisor,Operations Supervisor,Operator → Supervisor
INC-04533,2025-10-15 02:00:00,SUSTAINABILITY_INCIDENT,Medium,Supervisor,Operations Supervisor,Operator → Supervisor
INC-04534,2025-10-15 02:30:00,SUSTAINABILITY_INCIDENT,Medium,Supervisor,Operations Supervisor,Operator → Supervisor
INC-04535,2025-10-15 03:00:00,SUSTAINABILITY_INCIDENT,Medium,Supervisor,Operations Supervisor,Operator → Supervisor
INC-04536,2025-10-15 03:30:00,SUSTAINABILITY_INCIDENT,Medium,Supervisor,Operations Supervisor,Operator → Supervisor
INC-04537,2025-10-15 04:00:00,SUSTAINABILITY_INCIDENT,Medium,Supervisor,Operations Supervisor,Operator → Supervisor
INC-04538,2025-10-15 04:30:00,SUSTAINABILITY_INCIDENT,Medium,Supervisor,Operations Supervisor,Operator → Supervisor
INC-04539,2025-10-15 05:00:00,SUSTAINABILITY_INCIDENT,Medium,Supervisor,Operations Supervisor,Operator → Supervisor
INC-04540,2025-10-15 05:30:00,SUSTAINABILITY_INCIDENT,Medium,Supervisor,Operations Supervisor,Operator → Supervisor
INC-04541,2025-10-15 06:00:00,SUSTAINABILITY_INCIDENT,Medium,Supervisor,Operations Supervisor,Operator → Supervisor
INC-04542,2025-10-15 06:30:00,SUSTAINABILITY_INCIDENT,Medium,Supervisor,Operations Supervisor,Operator → Supervisor
INC-04543,2025-10-15 07:00:00,SUSTAINABILITY_INCIDENT,Medium,Supervisor,Operations Supervisor,Operator → Supervisor
INC-04544,2025-10-15 07:30:00,SUSTAINABILITY_INCIDENT,Medium,Supervisor,Operations Supervisor,Operator → Supervisor
INC-04545,2025-10-15 08:00:00,SUSTAINABILITY_INCIDENT,Medium,Supervisor,Operations Supervisor,Operator → Supervisor
INC-04546,2025-10-15 08:30:00,SUSTAINABILITY_INCIDENT,Medium,Supervisor,Operations Supervisor,Operator → Supervisor
INC-04547,2025-10-15 09:00:00,SUSTAINABILITY_INCIDENT,Medium,Supervisor,Operations Supervisor,Operator → Supervisor
INC-04548,2025-10-15 09:30:00,SUSTAINABILITY_INCIDENT,Medium,Supervisor,Operations Supervisor,Operator → Supervisor
INC-04549,2025-10-15 10:00:00,SUSTAINABILITY_INCIDENT,Medium,Supervisor,Operations Supervisor,Operator → Supervisor
INC-04550,2025-10-15 10:00:00,OPERATIONAL_RISK_INCIDENT,High,Regional Controller,Regional Leadership,Operator → Supervisor → Regional Controller
INC-04551,2025-10-15 10:30:00,SUSTAINABILITY_INCIDENT,Medium,Supervisor,Operations Supervisor,Operator → Supervisor
INC-04552,2025-10-15 11:00:00,SUSTAINABILITY_INCIDENT,Medium,Supervisor,Operations Supervisor,Operator → Supervisor
INC-04553,2025-10-15 11:30:00,SUSTAINABILITY_INCIDENT,Medium,Supervisor,Operations Supervisor,Operator → Supervisor
INC-04554,2025-10-15 11:30:00,OPERATIONAL_RISK_INCIDENT,High,Regional Controller,Regional Leadership,Operator → Supervisor → Regional Controller
INC-04555,2025-10-15 12:00:00,SUSTAINABILITY_INCIDENT,Medium,Supervisor,Operations Supervisor,Operator → Supervisor
INC-04556,2025-10-15 12:00:00,OPERATIONAL_RISK_INCIDENT,High,Regional Controller,Regional Leadership,Operator → Supervisor → Regional Controller
INC-04557,2025-10-15 12:30:00,SUSTAINABILITY_INCIDENT,Medium,Supervisor,Operations Supervisor,Operator → Supervisor
INC-04558,2025-10-15 12:30:00,OPERATIONAL_RISK_INCIDENT,High,Regional Controller,Regional Leadership,Operator → Supervisor → Regional Controller
INC-04559,2025-10-15 13:00:00,SUSTAINABILITY_INCIDENT,Medium,Supervisor,Operations Supervisor,Operator → Supervisor
INC-04560,2025-10-15 13:00:00,OPERATIONAL_RISK_INCIDENT,High,Regional Controller,Regional Leadership,Operator → Supervisor → Regional Controller
INC-04561,2025-10-15 13:30:00,SUSTAINABILITY_INCIDENT,Medium,Supervisor,Operations Supervisor,Operator → Supervisor
INC-04562,2025-10-15 13:30:00,OPERATIONAL_RISK_INCIDENT,High,Regional Controller,Regional Leadership,Operator → Supervisor → Regional Controller
INC-04563,2025-10-15 14:00:00,SUSTAINABILITY_INCIDENT,Medium,Supervisor,Operations Supervisor,Operator → Supervisor
INC-04564,2025-10-15 14:00:00,OPERATIONAL_RISK_INCIDENT,High,Regional Controller,Regional Leadership,Operator → Supervisor → Regional Controller
INC-04565,2025-10-15 14:30:00,SUSTAINABILITY_INCIDENT,Medium,Supervisor,Operations Supervisor,Operator → Supervisor
INC-04566,2025-10-15 15:00:00,SUSTAINABILITY_INCIDENT,Medium,Supervisor,Operations Supervisor,Operator → Supervisor
INC-04567,2025-10-15 15:30:00,SUSTAINABILITY_INCIDENT,Medium,Supervisor,Operations Supervisor,Operator → Supervisor
INC-04568,2025-10-15 16:00:00,SUSTAINABILITY_INCIDENT,Medium,Supervisor,Operations Supervisor,Operator → Supervisor
INC-04569,2025-10-15 16:30:00,SUSTAINABILITY_INCIDENT,Medium,Supervisor,Operations Supervisor,Operator → Supervisor
INC-04570,2025-10-15 17:00:00,SUSTAINABILITY_INCIDENT,Medium,Supervisor,Operations Supervisor,Operator → Supervisor
INC-04571,2025-10-15 17:30:00,SUSTAINABILITY_INCIDENT,Medium,Supervisor,Operations Supervisor,Operator → Supervisor
INC-04572,2025-10-15 18:00:00,SUSTAINABILITY_INCIDENT,Medium,Supervisor,Operations Supervisor,Operator → Supervisor
INC-04573,2025-10-15 18:30:00,SUSTAINABILITY_INCIDENT,Medium,Supervisor,Operations Supervisor,Operator → Supervisor
INC-04574,2025-10-15 19:00:00,SUSTAINABILITY_INCIDENT,Medium,Supervisor,Operations Supervisor,Operator → Supervisor
INC-04575,2025-10-15 19:30:00,SUSTAINABILITY_INCIDENT,Medium,Supervisor,Operations Supervisor,Operator → Supervisor
INC-04576,2025-10-15 20:00:00,SUSTAINABILITY_INCIDENT,Medium,Supervisor,Operations Supervisor,Operator → Supervisor
INC-04577,2025-10-15 20:30:00,SUSTAINABILITY_INCIDENT,Medium,Supervisor,Operations Supervisor,Operator → Supervisor
INC-04578,2025-10-15 21:00:00,SUSTAINABILITY_INCIDENT,Medium,Supervisor,Operations Supervisor,Operator → Supervisor
INC-04579,2025-10-15 21:30:00,SUSTAINABILITY_INCIDENT,Medium,Supervisor,Operations Supervisor,Operator → Supervisor
INC-04580,2025-10-15 22:00:00,SUSTAINABILITY_INCIDENT,Medium,Supervisor,Operations Supervisor,Operator → Supervisor
INC-04581,2025-10-15 22:30:00,SUSTAINABILITY_INCIDENT,Medium,Supervisor,Operations Supervisor,Operator → Supervisor
INC-04582,2025-10-15 23:00:00,SUSTAINABILITY_INCIDENT,Medium,Supervisor,Operations Supervisor,Operator → Supervisor
INC-04583,2025-10-15 23:30:00,SUSTAINABILITY_INCIDENT,Medium,Supervisor,Operations Supervisor,Operator → Supervisor
INC-04584,2025-10-16 00:00:00,SUSTAINABILITY_INCIDENT,Medium,Supervisor,Operations Supervisor,Operator → Supervisor
INC-04585,2025-10-16 00:30:00,SUSTAINABILITY_INCIDENT,Medium,Supervisor,Operations Supervisor,Operator → Supervisor
INC-04586,2025-10-16 01:00:00,SUSTAINABILITY_INCIDENT,Medium,Supervisor,Operations Supervisor,Operator → Supervisor
INC-04587,2025-10-16 01:30:00,SUSTAINABILITY_INCIDENT,Medium,Supervisor,Operations Supervisor,Operator → Supervisor
INC-04588,2025-10-16 02:00:00,SUSTAINABILITY_INCIDENT,Medium,Supervisor,Operations Supervisor,Operator → Supervisor
INC-04589,2025-10-16 02:30:00,SUSTAINABILITY_INCIDENT,Medium,Supervisor,Operations Supervisor,Operator → Supervisor
INC-04590,2025-10-16 04:00:00,SUSTAINABILITY_INCIDENT,Medium,Supervisor,Operations Supervisor,Operator → Supervisor
INC-04591,2025-10-16 04:30:00,SUSTAINABILITY_INCIDENT,Medium,Supervisor,Operations Supervisor,Operator → Supervisor
INC-04592,2025-10-16 05:00:00,SUSTAINABILITY_INCIDENT,Medium,Supervisor,Operations Supervisor,Operator → Supervisor
INC-04593,2025-10-16 05:30:00,SUSTAINABILITY_INCIDENT,Medium,Supervisor,Operations Supervisor,Operator → Supervisor
INC-04594,2025-10-16 06:00:00,SUSTAINABILITY_INCIDENT,Medium,Supervisor,Operations Supervisor,Operator → Supervisor
INC-04595,2025-10-16 06:30:00,SUSTAINABILITY_INCIDENT,Medium,Supervisor,Operations Supervisor,Operator → Supervisor
INC-04596,2025-10-16 07:00:00,SUSTAINABILITY_INCIDENT,Medium,Supervisor,Operations Supervisor,Operator → Supervisor
INC-04597,2025-10-16 07:30:00,SUSTAINABILITY_INCIDENT,Medium,Supervisor,Operations Supervisor,Operator → Supervisor
INC-04598,2025-10-16 08:00:00,SUSTAINABILITY_INCIDENT,Medium,Supervisor,Operations Supervisor,Operator → Supervisor
INC-04599,2025-10-16 08:30:00,SUSTAINABILITY_INCIDENT,Medium,Supervisor,Operations Supervisor,Operator → Supervisor
INC-04600,2025-10-16 09:00:00,SUSTAINABILITY_INCIDENT,Medium,Supervisor,Operations Supervisor,Operator → Supervisor
INC-04601,2025-10-16 09:30:00,SUSTAINABILITY_INCIDENT,Medium,Supervisor,Operations Supervisor,Operator → Supervisor
INC-04602,2025-10-16 10:00:00,SUSTAINABILITY_INCIDENT,Medium,Supervisor,Operations Supervisor,Operator → Supervisor
INC-04603,2025-10-16 10:30:00,SUSTAINABILITY_INCIDENT,Medium,Supervisor,Operations Supervisor,Operator → Supervisor
INC-04604,2025-10-16 11:00:00,SUSTAINABILITY_INCIDENT,Medium,Supervisor,Operations Supervisor,Operator → Supervisor
INC-04605,2025-10-16 12:00:00,SUSTAINABILITY_INCIDENT,Medium,Supervisor,Operations Supervisor,Operator → Supervisor
INC-04606,2025-10-16 12:30:00,SUSTAINABILITY_INCIDENT,Medium,Supervisor,Operations Supervisor,Operator → Supervisor
INC-04607,2025-10-16 13:00:00,SUSTAINABILITY_INCIDENT,Medium,Supervisor,Operations Supervisor,Operator → Supervisor
INC-04608,2025-10-16 13:30:00,SUSTAINABILITY_INCIDENT,Medium,Supervisor,Operations Supervisor,Operator → Supervisor
INC-04609,2025-10-16 14:00:00,SUSTAINABILITY_INCIDENT,Medium,Supervisor,Operations Supervisor,Operator → Supervisor
INC-04610,2025-10-16 14:30:00,SUSTAINABILITY_INCIDENT,Medium,Supervisor,Operations Supervisor,Operator → Supervisor
INC-04611,2025-10-16 15:00:00,SUSTAINABILITY_INCIDENT,Medium,Supervisor,Operations Supervisor,Operator → Supervisor
INC-04612,2025-10-16 15:30:00,SUSTAINABILITY_INCIDENT,Medium,Supervisor,Operations Supervisor,Operator → Supervisor
INC-04613,2025-10-16 16:00:00,SUSTAINABILITY_INCIDENT,Medium,Supervisor,Operations Supervisor,Operator → Supervisor
INC-04614,2025-10-16 16:30:00,SUSTAINABILITY_INCIDENT,Medium,Supervisor,Operations Supervisor,Operator → Supervisor
INC-04615,2025-10-16 17:00:00,SUSTAINABILITY_INCIDENT,Medium,Supervisor,Operations Supervisor,Operator → Supervisor
INC-04616,2025-10-16 17:30:00,SUSTAINABILITY_INCIDENT,Medium,Supervisor,Operations Supervisor,Operator → Supervisor
INC-04617,2025-10-16 18:00:00,SUSTAINABILITY_INCIDENT,Medium,Supervisor,Operations Supervisor,Operator → Supervisor
INC-04618,2025-10-16 18:30:00,SUSTAINABILITY_INCIDENT,Medium,Supervisor,Operations Supervisor,Operator → Supervisor
INC-04619,2025-10-16 19:00:00,SUSTAINABILITY_INCIDENT,Medium,Supervisor,Operations Supervisor,Operator → Supervisor
INC-04620,2025-10-16 19:30:00,SUSTAINABILITY_INCIDENT,Medium,Supervisor,Operations Supervisor,Operator → Supervisor
INC-04621,2025-10-16 20:00:00,SUSTAINABILITY_INCIDENT,Medium,Supervisor,Operations Supervisor,Operator → Supervisor
INC-04622,2025-10-16 20:30:00,SUSTAINABILITY_INCIDENT,Medium,Supervisor,Operations Supervisor,Operator → Supervisor
INC-04623,2025-10-16 21:00:00,SUSTAINABILITY_INCIDENT,Medium,Supervisor,Operations Supervisor,Operator → Supervisor
INC-04624,2025-10-16 21:30:00,SUSTAINABILITY_INCIDENT,Medium,Supervisor,Operations Supervisor,Operator → Supervisor
INC-04625,2025-10-16 22:00:00,SUSTAINABILITY_INCIDENT,Medium,Supervisor,Operations Supervisor,Operator → Supervisor
INC-04626,2025-10-16 22:30:00,SUSTAINABILITY_INCIDENT,Medium,Supervisor,Operations Supervisor,Operator → Supervisor
INC-04627,2025-10-16 23:00:00,SUSTAINABILITY_INCIDENT,Medium,Supervisor,Operations Supervisor,Operator → Supervisor
INC-04628,2025-10-16 23:30:00,SUSTAINABILITY_INCIDENT,Medium,Supervisor,Operations Supervisor,Operator → Supervisor
INC-04629,2025-10-17 00:00:00,SUSTAINABILITY_INCIDENT,Medium,Supervisor,Operations Supervisor,Operator → Supervisor
INC-04630,2025-10-17 00:30:00,SUSTAINABILITY_INCIDENT,Medium,Supervisor,Operations Supervisor,Operator → Supervisor
INC-04631,2025-10-17 01:00:00,SUSTAINABILITY_INCIDENT,Medium,Supervisor,Operations Supervisor,Operator → Supervisor
INC-04632,2025-10-17 01:30:00,SUSTAINABILITY_INCIDENT,Medium,Supervisor,Operations Supervisor,Operator → Supervisor
INC-04633,2025-10-17 02:00:00,SUSTAINABILITY_INCIDENT,Medium,Supervisor,Operations Supervisor,Operator → Supervisor
INC-04634,2025-10-17 02:30:00,SUSTAINABILITY_INCIDENT,Medium,Supervisor,Operations Supervisor,Operator → Supervisor
INC-04635,2025-10-17 03:00:00,SUSTAINABILITY_INCIDENT,Medium,Supervisor,Operations Supervisor,Operator → Supervisor
INC-04636,2025-10-17 03:30:00,SUSTAINABILITY_INCIDENT,Medium,Supervisor,Operations Supervisor,Operator → Supervisor
INC-04637,2025-10-17 04:00:00,SUSTAINABILITY_INCIDENT,Medium,Supervisor,Operations Supervisor,Operator → Supervisor
INC-04638,2025-10-17 04:30:00,SUSTAINABILITY_INCIDENT,Medium,Supervisor,Operations Supervisor,Operator → Supervisor
INC-04639,2025-10-17 05:00:00,SUSTAINABILITY_INCIDENT,Medium,Supervisor,Operations Supervisor,Operator → Supervisor
INC-04640,2025-10-17 05:30:00,SUSTAINABILITY_INCIDENT,Medium,Supervisor,Operations Supervisor,Operator → Supervisor
INC-04641,2025-10-17 06:00:00,SUSTAINABILITY_INCIDENT,Medium,Supervisor,Operations Supervisor,Operator → Supervisor
INC-04642,2025-10-17 06:30:00,SUSTAINABILITY_INCIDENT,Medium,Supervisor,Operations Supervisor,Operator → Supervisor
INC-04643,2025-10-17 07:00:00,SUSTAINABILITY_INCIDENT,Medium,Supervisor,Operations Supervisor,Operator → Supervisor
INC-04644,2025-10-17 07:30:00,SUSTAINABILITY_INCIDENT,Medium,Supervisor,Operations Supervisor,Operator → Supervisor
INC-04645,2025-10-17 08:00:00,SUSTAINABILITY_INCIDENT,Medium,Supervisor,Operations Supervisor,Operator → Supervisor
INC-04646,2025-10-17 08:30:00,SUSTAINABILITY_INCIDENT,Medium,Supervisor,Operations Supervisor,Operator → Supervisor
INC-04647,2025-10-17 09:00:00,SUSTAINABILITY_INCIDENT,Medium,Supervisor,Operations Supervisor,Operator → Supervisor
INC-04648,2025-10-17 09:30:00,SUSTAINABILITY_INCIDENT,Medium,Supervisor,Operations Supervisor,Operator → Supervisor
INC-04649,2025-10-17 10:00:00,SUSTAINABILITY_INCIDENT,Medium,Supervisor,Operations Supervisor,Operator → Supervisor
INC-04650,2025-10-17 10:30:00,SUSTAINABILITY_INCIDENT,Medium,Supervisor,Operations Supervisor,Operator → Supervisor
INC-04651,2025-10-17 11:00:00,SUSTAINABILITY_INCIDENT,Medium,Supervisor,Operations Supervisor,Operator → Supervisor
INC-04652,2025-10-17 11:30:00,SUSTAINABILITY_INCIDENT,Medium,Supervisor,Operations Supervisor,Operator → Supervisor
INC-04653,2025-10-17 12:00:00,SUSTAINABILITY_INCIDENT,Medium,Supervisor,Operations Supervisor,Operator → Supervisor
INC-04654,2025-10-17 12:30:00,SUSTAINABILITY_INCIDENT,Medium,Supervisor,Operations Supervisor,Operator → Supervisor
INC-04655,2025-10-17 13:00:00,SUSTAINABILITY_INCIDENT,Medium,Supervisor,Operations Supervisor,Operator → Supervisor
INC-04656,2025-10-17 13:30:00,SUSTAINABILITY_INCIDENT,Medium,Supervisor,Operations Supervisor,Operator → Supervisor
INC-04657,2025-10-17 14:00:00,SUSTAINABILITY_INCIDENT,Medium,Supervisor,Operations Supervisor,Operator → Supervisor
INC-04658,2025-10-17 14:30:00,SUSTAINABILITY_INCIDENT,Medium,Supervisor,Operations Supervisor,Operator → Supervisor
INC-04659,2025-10-17 15:00:00,SUSTAINABILITY_INCIDENT,Medium,Supervisor,Operations Supervisor,Operator → Supervisor
INC-04660,2025-10-17 15:30:00,SUSTAINABILITY_INCIDENT,Medium,Supervisor,Operations Supervisor,Operator → Supervisor
INC-04661,2025-10-17 16:00:00,SUSTAINABILITY_INCIDENT,Medium,Supervisor,Operations Supervisor,Operator → Supervisor
INC-04662,2025-10-17 16:30:00,SUSTAINABILITY_INCIDENT,Medium,Supervisor,Operations Supervisor,Operator → Supervisor
INC-04663,2025-10-17 17:00:00,SUSTAINABILITY_INCIDENT,Medium,Supervisor,Operations Supervisor,Operator → Supervisor
INC-04664,2025-10-17 17:30:00,SUSTAINABILITY_INCIDENT,Medium,Supervisor,Operations Supervisor,Operator → Supervisor
INC-04665,2025-10-17 18:00:00,SUSTAINABILITY_INCIDENT,Medium,Supervisor,Operations Supervisor,Operator → Supervisor
INC-04666,2025-10-17 18:30:00,SUSTAINABILITY_INCIDENT,Medium,Supervisor,Operations Supervisor,Operator → Supervisor
INC-04667,2025-10-17 19:00:00,SUSTAINABILITY_INCIDENT,Medium,Supervisor,Operations Supervisor,Operator → Supervisor
INC-04668,2025-10-17 19:30:00,SUSTAINABILITY_INCIDENT,Medium,Supervisor,Operations Supervisor,Operator → Supervisor
INC-04669,2025-10-17 20:00:00,SUSTAINABILITY_INCIDENT,Medium,Supervisor,Operations Supervisor,Operator → Supervisor
INC-04670,2025-10-17 20:30:00,SUSTAINABILITY_INCIDENT,Medium,Supervisor,Operations Supervisor,Operator → Supervisor
INC-04671,2025-10-17 21:00:00,SUSTAINABILITY_INCIDENT,Medium,Supervisor,Operations Supervisor,Operator → Supervisor
INC-04672,2025-10-17 21:30:00,SUSTAINABILITY_INCIDENT,Medium,Supervisor,Operations Supervisor,Operator → Supervisor
INC-04673,2025-10-17 22:00:00,SUSTAINABILITY_INCIDENT,Medium,Supervisor,Operations Supervisor,Operator → Supervisor
INC-04674,2025-10-17 22:30:00,SUSTAINABILITY_INCIDENT,Medium,Supervisor,Operations Supervisor,Operator → Supervisor
INC-04675,2025-10-19 03:00:00,OVER_GENERATION_INCIDENT,Low,Operator,Operations Team,Operator
INC-04676,2025-10-19 03:30:00,OVER_GENERATION_INCIDENT,Low,Operator,Operations Team,Operator
INC-04677,2025-10-19 04:00:00,OVER_GENERATION_INCIDENT,Low,Operator,Operations Team,Operator
INC-04678,2025-10-19 04:30:00,OVER_GENERATION_INCIDENT,Low,Operator,Operations Team,Operator
INC-04679,2025-10-19 05:00:00,OVER_GENERATION_INCIDENT,Low,Operator,Operations Team,Operator
INC-04680,2025-10-19 05:30:00,OVER_GENERATION_INCIDENT,Low,Operator,Operations Team,Operator
INC-04681,2025-10-19 06:00:00,OVER_GENERATION_INCIDENT,Low,Operator,Operations Team,Operator
INC-04682,2025-10-19 06:30:00,OVER_GENERATION_INCIDENT,Low,Operator,Operations Team,Operator
INC-04683,2025-10-19 09:00:00,CURTAILMENT_RISK_INCIDENT,Medium,Supervisor,Operations Supervisor,Operator → Supervisor
INC-04684,2025-10-19 09:30:00,CURTAILMENT_RISK_INCIDENT,Medium,Supervisor,Operations Supervisor,Operator → Supervisor
INC-04685,2025-10-19 10:00:00,CURTAILMENT_RISK_INCIDENT,Medium,Supervisor,Operations Supervisor,Operator → Supervisor
INC-04686,2025-10-19 10:30:00,CURTAILMENT_RISK_INCIDENT,Medium,Supervisor,Operations Supervisor,Operator → Supervisor
INC-04687,2025-10-19 11:00:00,CURTAILMENT_RISK_INCIDENT,Medium,Supervisor,Operations Supervisor,Operator → Supervisor
INC-04688,2025-10-19 11:30:00,CURTAILMENT_RISK_INCIDENT,Medium,Supervisor,Operations Supervisor,Operator → Supervisor
INC-04689,2025-10-19 12:00:00,CURTAILMENT_RISK_INCIDENT,Medium,Supervisor,Operations Supervisor,Operator → Supervisor
INC-04690,2025-10-19 12:30:00,CURTAILMENT_RISK_INCIDENT,Medium,Supervisor,Operations Supervisor,Operator → Supervisor
INC-04691,2025-10-19 13:00:00,CURTAILMENT_RISK_INCIDENT,Medium,Supervisor,Operations Supervisor,Operator → Supervisor
INC-04692,2025-10-19 13:30:00,CURTAILMENT_RISK_INCIDENT,Medium,Supervisor,Operations Supervisor,Operator → Supervisor
INC-04693,2025-10-22 14:30:00,SUSTAINABILITY_INCIDENT,Medium,Supervisor,Operations Supervisor,Operator → Supervisor
INC-04694,2025-10-22 15:00:00,SUSTAINABILITY_INCIDENT,Medium,Supervisor,Operations Supervisor,Operator → Supervisor
INC-04695,2025-10-22 15:30:00,SUSTAINABILITY_INCIDENT,Medium,Supervisor,Operations Supervisor,Operator → Supervisor
INC-04696,2025-10-22 16:00:00,SUSTAINABILITY_INCIDENT,Medium,Supervisor,Operations Supervisor,Operator → Supervisor
INC-04697,2025-10-22 16:30:00,SUSTAINABILITY_INCIDENT,Medium,Supervisor,Operations Supervisor,Operator → Supervisor
INC-04698,2025-10-22 17:00:00,SUSTAINABILITY_INCIDENT,Medium,Supervisor,Operations Supervisor,Operator → Supervisor
INC-04699,2025-10-22 17:30:00,SUSTAINABILITY_INCIDENT,Medium,Supervisor,Operations Supervisor,Operator → Supervisor
INC-04700,2025-10-22 18:00:00,SUSTAINABILITY_INCIDENT,Medium,Supervisor,Operations Supervisor,Operator → Supervisor
INC-04701,2025-10-22 18:30:00,SUSTAINABILITY_INCIDENT,Medium,Supervisor,Operations Supervisor,Operator → Supervisor
INC-04702,2025-10-22 19:00:00,SUSTAINABILITY_INCIDENT,Medium,Supervisor,Operations Supervisor,Operator → Supervisor
INC-04703,2025-10-22 19:30:00,SUSTAINABILITY_INCIDENT,Medium,Supervisor,Operations Supervisor,Operator → Supervisor
INC-04704,2025-10-22 20:00:00,SUSTAINABILITY_INCIDENT,Medium,Supervisor,Operations Supervisor,Operator → Supervisor
INC-04705,2025-10-22 20:30:00,SUSTAINABILITY_INCIDENT,Medium,Supervisor,Operations Supervisor,Operator → Supervisor
INC-04706,2025-10-22 21:00:00,SUSTAINABILITY_INCIDENT,Medium,Supervisor,Operations Supervisor,Operator → Supervisor
INC-04707,2025-10-22 21:30:00,SUSTAINABILITY_INCIDENT,Medium,Supervisor,Operations Supervisor,Operator → Supervisor
INC-04708,2025-10-23 10:30:00,CURTAILMENT_RISK_INCIDENT,Medium,Supervisor,Operations Supervisor,Operator → Supervisor
INC-04709,2025-10-23 11:00:00,CURTAILMENT_RISK_INCIDENT,Medium,Supervisor,Operations Supervisor,Operator → Supervisor
INC-04710,2025-10-23 11:30:00,CURTAILMENT_RISK_INCIDENT,Medium,Supervisor,Operations Supervisor,Operator → Supervisor
INC-04711,2025-10-23 12:00:00,CURTAILMENT_RISK_INCIDENT,Medium,Supervisor,Operations Supervisor,Operator → Supervisor
INC-04712,2025-10-23 12:30:00,CURTAILMENT_RISK_INCIDENT,Medium,Supervisor,Operations Supervisor,Operator → Supervisor
INC-04713,2025-10-23 13:00:00,CURTAILMENT_RISK_INCIDENT,Medium,Supervisor,Operations Supervisor,Operator → Supervisor
INC-04714,2025-10-23 13:30:00,CURTAILMENT_RISK_INCIDENT,Medium,Supervisor,Operations Supervisor,Operator → Supervisor
INC-04715,2025-10-23 14:00:00,CURTAILMENT_RISK_INCIDENT,Medium,Supervisor,Operations Supervisor,Operator → Supervisor
INC-04716,2025-10-23 14:30:00,CURTAILMENT_RISK_INCIDENT,Medium,Supervisor,Operations Supervisor,Operator → Supervisor
INC-04717,2025-10-23 15:00:00,CURTAILMENT_RISK_INCIDENT,Medium,Supervisor,Operations Supervisor,Operator → Supervisor
INC-04718,2025-10-24 08:30:00,CURTAILMENT_RISK_INCIDENT,Medium,Supervisor,Operations Supervisor,Operator → Supervisor
INC-04719,2025-10-24 09:00:00,CURTAILMENT_RISK_INCIDENT,Medium,Supervisor,Operations Supervisor,Operator → Supervisor
INC-04720,2025-10-24 09:30:00,CURTAILMENT_RISK_INCIDENT,Medium,Supervisor,Operations Supervisor,Operator → Supervisor
INC-04721,2025-10-24 10:00:00,CURTAILMENT_RISK_INCIDENT,Medium,Supervisor,Operations Supervisor,Operator → Supervisor
INC-04722,2025-10-24 10:30:00,CURTAILMENT_RISK_INCIDENT,Medium,Supervisor,Operations Supervisor,Operator → Supervisor
INC-04723,2025-10-24 11:00:00,CURTAILMENT_RISK_INCIDENT,Medium,Supervisor,Operations Supervisor,Operator → Supervisor
INC-04724,2025-10-24 11:30:00,CURTAILMENT_RISK_INCIDENT,Medium,Supervisor,Operations Supervisor,Operator → Supervisor
INC-04725,2025-10-24 12:00:00,CURTAILMENT_RISK_INCIDENT,Medium,Supervisor,Operations Supervisor,Operator → Supervisor
INC-04726,2025-10-24 12:30:00,CURTAILMENT_RISK_INCIDENT,Medium,Supervisor,Operations Supervisor,Operator → Supervisor
INC-04727,2025-10-24 13:00:00,CURTAILMENT_RISK_INCIDENT,Medium,Supervisor,Operations Supervisor,Operator → Supervisor
INC-04728,2025-10-24 13:30:00,CURTAILMENT_RISK_INCIDENT,Medium,Supervisor,Operations Supervisor,Operator → Supervisor
INC-04729,2025-10-24 14:00:00,CURTAILMENT_RISK_INCIDENT,Medium,Supervisor,Operations Supervisor,Operator → Supervisor
INC-04730,2025-10-24 14:30:00,CURTAILMENT_RISK_INCIDENT,Medium,Supervisor,Operations Supervisor,Operator → Supervisor
INC-04731,2025-10-25 04:00:00,OVER_GENERATION_INCIDENT,Low,Operator,Operations Team,Operator
INC-04732,2025-10-25 04:30:00,OVER_GENERATION_INCIDENT,Low,Operator,Operations Team,Operator
INC-04733,2025-10-25 05:00:00,OVER_GENERATION_INCIDENT,Low,Operator,Operations Team,Operator
INC-04734,2025-10-25 05:00:00,CURTAILMENT_RISK_INCIDENT,Medium,Supervisor,Operations Supervisor,Operator → Supervisor
INC-04735,2025-10-25 05:30:00,OVER_GENERATION_INCIDENT,Low,Operator,Operations Team,Operator
INC-04736,2025-10-25 05:30:00,CURTAILMENT_RISK_INCIDENT,Medium,Supervisor,Operations Supervisor,Operator → Supervisor
INC-04737,2025-10-25 06:00:00,CURTAILMENT_RISK_INCIDENT,Medium,Supervisor,Operations Supervisor,Operator → Supervisor
INC-04738,2025-10-25 06:30:00,CURTAILMENT_RISK_INCIDENT,Medium,Supervisor,Operations Supervisor,Operator → Supervisor
INC-04739,2025-10-25 07:00:00,CURTAILMENT_RISK_INCIDENT,Medium,Supervisor,Operations Supervisor,Operator → Supervisor
INC-04740,2025-10-25 07:30:00,CURTAILMENT_RISK_INCIDENT,Medium,Supervisor,Operations Supervisor,Operator → Supervisor
INC-04741,2025-10-25 08:00:00,CURTAILMENT_RISK_INCIDENT,Medium,Supervisor,Operations Supervisor,Operator → Supervisor
INC-04742,2025-10-25 08:30:00,CURTAILMENT_RISK_INCIDENT,Medium,Supervisor,Operations Supervisor,Operator → Supervisor
INC-04743,2025-10-25 09:00:00,CURTAILMENT_RISK_INCIDENT,Medium,Supervisor,Operations Supervisor,Operator → Supervisor
INC-04744,2025-10-25 09:30:00,CURTAILMENT_RISK_INCIDENT,Medium,Supervisor,Operations Supervisor,Operator → Supervisor
INC-04745,2025-10-25 10:00:00,CURTAILMENT_RISK_INCIDENT,Medium,Supervisor,Operations Supervisor,Operator → Supervisor
INC-04746,2025-10-25 10:30:00,CURTAILMENT_RISK_INCIDENT,Medium,Supervisor,Operations Supervisor,Operator → Supervisor
INC-04747,2025-10-25 11:00:00,CURTAILMENT_RISK_INCIDENT,Medium,Supervisor,Operations Supervisor,Operator → Supervisor
INC-04748,2025-10-25 11:30:00,CURTAILMENT_RISK_INCIDENT,Medium,Supervisor,Operations Supervisor,Operator → Supervisor
INC-04749,2025-10-25 12:00:00,CURTAILMENT_RISK_INCIDENT,Medium,Supervisor,Operations Supervisor,Operator → Supervisor
INC-04750,2025-10-25 12:30:00,CURTAILMENT_RISK_INCIDENT,Medium,Supervisor,Operations Supervisor,Operator → Supervisor
INC-04751,2025-10-25 13:00:00,CURTAILMENT_RISK_INCIDENT,Medium,Supervisor,Operations Supervisor,Operator → Supervisor
INC-04752,2025-10-25 13:30:00,CURTAILMENT_RISK_INCIDENT,Medium,Supervisor,Operations Supervisor,Operator → Supervisor
INC-04753,2025-10-25 14:00:00,CURTAILMENT_RISK_INCIDENT,Medium,Supervisor,Operations Supervisor,Operator → Supervisor
INC-04754,2025-10-25 14:30:00,CURTAILMENT_RISK_INCIDENT,Medium,Supervisor,Operations Supervisor,Operator → Supervisor
INC-04755,2025-10-25 15:00:00,CURTAILMENT_RISK_INCIDENT,Medium,Supervisor,Operations Supervisor,Operator → Supervisor
INC-04756,2025-10-25 15:30:00,CURTAILMENT_RISK_INCIDENT,Medium,Supervisor,Operations Supervisor,Operator → Supervisor
INC-04757,2025-10-25 16:00:00,CURTAILMENT_RISK_INCIDENT,Medium,Supervisor,Operations Supervisor,Operator → Supervisor
INC-04758,2025-10-25 16:30:00,CURTAILMENT_RISK_INCIDENT,Medium,Supervisor,Operations Supervisor,Operator → Supervisor
INC-04759,2025-10-25 17:00:00,CURTAILMENT_RISK_INCIDENT,Medium,Supervisor,Operations Supervisor,Operator → Supervisor
INC-04760,2025-10-25 17:30:00,CURTAILMENT_RISK_INCIDENT,Medium,Supervisor,Operations Supervisor,Operator → Supervisor
INC-04761,2025-10-26 05:30:00,OVER_GENERATION_INCIDENT,Low,Operator,Operations Team,Operator
INC-04762,2025-10-26 06:00:00,OVER_GENERATION_INCIDENT,Low,Operator,Operations Team,Operator
INC-04763,2025-10-26 08:30:00,CURTAILMENT_RISK_INCIDENT,Medium,Supervisor,Operations Supervisor,Operator → Supervisor
INC-04764,2025-10-26 09:00:00,CURTAILMENT_RISK_INCIDENT,Medium,Supervisor,Operations Supervisor,Operator → Supervisor
INC-04765,2025-10-26 09:30:00,CURTAILMENT_RISK_INCIDENT,Medium,Supervisor,Operations Supervisor,Operator → Supervisor
INC-04766,2025-10-26 10:00:00,CURTAILMENT_RISK_INCIDENT,Medium,Supervisor,Operations Supervisor,Operator → Supervisor
INC-04767,2025-10-26 10:30:00,CURTAILMENT_RISK_INCIDENT,Medium,Supervisor,Operations Supervisor,Operator → Supervisor
INC-04768,2025-10-26 11:00:00,CURTAILMENT_RISK_INCIDENT,Medium,Supervisor,Operations Supervisor,Operator → Supervisor
INC-04769,2025-10-26 15:30:00,CURTAILMENT_RISK_INCIDENT,Medium,Supervisor,Operations Supervisor,Operator → Supervisor
INC-04770,2025-10-26 16:00:00,CURTAILMENT_RISK_INCIDENT,Medium,Supervisor,Operations Supervisor,Operator → Supervisor
INC-04771,2025-10-26 16:30:00,CURTAILMENT_RISK_INCIDENT,Medium,Supervisor,Operations Supervisor,Operator → Supervisor
INC-04772,2025-10-26 17:00:00,CURTAILMENT_RISK_INCIDENT,Medium,Supervisor,Operations Supervisor,Operator → Supervisor
INC-04773,2025-10-26 22:30:00,CURTAILMENT_RISK_INCIDENT,Medium,Supervisor,Operations Supervisor,Operator → Supervisor
INC-04774,2025-10-26 23:00:00,CURTAILMENT_RISK_INCIDENT,Medium,Supervisor,Operations Supervisor,Operator → Supervisor
INC-04775,2025-10-26 23:30:00,CURTAILMENT_RISK_INCIDENT,Medium,Supervisor,Operations Supervisor,Operator → Supervisor
INC-04776,2025-10-27 00:00:00,CURTAILMENT_RISK_INCIDENT,Medium,Supervisor,Operations Supervisor,Operator → Supervisor
INC-04777,2025-10-27 00:30:00,CURTAILMENT_RISK_INCIDENT,Medium,Supervisor,Operations Supervisor,Operator → Supervisor
INC-04778,2025-10-27 01:00:00,CURTAILMENT_RISK_INCIDENT,Medium,Supervisor,Operations Supervisor,Operator → Supervisor
INC-04779,2025-10-27 01:30:00,CURTAILMENT_RISK_INCIDENT,Medium,Supervisor,Operations Supervisor,Operator → Supervisor
INC-04780,2025-10-27 02:00:00,CURTAILMENT_RISK_INCIDENT,Medium,Supervisor,Operations Supervisor,Operator → Supervisor
INC-04781,2025-10-27 02:30:00,OVER_GENERATION_INCIDENT,Low,Operator,Operations Team,Operator
INC-04782,2025-10-27 02:30:00,CURTAILMENT_RISK_INCIDENT,Medium,Supervisor,Operations Supervisor,Operator → Supervisor
INC-04783,2025-10-27 03:00:00,OVER_GENERATION_INCIDENT,Low,Operator,Operations Team,Operator
INC-04784,2025-10-27 03:00:00,CURTAILMENT_RISK_INCIDENT,Medium,Supervisor,Operations Supervisor,Operator → Supervisor
INC-04785,2025-10-27 03:30:00,OVER_GENERATION_INCIDENT,Low,Operator,Operations Team,Operator
INC-04786,2025-10-27 03:30:00,CURTAILMENT_RISK_INCIDENT,Medium,Supervisor,Operations Supervisor,Operator → Supervisor
INC-04787,2025-10-27 04:00:00,OVER_GENERATION_INCIDENT,Low,Operator,Operations Team,Operator
INC-04788,2025-10-27 04:00:00,CURTAILMENT_RISK_INCIDENT,Medium,Supervisor,Operations Supervisor,Operator → Supervisor
INC-04789,2025-10-27 04:30:00,OVER_GENERATION_INCIDENT,Low,Operator,Operations Team,Operator
INC-04790,2025-10-27 05:00:00,OVER_GENERATION_INCIDENT,Low,Operator,Operations Team,Operator
INC-04791,2025-10-27 07:30:00,CURTAILMENT_RISK_INCIDENT,Medium,Supervisor,Operations Supervisor,Operator → Supervisor
INC-04792,2025-10-27 08:00:00,CURTAILMENT_RISK_INCIDENT,Medium,Supervisor,Operations Supervisor,Operator → Supervisor
INC-04793,2025-10-27 08:30:00,CURTAILMENT_RISK_INCIDENT,Medium,Supervisor,Operations Supervisor,Operator → Supervisor
INC-04794,2025-10-27 09:00:00,CURTAILMENT_RISK_INCIDENT,Medium,Supervisor,Operations Supervisor,Operator → Supervisor
INC-04795,2025-10-27 09:30:00,CURTAILMENT_RISK_INCIDENT,Medium,Supervisor,Operations Supervisor,Operator → Supervisor
INC-04796,2025-10-27 10:00:00,CURTAILMENT_RISK_INCIDENT,Medium,Supervisor,Operations Supervisor,Operator → Supervisor
INC-04797,2025-10-27 10:30:00,CURTAILMENT_RISK_INCIDENT,Medium,Supervisor,Operations Supervisor,Operator → Supervisor
INC-04798,2025-10-27 11:00:00,CURTAILMENT_RISK_INCIDENT,Medium,Supervisor,Operations Supervisor,Operator → Supervisor
INC-04799,2025-10-27 11:30:00,CURTAILMENT_RISK_INCIDENT,Medium,Supervisor,Operations Supervisor,Operator → Supervisor
INC-04800,2025-10-27 12:00:00,CURTAILMENT_RISK_INCIDENT,Medium,Supervisor,Operations Supervisor,Operator → Supervisor
INC-04801,2025-10-27 12:30:00,CURTAILMENT_RISK_INCIDENT,Medium,Supervisor,Operations Supervisor,Operator → Supervisor
INC-04802,2025-10-27 13:00:00,CURTAILMENT_RISK_INCIDENT,Medium,Supervisor,Operations Supervisor,Operator → Supervisor
INC-04803,2025-10-27 13:30:00,CURTAILMENT_RISK_INCIDENT,Medium,Supervisor,Operations Supervisor,Operator → Supervisor
INC-04804,2025-10-28 03:30:00,OVER_GENERATION_INCIDENT,Low,Operator,Operations Team,Operator
INC-04805,2025-10-28 04:00:00,OVER_GENERATION_INCIDENT,Low,Operator,Operations Team,Operator
INC-04806,2025-10-28 04:30:00,OVER_GENERATION_INCIDENT,Low,Operator,Operations Team,Operator
INC-04807,2025-10-28 06:30:00,CURTAILMENT_RISK_INCIDENT,Medium,Supervisor,Operations Supervisor,Operator → Supervisor
INC-04808,2025-10-28 07:00:00,CURTAILMENT_RISK_INCIDENT,Medium,Supervisor,Operations Supervisor,Operator → Supervisor
INC-04809,2025-10-28 07:30:00,CURTAILMENT_RISK_INCIDENT,Medium,Supervisor,Operations Supervisor,Operator → Supervisor
INC-04810,2025-10-28 08:00:00,CURTAILMENT_RISK_INCIDENT,Medium,Supervisor,Operations Supervisor,Operator → Supervisor
INC-04811,2025-10-28 08:30:00,CURTAILMENT_RISK_INCIDENT,Medium,Supervisor,Operations Supervisor,Operator → Supervisor
INC-04812,2025-10-28 09:00:00,CURTAILMENT_RISK_INCIDENT,Medium,Supervisor,Operations Supervisor,Operator → Supervisor
INC-04813,2025-10-28 09:30:00,CURTAILMENT_RISK_INCIDENT,Medium,Supervisor,Operations Supervisor,Operator → Supervisor
INC-04814,2025-10-28 10:00:00,CURTAILMENT_RISK_INCIDENT,Medium,Supervisor,Operations Supervisor,Operator → Supervisor
INC-04815,2025-10-28 10:30:00,CURTAILMENT_RISK_INCIDENT,Medium,Supervisor,Operations Supervisor,Operator → Supervisor
INC-04816,2025-10-28 11:00:00,CURTAILMENT_RISK_INCIDENT,Medium,Supervisor,Operations Supervisor,Operator → Supervisor
INC-04817,2025-10-28 11:30:00,CURTAILMENT_RISK_INCIDENT,Medium,Supervisor,Operations Supervisor,Operator → Supervisor
INC-04818,2025-10-28 12:00:00,CURTAILMENT_RISK_INCIDENT,Medium,Supervisor,Operations Supervisor,Operator → Supervisor
INC-04819,2025-10-28 12:30:00,CURTAILMENT_RISK_INCIDENT,Medium,Supervisor,Operations Supervisor,Operator → Supervisor
INC-04820,2025-10-28 13:00:00,CURTAILMENT_RISK_INCIDENT,Medium,Supervisor,Operations Supervisor,Operator → Supervisor
INC-04821,2025-10-28 13:30:00,CURTAILMENT_RISK_INCIDENT,Medium,Supervisor,Operations Supervisor,Operator → Supervisor
INC-04822,2025-10-28 14:00:00,CURTAILMENT_RISK_INCIDENT,Medium,Supervisor,Operations Supervisor,Operator → Supervisor
INC-04823,2025-10-28 14:30:00,CURTAILMENT_RISK_INCIDENT,Medium,Supervisor,Operations Supervisor,Operator → Supervisor
INC-04824,2025-10-28 15:00:00,CURTAILMENT_RISK_INCIDENT,Medium,Supervisor,Operations Supervisor,Operator → Supervisor
INC-04825,2025-10-28 15:30:00,CURTAILMENT_RISK_INCIDENT,Medium,Supervisor,Operations Supervisor,Operator → Supervisor
INC-04826,2025-10-28 16:00:00,CURTAILMENT_RISK_INCIDENT,Medium,Supervisor,Operations Supervisor,Operator → Supervisor
INC-04827,2025-10-30 18:00:00,CURTAILMENT_RISK_INCIDENT,Medium,Supervisor,Operations Supervisor,Operator → Supervisor
INC-04828,2025-10-30 18:30:00,CURTAILMENT_RISK_INCIDENT,Medium,Supervisor,Operations Supervisor,Operator → Supervisor
INC-04829,2025-10-30 19:00:00,CURTAILMENT_RISK_INCIDENT,Medium,Supervisor,Operations Supervisor,Operator → Supervisor
INC-04830,2025-10-30 19:30:00,CURTAILMENT_RISK_INCIDENT,Medium,Supervisor,Operations Supervisor,Operator → Supervisor
INC-04831,2025-10-30 20:00:00,CURTAILMENT_RISK_INCIDENT,Medium,Supervisor,Operations Supervisor,Operator → Supervisor
INC-04832,2025-10-30 20:30:00,CURTAILMENT_RISK_INCIDENT,Medium,Supervisor,Operations Supervisor,Operator → Supervisor
INC-04833,2025-10-30 21:00:00,CURTAILMENT_RISK_INCIDENT,Medium,Supervisor,Operations Supervisor,Operator → Supervisor
INC-04834,2025-10-30 21:30:00,CURTAILMENT_RISK_INCIDENT,Medium,Supervisor,Operations Supervisor,Operator → Supervisor
INC-04835,2025-10-30 22:00:00,CURTAILMENT_RISK_INCIDENT,Medium,Supervisor,Operations Supervisor,Operator → Supervisor
INC-04836,2025-10-30 22:30:00,CURTAILMENT_RISK_INCIDENT,Medium,Supervisor,Operations Supervisor,Operator → Supervisor
INC-04837,2025-10-30 23:00:00,CURTAILMENT_RISK_INCIDENT,Medium,Supervisor,Operations Supervisor,Operator → Supervisor
INC-04838,2025-10-30 23:30:00,CURTAILMENT_RISK_INCIDENT,Medium,Supervisor,Operations Supervisor,Operator → Supervisor
INC-04839,2025-10-31 00:00:00,CURTAILMENT_RISK_INCIDENT,Medium,Supervisor,Operations Supervisor,Operator → Supervisor
INC-04840,2025-10-31 00:30:00,CURTAILMENT_RISK_INCIDENT,Medium,Supervisor,Operations Supervisor,Operator → Supervisor
INC-04841,2025-10-31 01:00:00,CURTAILMENT_RISK_INCIDENT,Medium,Supervisor,Operations Supervisor,Operator → Supervisor
INC-04842,2025-10-31 01:30:00,CURTAILMENT_RISK_INCIDENT,Medium,Supervisor,Operations Supervisor,Operator → Supervisor
INC-04843,2025-10-31 02:00:00,CURTAILMENT_RISK_INCIDENT,Medium,Supervisor,Operations Supervisor,Operator → Supervisor
INC-04844,2025-10-31 02:30:00,CURTAILMENT_RISK_INCIDENT,Medium,Supervisor,Operations Supervisor,Operator → Supervisor
INC-04845,2025-10-31 03:00:00,CURTAILMENT_RISK_INCIDENT,Medium,Supervisor,Operations Supervisor,Operator → Supervisor
INC-04846,2025-10-31 03:30:00,CURTAILMENT_RISK_INCIDENT,Medium,Supervisor,Operations Supervisor,Operator → Supervisor
INC-04847,2025-10-31 04:00:00,CURTAILMENT_RISK_INCIDENT,Medium,Supervisor,Operations Supervisor,Operator → Supervisor
INC-04848,2025-10-31 04:30:00,CURTAILMENT_RISK_INCIDENT,Medium,Supervisor,Operations Supervisor,Operator → Supervisor
INC-04849,2025-10-31 05:00:00,CURTAILMENT_RISK_INCIDENT,Medium,Supervisor,Operations Supervisor,Operator → Supervisor
INC-04850,2025-10-31 05:30:00,CURTAILMENT_RISK_INCIDENT,Medium,Supervisor,Operations Supervisor,Operator → Supervisor
INC-04851,2025-10-31 07:30:00,CURTAILMENT_RISK_INCIDENT,Medium,Supervisor,Operations Supervisor,Operator → Supervisor
INC-04852,2025-10-31 08:00:00,CURTAILMENT_RISK_INCIDENT,Medium,Supervisor,Operations Supervisor,Operator → Supervisor
INC-04853,2025-10-31 08:30:00,CURTAILMENT_RISK_INCIDENT,Medium,Supervisor,Operations Supervisor,Operator → Supervisor
INC-04854,2025-10-31 09:00:00,CURTAILMENT_RISK_INCIDENT,Medium,Supervisor,Operations Supervisor,Operator → Supervisor
INC-04855,2025-10-31 09:30:00,CURTAILMENT_RISK_INCIDENT,Medium,Supervisor,Operations Supervisor,Operator → Supervisor
INC-04856,2025-10-31 10:00:00,CURTAILMENT_RISK_INCIDENT,Medium,Supervisor,Operations Supervisor,Operator → Supervisor
INC-04857,2025-10-31 10:30:00,CURTAILMENT_RISK_INCIDENT,Medium,Supervisor,Operations Supervisor,Operator → Supervisor
INC-04858,2025-10-31 11:00:00,CURTAILMENT_RISK_INCIDENT,Medium,Supervisor,Operations Supervisor,Operator → Supervisor
INC-04859,2025-10-31 11:30:00,CURTAILMENT_RISK_INCIDENT,Medium,Supervisor,Operations Supervisor,Operator → Supervisor
INC-04860,2025-10-31 12:00:00,CURTAILMENT_RISK_INCIDENT,Medium,Supervisor,Operations Supervisor,Operator → Supervisor
INC-04861,2025-10-31 12:30:00,CURTAILMENT_RISK_INCIDENT,Medium,Supervisor,Operations Supervisor,Operator → Supervisor
INC-04862,2025-10-31 13:00:00,CURTAILMENT_RISK_INCIDENT,Medium,Supervisor,Operations Supervisor,Operator → Supervisor
INC-04863,2025-10-31 13:30:00,CURTAILMENT_RISK_INCIDENT,Medium,Supervisor,Operations Supervisor,Operator → Supervisor
INC-04864,2025-10-31 14:00:00,CURTAILMENT_RISK_INCIDENT,Medium,Supervisor,Operations Supervisor,Operator → Supervisor
INC-04865,2025-10-31 14:30:00,CURTAILMENT_RISK_INCIDENT,Medium,Supervisor,Operations Supervisor,Operator → Supervisor
INC-04866,2025-10-31 15:00:00,CURTAILMENT_RISK_INCIDENT,Medium,Supervisor,Operations Supervisor,Operator → Supervisor
INC-04867,2025-10-31 15:30:00,CURTAILMENT_RISK_INCIDENT,Medium,Supervisor,Operations Supervisor,Operator → Supervisor
INC-04868,2025-10-31 16:00:00,CURTAILMENT_RISK_INCIDENT,Medium,Supervisor,Operations Supervisor,Operator → Supervisor
INC-04869,2025-10-31 16:30:00,CURTAILMENT_RISK_INCIDENT,Medium,Supervisor,Operations Supervisor,Operator → Supervisor
INC-04870,2025-10-31 17:00:00,CURTAILMENT_RISK_INCIDENT,Medium,Supervisor,Operations Supervisor,Operator → Supervisor
INC-04871,2025-10-31 17:30:00,CURTAILMENT_RISK_INCIDENT,Medium,Supervisor,Operations Supervisor,Operator → Supervisor
INC-04872,2025-10-31 18:00:00,CURTAILMENT_RISK_INCIDENT,Medium,Supervisor,Operations Supervisor,Operator → Supervisor
INC-04873,2025-10-31 18:30:00,CURTAILMENT_RISK_INCIDENT,Medium,Supervisor,Operations Supervisor,Operator → Supervisor
INC-04874,2025-10-31 19:00:00,CURTAILMENT_RISK_INCIDENT,Medium,Supervisor,Operations Supervisor,Operator → Supervisor
INC-04875,2025-10-31 19:30:00,CURTAILMENT_RISK_INCIDENT,Medium,Supervisor,Operations Supervisor,Operator → Supervisor
INC-04876,2025-10-31 20:00:00,CURTAILMENT_RISK_INCIDENT,Medium,Supervisor,Operations Supervisor,Operator → Supervisor
INC-04877,2025-10-31 20:30:00,CURTAILMENT_RISK_INCIDENT,Medium,Supervisor,Operations Supervisor,Operator → Supervisor
INC-04878,2025-10-31 21:00:00,CURTAILMENT_RISK_INCIDENT,Medium,Supervisor,Operations Supervisor,Operator → Supervisor
INC-04879,2025-10-31 21:30:00,CURTAILMENT_RISK_INCIDENT,Medium,Supervisor,Operations Supervisor,Operator → Supervisor
INC-04880,2025-10-31 22:00:00,CURTAILMENT_RISK_INCIDENT,Medium,Supervisor,Operations Supervisor,Operator → Supervisor
INC-04881,2025-11-01 00:30:00,CURTAILMENT_RISK_INCIDENT,Medium,Supervisor,Operations Supervisor,Operator → Supervisor
INC-04882,2025-11-01 01:00:00,CURTAILMENT_RISK_INCIDENT,Medium,Supervisor,Operations Supervisor,Operator → Supervisor
INC-04883,2025-11-01 01:30:00,CURTAILMENT_RISK_INCIDENT,Medium,Supervisor,Operations Supervisor,Operator → Supervisor
INC-04884,2025-11-01 02:00:00,CURTAILMENT_RISK_INCIDENT,Medium,Supervisor,Operations Supervisor,Operator → Supervisor
INC-04885,2025-11-01 02:30:00,OVER_GENERATION_INCIDENT,Low,Operator,Operations Team,Operator
INC-04886,2025-11-01 02:30:00,CURTAILMENT_RISK_INCIDENT,Medium,Supervisor,Operations Supervisor,Operator → Supervisor
INC-04887,2025-11-01 03:00:00,OVER_GENERATION_INCIDENT,Low,Operator,Operations Team,Operator
INC-04888,2025-11-01 03:00:00,CURTAILMENT_RISK_INCIDENT,Medium,Supervisor,Operations Supervisor,Operator → Supervisor
INC-04889,2025-11-01 03:30:00,OVER_GENERATION_INCIDENT,Low,Operator,Operations Team,Operator
INC-04890,2025-11-01 03:30:00,CURTAILMENT_RISK_INCIDENT,Medium,Supervisor,Operations Supervisor,Operator → Supervisor
INC-04891,2025-11-01 04:00:00,OVER_GENERATION_INCIDENT,Low,Operator,Operations Team,Operator
INC-04892,2025-11-01 04:00:00,CURTAILMENT_RISK_INCIDENT,Medium,Supervisor,Operations Supervisor,Operator → Supervisor
INC-04893,2025-11-01 04:30:00,OVER_GENERATION_INCIDENT,Low,Operator,Operations Team,Operator
INC-04894,2025-11-01 05:00:00,OVER_GENERATION_INCIDENT,Low,Operator,Operations Team,Operator
INC-04895,2025-11-01 05:30:00,OVER_GENERATION_INCIDENT,Low,Operator,Operations Team,Operator
INC-04896,2025-11-01 06:00:00,OVER_GENERATION_INCIDENT,Low,Operator,Operations Team,Operator
INC-04897,2025-11-01 07:30:00,CURTAILMENT_RISK_INCIDENT,Medium,Supervisor,Operations Supervisor,Operator → Supervisor
INC-04898,2025-11-01 08:00:00,CURTAILMENT_RISK_INCIDENT,Medium,Supervisor,Operations Supervisor,Operator → Supervisor
INC-04899,2025-11-01 08:30:00,CURTAILMENT_RISK_INCIDENT,Medium,Supervisor,Operations Supervisor,Operator → Supervisor
INC-04900,2025-11-01 09:00:00,CURTAILMENT_RISK_INCIDENT,Medium,Supervisor,Operations Supervisor,Operator → Supervisor
INC-04901,2025-11-01 09:30:00,CURTAILMENT_RISK_INCIDENT,Medium,Supervisor,Operations Supervisor,Operator → Supervisor
INC-04902,2025-11-01 10:00:00,CURTAILMENT_RISK_INCIDENT,Medium,Supervisor,Operations Supervisor,Operator → Supervisor
INC-04903,2025-11-01 10:30:00,CURTAILMENT_RISK_INCIDENT,Medium,Supervisor,Operations Supervisor,Operator → Supervisor
INC-04904,2025-11-01 11:00:00,CURTAILMENT_RISK_INCIDENT,Medium,Supervisor,Operations Supervisor,Operator → Supervisor
INC-04905,2025-11-01 11:30:00,CURTAILMENT_RISK_INCIDENT,Medium,Supervisor,Operations Supervisor,Operator → Supervisor
INC-04906,2025-11-01 12:00:00,CURTAILMENT_RISK_INCIDENT,Medium,Supervisor,Operations Supervisor,Operator → Supervisor
INC-04907,2025-11-01 12:30:00,CURTAILMENT_RISK_INCIDENT,Medium,Supervisor,Operations Supervisor,Operator → Supervisor
INC-04908,2025-11-01 13:00:00,CURTAILMENT_RISK_INCIDENT,Medium,Supervisor,Operations Supervisor,Operator → Supervisor
INC-04909,2025-11-01 13:30:00,CURTAILMENT_RISK_INCIDENT,Medium,Supervisor,Operations Supervisor,Operator → Supervisor
INC-04910,2025-11-01 14:00:00,CURTAILMENT_RISK_INCIDENT,Medium,Supervisor,Operations Supervisor,Operator → Supervisor
INC-04911,2025-11-01 14:30:00,CURTAILMENT_RISK_INCIDENT,Medium,Supervisor,Operations Supervisor,Operator → Supervisor
INC-04912,2025-11-02 10:00:00,CURTAILMENT_RISK_INCIDENT,Medium,Supervisor,Operations Supervisor,Operator → Supervisor
INC-04913,2025-11-02 10:30:00,CURTAILMENT_RISK_INCIDENT,Medium,Supervisor,Operations Supervisor,Operator → Supervisor
INC-04914,2025-11-02 11:00:00,CURTAILMENT_RISK_INCIDENT,Medium,Supervisor,Operations Supervisor,Operator → Supervisor
INC-04915,2025-11-02 11:30:00,CURTAILMENT_RISK_INCIDENT,Medium,Supervisor,Operations Supervisor,Operator → Supervisor
INC-04916,2025-11-02 12:00:00,CURTAILMENT_RISK_INCIDENT,Medium,Supervisor,Operations Supervisor,Operator → Supervisor
INC-04917,2025-11-02 12:30:00,CURTAILMENT_RISK_INCIDENT,Medium,Supervisor,Operations Supervisor,Operator → Supervisor
INC-04918,2025-11-02 13:00:00,CURTAILMENT_RISK_INCIDENT,Medium,Supervisor,Operations Supervisor,Operator → Supervisor
INC-04919,2025-11-02 13:30:00,CURTAILMENT_RISK_INCIDENT,Medium,Supervisor,Operations Supervisor,Operator → Supervisor
INC-04920,2025-11-02 14:00:00,CURTAILMENT_RISK_INCIDENT,Medium,Supervisor,Operations Supervisor,Operator → Supervisor
INC-04921,2025-11-03 03:00:00,OVER_GENERATION_INCIDENT,Low,Operator,Operations Team,Operator
INC-04922,2025-11-03 03:30:00,OVER_GENERATION_INCIDENT,Low,Operator,Operations Team,Operator
INC-04923,2025-11-03 04:00:00,OVER_GENERATION_INCIDENT,Low,Operator,Operations Team,Operator
INC-04924,2025-11-03 04:00:00,CURTAILMENT_RISK_INCIDENT,Medium,Supervisor,Operations Supervisor,Operator → Supervisor
INC-04925,2025-11-03 04:30:00,OVER_GENERATION_INCIDENT,Low,Operator,Operations Team,Operator
INC-04926,2025-11-03 04:30:00,CURTAILMENT_RISK_INCIDENT,Medium,Supervisor,Operations Supervisor,Operator → Supervisor
INC-04927,2025-11-03 05:00:00,OVER_GENERATION_INCIDENT,Low,Operator,Operations Team,Operator
INC-04928,2025-11-03 05:00:00,CURTAILMENT_RISK_INCIDENT,Medium,Supervisor,Operations Supervisor,Operator → Supervisor
INC-04929,2025-11-03 05:30:00,CURTAILMENT_RISK_INCIDENT,Medium,Supervisor,Operations Supervisor,Operator → Supervisor
INC-04930,2025-11-03 06:00:00,CURTAILMENT_RISK_INCIDENT,Medium,Supervisor,Operations Supervisor,Operator → Supervisor
INC-04931,2025-11-03 06:30:00,CURTAILMENT_RISK_INCIDENT,Medium,Supervisor,Operations Supervisor,Operator → Supervisor
INC-04932,2025-11-03 07:00:00,CURTAILMENT_RISK_INCIDENT,Medium,Supervisor,Operations Supervisor,Operator → Supervisor
INC-04933,2025-11-03 07:30:00,CURTAILMENT_RISK_INCIDENT,Medium,Supervisor,Operations Supervisor,Operator → Supervisor
INC-04934,2025-11-03 08:00:00,CURTAILMENT_RISK_INCIDENT,Medium,Supervisor,Operations Supervisor,Operator → Supervisor
INC-04935,2025-11-03 08:30:00,CURTAILMENT_RISK_INCIDENT,Medium,Supervisor,Operations Supervisor,Operator → Supervisor
INC-04936,2025-11-03 09:00:00,CURTAILMENT_RISK_INCIDENT,Medium,Supervisor,Operations Supervisor,Operator → Supervisor
INC-04937,2025-11-03 09:30:00,CURTAILMENT_RISK_INCIDENT,Medium,Supervisor,Operations Supervisor,Operator → Supervisor
INC-04938,2025-11-03 10:00:00,CURTAILMENT_RISK_INCIDENT,Medium,Supervisor,Operations Supervisor,Operator → Supervisor
INC-04939,2025-11-03 10:30:00,CURTAILMENT_RISK_INCIDENT,Medium,Supervisor,Operations Supervisor,Operator → Supervisor
INC-04940,2025-11-03 11:00:00,CURTAILMENT_RISK_INCIDENT,Medium,Supervisor,Operations Supervisor,Operator → Supervisor
INC-04941,2025-11-03 11:30:00,CURTAILMENT_RISK_INCIDENT,Medium,Supervisor,Operations Supervisor,Operator → Supervisor
INC-04942,2025-11-03 12:00:00,CURTAILMENT_RISK_INCIDENT,Medium,Supervisor,Operations Supervisor,Operator → Supervisor
INC-04943,2025-11-03 12:30:00,CURTAILMENT_RISK_INCIDENT,Medium,Supervisor,Operations Supervisor,Operator → Supervisor
INC-04944,2025-11-03 13:00:00,CURTAILMENT_RISK_INCIDENT,Medium,Supervisor,Operations Supervisor,Operator → Supervisor
INC-04945,2025-11-03 13:30:00,CURTAILMENT_RISK_INCIDENT,Medium,Supervisor,Operations Supervisor,Operator → Supervisor
INC-04946,2025-11-03 14:00:00,CURTAILMENT_RISK_INCIDENT,Medium,Supervisor,Operations Supervisor,Operator → Supervisor
INC-04947,2025-11-03 14:30:00,CURTAILMENT_RISK_INCIDENT,Medium,Supervisor,Operations Supervisor,Operator → Supervisor
INC-04948,2025-11-03 15:00:00,CURTAILMENT_RISK_INCIDENT,Medium,Supervisor,Operations Supervisor,Operator → Supervisor
INC-04949,2025-11-03 15:30:00,CURTAILMENT_RISK_INCIDENT,Medium,Supervisor,Operations Supervisor,Operator → Supervisor
INC-04950,2025-11-03 16:00:00,CURTAILMENT_RISK_INCIDENT,Medium,Supervisor,Operations Supervisor,Operator → Supervisor
INC-04951,2025-11-03 16:30:00,CURTAILMENT_RISK_INCIDENT,Medium,Supervisor,Operations Supervisor,Operator → Supervisor
INC-04952,2025-11-03 18:00:00,CURTAILMENT_RISK_INCIDENT,Medium,Supervisor,Operations Supervisor,Operator → Supervisor
INC-04953,2025-11-03 18:30:00,CURTAILMENT_RISK_INCIDENT,Medium,Supervisor,Operations Supervisor,Operator → Supervisor
INC-04954,2025-11-03 19:00:00,CURTAILMENT_RISK_INCIDENT,Medium,Supervisor,Operations Supervisor,Operator → Supervisor
INC-04955,2025-11-03 19:30:00,CURTAILMENT_RISK_INCIDENT,Medium,Supervisor,Operations Supervisor,Operator → Supervisor
INC-04956,2025-11-03 20:00:00,CURTAILMENT_RISK_INCIDENT,Medium,Supervisor,Operations Supervisor,Operator → Supervisor
INC-04957,2025-11-03 20:30:00,CURTAILMENT_RISK_INCIDENT,Medium,Supervisor,Operations Supervisor,Operator → Supervisor
INC-04958,2025-11-03 21:00:00,CURTAILMENT_RISK_INCIDENT,Medium,Supervisor,Operations Supervisor,Operator → Supervisor
INC-04959,2025-11-03 21:30:00,CURTAILMENT_RISK_INCIDENT,Medium,Supervisor,Operations Supervisor,Operator → Supervisor
INC-04960,2025-11-03 22:00:00,CURTAILMENT_RISK_INCIDENT,Medium,Supervisor,Operations Supervisor,Operator → Supervisor
INC-04961,2025-11-03 22:30:00,CURTAILMENT_RISK_INCIDENT,Medium,Supervisor,Operations Supervisor,Operator → Supervisor
INC-04962,2025-11-03 23:00:00,CURTAILMENT_RISK_INCIDENT,Medium,Supervisor,Operations Supervisor,Operator → Supervisor
INC-04963,2025-11-03 23:30:00,CURTAILMENT_RISK_INCIDENT,Medium,Supervisor,Operations Supervisor,Operator → Supervisor
INC-04964,2025-11-04 00:00:00,CURTAILMENT_RISK_INCIDENT,Medium,Supervisor,Operations Supervisor,Operator → Supervisor
INC-04965,2025-11-04 00:30:00,CURTAILMENT_RISK_INCIDENT,Medium,Supervisor,Operations Supervisor,Operator → Supervisor
INC-04966,2025-11-04 01:00:00,CURTAILMENT_RISK_INCIDENT,Medium,Supervisor,Operations Supervisor,Operator → Supervisor
INC-04967,2025-11-04 01:30:00,CURTAILMENT_RISK_INCIDENT,Medium,Supervisor,Operations Supervisor,Operator → Supervisor
INC-04968,2025-11-04 02:00:00,CURTAILMENT_RISK_INCIDENT,Medium,Supervisor,Operations Supervisor,Operator → Supervisor
INC-04969,2025-11-04 02:30:00,OVER_GENERATION_INCIDENT,Low,Operator,Operations Team,Operator
INC-04970,2025-11-04 03:00:00,OVER_GENERATION_INCIDENT,Low,Operator,Operations Team,Operator
INC-04971,2025-11-04 03:30:00,OVER_GENERATION_INCIDENT,Low,Operator,Operations Team,Operator
INC-04972,2025-11-04 04:00:00,OVER_GENERATION_INCIDENT,Low,Operator,Operations Team,Operator
INC-04973,2025-11-04 04:30:00,OVER_GENERATION_INCIDENT,Low,Operator,Operations Team,Operator
INC-04974,2025-11-04 05:00:00,OVER_GENERATION_INCIDENT,Low,Operator,Operations Team,Operator
INC-04975,2025-11-04 09:30:00,CURTAILMENT_RISK_INCIDENT,Medium,Supervisor,Operations Supervisor,Operator → Supervisor
INC-04976,2025-11-04 10:00:00,CURTAILMENT_RISK_INCIDENT,Medium,Supervisor,Operations Supervisor,Operator → Supervisor
INC-04977,2025-11-04 10:30:00,CURTAILMENT_RISK_INCIDENT,Medium,Supervisor,Operations Supervisor,Operator → Supervisor
INC-04978,2025-11-04 11:00:00,CURTAILMENT_RISK_INCIDENT,Medium,Supervisor,Operations Supervisor,Operator → Supervisor
INC-04979,2025-11-04 11:30:00,CURTAILMENT_RISK_INCIDENT,Medium,Supervisor,Operations Supervisor,Operator → Supervisor
INC-04980,2025-11-06 06:30:00,SUSTAINABILITY_INCIDENT,Medium,Supervisor,Operations Supervisor,Operator → Supervisor
INC-04981,2025-11-06 07:00:00,SUSTAINABILITY_INCIDENT,Medium,Supervisor,Operations Supervisor,Operator → Supervisor
INC-04982,2025-11-06 07:30:00,SUSTAINABILITY_INCIDENT,Medium,Supervisor,Operations Supervisor,Operator → Supervisor
INC-04983,2025-11-06 08:00:00,SUSTAINABILITY_INCIDENT,Medium,Supervisor,Operations Supervisor,Operator → Supervisor
INC-04984,2025-11-06 08:30:00,SUSTAINABILITY_INCIDENT,Medium,Supervisor,Operations Supervisor,Operator → Supervisor
INC-04985,2025-11-06 09:00:00,SUSTAINABILITY_INCIDENT,Medium,Supervisor,Operations Supervisor,Operator → Supervisor
INC-04986,2025-11-06 09:30:00,SUSTAINABILITY_INCIDENT,Medium,Supervisor,Operations Supervisor,Operator → Supervisor
INC-04987,2025-11-06 10:00:00,SUSTAINABILITY_INCIDENT,Medium,Supervisor,Operations Supervisor,Operator → Supervisor
INC-04988,2025-11-06 11:00:00,SUSTAINABILITY_INCIDENT,Medium,Supervisor,Operations Supervisor,Operator → Supervisor
INC-04989,2025-11-06 11:30:00,SUSTAINABILITY_INCIDENT,Medium,Supervisor,Operations Supervisor,Operator → Supervisor
INC-04990,2025-11-06 12:00:00,SUSTAINABILITY_INCIDENT,Medium,Supervisor,Operations Supervisor,Operator → Supervisor
INC-04991,2025-11-06 12:30:00,SUSTAINABILITY_INCIDENT,Medium,Supervisor,Operations Supervisor,Operator → Supervisor
INC-04992,2025-11-06 13:00:00,SUSTAINABILITY_INCIDENT,Medium,Supervisor,Operations Supervisor,Operator → Supervisor
INC-04993,2025-11-06 13:30:00,SUSTAINABILITY_INCIDENT,Medium,Supervisor,Operations Supervisor,Operator → Supervisor
INC-04994,2025-11-06 14:00:00,SUSTAINABILITY_INCIDENT,Medium,Supervisor,Operations Supervisor,Operator → Supervisor
INC-04995,2025-11-06 14:30:00,SUSTAINABILITY_INCIDENT,Medium,Supervisor,Operations Supervisor,Operator → Supervisor
INC-04996,2025-11-06 15:00:00,SUSTAINABILITY_INCIDENT,Medium,Supervisor,Operations Supervisor,Operator → Supervisor
INC-04997,2025-11-06 15:30:00,SUSTAINABILITY_INCIDENT,Medium,Supervisor,Operations Supervisor,Operator → Supervisor
INC-04998,2025-11-06 16:00:00,SUSTAINABILITY_INCIDENT,Medium,Supervisor,Operations Supervisor,Operator → Supervisor
INC-04999,2025-11-06 16:30:00,SUSTAINABILITY_INCIDENT,Medium,Supervisor,Operations Supervisor,Operator → Supervisor
INC-05000,2025-11-06 17:00:00,SUSTAINABILITY_INCIDENT,Medium,Supervisor,Operations Supervisor,Operator → Supervisor
INC-05001,2025-11-06 17:30:00,SUSTAINABILITY_INCIDENT,Medium,Supervisor,Operations Supervisor,Operator → Supervisor
INC-05002,2025-11-06 18:00:00,SUSTAINABILITY_INCIDENT,Medium,Supervisor,Operations Supervisor,Operator → Supervisor
INC-05003,2025-11-06 18:30:00,SUSTAINABILITY_INCIDENT,Medium,Supervisor,Operations Supervisor,Operator → Supervisor
INC-05004,2025-11-06 19:00:00,SUSTAINABILITY_INCIDENT,Medium,Supervisor,Operations Supervisor,Operator → Supervisor
INC-05005,2025-11-06 19:30:00,SUSTAINABILITY_INCIDENT,Medium,Supervisor,Operations Supervisor,Operator → Supervisor
INC-05006,2025-11-06 20:00:00,SUSTAINABILITY_INCIDENT,Medium,Supervisor,Operations Supervisor,Operator → Supervisor
INC-05007,2025-11-06 20:30:00,SUSTAINABILITY_INCIDENT,Medium,Supervisor,Operations Supervisor,Operator → Supervisor
INC-05008,2025-11-06 21:00:00,SUSTAINABILITY_INCIDENT,Medium,Supervisor,Operations Supervisor,Operator → Supervisor
INC-05009,2025-11-06 21:30:00,SUSTAINABILITY_INCIDENT,Medium,Supervisor,Operations Supervisor,Operator → Supervisor
INC-05010,2025-11-06 22:00:00,SUSTAINABILITY_INCIDENT,Medium,Supervisor,Operations Supervisor,Operator → Supervisor
INC-05011,2025-11-06 22:30:00,SUSTAINABILITY_INCIDENT,Medium,Supervisor,Operations Supervisor,Operator → Supervisor
INC-05012,2025-11-06 23:00:00,SUSTAINABILITY_INCIDENT,Medium,Supervisor,Operations Supervisor,Operator → Supervisor
INC-05013,2025-11-06 23:30:00,SUSTAINABILITY_INCIDENT,Medium,Supervisor,Operations Supervisor,Operator → Supervisor
INC-05014,2025-11-07 00:00:00,SUSTAINABILITY_INCIDENT,Medium,Supervisor,Operations Supervisor,Operator → Supervisor
INC-05015,2025-11-07 00:30:00,SUSTAINABILITY_INCIDENT,Medium,Supervisor,Operations Supervisor,Operator → Supervisor
INC-05016,2025-11-07 01:00:00,SUSTAINABILITY_INCIDENT,Medium,Supervisor,Operations Supervisor,Operator → Supervisor
INC-05017,2025-11-07 01:30:00,SUSTAINABILITY_INCIDENT,Medium,Supervisor,Operations Supervisor,Operator → Supervisor
INC-05018,2025-11-07 02:00:00,SUSTAINABILITY_INCIDENT,Medium,Supervisor,Operations Supervisor,Operator → Supervisor
INC-05019,2025-11-07 02:30:00,SUSTAINABILITY_INCIDENT,Medium,Supervisor,Operations Supervisor,Operator → Supervisor
INC-05020,2025-11-07 03:00:00,SUSTAINABILITY_INCIDENT,Medium,Supervisor,Operations Supervisor,Operator → Supervisor
INC-05021,2025-11-07 03:30:00,SUSTAINABILITY_INCIDENT,Medium,Supervisor,Operations Supervisor,Operator → Supervisor
INC-05022,2025-11-07 06:00:00,SUSTAINABILITY_INCIDENT,Medium,Supervisor,Operations Supervisor,Operator → Supervisor
INC-05023,2025-11-07 06:30:00,SUSTAINABILITY_INCIDENT,Medium,Supervisor,Operations Supervisor,Operator → Supervisor
INC-05024,2025-11-07 07:00:00,SUSTAINABILITY_INCIDENT,Medium,Supervisor,Operations Supervisor,Operator → Supervisor
INC-05025,2025-11-07 07:30:00,SUSTAINABILITY_INCIDENT,Medium,Supervisor,Operations Supervisor,Operator → Supervisor
INC-05026,2025-11-07 08:00:00,SUSTAINABILITY_INCIDENT,Medium,Supervisor,Operations Supervisor,Operator → Supervisor
INC-05027,2025-11-07 08:30:00,SUSTAINABILITY_INCIDENT,Medium,Supervisor,Operations Supervisor,Operator → Supervisor
INC-05028,2025-11-07 09:00:00,SUSTAINABILITY_INCIDENT,Medium,Supervisor,Operations Supervisor,Operator → Supervisor
INC-05029,2025-11-08 07:00:00,SUSTAINABILITY_INCIDENT,Medium,Supervisor,Operations Supervisor,Operator → Supervisor
INC-05030,2025-11-08 07:30:00,SUSTAINABILITY_INCIDENT,Medium,Supervisor,Operations Supervisor,Operator → Supervisor
INC-05031,2025-11-08 15:00:00,SUSTAINABILITY_INCIDENT,Medium,Supervisor,Operations Supervisor,Operator → Supervisor
INC-05032,2025-11-08 15:30:00,SUSTAINABILITY_INCIDENT,Medium,Supervisor,Operations Supervisor,Operator → Supervisor
INC-05033,2025-11-08 16:00:00,SUSTAINABILITY_INCIDENT,Medium,Supervisor,Operations Supervisor,Operator → Supervisor
INC-05034,2025-11-08 16:30:00,SUSTAINABILITY_INCIDENT,Medium,Supervisor,Operations Supervisor,Operator → Supervisor
INC-05035,2025-11-08 17:00:00,SUSTAINABILITY_INCIDENT,Medium,Supervisor,Operations Supervisor,Operator → Supervisor
INC-05036,2025-11-08 17:30:00,SUSTAINABILITY_INCIDENT,Medium,Supervisor,Operations Supervisor,Operator → Supervisor
INC-05037,2025-11-08 18:00:00,SUSTAINABILITY_INCIDENT,Medium,Supervisor,Operations Supervisor,Operator → Supervisor
INC-05038,2025-11-08 18:30:00,SUSTAINABILITY_INCIDENT,Medium,Supervisor,Operations Supervisor,Operator → Supervisor
INC-05039,2025-11-08 19:00:00,SUSTAINABILITY_INCIDENT,Medium,Supervisor,Operations Supervisor,Operator → Supervisor
INC-05040,2025-11-08 19:30:00,SUSTAINABILITY_INCIDENT,Medium,Supervisor,Operations Supervisor,Operator → Supervisor
INC-05041,2025-11-08 20:00:00,SUSTAINABILITY_INCIDENT,Medium,Supervisor,Operations Supervisor,Operator → Supervisor
INC-05042,2025-11-10 17:00:00,PEAK_LOAD_EMISSIONS_INCIDENT,High,Regional Controller,Regional Leadership,Operator → Supervisor → Regional Controller
INC-05043,2025-11-10 17:30:00,PEAK_LOAD_EMISSIONS_INCIDENT,High,Regional Controller,Regional Leadership,Operator → Supervisor → Regional Controller
INC-05044,2025-11-10 18:00:00,PEAK_LOAD_EMISSIONS_INCIDENT,High,Regional Controller,Regional Leadership,Operator → Supervisor → Regional Controller
INC-05045,2025-11-11 13:00:00,CURTAILMENT_RISK_INCIDENT,Medium,Supervisor,Operations Supervisor,Operator → Supervisor
INC-05046,2025-11-11 13:30:00,CURTAILMENT_RISK_INCIDENT,Medium,Supervisor,Operations Supervisor,Operator → Supervisor
INC-05047,2025-11-11 14:00:00,CURTAILMENT_RISK_INCIDENT,Medium,Supervisor,Operations Supervisor,Operator → Supervisor
INC-05048,2025-11-11 14:30:00,CURTAILMENT_RISK_INCIDENT,Medium,Supervisor,Operations Supervisor,Operator → Supervisor
INC-05049,2025-11-11 15:00:00,CURTAILMENT_RISK_INCIDENT,Medium,Supervisor,Operations Supervisor,Operator → Supervisor
INC-05050,2025-11-11 15:30:00,CURTAILMENT_RISK_INCIDENT,Medium,Supervisor,Operations Supervisor,Operator → Supervisor
INC-05051,2025-11-11 16:00:00,CURTAILMENT_RISK_INCIDENT,Medium,Supervisor,Operations Supervisor,Operator → Supervisor
INC-05052,2025-11-11 16:30:00,CURTAILMENT_RISK_INCIDENT,Medium,Supervisor,Operations Supervisor,Operator → Supervisor
INC-05053,2025-11-11 17:00:00,CURTAILMENT_RISK_INCIDENT,Medium,Supervisor,Operations Supervisor,Operator → Supervisor
INC-05054,2025-11-11 17:30:00,CURTAILMENT_RISK_INCIDENT,Medium,Supervisor,Operations Supervisor,Operator → Supervisor
INC-05055,2025-11-11 18:00:00,CURTAILMENT_RISK_INCIDENT,Medium,Supervisor,Operations Supervisor,Operator → Supervisor
INC-05056,2025-11-11 18:30:00,CURTAILMENT_RISK_INCIDENT,Medium,Supervisor,Operations Supervisor,Operator → Supervisor
INC-05057,2025-11-11 19:00:00,CURTAILMENT_RISK_INCIDENT,Medium,Supervisor,Operations Supervisor,Operator → Supervisor
INC-05058,2025-11-11 19:30:00,CURTAILMENT_RISK_INCIDENT,Medium,Supervisor,Operations Supervisor,Operator → Supervisor
INC-05059,2025-11-11 20:00:00,CURTAILMENT_RISK_INCIDENT,Medium,Supervisor,Operations Supervisor,Operator → Supervisor
INC-05060,2025-11-11 20:30:00,CURTAILMENT_RISK_INCIDENT,Medium,Supervisor,Operations Supervisor,Operator → Supervisor
INC-05061,2025-11-11 21:00:00,CURTAILMENT_RISK_INCIDENT,Medium,Supervisor,Operations Supervisor,Operator → Supervisor
INC-05062,2025-11-11 21:30:00,CURTAILMENT_RISK_INCIDENT,Medium,Supervisor,Operations Supervisor,Operator → Supervisor
INC-05063,2025-11-11 22:00:00,CURTAILMENT_RISK_INCIDENT,Medium,Supervisor,Operations Supervisor,Operator → Supervisor
INC-05064,2025-11-11 22:30:00,CURTAILMENT_RISK_INCIDENT,Medium,Supervisor,Operations Supervisor,Operator → Supervisor
INC-05065,2025-11-11 23:00:00,CURTAILMENT_RISK_INCIDENT,Medium,Supervisor,Operations Supervisor,Operator → Supervisor
INC-05066,2025-11-13 09:00:00,CURTAILMENT_RISK_INCIDENT,Medium,Supervisor,Operations Supervisor,Operator → Supervisor
INC-05067,2025-11-13 09:30:00,CURTAILMENT_RISK_INCIDENT,Medium,Supervisor,Operations Supervisor,Operator → Supervisor
INC-05068,2025-11-13 10:00:00,CURTAILMENT_RISK_INCIDENT,Medium,Supervisor,Operations Supervisor,Operator → Supervisor
INC-05069,2025-11-13 10:30:00,CURTAILMENT_RISK_INCIDENT,Medium,Supervisor,Operations Supervisor,Operator → Supervisor
INC-05070,2025-11-13 11:00:00,CURTAILMENT_RISK_INCIDENT,Medium,Supervisor,Operations Supervisor,Operator → Supervisor
INC-05071,2025-11-13 11:30:00,CURTAILMENT_RISK_INCIDENT,Medium,Supervisor,Operations Supervisor,Operator → Supervisor
INC-05072,2025-11-14 07:30:00,CURTAILMENT_RISK_INCIDENT,Medium,Supervisor,Operations Supervisor,Operator → Supervisor
INC-05073,2025-11-14 08:00:00,CURTAILMENT_RISK_INCIDENT,Medium,Supervisor,Operations Supervisor,Operator → Supervisor
INC-05074,2025-11-14 08:30:00,CURTAILMENT_RISK_INCIDENT,Medium,Supervisor,Operations Supervisor,Operator → Supervisor
INC-05075,2025-11-14 09:00:00,CURTAILMENT_RISK_INCIDENT,Medium,Supervisor,Operations Supervisor,Operator → Supervisor
INC-05076,2025-11-14 09:30:00,CURTAILMENT_RISK_INCIDENT,Medium,Supervisor,Operations Supervisor,Operator → Supervisor
INC-05077,2025-11-14 10:00:00,CURTAILMENT_RISK_INCIDENT,Medium,Supervisor,Operations Supervisor,Operator → Supervisor
INC-05078,2025-11-14 10:30:00,CURTAILMENT_RISK_INCIDENT,Medium,Supervisor,Operations Supervisor,Operator → Supervisor
INC-05079,2025-11-14 11:00:00,CURTAILMENT_RISK_INCIDENT,Medium,Supervisor,Operations Supervisor,Operator → Supervisor
INC-05080,2025-11-14 11:30:00,CURTAILMENT_RISK_INCIDENT,Medium,Supervisor,Operations Supervisor,Operator → Supervisor
INC-05081,2025-11-14 12:00:00,CURTAILMENT_RISK_INCIDENT,Medium,Supervisor,Operations Supervisor,Operator → Supervisor
INC-05082,2025-11-14 12:30:00,CURTAILMENT_RISK_INCIDENT,Medium,Supervisor,Operations Supervisor,Operator → Supervisor
INC-05083,2025-11-14 13:00:00,CURTAILMENT_RISK_INCIDENT,Medium,Supervisor,Operations Supervisor,Operator → Supervisor
INC-05084,2025-11-14 13:30:00,CURTAILMENT_RISK_INCIDENT,Medium,Supervisor,Operations Supervisor,Operator → Supervisor
INC-05085,2025-11-14 14:00:00,CURTAILMENT_RISK_INCIDENT,Medium,Supervisor,Operations Supervisor,Operator → Supervisor
INC-05086,2025-11-14 14:30:00,CURTAILMENT_RISK_INCIDENT,Medium,Supervisor,Operations Supervisor,Operator → Supervisor
INC-05087,2025-11-14 15:00:00,CURTAILMENT_RISK_INCIDENT,Medium,Supervisor,Operations Supervisor,Operator → Supervisor
INC-05088,2025-11-14 15:30:00,CURTAILMENT_RISK_INCIDENT,Medium,Supervisor,Operations Supervisor,Operator → Supervisor
INC-05089,2025-11-14 16:00:00,CURTAILMENT_RISK_INCIDENT,Medium,Supervisor,Operations Supervisor,Operator → Supervisor
INC-05090,2025-11-14 16:30:00,CURTAILMENT_RISK_INCIDENT,Medium,Supervisor,Operations Supervisor,Operator → Supervisor
INC-05091,2025-11-14 17:00:00,CURTAILMENT_RISK_INCIDENT,Medium,Supervisor,Operations Supervisor,Operator → Supervisor
INC-05092,2025-11-14 17:30:00,CURTAILMENT_RISK_INCIDENT,Medium,Supervisor,Operations Supervisor,Operator → Supervisor
INC-05093,2025-11-14 18:00:00,CURTAILMENT_RISK_INCIDENT,Medium,Supervisor,Operations Supervisor,Operator → Supervisor
INC-05094,2025-11-14 18:30:00,CURTAILMENT_RISK_INCIDENT,Medium,Supervisor,Operations Supervisor,Operator → Supervisor
INC-05095,2025-11-14 19:00:00,CURTAILMENT_RISK_INCIDENT,Medium,Supervisor,Operations Supervisor,Operator → Supervisor
INC-05096,2025-11-14 19:30:00,CURTAILMENT_RISK_INCIDENT,Medium,Supervisor,Operations Supervisor,Operator → Supervisor
INC-05097,2025-11-14 20:00:00,CURTAILMENT_RISK_INCIDENT,Medium,Supervisor,Operations Supervisor,Operator → Supervisor
INC-05098,2025-11-14 20:30:00,CURTAILMENT_RISK_INCIDENT,Medium,Supervisor,Operations Supervisor,Operator → Supervisor
INC-05099,2025-11-14 21:00:00,CURTAILMENT_RISK_INCIDENT,Medium,Supervisor,Operations Supervisor,Operator → Supervisor
INC-05100,2025-11-14 21:30:00,CURTAILMENT_RISK_INCIDENT,Medium,Supervisor,Operations Supervisor,Operator → Supervisor
INC-05101,2025-11-14 22:00:00,CURTAILMENT_RISK_INCIDENT,Medium,Supervisor,Operations Supervisor,Operator → Supervisor
INC-05102,2025-11-14 22:30:00,CURTAILMENT_RISK_INCIDENT,Medium,Supervisor,Operations Supervisor,Operator → Supervisor
INC-05103,2025-11-17 09:30:00,CURTAILMENT_RISK_INCIDENT,Medium,Supervisor,Operations Supervisor,Operator → Supervisor
INC-05104,2025-11-17 10:00:00,CURTAILMENT_RISK_INCIDENT,Medium,Supervisor,Operations Supervisor,Operator → Supervisor
INC-05105,2025-11-17 10:30:00,CURTAILMENT_RISK_INCIDENT,Medium,Supervisor,Operations Supervisor,Operator → Supervisor
INC-05106,2025-11-17 11:00:00,CURTAILMENT_RISK_INCIDENT,Medium,Supervisor,Operations Supervisor,Operator → Supervisor
INC-05107,2025-11-17 11:30:00,CURTAILMENT_RISK_INCIDENT,Medium,Supervisor,Operations Supervisor,Operator → Supervisor
INC-05108,2025-11-17 12:00:00,CURTAILMENT_RISK_INCIDENT,Medium,Supervisor,Operations Supervisor,Operator → Supervisor
INC-05109,2025-11-17 16:00:00,PEAK_LOAD_EMISSIONS_INCIDENT,High,Regional Controller,Regional Leadership,Operator → Supervisor → Regional Controller
INC-05110,2025-11-17 16:30:00,PEAK_LOAD_EMISSIONS_INCIDENT,High,Regional Controller,Regional Leadership,Operator → Supervisor → Regional Controller
INC-05111,2025-11-17 17:00:00,PEAK_LOAD_EMISSIONS_INCIDENT,High,Regional Controller,Regional Leadership,Operator → Supervisor → Regional Controller
INC-05112,2025-11-17 17:30:00,PEAK_LOAD_EMISSIONS_INCIDENT,High,Regional Controller,Regional Leadership,Operator → Supervisor → Regional Controller
INC-05113,2025-11-17 18:00:00,PEAK_LOAD_EMISSIONS_INCIDENT,High,Regional Controller,Regional Leadership,Operator → Supervisor → Regional Controller
INC-05114,2025-11-17 18:30:00,PEAK_LOAD_EMISSIONS_INCIDENT,High,Regional Controller,Regional Leadership,Operator → Supervisor → Regional Controller
INC-05115,2025-11-17 19:00:00,PEAK_LOAD_EMISSIONS_INCIDENT,High,Regional Controller,Regional Leadership,Operator → Supervisor → Regional Controller
INC-05116,2025-11-17 19:30:00,PEAK_LOAD_EMISSIONS_INCIDENT,High,Regional Controller,Regional Leadership,Operator → Supervisor → Regional Controller
INC-05117,2025-11-17 20:00:00,PEAK_LOAD_EMISSIONS_INCIDENT,High,Regional Controller,Regional Leadership,Operator → Supervisor → Regional Controller
INC-05118,2025-11-18 17:00:00,PEAK_LOAD_EMISSIONS_INCIDENT,High,Regional Controller,Regional Leadership,Operator → Supervisor → Regional Controller
INC-05119,2025-11-18 17:30:00,PEAK_LOAD_EMISSIONS_INCIDENT,High,Regional Controller,Regional Leadership,Operator → Supervisor → Regional Controller
INC-05120,2025-11-18 18:00:00,PEAK_LOAD_EMISSIONS_INCIDENT,High,Regional Controller,Regional Leadership,Operator → Supervisor → Regional Controller
INC-05121,2025-11-18 18:30:00,PEAK_LOAD_EMISSIONS_INCIDENT,High,Regional Controller,Regional Leadership,Operator → Supervisor → Regional Controller
INC-05122,2025-11-18 19:00:00,PEAK_LOAD_EMISSIONS_INCIDENT,High,Regional Controller,Regional Leadership,Operator → Supervisor → Regional Controller
INC-05123,2025-11-19 09:30:00,CURTAILMENT_RISK_INCIDENT,Medium,Supervisor,Operations Supervisor,Operator → Supervisor
INC-05124,2025-11-19 10:00:00,CURTAILMENT_RISK_INCIDENT,Medium,Supervisor,Operations Supervisor,Operator → Supervisor
INC-05125,2025-11-19 10:30:00,CURTAILMENT_RISK_INCIDENT,Medium,Supervisor,Operations Supervisor,Operator → Supervisor
INC-05126,2025-11-19 11:00:00,CURTAILMENT_RISK_INCIDENT,Medium,Supervisor,Operations Supervisor,Operator → Supervisor
INC-05127,2025-11-19 11:30:00,CURTAILMENT_RISK_INCIDENT,Medium,Supervisor,Operations Supervisor,Operator → Supervisor
INC-05128,2025-11-19 12:00:00,CURTAILMENT_RISK_INCIDENT,Medium,Supervisor,Operations Supervisor,Operator → Supervisor
INC-05129,2025-11-19 12:30:00,CURTAILMENT_RISK_INCIDENT,Medium,Supervisor,Operations Supervisor,Operator → Supervisor
INC-05130,2025-11-19 13:00:00,CURTAILMENT_RISK_INCIDENT,Medium,Supervisor,Operations Supervisor,Operator → Supervisor
INC-05131,2025-11-19 13:30:00,CURTAILMENT_RISK_INCIDENT,Medium,Supervisor,Operations Supervisor,Operator → Supervisor
INC-05132,2025-11-19 14:00:00,CURTAILMENT_RISK_INCIDENT,Medium,Supervisor,Operations Supervisor,Operator → Supervisor
INC-05133,2025-11-19 14:30:00,CURTAILMENT_RISK_INCIDENT,Medium,Supervisor,Operations Supervisor,Operator → Supervisor
INC-05134,2025-11-20 10:00:00,CURTAILMENT_RISK_INCIDENT,Medium,Supervisor,Operations Supervisor,Operator → Supervisor
INC-05135,2025-11-20 10:30:00,CURTAILMENT_RISK_INCIDENT,Medium,Supervisor,Operations Supervisor,Operator → Supervisor
INC-05136,2025-11-20 11:00:00,CURTAILMENT_RISK_INCIDENT,Medium,Supervisor,Operations Supervisor,Operator → Supervisor
INC-05137,2025-11-20 11:30:00,CURTAILMENT_RISK_INCIDENT,Medium,Supervisor,Operations Supervisor,Operator → Supervisor
INC-05138,2025-11-20 12:00:00,CURTAILMENT_RISK_INCIDENT,Medium,Supervisor,Operations Supervisor,Operator → Supervisor
INC-05139,2025-11-20 12:30:00,CURTAILMENT_RISK_INCIDENT,Medium,Supervisor,Operations Supervisor,Operator → Supervisor
INC-05140,2025-11-20 15:00:00,PEAK_LOAD_EMISSIONS_INCIDENT,High,Regional Controller,Regional Leadership,Operator → Supervisor → Regional Controller
INC-05141,2025-11-20 15:30:00,PEAK_LOAD_EMISSIONS_INCIDENT,High,Regional Controller,Regional Leadership,Operator → Supervisor → Regional Controller
INC-05142,2025-11-20 16:00:00,PEAK_LOAD_EMISSIONS_INCIDENT,High,Regional Controller,Regional Leadership,Operator → Supervisor → Regional Controller
INC-05143,2025-11-20 16:30:00,PEAK_LOAD_EMISSIONS_INCIDENT,High,Regional Controller,Regional Leadership,Operator → Supervisor → Regional Controller
INC-05144,2025-11-20 17:00:00,PEAK_LOAD_EMISSIONS_INCIDENT,High,Regional Controller,Regional Leadership,Operator → Supervisor → Regional Controller
INC-05145,2025-11-20 17:30:00,PEAK_LOAD_EMISSIONS_INCIDENT,High,Regional Controller,Regional Leadership,Operator → Supervisor → Regional Controller
INC-05146,2025-11-20 18:00:00,PEAK_LOAD_EMISSIONS_INCIDENT,High,Regional Controller,Regional Leadership,Operator → Supervisor → Regional Controller
INC-05147,2025-11-20 18:30:00,PEAK_LOAD_EMISSIONS_INCIDENT,High,Regional Controller,Regional Leadership,Operator → Supervisor → Regional Controller
INC-05148,2025-11-20 19:00:00,PEAK_LOAD_EMISSIONS_INCIDENT,High,Regional Controller,Regional Leadership,Operator → Supervisor → Regional Controller
INC-05149,2025-11-20 19:30:00,PEAK_LOAD_EMISSIONS_INCIDENT,High,Regional Controller,Regional Leadership,Operator → Supervisor → Regional Controller
INC-05150,2025-11-20 20:00:00,PEAK_LOAD_EMISSIONS_INCIDENT,High,Regional Controller,Regional Leadership,Operator → Supervisor → Regional Controller
INC-05151,2025-11-20 20:30:00,PEAK_LOAD_EMISSIONS_INCIDENT,High,Regional Controller,Regional Leadership,Operator → Supervisor → Regional Controller
INC-05152,2025-11-21 03:30:00,SUSTAINABILITY_INCIDENT,Medium,Supervisor,Operations Supervisor,Operator → Supervisor
INC-05153,2025-11-21 04:00:00,SUSTAINABILITY_INCIDENT,Medium,Supervisor,Operations Supervisor,Operator → Supervisor
INC-05154,2025-11-21 04:30:00,SUSTAINABILITY_INCIDENT,Medium,Supervisor,Operations Supervisor,Operator → Supervisor
INC-05155,2025-11-21 05:00:00,SUSTAINABILITY_INCIDENT,Medium,Supervisor,Operations Supervisor,Operator → Supervisor
INC-05156,2025-11-21 05:30:00,SUSTAINABILITY_INCIDENT,Medium,Supervisor,Operations Supervisor,Operator → Supervisor
INC-05157,2025-11-21 06:00:00,SUSTAINABILITY_INCIDENT,Medium,Supervisor,Operations Supervisor,Operator → Supervisor
INC-05158,2025-11-21 06:30:00,SUSTAINABILITY_INCIDENT,Medium,Supervisor,Operations Supervisor,Operator → Supervisor
INC-05159,2025-11-21 07:00:00,SUSTAINABILITY_INCIDENT,Medium,Supervisor,Operations Supervisor,Operator → Supervisor
INC-05160,2025-11-21 07:30:00,SUSTAINABILITY_INCIDENT,Medium,Supervisor,Operations Supervisor,Operator → Supervisor
INC-05161,2025-11-21 08:00:00,SUSTAINABILITY_INCIDENT,Medium,Supervisor,Operations Supervisor,Operator → Supervisor
INC-05162,2025-11-21 08:00:00,PEAK_LOAD_EMISSIONS_INCIDENT,High,Regional Controller,Regional Leadership,Operator → Supervisor → Regional Controller
INC-05163,2025-11-21 08:30:00,SUSTAINABILITY_INCIDENT,Medium,Supervisor,Operations Supervisor,Operator → Supervisor
INC-05164,2025-11-21 08:30:00,PEAK_LOAD_EMISSIONS_INCIDENT,High,Regional Controller,Regional Leadership,Operator → Supervisor → Regional Controller
INC-05165,2025-11-21 09:00:00,PEAK_LOAD_EMISSIONS_INCIDENT,High,Regional Controller,Regional Leadership,Operator → Supervisor → Regional Controller
INC-05166,2025-11-21 09:30:00,PEAK_LOAD_EMISSIONS_INCIDENT,High,Regional Controller,Regional Leadership,Operator → Supervisor → Regional Controller
INC-05167,2025-11-21 15:30:00,PEAK_LOAD_EMISSIONS_INCIDENT,High,Regional Controller,Regional Leadership,Operator → Supervisor → Regional Controller
INC-05168,2025-11-21 16:00:00,PEAK_LOAD_EMISSIONS_INCIDENT,High,Regional Controller,Regional Leadership,Operator → Supervisor → Regional Controller
INC-05169,2025-11-21 16:30:00,PEAK_LOAD_EMISSIONS_INCIDENT,High,Regional Controller,Regional Leadership,Operator → Supervisor → Regional Controller
INC-05170,2025-11-21 17:00:00,PEAK_LOAD_EMISSIONS_INCIDENT,High,Regional Controller,Regional Leadership,Operator → Supervisor → Regional Controller
INC-05171,2025-11-21 17:30:00,PEAK_LOAD_EMISSIONS_INCIDENT,High,Regional Controller,Regional Leadership,Operator → Supervisor → Regional Controller
INC-05172,2025-11-21 18:00:00,PEAK_LOAD_EMISSIONS_INCIDENT,High,Regional Controller,Regional Leadership,Operator → Supervisor → Regional Controller
INC-05173,2025-11-21 18:30:00,PEAK_LOAD_EMISSIONS_INCIDENT,High,Regional Controller,Regional Leadership,Operator → Supervisor → Regional Controller
INC-05174,2025-11-21 19:00:00,PEAK_LOAD_EMISSIONS_INCIDENT,High,Regional Controller,Regional Leadership,Operator → Supervisor → Regional Controller
INC-05175,2025-11-21 19:30:00,PEAK_LOAD_EMISSIONS_INCIDENT,High,Regional Controller,Regional Leadership,Operator → Supervisor → Regional Controller
INC-05176,2025-11-23 10:00:00,CURTAILMENT_RISK_INCIDENT,Medium,Supervisor,Operations Supervisor,Operator → Supervisor
INC-05177,2025-11-23 10:30:00,CURTAILMENT_RISK_INCIDENT,Medium,Supervisor,Operations Supervisor,Operator → Supervisor
INC-05178,2025-11-23 11:00:00,CURTAILMENT_RISK_INCIDENT,Medium,Supervisor,Operations Supervisor,Operator → Supervisor
INC-05179,2025-11-23 11:30:00,CURTAILMENT_RISK_INCIDENT,Medium,Supervisor,Operations Supervisor,Operator → Supervisor
INC-05180,2025-11-23 12:00:00,CURTAILMENT_RISK_INCIDENT,Medium,Supervisor,Operations Supervisor,Operator → Supervisor
INC-05181,2025-11-23 12:30:00,CURTAILMENT_RISK_INCIDENT,Medium,Supervisor,Operations Supervisor,Operator → Supervisor
INC-05182,2025-11-23 13:00:00,CURTAILMENT_RISK_INCIDENT,Medium,Supervisor,Operations Supervisor,Operator → Supervisor
INC-05183,2025-11-23 13:30:00,CURTAILMENT_RISK_INCIDENT,Medium,Supervisor,Operations Supervisor,Operator → Supervisor
INC-05184,2025-11-23 17:30:00,GRID_STRESS_INCIDENT,Critical,Executive,Executive Leadership,Operator → Supervisor → Regional Controller → Executive
INC-05185,2025-11-25 15:00:00,PEAK_LOAD_EMISSIONS_INCIDENT,High,Regional Controller,Regional Leadership,Operator → Supervisor → Regional Controller
INC-05186,2025-11-25 15:30:00,PEAK_LOAD_EMISSIONS_INCIDENT,High,Regional Controller,Regional Leadership,Operator → Supervisor → Regional Controller
INC-05187,2025-11-25 16:00:00,SUSTAINABILITY_INCIDENT,Medium,Supervisor,Operations Supervisor,Operator → Supervisor
INC-05188,2025-11-25 16:00:00,PEAK_LOAD_EMISSIONS_INCIDENT,High,Regional Controller,Regional Leadership,Operator → Supervisor → Regional Controller
INC-05189,2025-11-25 16:30:00,SUSTAINABILITY_INCIDENT,Medium,Supervisor,Operations Supervisor,Operator → Supervisor
INC-05190,2025-11-25 16:30:00,PEAK_LOAD_EMISSIONS_INCIDENT,High,Regional Controller,Regional Leadership,Operator → Supervisor → Regional Controller
INC-05191,2025-11-25 17:00:00,PEAK_LOAD_EMISSIONS_INCIDENT,High,Regional Controller,Regional Leadership,Operator → Supervisor → Regional Controller
INC-05192,2025-11-25 17:30:00,PEAK_LOAD_EMISSIONS_INCIDENT,High,Regional Controller,Regional Leadership,Operator → Supervisor → Regional Controller
INC-05193,2025-11-25 18:00:00,PEAK_LOAD_EMISSIONS_INCIDENT,High,Regional Controller,Regional Leadership,Operator → Supervisor → Regional Controller
INC-05194,2025-11-25 18:30:00,PEAK_LOAD_EMISSIONS_INCIDENT,High,Regional Controller,Regional Leadership,Operator → Supervisor → Regional Controller
INC-05195,2025-11-25 19:00:00,PEAK_LOAD_EMISSIONS_INCIDENT,High,Regional Controller,Regional Leadership,Operator → Supervisor → Regional Controller
INC-05196,2025-11-25 19:30:00,SUSTAINABILITY_INCIDENT,Medium,Supervisor,Operations Supervisor,Operator → Supervisor
INC-05197,2025-11-25 19:30:00,PEAK_LOAD_EMISSIONS_INCIDENT,High,Regional Controller,Regional Leadership,Operator → Supervisor → Regional Controller
INC-05198,2025-11-25 20:00:00,SUSTAINABILITY_INCIDENT,Medium,Supervisor,Operations Supervisor,Operator → Supervisor
INC-05199,2025-11-25 20:00:00,PEAK_LOAD_EMISSIONS_INCIDENT,High,Regional Controller,Regional Leadership,Operator → Supervisor → Regional Controller
INC-05200,2025-11-25 20:30:00,SUSTAINABILITY_INCIDENT,Medium,Supervisor,Operations Supervisor,Operator → Supervisor
INC-05201,2025-11-25 20:30:00,PEAK_LOAD_EMISSIONS_INCIDENT,High,Regional Controller,Regional Leadership,Operator → Supervisor → Regional Controller
INC-05202,2025-11-25 21:00:00,SUSTAINABILITY_INCIDENT,Medium,Supervisor,Operations Supervisor,Operator → Supervisor
INC-05203,2025-11-25 21:30:00,SUSTAINABILITY_INCIDENT,Medium,Supervisor,Operations Supervisor,Operator → Supervisor
INC-05204,2025-11-25 22:00:00,SUSTAINABILITY_INCIDENT,Medium,Supervisor,Operations Supervisor,Operator → Supervisor
INC-05205,2025-11-25 22:30:00,SUSTAINABILITY_INCIDENT,Medium,Supervisor,Operations Supervisor,Operator → Supervisor
INC-05206,2025-11-26 08:00:00,PEAK_LOAD_EMISSIONS_INCIDENT,High,Regional Controller,Regional Leadership,Operator → Supervisor → Regional Controller
INC-05207,2025-11-26 08:30:00,PEAK_LOAD_EMISSIONS_INCIDENT,High,Regional Controller,Regional Leadership,Operator → Supervisor → Regional Controller
INC-05208,2025-11-26 09:00:00,PEAK_LOAD_EMISSIONS_INCIDENT,High,Regional Controller,Regional Leadership,Operator → Supervisor → Regional Controller
INC-05209,2025-11-26 09:30:00,PEAK_LOAD_EMISSIONS_INCIDENT,High,Regional Controller,Regional Leadership,Operator → Supervisor → Regional Controller
INC-05210,2025-11-27 11:00:00,CURTAILMENT_RISK_INCIDENT,Medium,Supervisor,Operations Supervisor,Operator → Supervisor
INC-05211,2025-11-27 11:30:00,CURTAILMENT_RISK_INCIDENT,Medium,Supervisor,Operations Supervisor,Operator → Supervisor
INC-05212,2025-11-27 15:00:00,CURTAILMENT_RISK_INCIDENT,Medium,Supervisor,Operations Supervisor,Operator → Supervisor
INC-05213,2025-11-27 15:30:00,CURTAILMENT_RISK_INCIDENT,Medium,Supervisor,Operations Supervisor,Operator → Supervisor
INC-05214,2025-11-27 20:30:00,CURTAILMENT_RISK_INCIDENT,Medium,Supervisor,Operations Supervisor,Operator → Supervisor
INC-05215,2025-11-27 21:00:00,CURTAILMENT_RISK_INCIDENT,Medium,Supervisor,Operations Supervisor,Operator → Supervisor
INC-05216,2025-11-27 21:30:00,CURTAILMENT_RISK_INCIDENT,Medium,Supervisor,Operations Supervisor,Operator → Supervisor
INC-05217,2025-11-27 22:00:00,CURTAILMENT_RISK_INCIDENT,Medium,Supervisor,Operations Supervisor,Operator → Supervisor
INC-05218,2025-11-27 22:30:00,CURTAILMENT_RISK_INCIDENT,Medium,Supervisor,Operations Supervisor,Operator → Supervisor
INC-05219,2025-11-27 23:30:00,CURTAILMENT_RISK_INCIDENT,Medium,Supervisor,Operations Supervisor,Operator → Supervisor
INC-05220,2025-11-28 00:00:00,CURTAILMENT_RISK_INCIDENT,Medium,Supervisor,Operations Supervisor,Operator → Supervisor
INC-05221,2025-11-28 00:30:00,CURTAILMENT_RISK_INCIDENT,Medium,Supervisor,Operations Supervisor,Operator → Supervisor
INC-05222,2025-11-28 01:00:00,CURTAILMENT_RISK_INCIDENT,Medium,Supervisor,Operations Supervisor,Operator → Supervisor
INC-05223,2025-11-28 08:00:00,CURTAILMENT_RISK_INCIDENT,Medium,Supervisor,Operations Supervisor,Operator → Supervisor
INC-05224,2025-11-28 08:30:00,CURTAILMENT_RISK_INCIDENT,Medium,Supervisor,Operations Supervisor,Operator → Supervisor
INC-05225,2025-11-28 09:00:00,CURTAILMENT_RISK_INCIDENT,Medium,Supervisor,Operations Supervisor,Operator → Supervisor
INC-05226,2025-11-28 09:30:00,CURTAILMENT_RISK_INCIDENT,Medium,Supervisor,Operations Supervisor,Operator → Supervisor
INC-05227,2025-11-28 10:00:00,CURTAILMENT_RISK_INCIDENT,Medium,Supervisor,Operations Supervisor,Operator → Supervisor
INC-05228,2025-11-28 10:30:00,CURTAILMENT_RISK_INCIDENT,Medium,Supervisor,Operations Supervisor,Operator → Supervisor
INC-05229,2025-11-28 11:00:00,CURTAILMENT_RISK_INCIDENT,Medium,Supervisor,Operations Supervisor,Operator → Supervisor
INC-05230,2025-11-28 11:30:00,CURTAILMENT_RISK_INCIDENT,Medium,Supervisor,Operations Supervisor,Operator → Supervisor
INC-05231,2025-11-28 12:00:00,CURTAILMENT_RISK_INCIDENT,Medium,Supervisor,Operations Supervisor,Operator → Supervisor
INC-05232,2025-11-28 12:30:00,CURTAILMENT_RISK_INCIDENT,Medium,Supervisor,Operations Supervisor,Operator → Supervisor
INC-05233,2025-11-28 13:00:00,CURTAILMENT_RISK_INCIDENT,Medium,Supervisor,Operations Supervisor,Operator → Supervisor
INC-05234,2025-11-28 13:30:00,CURTAILMENT_RISK_INCIDENT,Medium,Supervisor,Operations Supervisor,Operator → Supervisor
INC-05235,2025-11-28 14:00:00,CURTAILMENT_RISK_INCIDENT,Medium,Supervisor,Operations Supervisor,Operator → Supervisor
INC-05236,2025-11-28 14:30:00,CURTAILMENT_RISK_INCIDENT,Medium,Supervisor,Operations Supervisor,Operator → Supervisor
INC-05237,2025-11-28 15:00:00,CURTAILMENT_RISK_INCIDENT,Medium,Supervisor,Operations Supervisor,Operator → Supervisor
INC-05238,2025-11-28 15:30:00,CURTAILMENT_RISK_INCIDENT,Medium,Supervisor,Operations Supervisor,Operator → Supervisor
INC-05239,2025-11-28 20:00:00,CURTAILMENT_RISK_INCIDENT,Medium,Supervisor,Operations Supervisor,Operator → Supervisor
INC-05240,2025-12-01 00:30:00,CURTAILMENT_RISK_INCIDENT,Medium,Supervisor,Operations Supervisor,Operator → Supervisor
INC-05241,2025-12-01 01:00:00,CURTAILMENT_RISK_INCIDENT,Medium,Supervisor,Operations Supervisor,Operator → Supervisor
INC-05242,2025-12-01 01:30:00,CURTAILMENT_RISK_INCIDENT,Medium,Supervisor,Operations Supervisor,Operator → Supervisor
INC-05243,2025-12-01 02:00:00,CURTAILMENT_RISK_INCIDENT,Medium,Supervisor,Operations Supervisor,Operator → Supervisor
INC-05244,2025-12-01 02:30:00,CURTAILMENT_RISK_INCIDENT,Medium,Supervisor,Operations Supervisor,Operator → Supervisor
INC-05245,2025-12-01 03:00:00,CURTAILMENT_RISK_INCIDENT,Medium,Supervisor,Operations Supervisor,Operator → Supervisor
INC-05246,2025-12-01 03:30:00,CURTAILMENT_RISK_INCIDENT,Medium,Supervisor,Operations Supervisor,Operator → Supervisor
INC-05247,2025-12-01 04:00:00,CURTAILMENT_RISK_INCIDENT,Medium,Supervisor,Operations Supervisor,Operator → Supervisor
INC-05248,2025-12-01 04:30:00,CURTAILMENT_RISK_INCIDENT,Medium,Supervisor,Operations Supervisor,Operator → Supervisor
INC-05249,2025-12-01 05:00:00,CURTAILMENT_RISK_INCIDENT,Medium,Supervisor,Operations Supervisor,Operator → Supervisor
INC-05250,2025-12-03 16:00:00,PEAK_LOAD_EMISSIONS_INCIDENT,High,Regional Controller,Regional Leadership,Operator → Supervisor → Regional Controller
INC-05251,2025-12-03 16:30:00,PEAK_LOAD_EMISSIONS_INCIDENT,High,Regional Controller,Regional Leadership,Operator → Supervisor → Regional Controller
INC-05252,2025-12-03 17:00:00,PEAK_LOAD_EMISSIONS_INCIDENT,High,Regional Controller,Regional Leadership,Operator → Supervisor → Regional Controller
INC-05253,2025-12-03 17:30:00,PEAK_LOAD_EMISSIONS_INCIDENT,High,Regional Controller,Regional Leadership,Operator → Supervisor → Regional Controller
INC-05254,2025-12-03 18:00:00,PEAK_LOAD_EMISSIONS_INCIDENT,High,Regional Controller,Regional Leadership,Operator → Supervisor → Regional Controller
INC-05255,2025-12-03 18:30:00,PEAK_LOAD_EMISSIONS_INCIDENT,High,Regional Controller,Regional Leadership,Operator → Supervisor → Regional Controller
INC-05256,2025-12-05 12:30:00,CURTAILMENT_RISK_INCIDENT,Medium,Supervisor,Operations Supervisor,Operator → Supervisor
INC-05257,2025-12-05 13:00:00,CURTAILMENT_RISK_INCIDENT,Medium,Supervisor,Operations Supervisor,Operator → Supervisor
INC-05258,2025-12-05 13:30:00,CURTAILMENT_RISK_INCIDENT,Medium,Supervisor,Operations Supervisor,Operator → Supervisor
INC-05259,2025-12-05 14:00:00,CURTAILMENT_RISK_INCIDENT,Medium,Supervisor,Operations Supervisor,Operator → Supervisor
INC-05260,2025-12-05 14:30:00,CURTAILMENT_RISK_INCIDENT,Medium,Supervisor,Operations Supervisor,Operator → Supervisor
INC-05261,2025-12-05 15:00:00,CURTAILMENT_RISK_INCIDENT,Medium,Supervisor,Operations Supervisor,Operator → Supervisor
INC-05262,2025-12-05 15:30:00,CURTAILMENT_RISK_INCIDENT,Medium,Supervisor,Operations Supervisor,Operator → Supervisor
INC-05263,2025-12-05 16:00:00,CURTAILMENT_RISK_INCIDENT,Medium,Supervisor,Operations Supervisor,Operator → Supervisor
INC-05264,2025-12-05 16:00:00,RENEWABLE_SUPPORT_INCIDENT,Low,Operator,Operations Team,Operator
INC-05265,2025-12-05 16:30:00,CURTAILMENT_RISK_INCIDENT,Medium,Supervisor,Operations Supervisor,Operator → Supervisor
INC-05266,2025-12-05 16:30:00,RENEWABLE_SUPPORT_INCIDENT,Low,Operator,Operations Team,Operator
INC-05267,2025-12-05 17:00:00,CURTAILMENT_RISK_INCIDENT,Medium,Supervisor,Operations Supervisor,Operator → Supervisor
INC-05268,2025-12-05 17:00:00,RENEWABLE_SUPPORT_INCIDENT,Low,Operator,Operations Team,Operator
INC-05269,2025-12-05 17:30:00,CURTAILMENT_RISK_INCIDENT,Medium,Supervisor,Operations Supervisor,Operator → Supervisor
INC-05270,2025-12-05 17:30:00,RENEWABLE_SUPPORT_INCIDENT,Low,Operator,Operations Team,Operator
INC-05271,2025-12-05 18:00:00,CURTAILMENT_RISK_INCIDENT,Medium,Supervisor,Operations Supervisor,Operator → Supervisor
INC-05272,2025-12-05 18:00:00,RENEWABLE_SUPPORT_INCIDENT,Low,Operator,Operations Team,Operator
INC-05273,2025-12-05 18:30:00,CURTAILMENT_RISK_INCIDENT,Medium,Supervisor,Operations Supervisor,Operator → Supervisor
INC-05274,2025-12-05 19:00:00,CURTAILMENT_RISK_INCIDENT,Medium,Supervisor,Operations Supervisor,Operator → Supervisor
INC-05275,2025-12-05 19:30:00,CURTAILMENT_RISK_INCIDENT,Medium,Supervisor,Operations Supervisor,Operator → Supervisor
INC-05276,2025-12-05 20:00:00,CURTAILMENT_RISK_INCIDENT,Medium,Supervisor,Operations Supervisor,Operator → Supervisor
INC-05277,2025-12-05 20:30:00,CURTAILMENT_RISK_INCIDENT,Medium,Supervisor,Operations Supervisor,Operator → Supervisor
INC-05278,2025-12-05 21:00:00,CURTAILMENT_RISK_INCIDENT,Medium,Supervisor,Operations Supervisor,Operator → Supervisor
INC-05279,2025-12-05 21:30:00,CURTAILMENT_RISK_INCIDENT,Medium,Supervisor,Operations Supervisor,Operator → Supervisor
INC-05280,2025-12-05 22:00:00,CURTAILMENT_RISK_INCIDENT,Medium,Supervisor,Operations Supervisor,Operator → Supervisor
INC-05281,2025-12-05 22:30:00,CURTAILMENT_RISK_INCIDENT,Medium,Supervisor,Operations Supervisor,Operator → Supervisor
INC-05282,2025-12-05 23:00:00,CURTAILMENT_RISK_INCIDENT,Medium,Supervisor,Operations Supervisor,Operator → Supervisor
INC-05283,2025-12-05 23:30:00,CURTAILMENT_RISK_INCIDENT,Medium,Supervisor,Operations Supervisor,Operator → Supervisor
INC-05284,2025-12-06 00:00:00,CURTAILMENT_RISK_INCIDENT,Medium,Supervisor,Operations Supervisor,Operator → Supervisor
INC-05285,2025-12-06 00:30:00,CURTAILMENT_RISK_INCIDENT,Medium,Supervisor,Operations Supervisor,Operator → Supervisor
INC-05286,2025-12-06 01:00:00,CURTAILMENT_RISK_INCIDENT,Medium,Supervisor,Operations Supervisor,Operator → Supervisor
INC-05287,2025-12-07 22:00:00,CURTAILMENT_RISK_INCIDENT,Medium,Supervisor,Operations Supervisor,Operator → Supervisor
INC-05288,2025-12-08 10:30:00,CURTAILMENT_RISK_INCIDENT,Medium,Supervisor,Operations Supervisor,Operator → Supervisor
INC-05289,2025-12-08 11:00:00,CURTAILMENT_RISK_INCIDENT,Medium,Supervisor,Operations Supervisor,Operator → Supervisor
INC-05290,2025-12-08 11:30:00,CURTAILMENT_RISK_INCIDENT,Medium,Supervisor,Operations Supervisor,Operator → Supervisor
INC-05291,2025-12-08 12:00:00,CURTAILMENT_RISK_INCIDENT,Medium,Supervisor,Operations Supervisor,Operator → Supervisor
INC-05292,2025-12-09 05:30:00,CURTAILMENT_RISK_INCIDENT,Medium,Supervisor,Operations Supervisor,Operator → Supervisor
INC-05293,2025-12-09 06:00:00,CURTAILMENT_RISK_INCIDENT,Medium,Supervisor,Operations Supervisor,Operator → Supervisor
INC-05294,2025-12-09 06:30:00,CURTAILMENT_RISK_INCIDENT,Medium,Supervisor,Operations Supervisor,Operator → Supervisor
INC-05295,2025-12-09 07:00:00,CURTAILMENT_RISK_INCIDENT,Medium,Supervisor,Operations Supervisor,Operator → Supervisor
INC-05296,2025-12-09 07:30:00,CURTAILMENT_RISK_INCIDENT,Medium,Supervisor,Operations Supervisor,Operator → Supervisor
INC-05297,2025-12-09 08:00:00,CURTAILMENT_RISK_INCIDENT,Medium,Supervisor,Operations Supervisor,Operator → Supervisor
INC-05298,2025-12-09 08:30:00,CURTAILMENT_RISK_INCIDENT,Medium,Supervisor,Operations Supervisor,Operator → Supervisor
INC-05299,2025-12-09 09:00:00,CURTAILMENT_RISK_INCIDENT,Medium,Supervisor,Operations Supervisor,Operator → Supervisor
INC-05300,2025-12-09 09:30:00,CURTAILMENT_RISK_INCIDENT,Medium,Supervisor,Operations Supervisor,Operator → Supervisor
INC-05301,2025-12-09 10:00:00,CURTAILMENT_RISK_INCIDENT,Medium,Supervisor,Operations Supervisor,Operator → Supervisor
INC-05302,2025-12-09 10:30:00,CURTAILMENT_RISK_INCIDENT,Medium,Supervisor,Operations Supervisor,Operator → Supervisor
INC-05303,2025-12-09 11:00:00,CURTAILMENT_RISK_INCIDENT,Medium,Supervisor,Operations Supervisor,Operator → Supervisor
INC-05304,2025-12-09 11:30:00,CURTAILMENT_RISK_INCIDENT,Medium,Supervisor,Operations Supervisor,Operator → Supervisor
INC-05305,2025-12-09 12:00:00,CURTAILMENT_RISK_INCIDENT,Medium,Supervisor,Operations Supervisor,Operator → Supervisor
INC-05306,2025-12-09 12:30:00,CURTAILMENT_RISK_INCIDENT,Medium,Supervisor,Operations Supervisor,Operator → Supervisor
INC-05307,2025-12-09 13:00:00,CURTAILMENT_RISK_INCIDENT,Medium,Supervisor,Operations Supervisor,Operator → Supervisor
INC-05308,2025-12-09 13:30:00,CURTAILMENT_RISK_INCIDENT,Medium,Supervisor,Operations Supervisor,Operator → Supervisor
INC-05309,2025-12-09 14:00:00,CURTAILMENT_RISK_INCIDENT,Medium,Supervisor,Operations Supervisor,Operator → Supervisor
INC-05310,2025-12-09 14:30:00,CURTAILMENT_RISK_INCIDENT,Medium,Supervisor,Operations Supervisor,Operator → Supervisor
INC-05311,2025-12-09 15:00:00,CURTAILMENT_RISK_INCIDENT,Medium,Supervisor,Operations Supervisor,Operator → Supervisor
INC-05312,2025-12-09 15:30:00,CURTAILMENT_RISK_INCIDENT,Medium,Supervisor,Operations Supervisor,Operator → Supervisor
INC-05313,2025-12-09 16:00:00,CURTAILMENT_RISK_INCIDENT,Medium,Supervisor,Operations Supervisor,Operator → Supervisor
INC-05314,2025-12-09 16:30:00,CURTAILMENT_RISK_INCIDENT,Medium,Supervisor,Operations Supervisor,Operator → Supervisor
INC-05315,2025-12-09 20:30:00,CURTAILMENT_RISK_INCIDENT,Medium,Supervisor,Operations Supervisor,Operator → Supervisor
INC-05316,2025-12-09 21:00:00,CURTAILMENT_RISK_INCIDENT,Medium,Supervisor,Operations Supervisor,Operator → Supervisor
INC-05317,2025-12-09 21:30:00,CURTAILMENT_RISK_INCIDENT,Medium,Supervisor,Operations Supervisor,Operator → Supervisor
INC-05318,2025-12-09 22:00:00,CURTAILMENT_RISK_INCIDENT,Medium,Supervisor,Operations Supervisor,Operator → Supervisor
INC-05319,2025-12-09 22:30:00,CURTAILMENT_RISK_INCIDENT,Medium,Supervisor,Operations Supervisor,Operator → Supervisor
INC-05320,2025-12-09 23:00:00,CURTAILMENT_RISK_INCIDENT,Medium,Supervisor,Operations Supervisor,Operator → Supervisor
INC-05321,2025-12-09 23:30:00,CURTAILMENT_RISK_INCIDENT,Medium,Supervisor,Operations Supervisor,Operator → Supervisor
INC-05322,2025-12-10 00:00:00,CURTAILMENT_RISK_INCIDENT,Medium,Supervisor,Operations Supervisor,Operator → Supervisor
INC-05323,2025-12-10 00:30:00,CURTAILMENT_RISK_INCIDENT,Medium,Supervisor,Operations Supervisor,Operator → Supervisor
INC-05324,2025-12-10 01:00:00,CURTAILMENT_RISK_INCIDENT,Medium,Supervisor,Operations Supervisor,Operator → Supervisor
INC-05325,2025-12-10 01:30:00,CURTAILMENT_RISK_INCIDENT,Medium,Supervisor,Operations Supervisor,Operator → Supervisor
INC-05326,2025-12-10 02:00:00,CURTAILMENT_RISK_INCIDENT,Medium,Supervisor,Operations Supervisor,Operator → Supervisor
INC-05327,2025-12-10 02:30:00,CURTAILMENT_RISK_INCIDENT,Medium,Supervisor,Operations Supervisor,Operator → Supervisor
INC-05328,2025-12-10 03:00:00,CURTAILMENT_RISK_INCIDENT,Medium,Supervisor,Operations Supervisor,Operator → Supervisor
INC-05329,2025-12-10 03:30:00,CURTAILMENT_RISK_INCIDENT,Medium,Supervisor,Operations Supervisor,Operator → Supervisor
INC-05330,2025-12-10 04:00:00,CURTAILMENT_RISK_INCIDENT,Medium,Supervisor,Operations Supervisor,Operator → Supervisor
INC-05331,2025-12-10 04:30:00,CURTAILMENT_RISK_INCIDENT,Medium,Supervisor,Operations Supervisor,Operator → Supervisor
INC-05332,2025-12-10 05:00:00,CURTAILMENT_RISK_INCIDENT,Medium,Supervisor,Operations Supervisor,Operator → Supervisor
INC-05333,2025-12-10 05:30:00,CURTAILMENT_RISK_INCIDENT,Medium,Supervisor,Operations Supervisor,Operator → Supervisor
INC-05334,2025-12-10 06:00:00,CURTAILMENT_RISK_INCIDENT,Medium,Supervisor,Operations Supervisor,Operator → Supervisor
INC-05335,2025-12-10 06:30:00,CURTAILMENT_RISK_INCIDENT,Medium,Supervisor,Operations Supervisor,Operator → Supervisor
INC-05336,2025-12-10 07:00:00,CURTAILMENT_RISK_INCIDENT,Medium,Supervisor,Operations Supervisor,Operator → Supervisor
INC-05337,2025-12-10 07:30:00,CURTAILMENT_RISK_INCIDENT,Medium,Supervisor,Operations Supervisor,Operator → Supervisor
INC-05338,2025-12-10 08:00:00,CURTAILMENT_RISK_INCIDENT,Medium,Supervisor,Operations Supervisor,Operator → Supervisor
INC-05339,2025-12-10 08:30:00,CURTAILMENT_RISK_INCIDENT,Medium,Supervisor,Operations Supervisor,Operator → Supervisor
INC-05340,2025-12-10 09:00:00,CURTAILMENT_RISK_INCIDENT,Medium,Supervisor,Operations Supervisor,Operator → Supervisor
INC-05341,2025-12-10 09:30:00,CURTAILMENT_RISK_INCIDENT,Medium,Supervisor,Operations Supervisor,Operator → Supervisor
INC-05342,2025-12-10 10:00:00,CURTAILMENT_RISK_INCIDENT,Medium,Supervisor,Operations Supervisor,Operator → Supervisor
INC-05343,2025-12-10 10:30:00,CURTAILMENT_RISK_INCIDENT,Medium,Supervisor,Operations Supervisor,Operator → Supervisor
INC-05344,2025-12-10 11:00:00,CURTAILMENT_RISK_INCIDENT,Medium,Supervisor,Operations Supervisor,Operator → Supervisor
INC-05345,2025-12-10 11:30:00,CURTAILMENT_RISK_INCIDENT,Medium,Supervisor,Operations Supervisor,Operator → Supervisor
INC-05346,2025-12-10 12:00:00,CURTAILMENT_RISK_INCIDENT,Medium,Supervisor,Operations Supervisor,Operator → Supervisor
INC-05347,2025-12-10 12:30:00,CURTAILMENT_RISK_INCIDENT,Medium,Supervisor,Operations Supervisor,Operator → Supervisor
INC-05348,2025-12-10 13:00:00,CURTAILMENT_RISK_INCIDENT,Medium,Supervisor,Operations Supervisor,Operator → Supervisor
INC-05349,2025-12-10 13:30:00,CURTAILMENT_RISK_INCIDENT,Medium,Supervisor,Operations Supervisor,Operator → Supervisor
INC-05350,2025-12-10 14:00:00,CURTAILMENT_RISK_INCIDENT,Medium,Supervisor,Operations Supervisor,Operator → Supervisor
INC-05351,2025-12-10 14:30:00,CURTAILMENT_RISK_INCIDENT,Medium,Supervisor,Operations Supervisor,Operator → Supervisor
INC-05352,2025-12-10 15:00:00,CURTAILMENT_RISK_INCIDENT,Medium,Supervisor,Operations Supervisor,Operator → Supervisor
INC-05353,2025-12-10 15:30:00,CURTAILMENT_RISK_INCIDENT,Medium,Supervisor,Operations Supervisor,Operator → Supervisor
INC-05354,2025-12-10 16:00:00,CURTAILMENT_RISK_INCIDENT,Medium,Supervisor,Operations Supervisor,Operator → Supervisor
INC-05355,2025-12-10 21:30:00,CURTAILMENT_RISK_INCIDENT,Medium,Supervisor,Operations Supervisor,Operator → Supervisor
INC-05356,2025-12-11 07:30:00,CURTAILMENT_RISK_INCIDENT,Medium,Supervisor,Operations Supervisor,Operator → Supervisor
INC-05357,2025-12-11 08:30:00,CURTAILMENT_RISK_INCIDENT,Medium,Supervisor,Operations Supervisor,Operator → Supervisor
INC-05358,2025-12-11 09:00:00,CURTAILMENT_RISK_INCIDENT,Medium,Supervisor,Operations Supervisor,Operator → Supervisor
INC-05359,2025-12-11 09:30:00,CURTAILMENT_RISK_INCIDENT,Medium,Supervisor,Operations Supervisor,Operator → Supervisor
INC-05360,2025-12-11 10:00:00,CURTAILMENT_RISK_INCIDENT,Medium,Supervisor,Operations Supervisor,Operator → Supervisor
INC-05361,2025-12-11 10:30:00,CURTAILMENT_RISK_INCIDENT,Medium,Supervisor,Operations Supervisor,Operator → Supervisor
INC-05362,2025-12-11 11:00:00,CURTAILMENT_RISK_INCIDENT,Medium,Supervisor,Operations Supervisor,Operator → Supervisor
INC-05363,2025-12-11 11:30:00,CURTAILMENT_RISK_INCIDENT,Medium,Supervisor,Operations Supervisor,Operator → Supervisor
INC-05364,2025-12-11 12:00:00,CURTAILMENT_RISK_INCIDENT,Medium,Supervisor,Operations Supervisor,Operator → Supervisor
INC-05365,2025-12-11 12:30:00,CURTAILMENT_RISK_INCIDENT,Medium,Supervisor,Operations Supervisor,Operator → Supervisor
INC-05366,2025-12-11 13:00:00,CURTAILMENT_RISK_INCIDENT,Medium,Supervisor,Operations Supervisor,Operator → Supervisor
INC-05367,2025-12-11 13:30:00,CURTAILMENT_RISK_INCIDENT,Medium,Supervisor,Operations Supervisor,Operator → Supervisor
INC-05368,2025-12-11 14:00:00,CURTAILMENT_RISK_INCIDENT,Medium,Supervisor,Operations Supervisor,Operator → Supervisor
INC-05369,2025-12-12 06:00:00,OPERATIONAL_RISK_INCIDENT,High,Regional Controller,Regional Leadership,Operator → Supervisor → Regional Controller
INC-05370,2025-12-12 07:30:00,OPERATIONAL_RISK_INCIDENT,High,Regional Controller,Regional Leadership,Operator → Supervisor → Regional Controller
INC-05371,2025-12-12 08:00:00,OPERATIONAL_RISK_INCIDENT,High,Regional Controller,Regional Leadership,Operator → Supervisor → Regional Controller
INC-05372,2025-12-12 08:30:00,OPERATIONAL_RISK_INCIDENT,High,Regional Controller,Regional Leadership,Operator → Supervisor → Regional Controller
INC-05373,2025-12-12 09:00:00,OPERATIONAL_RISK_INCIDENT,High,Regional Controller,Regional Leadership,Operator → Supervisor → Regional Controller
INC-05374,2025-12-13 11:30:00,CURTAILMENT_RISK_INCIDENT,Medium,Supervisor,Operations Supervisor,Operator → Supervisor
INC-05375,2025-12-13 12:00:00,CURTAILMENT_RISK_INCIDENT,Medium,Supervisor,Operations Supervisor,Operator → Supervisor
INC-05376,2025-12-13 12:30:00,CURTAILMENT_RISK_INCIDENT,Medium,Supervisor,Operations Supervisor,Operator → Supervisor
INC-05377,2025-12-13 20:30:00,CURTAILMENT_RISK_INCIDENT,Medium,Supervisor,Operations Supervisor,Operator → Supervisor
INC-05378,2025-12-14 04:00:00,OVER_GENERATION_INCIDENT,Low,Operator,Operations Team,Operator
INC-05379,2025-12-14 04:30:00,OVER_GENERATION_INCIDENT,Low,Operator,Operations Team,Operator
INC-05380,2025-12-14 05:00:00,OVER_GENERATION_INCIDENT,Low,Operator,Operations Team,Operator
INC-05381,2025-12-14 05:30:00,OVER_GENERATION_INCIDENT,Low,Operator,Operations Team,Operator
INC-05382,2025-12-14 09:00:00,CURTAILMENT_RISK_INCIDENT,Medium,Supervisor,Operations Supervisor,Operator → Supervisor
INC-05383,2025-12-14 09:30:00,CURTAILMENT_RISK_INCIDENT,Medium,Supervisor,Operations Supervisor,Operator → Supervisor
INC-05384,2025-12-14 10:00:00,CURTAILMENT_RISK_INCIDENT,Medium,Supervisor,Operations Supervisor,Operator → Supervisor
INC-05385,2025-12-14 10:30:00,CURTAILMENT_RISK_INCIDENT,Medium,Supervisor,Operations Supervisor,Operator → Supervisor
INC-05386,2025-12-14 11:00:00,CURTAILMENT_RISK_INCIDENT,Medium,Supervisor,Operations Supervisor,Operator → Supervisor
INC-05387,2025-12-14 11:30:00,CURTAILMENT_RISK_INCIDENT,Medium,Supervisor,Operations Supervisor,Operator → Supervisor
INC-05388,2025-12-14 12:00:00,CURTAILMENT_RISK_INCIDENT,Medium,Supervisor,Operations Supervisor,Operator → Supervisor
INC-05389,2025-12-14 12:30:00,CURTAILMENT_RISK_INCIDENT,Medium,Supervisor,Operations Supervisor,Operator → Supervisor
INC-05390,2025-12-14 13:00:00,CURTAILMENT_RISK_INCIDENT,Medium,Supervisor,Operations Supervisor,Operator → Supervisor
INC-05391,2025-12-14 13:30:00,CURTAILMENT_RISK_INCIDENT,Medium,Supervisor,Operations Supervisor,Operator → Supervisor
INC-05392,2025-12-14 14:00:00,CURTAILMENT_RISK_INCIDENT,Medium,Supervisor,Operations Supervisor,Operator → Supervisor
INC-05393,2025-12-14 14:30:00,CURTAILMENT_RISK_INCIDENT,Medium,Supervisor,Operations Supervisor,Operator → Supervisor
INC-05394,2025-12-14 15:00:00,CURTAILMENT_RISK_INCIDENT,Medium,Supervisor,Operations Supervisor,Operator → Supervisor
INC-05395,2025-12-14 15:30:00,CURTAILMENT_RISK_INCIDENT,Medium,Supervisor,Operations Supervisor,Operator → Supervisor
INC-05396,2025-12-14 16:00:00,CURTAILMENT_RISK_INCIDENT,Medium,Supervisor,Operations Supervisor,Operator → Supervisor
INC-05397,2025-12-14 16:30:00,CURTAILMENT_RISK_INCIDENT,Medium,Supervisor,Operations Supervisor,Operator → Supervisor
INC-05398,2025-12-14 18:30:00,CURTAILMENT_RISK_INCIDENT,Medium,Supervisor,Operations Supervisor,Operator → Supervisor
INC-05399,2025-12-14 19:00:00,CURTAILMENT_RISK_INCIDENT,Medium,Supervisor,Operations Supervisor,Operator → Supervisor
INC-05400,2025-12-14 19:30:00,CURTAILMENT_RISK_INCIDENT,Medium,Supervisor,Operations Supervisor,Operator → Supervisor
INC-05401,2025-12-14 20:00:00,CURTAILMENT_RISK_INCIDENT,Medium,Supervisor,Operations Supervisor,Operator → Supervisor
INC-05402,2025-12-14 20:30:00,CURTAILMENT_RISK_INCIDENT,Medium,Supervisor,Operations Supervisor,Operator → Supervisor
INC-05403,2025-12-14 21:00:00,CURTAILMENT_RISK_INCIDENT,Medium,Supervisor,Operations Supervisor,Operator → Supervisor
INC-05404,2025-12-14 21:30:00,CURTAILMENT_RISK_INCIDENT,Medium,Supervisor,Operations Supervisor,Operator → Supervisor
INC-05405,2025-12-14 22:00:00,CURTAILMENT_RISK_INCIDENT,Medium,Supervisor,Operations Supervisor,Operator → Supervisor
INC-05406,2025-12-14 22:30:00,CURTAILMENT_RISK_INCIDENT,Medium,Supervisor,Operations Supervisor,Operator → Supervisor
INC-05407,2025-12-14 23:00:00,CURTAILMENT_RISK_INCIDENT,Medium,Supervisor,Operations Supervisor,Operator → Supervisor
INC-05408,2025-12-16 06:30:00,SUSTAINABILITY_INCIDENT,Medium,Supervisor,Operations Supervisor,Operator → Supervisor
INC-05409,2025-12-16 07:00:00,SUSTAINABILITY_INCIDENT,Medium,Supervisor,Operations Supervisor,Operator → Supervisor
INC-05410,2025-12-16 07:30:00,SUSTAINABILITY_INCIDENT,Medium,Supervisor,Operations Supervisor,Operator → Supervisor
INC-05411,2025-12-16 08:00:00,SUSTAINABILITY_INCIDENT,Medium,Supervisor,Operations Supervisor,Operator → Supervisor
INC-05412,2025-12-16 08:30:00,SUSTAINABILITY_INCIDENT,Medium,Supervisor,Operations Supervisor,Operator → Supervisor
INC-05413,2025-12-16 09:00:00,SUSTAINABILITY_INCIDENT,Medium,Supervisor,Operations Supervisor,Operator → Supervisor
INC-05414,2025-12-16 09:30:00,SUSTAINABILITY_INCIDENT,Medium,Supervisor,Operations Supervisor,Operator → Supervisor
INC-05415,2025-12-16 16:00:00,PEAK_LOAD_EMISSIONS_INCIDENT,High,Regional Controller,Regional Leadership,Operator → Supervisor → Regional Controller
INC-05416,2025-12-16 16:30:00,PEAK_LOAD_EMISSIONS_INCIDENT,High,Regional Controller,Regional Leadership,Operator → Supervisor → Regional Controller
INC-05417,2025-12-16 17:00:00,PEAK_LOAD_EMISSIONS_INCIDENT,High,Regional Controller,Regional Leadership,Operator → Supervisor → Regional Controller
INC-05418,2025-12-16 17:30:00,SUSTAINABILITY_INCIDENT,Medium,Supervisor,Operations Supervisor,Operator → Supervisor
INC-05419,2025-12-16 17:30:00,PEAK_LOAD_EMISSIONS_INCIDENT,High,Regional Controller,Regional Leadership,Operator → Supervisor → Regional Controller
INC-05420,2025-12-16 18:00:00,SUSTAINABILITY_INCIDENT,Medium,Supervisor,Operations Supervisor,Operator → Supervisor
INC-05421,2025-12-16 18:00:00,PEAK_LOAD_EMISSIONS_INCIDENT,High,Regional Controller,Regional Leadership,Operator → Supervisor → Regional Controller
INC-05422,2025-12-16 18:30:00,PEAK_LOAD_EMISSIONS_INCIDENT,High,Regional Controller,Regional Leadership,Operator → Supervisor → Regional Controller
INC-05423,2025-12-16 19:00:00,PEAK_LOAD_EMISSIONS_INCIDENT,High,Regional Controller,Regional Leadership,Operator → Supervisor → Regional Controller
INC-05424,2025-12-16 19:30:00,PEAK_LOAD_EMISSIONS_INCIDENT,High,Regional Controller,Regional Leadership,Operator → Supervisor → Regional Controller
INC-05425,2025-12-17 11:00:00,CURTAILMENT_RISK_INCIDENT,Medium,Supervisor,Operations Supervisor,Operator → Supervisor
INC-05426,2025-12-17 11:30:00,CURTAILMENT_RISK_INCIDENT,Medium,Supervisor,Operations Supervisor,Operator → Supervisor
INC-05427,2025-12-17 12:00:00,CURTAILMENT_RISK_INCIDENT,Medium,Supervisor,Operations Supervisor,Operator → Supervisor
INC-05428,2025-12-17 12:30:00,CURTAILMENT_RISK_INCIDENT,Medium,Supervisor,Operations Supervisor,Operator → Supervisor
INC-05429,2025-12-17 13:00:00,CURTAILMENT_RISK_INCIDENT,Medium,Supervisor,Operations Supervisor,Operator → Supervisor
INC-05430,2025-12-17 13:30:00,CURTAILMENT_RISK_INCIDENT,Medium,Supervisor,Operations Supervisor,Operator → Supervisor
INC-05431,2025-12-17 14:00:00,CURTAILMENT_RISK_INCIDENT,Medium,Supervisor,Operations Supervisor,Operator → Supervisor
INC-05432,2025-12-17 14:30:00,CURTAILMENT_RISK_INCIDENT,Medium,Supervisor,Operations Supervisor,Operator → Supervisor
INC-05433,2025-12-17 15:00:00,CURTAILMENT_RISK_INCIDENT,Medium,Supervisor,Operations Supervisor,Operator → Supervisor
INC-05434,2025-12-17 15:30:00,CURTAILMENT_RISK_INCIDENT,Medium,Supervisor,Operations Supervisor,Operator → Supervisor
INC-05435,2025-12-17 16:00:00,CURTAILMENT_RISK_INCIDENT,Medium,Supervisor,Operations Supervisor,Operator → Supervisor
INC-05436,2025-12-17 16:30:00,CURTAILMENT_RISK_INCIDENT,Medium,Supervisor,Operations Supervisor,Operator → Supervisor
INC-05437,2025-12-17 16:30:00,RENEWABLE_SUPPORT_INCIDENT,Low,Operator,Operations Team,Operator
INC-05438,2025-12-17 17:00:00,CURTAILMENT_RISK_INCIDENT,Medium,Supervisor,Operations Supervisor,Operator → Supervisor
INC-05439,2025-12-17 17:00:00,RENEWABLE_SUPPORT_INCIDENT,Low,Operator,Operations Team,Operator
INC-05440,2025-12-17 17:30:00,CURTAILMENT_RISK_INCIDENT,Medium,Supervisor,Operations Supervisor,Operator → Supervisor
INC-05441,2025-12-17 17:30:00,RENEWABLE_SUPPORT_INCIDENT,Low,Operator,Operations Team,Operator
INC-05442,2025-12-17 18:00:00,CURTAILMENT_RISK_INCIDENT,Medium,Supervisor,Operations Supervisor,Operator → Supervisor
INC-05443,2025-12-17 18:00:00,RENEWABLE_SUPPORT_INCIDENT,Low,Operator,Operations Team,Operator
INC-05444,2025-12-17 18:30:00,CURTAILMENT_RISK_INCIDENT,Medium,Supervisor,Operations Supervisor,Operator → Supervisor
INC-05445,2025-12-17 19:00:00,CURTAILMENT_RISK_INCIDENT,Medium,Supervisor,Operations Supervisor,Operator → Supervisor
INC-05446,2025-12-17 19:30:00,CURTAILMENT_RISK_INCIDENT,Medium,Supervisor,Operations Supervisor,Operator → Supervisor
INC-05447,2025-12-17 20:00:00,CURTAILMENT_RISK_INCIDENT,Medium,Supervisor,Operations Supervisor,Operator → Supervisor
INC-05448,2025-12-18 01:30:00,CURTAILMENT_RISK_INCIDENT,Medium,Supervisor,Operations Supervisor,Operator → Supervisor
INC-05449,2025-12-18 02:00:00,CURTAILMENT_RISK_INCIDENT,Medium,Supervisor,Operations Supervisor,Operator → Supervisor
INC-05450,2025-12-18 02:30:00,CURTAILMENT_RISK_INCIDENT,Medium,Supervisor,Operations Supervisor,Operator → Supervisor
INC-05451,2025-12-18 17:30:00,RENEWABLE_SUPPORT_INCIDENT,Low,Operator,Operations Team,Operator
INC-05452,2025-12-18 18:00:00,RENEWABLE_SUPPORT_INCIDENT,Low,Operator,Operations Team,Operator
INC-05453,2025-12-19 09:00:00,CURTAILMENT_RISK_INCIDENT,Medium,Supervisor,Operations Supervisor,Operator → Supervisor
INC-05454,2025-12-19 09:30:00,CURTAILMENT_RISK_INCIDENT,Medium,Supervisor,Operations Supervisor,Operator → Supervisor
INC-05455,2025-12-19 10:00:00,CURTAILMENT_RISK_INCIDENT,Medium,Supervisor,Operations Supervisor,Operator → Supervisor
INC-05456,2025-12-19 10:30:00,CURTAILMENT_RISK_INCIDENT,Medium,Supervisor,Operations Supervisor,Operator → Supervisor
INC-05457,2025-12-19 11:00:00,CURTAILMENT_RISK_INCIDENT,Medium,Supervisor,Operations Supervisor,Operator → Supervisor
INC-05458,2025-12-19 11:30:00,CURTAILMENT_RISK_INCIDENT,Medium,Supervisor,Operations Supervisor,Operator → Supervisor
INC-05459,2025-12-19 12:00:00,CURTAILMENT_RISK_INCIDENT,Medium,Supervisor,Operations Supervisor,Operator → Supervisor
INC-05460,2025-12-19 12:30:00,CURTAILMENT_RISK_INCIDENT,Medium,Supervisor,Operations Supervisor,Operator → Supervisor
INC-05461,2025-12-19 13:00:00,CURTAILMENT_RISK_INCIDENT,Medium,Supervisor,Operations Supervisor,Operator → Supervisor
INC-05462,2025-12-19 13:30:00,CURTAILMENT_RISK_INCIDENT,Medium,Supervisor,Operations Supervisor,Operator → Supervisor
INC-05463,2025-12-19 14:00:00,CURTAILMENT_RISK_INCIDENT,Medium,Supervisor,Operations Supervisor,Operator → Supervisor
INC-05464,2025-12-19 14:30:00,CURTAILMENT_RISK_INCIDENT,Medium,Supervisor,Operations Supervisor,Operator → Supervisor
INC-05465,2025-12-25 10:30:00,CURTAILMENT_RISK_INCIDENT,Medium,Supervisor,Operations Supervisor,Operator → Supervisor
INC-05466,2025-12-25 11:00:00,CURTAILMENT_RISK_INCIDENT,Medium,Supervisor,Operations Supervisor,Operator → Supervisor
INC-05467,2025-12-25 11:30:00,CURTAILMENT_RISK_INCIDENT,Medium,Supervisor,Operations Supervisor,Operator → Supervisor
INC-05468,2025-12-25 12:00:00,CURTAILMENT_RISK_INCIDENT,Medium,Supervisor,Operations Supervisor,Operator → Supervisor
INC-05469,2025-12-25 12:30:00,CURTAILMENT_RISK_INCIDENT,Medium,Supervisor,Operations Supervisor,Operator → Supervisor
INC-05470,2025-12-25 13:00:00,CURTAILMENT_RISK_INCIDENT,Medium,Supervisor,Operations Supervisor,Operator → Supervisor
INC-05471,2025-12-25 13:30:00,CURTAILMENT_RISK_INCIDENT,Medium,Supervisor,Operations Supervisor,Operator → Supervisor
INC-05472,2025-12-28 09:00:00,SUSTAINABILITY_INCIDENT,Medium,Supervisor,Operations Supervisor,Operator → Supervisor
INC-05473,2025-12-28 09:30:00,SUSTAINABILITY_INCIDENT,Medium,Supervisor,Operations Supervisor,Operator → Supervisor
INC-05474,2025-12-28 10:00:00,SUSTAINABILITY_INCIDENT,Medium,Supervisor,Operations Supervisor,Operator → Supervisor
INC-05475,2025-12-28 10:30:00,SUSTAINABILITY_INCIDENT,Medium,Supervisor,Operations Supervisor,Operator → Supervisor
INC-05476,2025-12-28 11:00:00,SUSTAINABILITY_INCIDENT,Medium,Supervisor,Operations Supervisor,Operator → Supervisor
INC-05477,2025-12-28 11:30:00,SUSTAINABILITY_INCIDENT,Medium,Supervisor,Operations Supervisor,Operator → Supervisor
INC-05478,2025-12-28 11:30:00,OPERATIONAL_RISK_INCIDENT,High,Regional Controller,Regional Leadership,Operator → Supervisor → Regional Controller
INC-05479,2025-12-28 12:00:00,SUSTAINABILITY_INCIDENT,Medium,Supervisor,Operations Supervisor,Operator → Supervisor
INC-05480,2025-12-28 12:00:00,OPERATIONAL_RISK_INCIDENT,High,Regional Controller,Regional Leadership,Operator → Supervisor → Regional Controller
INC-05481,2025-12-28 12:30:00,SUSTAINABILITY_INCIDENT,Medium,Supervisor,Operations Supervisor,Operator → Supervisor
INC-05482,2025-12-28 12:30:00,OPERATIONAL_RISK_INCIDENT,High,Regional Controller,Regional Leadership,Operator → Supervisor → Regional Controller
INC-05483,2025-12-28 13:00:00,SUSTAINABILITY_INCIDENT,Medium,Supervisor,Operations Supervisor,Operator → Supervisor
INC-05484,2025-12-28 13:00:00,OPERATIONAL_RISK_INCIDENT,High,Regional Controller,Regional Leadership,Operator → Supervisor → Regional Controller
INC-05485,2025-12-28 13:30:00,SUSTAINABILITY_INCIDENT,Medium,Supervisor,Operations Supervisor,Operator → Supervisor
INC-05486,2025-12-28 13:30:00,OPERATIONAL_RISK_INCIDENT,High,Regional Controller,Regional Leadership,Operator → Supervisor → Regional Controller
INC-05487,2025-12-28 14:00:00,SUSTAINABILITY_INCIDENT,Medium,Supervisor,Operations Supervisor,Operator → Supervisor
INC-05488,2025-12-28 14:00:00,OPERATIONAL_RISK_INCIDENT,High,Regional Controller,Regional Leadership,Operator → Supervisor → Regional Controller
INC-05489,2025-12-28 14:30:00,SUSTAINABILITY_INCIDENT,Medium,Supervisor,Operations Supervisor,Operator → Supervisor
INC-05490,2025-12-28 14:30:00,OPERATIONAL_RISK_INCIDENT,High,Regional Controller,Regional Leadership,Operator → Supervisor → Regional Controller
INC-05491,2025-12-28 15:00:00,SUSTAINABILITY_INCIDENT,Medium,Supervisor,Operations Supervisor,Operator → Supervisor
INC-05492,2025-12-28 15:00:00,OPERATIONAL_RISK_INCIDENT,High,Regional Controller,Regional Leadership,Operator → Supervisor → Regional Controller
INC-05493,2025-12-28 15:30:00,SUSTAINABILITY_INCIDENT,Medium,Supervisor,Operations Supervisor,Operator → Supervisor
INC-05494,2025-12-28 16:00:00,SUSTAINABILITY_INCIDENT,Medium,Supervisor,Operations Supervisor,Operator → Supervisor
INC-05495,2025-12-28 16:30:00,SUSTAINABILITY_INCIDENT,Medium,Supervisor,Operations Supervisor,Operator → Supervisor
INC-05496,2025-12-28 16:30:00,OPERATIONAL_RISK_INCIDENT,High,Regional Controller,Regional Leadership,Operator → Supervisor → Regional Controller
INC-05497,2025-12-28 17:00:00,SUSTAINABILITY_INCIDENT,Medium,Supervisor,Operations Supervisor,Operator → Supervisor
INC-05498,2025-12-28 17:30:00,SUSTAINABILITY_INCIDENT,Medium,Supervisor,Operations Supervisor,Operator → Supervisor
INC-05499,2025-12-28 18:00:00,SUSTAINABILITY_INCIDENT,Medium,Supervisor,Operations Supervisor,Operator → Supervisor
INC-05500,2025-12-28 18:30:00,SUSTAINABILITY_INCIDENT,Medium,Supervisor,Operations Supervisor,Operator → Supervisor
INC-05501,2025-12-28 19:00:00,SUSTAINABILITY_INCIDENT,Medium,Supervisor,Operations Supervisor,Operator → Supervisor
INC-05502,2025-12-28 19:30:00,SUSTAINABILITY_INCIDENT,Medium,Supervisor,Operations Supervisor,Operator → Supervisor
INC-05503,2025-12-28 20:00:00,SUSTAINABILITY_INCIDENT,Medium,Supervisor,Operations Supervisor,Operator → Supervisor
INC-05504,2025-12-28 20:30:00,SUSTAINABILITY_INCIDENT,Medium,Supervisor,Operations Supervisor,Operator → Supervisor
INC-05505,2025-12-28 21:00:00,SUSTAINABILITY_INCIDENT,Medium,Supervisor,Operations Supervisor,Operator → Supervisor
INC-05506,2025-12-28 21:30:00,SUSTAINABILITY_INCIDENT,Medium,Supervisor,Operations Supervisor,Operator → Supervisor
INC-05507,2025-12-28 22:00:00,SUSTAINABILITY_INCIDENT,Medium,Supervisor,Operations Supervisor,Operator → Supervisor
INC-05508,2025-12-28 22:30:00,SUSTAINABILITY_INCIDENT,Medium,Supervisor,Operations Supervisor,Operator → Supervisor
INC-05509,2025-12-29 07:00:00,SUSTAINABILITY_INCIDENT,Medium,Supervisor,Operations Supervisor,Operator → Supervisor
INC-05510,2025-12-29 07:30:00,SUSTAINABILITY_INCIDENT,Medium,Supervisor,Operations Supervisor,Operator → Supervisor
INC-05511,2025-12-29 08:00:00,SUSTAINABILITY_INCIDENT,Medium,Supervisor,Operations Supervisor,Operator → Supervisor
INC-05512,2025-12-29 08:30:00,SUSTAINABILITY_INCIDENT,Medium,Supervisor,Operations Supervisor,Operator → Supervisor
INC-05513,2025-12-29 09:00:00,SUSTAINABILITY_INCIDENT,Medium,Supervisor,Operations Supervisor,Operator → Supervisor
INC-05514,2025-12-29 09:30:00,SUSTAINABILITY_INCIDENT,Medium,Supervisor,Operations Supervisor,Operator → Supervisor
INC-05515,2025-12-29 10:00:00,SUSTAINABILITY_INCIDENT,Medium,Supervisor,Operations Supervisor,Operator → Supervisor
INC-05516,2025-12-29 10:30:00,SUSTAINABILITY_INCIDENT,Medium,Supervisor,Operations Supervisor,Operator → Supervisor
INC-05517,2025-12-29 11:00:00,SUSTAINABILITY_INCIDENT,Medium,Supervisor,Operations Supervisor,Operator → Supervisor
INC-05518,2025-12-29 11:30:00,SUSTAINABILITY_INCIDENT,Medium,Supervisor,Operations Supervisor,Operator → Supervisor
INC-05519,2025-12-29 12:00:00,SUSTAINABILITY_INCIDENT,Medium,Supervisor,Operations Supervisor,Operator → Supervisor
INC-05520,2025-12-29 12:30:00,SUSTAINABILITY_INCIDENT,Medium,Supervisor,Operations Supervisor,Operator → Supervisor
INC-05521,2025-12-29 13:00:00,SUSTAINABILITY_INCIDENT,Medium,Supervisor,Operations Supervisor,Operator → Supervisor
INC-05522,2025-12-30 16:30:00,PEAK_LOAD_EMISSIONS_INCIDENT,High,Regional Controller,Regional Leadership,Operator → Supervisor → Regional Controller
INC-05523,2025-12-30 17:00:00,PEAK_LOAD_EMISSIONS_INCIDENT,High,Regional Controller,Regional Leadership,Operator → Supervisor → Regional Controller
INC-05524,2025-12-30 17:30:00,PEAK_LOAD_EMISSIONS_INCIDENT,High,Regional Controller,Regional Leadership,Operator → Supervisor → Regional Controller
INC-05525,2025-12-30 18:00:00,PEAK_LOAD_EMISSIONS_INCIDENT,High,Regional Controller,Regional Leadership,Operator → Supervisor → Regional Controller
INC-05526,2025-12-30 18:30:00,PEAK_LOAD_EMISSIONS_INCIDENT,High,Regional Controller,Regional Leadership,Operator → Supervisor → Regional Controller
