timestamp,event_type,incident_id,details
2025-01-01 00:00:00,Incident Created,INC-00001,CURTAILMENT_RISK_INCIDENT
2025-01-01 00:00:00,Escalated,INC-00001,Supervisor
2025-01-01 00:30:00,Incident Created,INC-00002,CURTAILMENT_RISK_INCIDENT
2025-01-01 00:30:00,Escalated,INC-00002,Supervisor
2025-01-01 01:00:00,Incident Created,INC-00003,CURTAILMENT_RISK_INCIDENT
2025-01-01 01:00:00,Escalated,INC-00003,Supervisor
2025-01-01 01:30:00,Escalated,INC-00004,Supervisor
2025-01-01 01:30:00,Incident Created,INC-00004,CURTAILMENT_RISK_INCIDENT
2025-01-01 02:00:00,Resolved,INC-00001,Incident Closed
2025-01-01 02:00:00,Incident Created,INC-00005,CURTAILMENT_RISK_INCIDENT
2025-01-01 02:00:00,Escalated,INC-00005,Supervisor
2025-01-01 02:30:00,Resolved,INC-00002,Incident Closed
2025-01-01 02:30:00,Escalated,INC-00006,Supervisor
2025-01-01 02:30:00,Incident Created,INC-00006,CURTAILMENT_RISK_INCIDENT
2025-01-01 03:00:00,Resolved,INC-00003,Incident Closed
2025-01-01 03:00:00,Escalated,INC-00007,Operator
2025-01-01 03:00:00,Incident Created,INC-00007,OVER_GENERATION_INCIDENT
2025-01-01 03:00:00,Incident Created,INC-00008,CURTAILMENT_RISK_INCIDENT
2025-01-01 03:00:00,Escalated,INC-00008,Supervisor
2025-01-01 03:30:00,Resolved,INC-00004,Incident Closed
2025-01-01 03:30:00,Incident Created,INC-00009,OVER_GENERATION_INCIDENT
2025-01-01 03:30:00,Escalated,INC-00009,Operator
2025-01-01 03:30:00,Escalated,INC-00010,Supervisor
2025-01-01 03:30:00,Incident Created,INC-00010,CURTAILMENT_RISK_INCIDENT
2025-01-01 04:00:00,Resolved,INC-00005,Incident Closed
2025-01-01 04:00:00,Escalated,INC-00011,Operator
2025-01-01 04:00:00,Incident Created,INC-00011,OVER_GENERATION_INCIDENT
2025-01-01 04:00:00,Incident Created,INC-00012,CURTAILMENT_RISK_INCIDENT
2025-01-01 04:00:00,Escalated,INC-00012,Supervisor
2025-01-01 04:30:00,Resolved,INC-00006,Incident Closed
2025-01-01 04:30:00,Incident Created,INC-00013,OVER_GENERATION_INCIDENT
2025-01-01 04:30:00,Escalated,INC-00013,Operator
2025-01-01 05:00:00,Resolved,INC-00007,Incident Closed
2025-01-01 05:00:00,Resolved,INC-00008,Incident Closed
2025-01-01 05:00:00,Escalated,INC-00014,Operator
2025-01-01 05:00:00,Incident Created,INC-00014,OVER_GENERATION_INCIDENT
2025-01-01 05:30:00,Resolved,INC-00009,Incident Closed
2025-01-01 05:30:00,Resolved,INC-00010,Incident Closed
2025-01-01 05:30:00,Escalated,INC-00015,Operator
2025-01-01 05:30:00,Incident Created,INC-00015,OVER_GENERATION_INCIDENT
2025-01-01 06:00:00,Resolved,INC-00011,Incident Closed
2025-01-01 06:00:00,Resolved,INC-00012,Incident Closed
2025-01-01 06:00:00,Escalated,INC-00016,Operator
2025-01-01 06:00:00,Incident Created,INC-00016,OVER_GENERATION_INCIDENT
2025-01-01 06:30:00,Resolved,INC-00013,Incident Closed
2025-01-01 06:30:00,Escalated,INC-00017,Operator
2025-01-01 06:30:00,Incident Created,INC-00017,OVER_GENERATION_INCIDENT
2025-01-01 07:00:00,Resolved,INC-00014,Incident Closed
2025-01-01 07:30:00,Resolved,INC-00015,Incident Closed
2025-01-01 08:00:00,Resolved,INC-00016,Incident Closed
2025-01-01 08:30:00,Resolved,INC-00017,Incident Closed
2025-01-01 09:30:00,Incident Created,INC-00018,CURTAILMENT_RISK_INCIDENT
2025-01-01 09:30:00,Escalated,INC-00018,Supervisor
2025-01-01 10:00:00,Escalated,INC-00019,Supervisor
2025-01-01 10:00:00,Incident Created,INC-00019,CURTAILMENT_RISK_INCIDENT
2025-01-01 10:30:00,Incident Created,INC-00020,CURTAILMENT_RISK_INCIDENT
2025-01-01 10:30:00,Escalated,INC-00020,Supervisor
2025-01-01 11:00:00,Incident Created,INC-00021,CURTAILMENT_RISK_INCIDENT
2025-01-01 11:00:00,Escalated,INC-00021,Supervisor
2025-01-01 11:30:00,Resolved,INC-00018,Incident Closed
2025-01-01 11:30:00,Incident Created,INC-00022,CURTAILMENT_RISK_INCIDENT
2025-01-01 11:30:00,Escalated,INC-00022,Supervisor
2025-01-01 12:00:00,Resolved,INC-00019,Incident Closed
2025-01-01 12:00:00,Escalated,INC-00023,Supervisor
2025-01-01 12:00:00,Incident Created,INC-00023,CURTAILMENT_RISK_INCIDENT
2025-01-01 12:30:00,Resolved,INC-00020,Incident Closed
2025-01-01 13:00:00,Resolved,INC-00021,Incident Closed
2025-01-01 13:30:00,Resolved,INC-00022,Incident Closed
2025-01-01 14:00:00,Resolved,INC-00023,Incident Closed
2025-01-02 15:30:00,Escalated,INC-00024,Regional Controller
2025-01-02 15:30:00,Incident Created,INC-00024,FORECAST_RISK_INCIDENT
2025-01-02 16:00:00,Escalated,INC-00025,Regional Controller
2025-01-02 16:00:00,Incident Created,INC-00025,FORECAST_RISK_INCIDENT
2025-01-02 17:30:00,Resolved,INC-00024,Incident Closed
2025-01-02 17:30:00,Escalated,INC-00026,Regional Controller
2025-01-02 17:30:00,Incident Created,INC-00026,FORECAST_RISK_INCIDENT
2025-01-02 18:00:00,Resolved,INC-00025,Incident Closed
2025-01-02 18:00:00,Incident Created,INC-00027,FORECAST_RISK_INCIDENT
2025-01-02 18:00:00,Escalated,INC-00027,Regional Controller
2025-01-02 18:30:00,Incident Created,INC-00028,FORECAST_RISK_INCIDENT
2025-01-02 18:30:00,Escalated,INC-00028,Regional Controller
2025-01-02 19:00:00,Incident Created,INC-00029,FORECAST_RISK_INCIDENT
2025-01-02 19:00:00,Escalated,INC-00029,Regional Controller
2025-01-02 19:30:00,Resolved,INC-00026,Incident Closed
2025-01-02 19:30:00,Escalated,INC-00030,Regional Controller
2025-01-02 19:30:00,Incident Created,INC-00030,FORECAST_RISK_INCIDENT
2025-01-02 20:00:00,Resolved,INC-00027,Incident Closed
2025-01-02 20:30:00,Resolved,INC-00028,Incident Closed
2025-01-02 21:00:00,Resolved,INC-00029,Incident Closed
2025-01-02 21:30:00,Resolved,INC-00030,Incident Closed
2025-01-03 17:30:00,Escalated,INC-00031,Regional Controller
2025-01-03 17:30:00,Incident Created,INC-00031,PEAK_LOAD_EMISSIONS_INCIDENT
2025-01-03 18:00:00,Escalated,INC-00032,Executive
2025-01-03 18:00:00,Incident Created,INC-00032,GRID_STRESS_INCIDENT
2025-01-03 18:00:00,Escalated,INC-00033,Supervisor
2025-01-03 18:00:00,Incident Created,INC-00033,SUSTAINABILITY_INCIDENT
2025-01-03 18:00:00,Escalated,INC-00034,Regional Controller
2025-01-03 18:00:00,Incident Created,INC-00034,PEAK_LOAD_EMISSIONS_INCIDENT
2025-01-03 18:30:00,Escalated,INC-00035,Executive
2025-01-03 18:30:00,Incident Created,INC-00035,GRID_STRESS_INCIDENT
2025-01-03 18:30:00,Escalated,INC-00036,Supervisor
2025-01-03 18:30:00,Incident Created,INC-00036,SUSTAINABILITY_INCIDENT
2025-01-03 18:30:00,Escalated,INC-00037,Regional Controller
2025-01-03 18:30:00,Incident Created,INC-00037,PEAK_LOAD_EMISSIONS_INCIDENT
2025-01-03 19:00:00,Incident Created,INC-00038,GRID_STRESS_INCIDENT
2025-01-03 19:00:00,Escalated,INC-00038,Executive
2025-01-03 19:00:00,Incident Created,INC-00039,SUSTAINABILITY_INCIDENT
2025-01-03 19:00:00,Escalated,INC-00039,Supervisor
2025-01-03 19:00:00,Incident Created,INC-00040,PEAK_LOAD_EMISSIONS_INCIDENT
2025-01-03 19:00:00,Escalated,INC-00040,Regional Controller
2025-01-03 19:30:00,Resolved,INC-00031,Incident Closed
2025-01-03 19:30:00,Incident Created,INC-00041,GRID_STRESS_INCIDENT
2025-01-03 19:30:00,Escalated,INC-00041,Executive
2025-01-03 19:30:00,Incident Created,INC-00042,SUSTAINABILITY_INCIDENT
2025-01-03 19:30:00,Escalated,INC-00042,Supervisor
2025-01-03 19:30:00,Escalated,INC-00043,Regional Controller
2025-01-03 19:30:00,Incident Created,INC-00043,PEAK_LOAD_EMISSIONS_INCIDENT
2025-01-03 20:00:00,Resolved,INC-00032,Incident Closed
2025-01-03 20:00:00,Resolved,INC-00033,Incident Closed
2025-01-03 20:00:00,Resolved,INC-00034,Incident Closed
2025-01-03 20:00:00,Escalated,INC-00044,Supervisor
2025-01-03 20:00:00,Incident Created,INC-00044,SUSTAINABILITY_INCIDENT
2025-01-03 20:30:00,Resolved,INC-00035,Incident Closed
2025-01-03 20:30:00,Resolved,INC-00036,Incident Closed
2025-01-03 20:30:00,Resolved,INC-00037,Incident Closed
2025-01-03 20:30:00,Escalated,INC-00045,Supervisor
2025-01-03 20:30:00,Incident Created,INC-00045,SUSTAINABILITY_INCIDENT
2025-01-03 21:00:00,Resolved,INC-00038,Incident Closed
2025-01-03 21:00:00,Resolved,INC-00039,Incident Closed
2025-01-03 21:00:00,Resolved,INC-00040,Incident Closed
2025-01-03 21:00:00,Escalated,INC-00046,Supervisor
2025-01-03 21:00:00,Incident Created,INC-00046,SUSTAINABILITY_INCIDENT
2025-01-03 21:30:00,Resolved,INC-00041,Incident Closed
2025-01-03 21:30:00,Resolved,INC-00042,Incident Closed
2025-01-03 21:30:00,Resolved,INC-00043,Incident Closed
2025-01-03 21:30:00,Escalated,INC-00047,Supervisor
2025-01-03 21:30:00,Incident Created,INC-00047,SUSTAINABILITY_INCIDENT
2025-01-03 22:00:00,Resolved,INC-00044,Incident Closed
2025-01-03 22:00:00,Escalated,INC-00048,Supervisor
2025-01-03 22:00:00,Incident Created,INC-00048,SUSTAINABILITY_INCIDENT
2025-01-03 22:30:00,Resolved,INC-00045,Incident Closed
2025-01-03 23:00:00,Resolved,INC-00046,Incident Closed
2025-01-03 23:30:00,Resolved,INC-00047,Incident Closed
2025-01-04 00:00:00,Resolved,INC-00048,Incident Closed
2025-01-04 07:30:00,Escalated,INC-00049,Supervisor
2025-01-04 07:30:00,Incident Created,INC-00049,SUSTAINABILITY_INCIDENT
2025-01-04 08:00:00,Incident Created,INC-00050,SUSTAINABILITY_INCIDENT
2025-01-04 08:00:00,Escalated,INC-00050,Supervisor
2025-01-04 08:30:00,Incident Created,INC-00051,SUSTAINABILITY_INCIDENT
2025-01-04 08:30:00,Escalated,INC-00051,Supervisor
2025-01-04 09:00:00,Incident Created,INC-00052,SUSTAINABILITY_INCIDENT
2025-01-04 09:00:00,Escalated,INC-00052,Supervisor
2025-01-04 09:30:00,Resolved,INC-00049,Incident Closed
2025-01-04 09:30:00,Incident Created,INC-00053,SUSTAINABILITY_INCIDENT
2025-01-04 09:30:00,Escalated,INC-00053,Supervisor
2025-01-04 10:00:00,Resolved,INC-00050,Incident Closed
2025-01-04 10:00:00,Incident Created,INC-00054,SUSTAINABILITY_INCIDENT
2025-01-04 10:00:00,Escalated,INC-00054,Supervisor
2025-01-04 10:30:00,Resolved,INC-00051,Incident Closed
2025-01-04 10:30:00,Escalated,INC-00055,Supervisor
2025-01-04 10:30:00,Incident Created,INC-00055,SUSTAINABILITY_INCIDENT
2025-01-04 11:00:00,Resolved,INC-00052,Incident Closed
2025-01-04 11:00:00,Escalated,INC-00056,Supervisor
2025-01-04 11:00:00,Incident Created,INC-00056,SUSTAINABILITY_INCIDENT
2025-01-04 11:30:00,Resolved,INC-00053,Incident Closed
2025-01-04 11:30:00,Escalated,INC-00057,Supervisor
2025-01-04 11:30:00,Incident Created,INC-00057,SUSTAINABILITY_INCIDENT
2025-01-04 12:00:00,Resolved,INC-00054,Incident Closed
2025-01-04 12:00:00,Escalated,INC-00058,Supervisor
2025-01-04 12:00:00,Incident Created,INC-00058,SUSTAINABILITY_INCIDENT
2025-01-04 12:30:00,Resolved,INC-00055,Incident Closed
2025-01-04 12:30:00,Incident Created,INC-00059,SUSTAINABILITY_INCIDENT
2025-01-04 12:30:00,Escalated,INC-00059,Supervisor
2025-01-04 13:00:00,Resolved,INC-00056,Incident Closed
2025-01-04 13:00:00,Escalated,INC-00060,Supervisor
2025-01-04 13:00:00,Incident Created,INC-00060,SUSTAINABILITY_INCIDENT
2025-01-04 13:30:00,Resolved,INC-00057,Incident Closed
2025-01-04 13:30:00,Escalated,INC-00061,Supervisor
2025-01-04 13:30:00,Incident Created,INC-00061,SUSTAINABILITY_INCIDENT
2025-01-04 14:00:00,Resolved,INC-00058,Incident Closed
2025-01-04 14:00:00,Incident Created,INC-00062,SUSTAINABILITY_INCIDENT
2025-01-04 14:00:00,Escalated,INC-00062,Supervisor
2025-01-04 14:30:00,Resolved,INC-00059,Incident Closed
2025-01-04 14:30:00,Incident Created,INC-00063,SUSTAINABILITY_INCIDENT
2025-01-04 14:30:00,Escalated,INC-00063,Supervisor
2025-01-04 15:00:00,Resolved,INC-00060,Incident Closed
2025-01-04 15:00:00,Incident Created,INC-00064,SUSTAINABILITY_INCIDENT
2025-01-04 15:00:00,Escalated,INC-00064,Supervisor
2025-01-04 15:30:00,Resolved,INC-00061,Incident Closed
2025-01-04 15:30:00,Incident Created,INC-00065,SUSTAINABILITY_INCIDENT
2025-01-04 15:30:00,Escalated,INC-00065,Supervisor
2025-01-04 16:00:00,Resolved,INC-00062,Incident Closed
2025-01-04 16:00:00,Escalated,INC-00066,Supervisor
2025-01-04 16:00:00,Incident Created,INC-00066,SUSTAINABILITY_INCIDENT
2025-01-04 16:30:00,Resolved,INC-00063,Incident Closed
2025-01-04 16:30:00,Escalated,INC-00067,Supervisor
2025-01-04 16:30:00,Incident Created,INC-00067,SUSTAINABILITY_INCIDENT
2025-01-04 16:30:00,Incident Created,INC-00068,PEAK_LOAD_EMISSIONS_INCIDENT
2025-01-04 16:30:00,Escalated,INC-00068,Regional Controller
2025-01-04 17:00:00,Resolved,INC-00064,Incident Closed
2025-01-04 17:00:00,Incident Created,INC-00069,SUSTAINABILITY_INCIDENT
2025-01-04 17:00:00,Escalated,INC-00069,Supervisor
2025-01-04 17:00:00,Incident Created,INC-00070,PEAK_LOAD_EMISSIONS_INCIDENT
2025-01-04 17:00:00,Escalated,INC-00070,Regional Controller
2025-01-04 17:30:00,Resolved,INC-00065,Incident Closed
2025-01-04 17:30:00,Escalated,INC-00071,Supervisor
2025-01-04 17:30:00,Incident Created,INC-00071,SUSTAINABILITY_INCIDENT
2025-01-04 17:30:00,Escalated,INC-00072,Regional Controller
2025-01-04 17:30:00,Incident Created,INC-00072,PEAK_LOAD_EMISSIONS_INCIDENT
2025-01-04 18:00:00,Resolved,INC-00066,Incident Closed
2025-01-04 18:00:00,Escalated,INC-00073,Supervisor
2025-01-04 18:00:00,Incident Created,INC-00073,SUSTAINABILITY_INCIDENT
2025-01-04 18:00:00,Escalated,INC-00074,Regional Controller
2025-01-04 18:00:00,Incident Created,INC-00074,PEAK_LOAD_EMISSIONS_INCIDENT
2025-01-04 18:30:00,Resolved,INC-00067,Incident Closed
2025-01-04 18:30:00,Resolved,INC-00068,Incident Closed
2025-01-04 18:30:00,Incident Created,INC-00075,SUSTAINABILITY_INCIDENT
2025-01-04 18:30:00,Escalated,INC-00075,Supervisor
2025-01-04 18:30:00,Incident Created,INC-00076,PEAK_LOAD_EMISSIONS_INCIDENT
2025-01-04 18:30:00,Escalated,INC-00076,Regional Controller
2025-01-04 19:00:00,Resolved,INC-00069,Incident Closed
2025-01-04 19:00:00,Resolved,INC-00070,Incident Closed
2025-01-04 19:00:00,Incident Created,INC-00077,SUSTAINABILITY_INCIDENT
2025-01-04 19:00:00,Escalated,INC-00077,Supervisor
2025-01-04 19:00:00,Incident Created,INC-00078,PEAK_LOAD_EMISSIONS_INCIDENT
2025-01-04 19:00:00,Escalated,INC-00078,Regional Controller
2025-01-04 19:30:00,Resolved,INC-00071,Incident Closed
2025-01-04 19:30:00,Resolved,INC-00072,Incident Closed
2025-01-04 20:00:00,Resolved,INC-00073,Incident Closed
2025-01-04 20:00:00,Resolved,INC-00074,Incident Closed
2025-01-04 20:30:00,Resolved,INC-00075,Incident Closed
2025-01-04 20:30:00,Resolved,INC-00076,Incident Closed
2025-01-04 21:00:00,Resolved,INC-00077,Incident Closed
2025-01-04 21:00:00,Resolved,INC-00078,Incident Closed
2025-01-06 10:00:00,Incident Created,INC-00079,RENEWABLE_SUPPORT_INCIDENT
2025-01-06 10:00:00,Escalated,INC-00079,Operator
2025-01-06 10:30:00,Incident Created,INC-00080,RENEWABLE_SUPPORT_INCIDENT
2025-01-06 10:30:00,Escalated,INC-00080,Operator
2025-01-06 11:00:00,Incident Created,INC-00081,RENEWABLE_SUPPORT_INCIDENT
2025-01-06 11:00:00,Escalated,INC-00081,Operator
2025-01-06 11:30:00,Escalated,INC-00082,Operator
2025-01-06 11:30:00,Incident Created,INC-00082,RENEWABLE_SUPPORT_INCIDENT
2025-01-06 12:00:00,Resolved,INC-00079,Incident Closed
2025-01-06 12:00:00,Incident Created,INC-00083,RENEWABLE_SUPPORT_INCIDENT
2025-01-06 12:00:00,Escalated,INC-00083,Operator
2025-01-06 12:30:00,Resolved,INC-00080,Incident Closed
2025-01-06 12:30:00,Incident Created,INC-00084,RENEWABLE_SUPPORT_INCIDENT
2025-01-06 12:30:00,Escalated,INC-00084,Operator
2025-01-06 13:00:00,Resolved,INC-00081,Incident Closed
2025-01-06 13:00:00,Escalated,INC-00085,Operator
2025-01-06 13:00:00,Incident Created,INC-00085,RENEWABLE_SUPPORT_INCIDENT
2025-01-06 13:30:00,Resolved,INC-00082,Incident Closed
2025-01-06 13:30:00,Escalated,INC-00086,Operator
2025-01-06 13:30:00,Incident Created,INC-00086,RENEWABLE_SUPPORT_INCIDENT
2025-01-06 14:00:00,Resolved,INC-00083,Incident Closed
2025-01-06 14:00:00,Escalated,INC-00087,Operator
2025-01-06 14:00:00,Incident Created,INC-00087,RENEWABLE_SUPPORT_INCIDENT
2025-01-06 14:30:00,Resolved,INC-00084,Incident Closed
2025-01-06 15:00:00,Resolved,INC-00085,Incident Closed
2025-01-06 15:30:00,Resolved,INC-00086,Incident Closed
2025-01-06 16:00:00,Resolved,INC-00087,Incident Closed
2025-01-07 11:30:00,Escalated,INC-00088,Supervisor
2025-01-07 11:30:00,Incident Created,INC-00088,CURTAILMENT_RISK_INCIDENT
2025-01-07 11:30:00,Escalated,INC-00089,Operator
2025-01-07 11:30:00,Incident Created,INC-00089,RENEWABLE_SUPPORT_INCIDENT
2025-01-07 12:00:00,Incident Created,INC-00090,CURTAILMENT_RISK_INCIDENT
2025-01-07 12:00:00,Escalated,INC-00090,Supervisor
2025-01-07 12:00:00,Incident Created,INC-00091,RENEWABLE_SUPPORT_INCIDENT
2025-01-07 12:00:00,Escalated,INC-00091,Operator
2025-01-07 12:30:00,Incident Created,INC-00092,CURTAILMENT_RISK_INCIDENT
2025-01-07 12:30:00,Escalated,INC-00092,Supervisor
2025-01-07 12:30:00,Incident Created,INC-00093,RENEWABLE_SUPPORT_INCIDENT
2025-01-07 12:30:00,Escalated,INC-00093,Operator
2025-01-07 13:00:00,Incident Created,INC-00094,CURTAILMENT_RISK_INCIDENT
2025-01-07 13:00:00,Escalated,INC-00094,Supervisor
2025-01-07 13:00:00,Escalated,INC-00095,Operator
2025-01-07 13:00:00,Incident Created,INC-00095,RENEWABLE_SUPPORT_INCIDENT
2025-01-07 13:30:00,Resolved,INC-00088,Incident Closed
2025-01-07 13:30:00,Resolved,INC-00089,Incident Closed
2025-01-07 13:30:00,Escalated,INC-00096,Supervisor
2025-01-07 13:30:00,Incident Created,INC-00096,CURTAILMENT_RISK_INCIDENT
2025-01-07 13:30:00,Escalated,INC-00097,Operator
2025-01-07 13:30:00,Incident Created,INC-00097,RENEWABLE_SUPPORT_INCIDENT
2025-01-07 14:00:00,Resolved,INC-00090,Incident Closed
2025-01-07 14:00:00,Resolved,INC-00091,Incident Closed
2025-01-07 14:30:00,Resolved,INC-00092,Incident Closed
2025-01-07 14:30:00,Resolved,INC-00093,Incident Closed
2025-01-07 15:00:00,Resolved,INC-00094,Incident Closed
2025-01-07 15:00:00,Resolved,INC-00095,Incident Closed
2025-01-07 15:30:00,Resolved,INC-00096,Incident Closed
2025-01-07 15:30:00,Resolved,INC-00097,Incident Closed
2025-01-07 17:30:00,Incident Created,INC-00098,FORECAST_RISK_INCIDENT
2025-01-07 17:30:00,Escalated,INC-00098,Regional Controller
2025-01-07 18:00:00,Escalated,INC-00099,Regional Controller
2025-01-07 18:00:00,Incident Created,INC-00099,FORECAST_RISK_INCIDENT
2025-01-07 19:30:00,Resolved,INC-00098,Incident Closed
2025-01-07 20:00:00,Resolved,INC-00099,Incident Closed
2025-01-08 07:30:00,Escalated,INC-00100,Regional Controller
2025-01-08 07:30:00,Incident Created,INC-00100,PEAK_LOAD_EMISSIONS_INCIDENT
2025-01-08 08:00:00,Escalated,INC-00101,Regional Controller
2025-01-08 08:00:00,Incident Created,INC-00101,PEAK_LOAD_EMISSIONS_INCIDENT
2025-01-08 08:30:00,Escalated,INC-00102,Regional Controller
2025-01-08 08:30:00,Incident Created,INC-00102,PEAK_LOAD_EMISSIONS_INCIDENT
2025-01-08 09:00:00,Incident Created,INC-00103,SUSTAINABILITY_INCIDENT
2025-01-08 09:00:00,Escalated,INC-00103,Supervisor
2025-01-08 09:00:00,Escalated,INC-00104,Regional Controller
2025-01-08 09:00:00,Incident Created,INC-00104,PEAK_LOAD_EMISSIONS_INCIDENT
2025-01-08 09:30:00,Resolved,INC-00100,Incident Closed
2025-01-08 09:30:00,Escalated,INC-00105,Supervisor
2025-01-08 09:30:00,Incident Created,INC-00105,SUSTAINABILITY_INCIDENT
2025-01-08 09:30:00,Escalated,INC-00106,Regional Controller
2025-01-08 09:30:00,Incident Created,INC-00106,PEAK_LOAD_EMISSIONS_INCIDENT
2025-01-08 10:00:00,Resolved,INC-00101,Incident Closed
2025-01-08 10:00:00,Escalated,INC-00107,Supervisor
2025-01-08 10:00:00,Incident Created,INC-00107,SUSTAINABILITY_INCIDENT
2025-01-08 10:00:00,Escalated,INC-00108,Regional Controller
2025-01-08 10:00:00,Incident Created,INC-00108,PEAK_LOAD_EMISSIONS_INCIDENT
2025-01-08 10:30:00,Resolved,INC-00102,Incident Closed
2025-01-08 10:30:00,Escalated,INC-00109,Supervisor
2025-01-08 10:30:00,Incident Created,INC-00109,SUSTAINABILITY_INCIDENT
2025-01-08 10:30:00,Escalated,INC-00110,Regional Controller
2025-01-08 10:30:00,Incident Created,INC-00110,PEAK_LOAD_EMISSIONS_INCIDENT
2025-01-08 11:00:00,Resolved,INC-00103,Incident Closed
2025-01-08 11:00:00,Resolved,INC-00104,Incident Closed
2025-01-08 11:00:00,Incident Created,INC-00111,SUSTAINABILITY_INCIDENT
2025-01-08 11:00:00,Escalated,INC-00111,Supervisor
2025-01-08 11:00:00,Incident Created,INC-00112,PEAK_LOAD_EMISSIONS_INCIDENT
2025-01-08 11:00:00,Escalated,INC-00112,Regional Controller
2025-01-08 11:30:00,Resolved,INC-00105,Incident Closed
2025-01-08 11:30:00,Resolved,INC-00106,Incident Closed
2025-01-08 11:30:00,Incident Created,INC-00113,SUSTAINABILITY_INCIDENT
2025-01-08 11:30:00,Escalated,INC-00113,Supervisor
2025-01-08 11:30:00,Escalated,INC-00114,Regional Controller
2025-01-08 11:30:00,Incident Created,INC-00114,PEAK_LOAD_EMISSIONS_INCIDENT
2025-01-08 12:00:00,Resolved,INC-00107,Incident Closed
2025-01-08 12:00:00,Resolved,INC-00108,Incident Closed
2025-01-08 12:00:00,Incident Created,INC-00115,SUSTAINABILITY_INCIDENT
2025-01-08 12:00:00,Escalated,INC-00115,Supervisor
2025-01-08 12:00:00,Incident Created,INC-00116,PEAK_LOAD_EMISSIONS_INCIDENT
2025-01-08 12:00:00,Escalated,INC-00116,Regional Controller
2025-01-08 12:30:00,Resolved,INC-00109,Incident Closed
2025-01-08 12:30:00,Resolved,INC-00110,Incident Closed
2025-01-08 12:30:00,Incident Created,INC-00117,SUSTAINABILITY_INCIDENT
2025-01-08 12:30:00,Escalated,INC-00117,Supervisor
2025-01-08 12:30:00,Escalated,INC-00118,Regional Controller
2025-01-08 12:30:00,Incident Created,INC-00118,PEAK_LOAD_EMISSIONS_INCIDENT
2025-01-08 13:00:00,Resolved,INC-00111,Incident Closed
2025-01-08 13:00:00,Resolved,INC-00112,Incident Closed
2025-01-08 13:00:00,Escalated,INC-00119,Supervisor
2025-01-08 13:00:00,Incident Created,INC-00119,SUSTAINABILITY_INCIDENT
2025-01-08 13:00:00,Escalated,INC-00120,Regional Controller
2025-01-08 13:00:00,Incident Created,INC-00120,PEAK_LOAD_EMISSIONS_INCIDENT
2025-01-08 13:30:00,Resolved,INC-00113,Incident Closed
2025-01-08 13:30:00,Resolved,INC-00114,Incident Closed
2025-01-08 13:30:00,Escalated,INC-00121,Supervisor
2025-01-08 13:30:00,Incident Created,INC-00121,SUSTAINABILITY_INCIDENT
2025-01-08 13:30:00,Incident Created,INC-00122,PEAK_LOAD_EMISSIONS_INCIDENT
2025-01-08 13:30:00,Escalated,INC-00122,Regional Controller
2025-01-08 14:00:00,Resolved,INC-00115,Incident Closed
2025-01-08 14:00:00,Resolved,INC-00116,Incident Closed
2025-01-08 14:00:00,Incident Created,INC-00123,SUSTAINABILITY_INCIDENT
2025-01-08 14:00:00,Escalated,INC-00123,Supervisor
2025-01-08 14:00:00,Incident Created,INC-00124,PEAK_LOAD_EMISSIONS_INCIDENT
2025-01-08 14:00:00,Escalated,INC-00124,Regional Controller
2025-01-08 14:30:00,Resolved,INC-00117,Incident Closed
2025-01-08 14:30:00,Resolved,INC-00118,Incident Closed
2025-01-08 14:30:00,Escalated,INC-00125,Supervisor
2025-01-08 14:30:00,Incident Created,INC-00125,SUSTAINABILITY_INCIDENT
2025-01-08 14:30:00,Escalated,INC-00126,Regional Controller
2025-01-08 14:30:00,Incident Created,INC-00126,PEAK_LOAD_EMISSIONS_INCIDENT
2025-01-08 15:00:00,Resolved,INC-00119,Incident Closed
2025-01-08 15:00:00,Resolved,INC-00120,Incident Closed
2025-01-08 15:00:00,Incident Created,INC-00127,SUSTAINABILITY_INCIDENT
2025-01-08 15:00:00,Escalated,INC-00127,Supervisor
2025-01-08 15:00:00,Incident Created,INC-00128,PEAK_LOAD_EMISSIONS_INCIDENT
2025-01-08 15:00:00,Escalated,INC-00128,Regional Controller
2025-01-08 15:30:00,Resolved,INC-00121,Incident Closed
2025-01-08 15:30:00,Resolved,INC-00122,Incident Closed
2025-01-08 15:30:00,Incident Created,INC-00129,GRID_STRESS_INCIDENT
2025-01-08 15:30:00,Escalated,INC-00129,Executive
2025-01-08 15:30:00,Incident Created,INC-00130,SUSTAINABILITY_INCIDENT
2025-01-08 15:30:00,Escalated,INC-00130,Supervisor
2025-01-08 15:30:00,Incident Created,INC-00131,PEAK_LOAD_EMISSIONS_INCIDENT
2025-01-08 15:30:00,Escalated,INC-00131,Regional Controller
2025-01-08 16:00:00,Resolved,INC-00123,Incident Closed
2025-01-08 16:00:00,Resolved,INC-00124,Incident Closed
2025-01-08 16:00:00,Escalated,INC-00132,Executive
2025-01-08 16:00:00,Incident Created,INC-00132,GRID_STRESS_INCIDENT
2025-01-08 16:00:00,Escalated,INC-00133,Supervisor
2025-01-08 16:00:00,Incident Created,INC-00133,SUSTAINABILITY_INCIDENT
2025-01-08 16:00:00,Escalated,INC-00134,Regional Controller
2025-01-08 16:00:00,Incident Created,INC-00134,PEAK_LOAD_EMISSIONS_INCIDENT
2025-01-08 16:30:00,Resolved,INC-00125,Incident Closed
2025-01-08 16:30:00,Resolved,INC-00126,Incident Closed
2025-01-08 16:30:00,Escalated,INC-00135,Executive
2025-01-08 16:30:00,Incident Created,INC-00135,GRID_STRESS_INCIDENT
2025-01-08 16:30:00,Escalated,INC-00136,Supervisor
2025-01-08 16:30:00,Incident Created,INC-00136,SUSTAINABILITY_INCIDENT
2025-01-08 16:30:00,Escalated,INC-00137,Regional Controller
2025-01-08 16:30:00,Incident Created,INC-00137,PEAK_LOAD_EMISSIONS_INCIDENT
2025-01-08 17:00:00,Resolved,INC-00127,Incident Closed
2025-01-08 17:00:00,Resolved,INC-00128,Incident Closed
2025-01-08 17:00:00,Incident Created,INC-00138,GRID_STRESS_INCIDENT
2025-01-08 17:00:00,Escalated,INC-00138,Executive
2025-01-08 17:00:00,Incident Created,INC-00139,SUSTAINABILITY_INCIDENT
2025-01-08 17:00:00,Escalated,INC-00139,Supervisor
2025-01-08 17:00:00,Incident Created,INC-00140,PEAK_LOAD_EMISSIONS_INCIDENT
2025-01-08 17:00:00,Escalated,INC-00140,Regional Controller
2025-01-08 17:30:00,Resolved,INC-00129,Incident Closed
2025-01-08 17:30:00,Resolved,INC-00130,Incident Closed
2025-01-08 17:30:00,Resolved,INC-00131,Incident Closed
2025-01-08 17:30:00,Escalated,INC-00141,Executive
2025-01-08 17:30:00,Incident Created,INC-00141,GRID_STRESS_INCIDENT
2025-01-08 17:30:00,Escalated,INC-00142,Supervisor
2025-01-08 17:30:00,Incident Created,INC-00142,SUSTAINABILITY_INCIDENT
2025-01-08 17:30:00,Escalated,INC-00143,Regional Controller
2025-01-08 17:30:00,Incident Created,INC-00143,PEAK_LOAD_EMISSIONS_INCIDENT
2025-01-08 18:00:00,Resolved,INC-00132,Incident Closed
2025-01-08 18:00:00,Resolved,INC-00133,Incident Closed
2025-01-08 18:00:00,Resolved,INC-00134,Incident Closed
2025-01-08 18:00:00,Incident Created,INC-00144,GRID_STRESS_INCIDENT
2025-01-08 18:00:00,Escalated,INC-00144,Executive
2025-01-08 18:00:00,Incident Created,INC-00145,SUSTAINABILITY_INCIDENT
2025-01-08 18:00:00,Escalated,INC-00145,Supervisor
2025-01-08 18:00:00,Incident Created,INC-00146,PEAK_LOAD_EMISSIONS_INCIDENT
2025-01-08 18:00:00,Escalated,INC-00146,Regional Controller
2025-01-08 18:30:00,Resolved,INC-00135,Incident Closed
2025-01-08 18:30:00,Resolved,INC-00136,Incident Closed
2025-01-08 18:30:00,Resolved,INC-00137,Incident Closed
2025-01-08 18:30:00,Escalated,INC-00147,Executive
2025-01-08 18:30:00,Incident Created,INC-00147,GRID_STRESS_INCIDENT
2025-01-08 18:30:00,Escalated,INC-00148,Supervisor
2025-01-08 18:30:00,Incident Created,INC-00148,SUSTAINABILITY_INCIDENT
2025-01-08 18:30:00,Escalated,INC-00149,Regional Controller
2025-01-08 18:30:00,Incident Created,INC-00149,PEAK_LOAD_EMISSIONS_INCIDENT
2025-01-08 19:00:00,Resolved,INC-00138,Incident Closed
2025-01-08 19:00:00,Resolved,INC-00139,Incident Closed
2025-01-08 19:00:00,Resolved,INC-00140,Incident Closed
2025-01-08 19:00:00,Incident Created,INC-00150,GRID_STRESS_INCIDENT
2025-01-08 19:00:00,Escalated,INC-00150,Executive
2025-01-08 19:00:00,Incident Created,INC-00151,SUSTAINABILITY_INCIDENT
2025-01-08 19:00:00,Escalated,INC-00151,Supervisor
2025-01-08 19:00:00,Escalated,INC-00152,Regional Controller
2025-01-08 19:00:00,Incident Created,INC-00152,PEAK_LOAD_EMISSIONS_INCIDENT
2025-01-08 19:30:00,Resolved,INC-00141,Incident Closed
2025-01-08 19:30:00,Resolved,INC-00142,Incident Closed
2025-01-08 19:30:00,Resolved,INC-00143,Incident Closed
2025-01-08 19:30:00,Escalated,INC-00153,Executive
2025-01-08 19:30:00,Incident Created,INC-00153,GRID_STRESS_INCIDENT
2025-01-08 19:30:00,Escalated,INC-00154,Supervisor
2025-01-08 19:30:00,Incident Created,INC-00154,SUSTAINABILITY_INCIDENT
2025-01-08 19:30:00,Escalated,INC-00155,Regional Controller
2025-01-08 19:30:00,Incident Created,INC-00155,PEAK_LOAD_EMISSIONS_INCIDENT
2025-01-08 20:00:00,Resolved,INC-00144,Incident Closed
2025-01-08 20:00:00,Resolved,INC-00145,Incident Closed
2025-01-08 20:00:00,Resolved,INC-00146,Incident Closed
2025-01-08 20:00:00,Escalated,INC-00156,Supervisor
2025-01-08 20:00:00,Incident Created,INC-00156,SUSTAINABILITY_INCIDENT
2025-01-08 20:00:00,Incident Created,INC-00157,PEAK_LOAD_EMISSIONS_INCIDENT
2025-01-08 20:00:00,Escalated,INC-00157,Regional Controller
2025-01-08 20:30:00,Resolved,INC-00147,Incident Closed
2025-01-08 20:30:00,Resolved,INC-00148,Incident Closed
2025-01-08 20:30:00,Resolved,INC-00149,Incident Closed
2025-01-08 20:30:00,Escalated,INC-00158,Supervisor
2025-01-08 20:30:00,Incident Created,INC-00158,SUSTAINABILITY_INCIDENT
2025-01-08 20:30:00,Incident Created,INC-00159,PEAK_LOAD_EMISSIONS_INCIDENT
2025-01-08 20:30:00,Escalated,INC-00159,Regional Controller
2025-01-08 21:00:00,Resolved,INC-00150,Incident Closed
2025-01-08 21:00:00,Resolved,INC-00151,Incident Closed
2025-01-08 21:00:00,Resolved,INC-00152,Incident Closed
2025-01-08 21:00:00,Incident Created,INC-00160,SUSTAINABILITY_INCIDENT
2025-01-08 21:00:00,Escalated,INC-00160,Supervisor
2025-01-08 21:00:00,Incident Created,INC-00161,PEAK_LOAD_EMISSIONS_INCIDENT
2025-01-08 21:00:00,Escalated,INC-00161,Regional Controller
2025-01-08 21:30:00,Resolved,INC-00153,Incident Closed
2025-01-08 21:30:00,Resolved,INC-00154,Incident Closed
2025-01-08 21:30:00,Resolved,INC-00155,Incident Closed
2025-01-08 21:30:00,Escalated,INC-00162,Supervisor
2025-01-08 21:30:00,Incident Created,INC-00162,SUSTAINABILITY_INCIDENT
2025-01-08 22:00:00,Resolved,INC-00156,Incident Closed
2025-01-08 22:00:00,Resolved,INC-00157,Incident Closed
2025-01-08 22:00:00,Incident Created,INC-00163,SUSTAINABILITY_INCIDENT
2025-01-08 22:00:00,Escalated,INC-00163,Supervisor
2025-01-08 22:30:00,Resolved,INC-00158,Incident Closed
2025-01-08 22:30:00,Resolved,INC-00159,Incident Closed
2025-01-08 22:30:00,Incident Created,INC-00164,SUSTAINABILITY_INCIDENT
2025-01-08 22:30:00,Escalated,INC-00164,Supervisor
2025-01-08 23:00:00,Resolved,INC-00160,Incident Closed
2025-01-08 23:00:00,Resolved,INC-00161,Incident Closed
2025-01-08 23:00:00,Incident Created,INC-00165,SUSTAINABILITY_INCIDENT
2025-01-08 23:00:00,Escalated,INC-00165,Supervisor
2025-01-08 23:30:00,Resolved,INC-00162,Incident Closed
2025-01-08 23:30:00,Incident Created,INC-00166,SUSTAINABILITY_INCIDENT
2025-01-08 23:30:00,Escalated,INC-00166,Supervisor
2025-01-09 00:00:00,Resolved,INC-00163,Incident Closed
2025-01-09 00:00:00,Escalated,INC-00167,Supervisor
2025-01-09 00:00:00,Incident Created,INC-00167,SUSTAINABILITY_INCIDENT
2025-01-09 00:30:00,Resolved,INC-00164,Incident Closed
2025-01-09 00:30:00,Incident Created,INC-00168,SUSTAINABILITY_INCIDENT
2025-01-09 00:30:00,Escalated,INC-00168,Supervisor
2025-01-09 01:00:00,Resolved,INC-00165,Incident Closed
2025-01-09 01:00:00,Incident Created,INC-00169,SUSTAINABILITY_INCIDENT
2025-01-09 01:00:00,Escalated,INC-00169,Supervisor
2025-01-09 01:30:00,Resolved,INC-00166,Incident Closed
2025-01-09 01:30:00,Escalated,INC-00170,Supervisor
2025-01-09 01:30:00,Incident Created,INC-00170,SUSTAINABILITY_INCIDENT
2025-01-09 02:00:00,Resolved,INC-00167,Incident Closed
2025-01-09 02:30:00,Resolved,INC-00168,Incident Closed
2025-01-09 03:00:00,Resolved,INC-00169,Incident Closed
2025-01-09 03:30:00,Resolved,INC-00170,Incident Closed
2025-01-09 07:30:00,Escalated,INC-00171,Regional Controller
2025-01-09 07:30:00,Incident Created,INC-00171,PEAK_LOAD_EMISSIONS_INCIDENT
2025-01-09 08:00:00,Incident Created,INC-00172,PEAK_LOAD_EMISSIONS_INCIDENT
2025-01-09 08:00:00,Escalated,INC-00172,Regional Controller
2025-01-09 08:30:00,Incident Created,INC-00173,PEAK_LOAD_EMISSIONS_INCIDENT
2025-01-09 08:30:00,Escalated,INC-00173,Regional Controller
2025-01-09 09:30:00,Resolved,INC-00171,Incident Closed
2025-01-09 10:00:00,Resolved,INC-00172,Incident Closed
2025-01-09 10:30:00,Resolved,INC-00173,Incident Closed
2025-01-10 05:00:00,Incident Created,INC-00174,SUSTAINABILITY_INCIDENT
2025-01-10 05:00:00,Escalated,INC-00174,Supervisor
2025-01-10 05:30:00,Incident Created,INC-00175,SUSTAINABILITY_INCIDENT
2025-01-10 05:30:00,Escalated,INC-00175,Supervisor
2025-01-10 06:00:00,Escalated,INC-00176,Supervisor
2025-01-10 06:00:00,Incident Created,INC-00176,SUSTAINABILITY_INCIDENT
2025-01-10 06:30:00,Incident Created,INC-00177,SUSTAINABILITY_INCIDENT
2025-01-10 06:30:00,Escalated,INC-00177,Supervisor
2025-01-10 07:00:00,Resolved,INC-00174,Incident Closed
2025-01-10 07:00:00,Escalated,INC-00178,Executive
2025-01-10 07:00:00,Incident Created,INC-00178,GRID_STRESS_INCIDENT
2025-01-10 07:00:00,Incident Created,INC-00179,SUSTAINABILITY_INCIDENT
2025-01-10 07:00:00,Escalated,INC-00179,Supervisor
2025-01-10 07:00:00,Escalated,INC-00180,Regional Controller
2025-01-10 07:00:00,Incident Created,INC-00180,PEAK_LOAD_EMISSIONS_INCIDENT
2025-01-10 07:30:00,Resolved,INC-00175,Incident Closed
2025-01-10 07:30:00,Escalated,INC-00181,Executive
2025-01-10 07:30:00,Incident Created,INC-00181,GRID_STRESS_INCIDENT
2025-01-10 07:30:00,Escalated,INC-00182,Supervisor
2025-01-10 07:30:00,Incident Created,INC-00182,SUSTAINABILITY_INCIDENT
2025-01-10 07:30:00,Escalated,INC-00183,Regional Controller
2025-01-10 07:30:00,Incident Created,INC-00183,PEAK_LOAD_EMISSIONS_INCIDENT
2025-01-10 08:00:00,Resolved,INC-00176,Incident Closed
2025-01-10 08:00:00,Incident Created,INC-00184,GRID_STRESS_INCIDENT
2025-01-10 08:00:00,Escalated,INC-00184,Executive
2025-01-10 08:00:00,Incident Created,INC-00185,SUSTAINABILITY_INCIDENT
2025-01-10 08:00:00,Escalated,INC-00185,Supervisor
2025-01-10 08:00:00,Incident Created,INC-00186,PEAK_LOAD_EMISSIONS_INCIDENT
2025-01-10 08:00:00,Escalated,INC-00186,Regional Controller
2025-01-10 08:30:00,Resolved,INC-00177,Incident Closed
2025-01-10 08:30:00,Escalated,INC-00187,Executive
2025-01-10 08:30:00,Incident Created,INC-00187,GRID_STRESS_INCIDENT
2025-01-10 08:30:00,Escalated,INC-00188,Supervisor
2025-01-10 08:30:00,Incident Created,INC-00188,SUSTAINABILITY_INCIDENT
2025-01-10 08:30:00,Escalated,INC-00189,Regional Controller
2025-01-10 08:30:00,Incident Created,INC-00189,PEAK_LOAD_EMISSIONS_INCIDENT
2025-01-10 09:00:00,Resolved,INC-00178,Incident Closed
2025-01-10 09:00:00,Resolved,INC-00179,Incident Closed
2025-01-10 09:00:00,Resolved,INC-00180,Incident Closed
2025-01-10 09:00:00,Incident Created,INC-00190,SUSTAINABILITY_INCIDENT
2025-01-10 09:00:00,Escalated,INC-00190,Supervisor
2025-01-10 09:00:00,Incident Created,INC-00191,PEAK_LOAD_EMISSIONS_INCIDENT
2025-01-10 09:00:00,Escalated,INC-00191,Regional Controller
2025-01-10 09:30:00,Resolved,INC-00181,Incident Closed
2025-01-10 09:30:00,Resolved,INC-00182,Incident Closed
2025-01-10 09:30:00,Resolved,INC-00183,Incident Closed
2025-01-10 09:30:00,Incident Created,INC-00192,SUSTAINABILITY_INCIDENT
2025-01-10 09:30:00,Escalated,INC-00192,Supervisor
2025-01-10 09:30:00,Escalated,INC-00193,Regional Controller
2025-01-10 09:30:00,Incident Created,INC-00193,PEAK_LOAD_EMISSIONS_INCIDENT
2025-01-10 10:00:00,Resolved,INC-00184,Incident Closed
2025-01-10 10:00:00,Resolved,INC-00185,Incident Closed
2025-01-10 10:00:00,Resolved,INC-00186,Incident Closed
2025-01-10 10:00:00,Incident Created,INC-00194,SUSTAINABILITY_INCIDENT
2025-01-10 10:00:00,Escalated,INC-00194,Supervisor
2025-01-10 10:00:00,Incident Created,INC-00195,PEAK_LOAD_EMISSIONS_INCIDENT
2025-01-10 10:00:00,Escalated,INC-00195,Regional Controller
2025-01-10 10:30:00,Resolved,INC-00187,Incident Closed
2025-01-10 10:30:00,Resolved,INC-00188,Incident Closed
2025-01-10 10:30:00,Resolved,INC-00189,Incident Closed
2025-01-10 10:30:00,Incident Created,INC-00196,SUSTAINABILITY_INCIDENT
2025-01-10 10:30:00,Escalated,INC-00196,Supervisor
2025-01-10 10:30:00,Incident Created,INC-00197,PEAK_LOAD_EMISSIONS_INCIDENT
2025-01-10 10:30:00,Escalated,INC-00197,Regional Controller
2025-01-10 11:00:00,Resolved,INC-00190,Incident Closed
2025-01-10 11:00:00,Resolved,INC-00191,Incident Closed
2025-01-10 11:00:00,Incident Created,INC-00198,SUSTAINABILITY_INCIDENT
2025-01-10 11:00:00,Escalated,INC-00198,Supervisor
2025-01-10 11:00:00,Escalated,INC-00199,Regional Controller
2025-01-10 11:00:00,Incident Created,INC-00199,PEAK_LOAD_EMISSIONS_INCIDENT
2025-01-10 11:30:00,Resolved,INC-00192,Incident Closed
2025-01-10 11:30:00,Resolved,INC-00193,Incident Closed
2025-01-10 11:30:00,Incident Created,INC-00200,SUSTAINABILITY_INCIDENT
2025-01-10 11:30:00,Escalated,INC-00200,Supervisor
2025-01-10 11:30:00,Incident Created,INC-00201,PEAK_LOAD_EMISSIONS_INCIDENT
2025-01-10 11:30:00,Escalated,INC-00201,Regional Controller
2025-01-10 12:00:00,Resolved,INC-00194,Incident Closed
2025-01-10 12:00:00,Resolved,INC-00195,Incident Closed
2025-01-10 12:00:00,Escalated,INC-00202,Supervisor
2025-01-10 12:00:00,Incident Created,INC-00202,SUSTAINABILITY_INCIDENT
2025-01-10 12:00:00,Escalated,INC-00203,Regional Controller
2025-01-10 12:00:00,Incident Created,INC-00203,PEAK_LOAD_EMISSIONS_INCIDENT
2025-01-10 12:30:00,Resolved,INC-00196,Incident Closed
2025-01-10 12:30:00,Resolved,INC-00197,Incident Closed
2025-01-10 12:30:00,Escalated,INC-00204,Supervisor
2025-01-10 12:30:00,Incident Created,INC-00204,SUSTAINABILITY_INCIDENT
2025-01-10 12:30:00,Incident Created,INC-00205,PEAK_LOAD_EMISSIONS_INCIDENT
2025-01-10 12:30:00,Escalated,INC-00205,Regional Controller
2025-01-10 13:00:00,Resolved,INC-00198,Incident Closed
2025-01-10 13:00:00,Resolved,INC-00199,Incident Closed
2025-01-10 13:00:00,Incident Created,INC-00206,SUSTAINABILITY_INCIDENT
2025-01-10 13:00:00,Escalated,INC-00206,Supervisor
2025-01-10 13:00:00,Incident Created,INC-00207,PEAK_LOAD_EMISSIONS_INCIDENT
2025-01-10 13:00:00,Escalated,INC-00207,Regional Controller
2025-01-10 13:30:00,Resolved,INC-00200,Incident Closed
2025-01-10 13:30:00,Resolved,INC-00201,Incident Closed
2025-01-10 13:30:00,Escalated,INC-00208,Supervisor
2025-01-10 13:30:00,Incident Created,INC-00208,SUSTAINABILITY_INCIDENT
2025-01-10 13:30:00,Escalated,INC-00209,Regional Controller
2025-01-10 13:30:00,Incident Created,INC-00209,PEAK_LOAD_EMISSIONS_INCIDENT
2025-01-10 14:00:00,Resolved,INC-00202,Incident Closed
2025-01-10 14:00:00,Resolved,INC-00203,Incident Closed
2025-01-10 14:00:00,Incident Created,INC-00210,SUSTAINABILITY_INCIDENT
2025-01-10 14:00:00,Escalated,INC-00210,Supervisor
2025-01-10 14:00:00,Escalated,INC-00211,Regional Controller
2025-01-10 14:00:00,Incident Created,INC-00211,PEAK_LOAD_EMISSIONS_INCIDENT
2025-01-10 14:30:00,Resolved,INC-00204,Incident Closed
2025-01-10 14:30:00,Resolved,INC-00205,Incident Closed
2025-01-10 14:30:00,Incident Created,INC-00212,SUSTAINABILITY_INCIDENT
2025-01-10 14:30:00,Escalated,INC-00212,Supervisor
2025-01-10 14:30:00,Escalated,INC-00213,Regional Controller
2025-01-10 14:30:00,Incident Created,INC-00213,PEAK_LOAD_EMISSIONS_INCIDENT
2025-01-10 15:00:00,Resolved,INC-00206,Incident Closed
2025-01-10 15:00:00,Resolved,INC-00207,Incident Closed
2025-01-10 15:00:00,Escalated,INC-00214,Supervisor
2025-01-10 15:00:00,Incident Created,INC-00214,SUSTAINABILITY_INCIDENT
2025-01-10 15:00:00,Incident Created,INC-00215,PEAK_LOAD_EMISSIONS_INCIDENT
2025-01-10 15:00:00,Escalated,INC-00215,Regional Controller
2025-01-10 15:30:00,Resolved,INC-00208,Incident Closed
2025-01-10 15:30:00,Resolved,INC-00209,Incident Closed
2025-01-10 15:30:00,Escalated,INC-00216,Executive
2025-01-10 15:30:00,Incident Created,INC-00216,GRID_STRESS_INCIDENT
2025-01-10 15:30:00,Incident Created,INC-00217,SUSTAINABILITY_INCIDENT
2025-01-10 15:30:00,Escalated,INC-00217,Supervisor
2025-01-10 15:30:00,Incident Created,INC-00218,PEAK_LOAD_EMISSIONS_INCIDENT
2025-01-10 15:30:00,Escalated,INC-00218,Regional Controller
2025-01-10 16:00:00,Resolved,INC-00210,Incident Closed
2025-01-10 16:00:00,Resolved,INC-00211,Incident Closed
2025-01-10 16:00:00,Incident Created,INC-00219,GRID_STRESS_INCIDENT
2025-01-10 16:00:00,Escalated,INC-00219,Executive
2025-01-10 16:00:00,Incident Created,INC-00220,SUSTAINABILITY_INCIDENT
2025-01-10 16:00:00,Escalated,INC-00220,Supervisor
2025-01-10 16:00:00,Incident Created,INC-00221,PEAK_LOAD_EMISSIONS_INCIDENT
2025-01-10 16:00:00,Escalated,INC-00221,Regional Controller
2025-01-10 16:30:00,Resolved,INC-00212,Incident Closed
2025-01-10 16:30:00,Resolved,INC-00213,Incident Closed
2025-01-10 16:30:00,Escalated,INC-00222,Executive
2025-01-10 16:30:00,Incident Created,INC-00222,GRID_STRESS_INCIDENT
2025-01-10 16:30:00,Incident Created,INC-00223,SUSTAINABILITY_INCIDENT
2025-01-10 16:30:00,Escalated,INC-00223,Supervisor
2025-01-10 16:30:00,Escalated,INC-00224,Regional Controller
2025-01-10 16:30:00,Incident Created,INC-00224,PEAK_LOAD_EMISSIONS_INCIDENT
2025-01-10 17:00:00,Resolved,INC-00214,Incident Closed
2025-01-10 17:00:00,Resolved,INC-00215,Incident Closed
2025-01-10 17:00:00,Incident Created,INC-00225,GRID_STRESS_INCIDENT
2025-01-10 17:00:00,Escalated,INC-00225,Executive
2025-01-10 17:00:00,Incident Created,INC-00226,SUSTAINABILITY_INCIDENT
2025-01-10 17:00:00,Escalated,INC-00226,Supervisor
2025-01-10 17:00:00,Incident Created,INC-00227,PEAK_LOAD_EMISSIONS_INCIDENT
2025-01-10 17:00:00,Escalated,INC-00227,Regional Controller
2025-01-10 17:30:00,Resolved,INC-00216,Incident Closed
2025-01-10 17:30:00,Resolved,INC-00217,Incident Closed
2025-01-10 17:30:00,Resolved,INC-00218,Incident Closed
2025-01-10 17:30:00,Incident Created,INC-00228,GRID_STRESS_INCIDENT
2025-01-10 17:30:00,Escalated,INC-00228,Executive
2025-01-10 17:30:00,Incident Created,INC-00229,SUSTAINABILITY_INCIDENT
2025-01-10 17:30:00,Escalated,INC-00229,Supervisor
2025-01-10 17:30:00,Incident Created,INC-00230,PEAK_LOAD_EMISSIONS_INCIDENT
2025-01-10 17:30:00,Escalated,INC-00230,Regional Controller
2025-01-10 18:00:00,Resolved,INC-00219,Incident Closed
2025-01-10 18:00:00,Resolved,INC-00220,Incident Closed
2025-01-10 18:00:00,Resolved,INC-00221,Incident Closed
2025-01-10 18:00:00,Escalated,INC-00231,Executive
2025-01-10 18:00:00,Incident Created,INC-00231,GRID_STRESS_INCIDENT
2025-01-10 18:00:00,Escalated,INC-00232,Supervisor
2025-01-10 18:00:00,Incident Created,INC-00232,SUSTAINABILITY_INCIDENT
2025-01-10 18:00:00,Incident Created,INC-00233,PEAK_LOAD_EMISSIONS_INCIDENT
2025-01-10 18:00:00,Escalated,INC-00233,Regional Controller
2025-01-10 18:30:00,Resolved,INC-00222,Incident Closed
2025-01-10 18:30:00,Resolved,INC-00223,Incident Closed
2025-01-10 18:30:00,Resolved,INC-00224,Incident Closed
2025-01-10 18:30:00,Incident Created,INC-00234,GRID_STRESS_INCIDENT
2025-01-10 18:30:00,Escalated,INC-00234,Executive
2025-01-10 18:30:00,Incident Created,INC-00235,SUSTAINABILITY_INCIDENT
2025-01-10 18:30:00,Escalated,INC-00235,Supervisor
2025-01-10 18:30:00,Incident Created,INC-00236,PEAK_LOAD_EMISSIONS_INCIDENT
2025-01-10 18:30:00,Escalated,INC-00236,Regional Controller
2025-01-10 19:00:00,Resolved,INC-00225,Incident Closed
2025-01-10 19:00:00,Resolved,INC-00226,Incident Closed
2025-01-10 19:00:00,Resolved,INC-00227,Incident Closed
2025-01-10 19:00:00,Escalated,INC-00237,Executive
2025-01-10 19:00:00,Incident Created,INC-00237,GRID_STRESS_INCIDENT
2025-01-10 19:00:00,Escalated,INC-00238,Supervisor
2025-01-10 19:00:00,Incident Created,INC-00238,SUSTAINABILITY_INCIDENT
2025-01-10 19:00:00,Incident Created,INC-00239,PEAK_LOAD_EMISSIONS_INCIDENT
2025-01-10 19:00:00,Escalated,INC-00239,Regional Controller
2025-01-10 19:30:00,Resolved,INC-00228,Incident Closed
2025-01-10 19:30:00,Resolved,INC-00229,Incident Closed
2025-01-10 19:30:00,Resolved,INC-00230,Incident Closed
2025-01-10 19:30:00,Escalated,INC-00240,Executive
2025-01-10 19:30:00,Incident Created,INC-00240,GRID_STRESS_INCIDENT
2025-01-10 19:30:00,Escalated,INC-00241,Supervisor
2025-01-10 19:30:00,Incident Created,INC-00241,SUSTAINABILITY_INCIDENT
2025-01-10 19:30:00,Escalated,INC-00242,Regional Controller
2025-01-10 19:30:00,Incident Created,INC-00242,PEAK_LOAD_EMISSIONS_INCIDENT
2025-01-10 20:00:00,Resolved,INC-00231,Incident Closed
2025-01-10 20:00:00,Resolved,INC-00232,Incident Closed
2025-01-10 20:00:00,Resolved,INC-00233,Incident Closed
2025-01-10 20:00:00,Escalated,INC-00243,Executive
2025-01-10 20:00:00,Incident Created,INC-00243,GRID_STRESS_INCIDENT
2025-01-10 20:00:00,Escalated,INC-00244,Supervisor
2025-01-10 20:00:00,Incident Created,INC-00244,SUSTAINABILITY_INCIDENT
2025-01-10 20:00:00,Escalated,INC-00245,Regional Controller
2025-01-10 20:00:00,Incident Created,INC-00245,PEAK_LOAD_EMISSIONS_INCIDENT
2025-01-10 20:30:00,Resolved,INC-00234,Incident Closed
2025-01-10 20:30:00,Resolved,INC-00235,Incident Closed
2025-01-10 20:30:00,Resolved,INC-00236,Incident Closed
2025-01-10 20:30:00,Incident Created,INC-00246,GRID_STRESS_INCIDENT
2025-01-10 20:30:00,Escalated,INC-00246,Executive
2025-01-10 20:30:00,Incident Created,INC-00247,SUSTAINABILITY_INCIDENT
2025-01-10 20:30:00,Escalated,INC-00247,Supervisor
2025-01-10 20:30:00,Incident Created,INC-00248,PEAK_LOAD_EMISSIONS_INCIDENT
2025-01-10 20:30:00,Escalated,INC-00248,Regional Controller
2025-01-10 21:00:00,Resolved,INC-00237,Incident Closed
2025-01-10 21:00:00,Resolved,INC-00238,Incident Closed
2025-01-10 21:00:00,Resolved,INC-00239,Incident Closed
2025-01-10 21:00:00,Incident Created,INC-00249,GRID_STRESS_INCIDENT
2025-01-10 21:00:00,Escalated,INC-00249,Executive
2025-01-10 21:00:00,Incident Created,INC-00250,SUSTAINABILITY_INCIDENT
2025-01-10 21:00:00,Escalated,INC-00250,Supervisor
2025-01-10 21:00:00,Incident Created,INC-00251,PEAK_LOAD_EMISSIONS_INCIDENT
2025-01-10 21:00:00,Escalated,INC-00251,Regional Controller
2025-01-10 21:30:00,Resolved,INC-00240,Incident Closed
2025-01-10 21:30:00,Resolved,INC-00241,Incident Closed
2025-01-10 21:30:00,Resolved,INC-00242,Incident Closed
2025-01-10 21:30:00,Escalated,INC-00252,Supervisor
2025-01-10 21:30:00,Incident Created,INC-00252,SUSTAINABILITY_INCIDENT
2025-01-10 22:00:00,Resolved,INC-00243,Incident Closed
2025-01-10 22:00:00,Resolved,INC-00244,Incident Closed
2025-01-10 22:00:00,Resolved,INC-00245,Incident Closed
2025-01-10 22:00:00,Incident Created,INC-00253,SUSTAINABILITY_INCIDENT
2025-01-10 22:00:00,Escalated,INC-00253,Supervisor
2025-01-10 22:30:00,Resolved,INC-00246,Incident Closed
2025-01-10 22:30:00,Resolved,INC-00247,Incident Closed
2025-01-10 22:30:00,Resolved,INC-00248,Incident Closed
2025-01-10 22:30:00,Escalated,INC-00254,Supervisor
2025-01-10 22:30:00,Incident Created,INC-00254,SUSTAINABILITY_INCIDENT
2025-01-10 23:00:00,Resolved,INC-00249,Incident Closed
2025-01-10 23:00:00,Resolved,INC-00250,Incident Closed
2025-01-10 23:00:00,Resolved,INC-00251,Incident Closed
2025-01-10 23:00:00,Incident Created,INC-00255,SUSTAINABILITY_INCIDENT
2025-01-10 23:00:00,Escalated,INC-00255,Supervisor
2025-01-10 23:30:00,Resolved,INC-00252,Incident Closed
2025-01-10 23:30:00,Incident Created,INC-00256,SUSTAINABILITY_INCIDENT
2025-01-10 23:30:00,Escalated,INC-00256,Supervisor
2025-01-11 00:00:00,Resolved,INC-00253,Incident Closed
2025-01-11 00:00:00,Incident Created,INC-00257,SUSTAINABILITY_INCIDENT
2025-01-11 00:00:00,Escalated,INC-00257,Supervisor
2025-01-11 00:30:00,Resolved,INC-00254,Incident Closed
2025-01-11 00:30:00,Incident Created,INC-00258,SUSTAINABILITY_INCIDENT
2025-01-11 00:30:00,Escalated,INC-00258,Supervisor
2025-01-11 01:00:00,Resolved,INC-00255,Incident Closed
2025-01-11 01:00:00,Incident Created,INC-00259,SUSTAINABILITY_INCIDENT
2025-01-11 01:00:00,Escalated,INC-00259,Supervisor
2025-01-11 01:30:00,Resolved,INC-00256,Incident Closed
2025-01-11 01:30:00,Incident Created,INC-00260,SUSTAINABILITY_INCIDENT
2025-01-11 01:30:00,Escalated,INC-00260,Supervisor
2025-01-11 02:00:00,Resolved,INC-00257,Incident Closed
2025-01-11 02:00:00,Escalated,INC-00261,Supervisor
2025-01-11 02:00:00,Incident Created,INC-00261,SUSTAINABILITY_INCIDENT
2025-01-11 02:30:00,Resolved,INC-00258,Incident Closed
2025-01-11 02:30:00,Incident Created,INC-00262,SUSTAINABILITY_INCIDENT
2025-01-11 02:30:00,Escalated,INC-00262,Supervisor
2025-01-11 03:00:00,Resolved,INC-00259,Incident Closed
2025-01-11 03:00:00,Incident Created,INC-00263,SUSTAINABILITY_INCIDENT
2025-01-11 03:00:00,Escalated,INC-00263,Supervisor
2025-01-11 03:30:00,Resolved,INC-00260,Incident Closed
2025-01-11 04:00:00,Resolved,INC-00261,Incident Closed
2025-01-11 04:30:00,Resolved,INC-00262,Incident Closed
2025-01-11 05:00:00,Resolved,INC-00263,Incident Closed
2025-01-11 05:30:00,Escalated,INC-00264,Supervisor
2025-01-11 05:30:00,Incident Created,INC-00264,SUSTAINABILITY_INCIDENT
2025-01-11 06:00:00,Escalated,INC-00265,Supervisor
2025-01-11 06:00:00,Incident Created,INC-00265,SUSTAINABILITY_INCIDENT
2025-01-11 06:30:00,Incident Created,INC-00266,SUSTAINABILITY_INCIDENT
2025-01-11 06:30:00,Escalated,INC-00266,Supervisor
2025-01-11 07:00:00,Incident Created,INC-00267,SUSTAINABILITY_INCIDENT
2025-01-11 07:00:00,Escalated,INC-00267,Supervisor
2025-01-11 07:30:00,Resolved,INC-00264,Incident Closed
2025-01-11 07:30:00,Escalated,INC-00268,Supervisor
2025-01-11 07:30:00,Incident Created,INC-00268,SUSTAINABILITY_INCIDENT
2025-01-11 08:00:00,Resolved,INC-00265,Incident Closed
2025-01-11 08:00:00,Escalated,INC-00269,Supervisor
2025-01-11 08:00:00,Incident Created,INC-00269,SUSTAINABILITY_INCIDENT
2025-01-11 08:30:00,Resolved,INC-00266,Incident Closed
2025-01-11 08:30:00,Escalated,INC-00270,Supervisor
2025-01-11 08:30:00,Incident Created,INC-00270,SUSTAINABILITY_INCIDENT
2025-01-11 09:00:00,Resolved,INC-00267,Incident Closed
2025-01-11 09:00:00,Incident Created,INC-00271,SUSTAINABILITY_INCIDENT
2025-01-11 09:00:00,Escalated,INC-00271,Supervisor
2025-01-11 09:30:00,Resolved,INC-00268,Incident Closed
2025-01-11 09:30:00,Escalated,INC-00272,Supervisor
2025-01-11 09:30:00,Incident Created,INC-00272,SUSTAINABILITY_INCIDENT
2025-01-11 10:00:00,Resolved,INC-00269,Incident Closed
2025-01-11 10:00:00,Escalated,INC-00273,Supervisor
2025-01-11 10:00:00,Incident Created,INC-00273,SUSTAINABILITY_INCIDENT
2025-01-11 10:30:00,Resolved,INC-00270,Incident Closed
2025-01-11 10:30:00,Escalated,INC-00274,Supervisor
2025-01-11 10:30:00,Incident Created,INC-00274,SUSTAINABILITY_INCIDENT
2025-01-11 11:00:00,Resolved,INC-00271,Incident Closed
2025-01-11 11:30:00,Resolved,INC-00272,Incident Closed
2025-01-11 12:00:00,Resolved,INC-00273,Incident Closed
2025-01-11 12:00:00,Escalated,INC-00275,Supervisor
2025-01-11 12:00:00,Incident Created,INC-00275,SUSTAINABILITY_INCIDENT
2025-01-11 12:30:00,Resolved,INC-00274,Incident Closed
2025-01-11 12:30:00,Escalated,INC-00276,Supervisor
2025-01-11 12:30:00,Incident Created,INC-00276,SUSTAINABILITY_INCIDENT
2025-01-11 13:00:00,Incident Created,INC-00277,SUSTAINABILITY_INCIDENT
2025-01-11 13:00:00,Escalated,INC-00277,Supervisor
2025-01-11 13:30:00,Incident Created,INC-00278,SUSTAINABILITY_INCIDENT
2025-01-11 13:30:00,Escalated,INC-00278,Supervisor
2025-01-11 14:00:00,Resolved,INC-00275,Incident Closed
2025-01-11 14:00:00,Incident Created,INC-00279,SUSTAINABILITY_INCIDENT
2025-01-11 14:00:00,Escalated,INC-00279,Supervisor
2025-01-11 14:30:00,Resolved,INC-00276,Incident Closed
2025-01-11 14:30:00,Incident Created,INC-00280,SUSTAINABILITY_INCIDENT
2025-01-11 14:30:00,Escalated,INC-00280,Supervisor
2025-01-11 15:00:00,Resolved,INC-00277,Incident Closed
2025-01-11 15:00:00,Escalated,INC-00281,Supervisor
2025-01-11 15:00:00,Incident Created,INC-00281,SUSTAINABILITY_INCIDENT
2025-01-11 15:00:00,Escalated,INC-00282,Regional Controller
2025-01-11 15:00:00,Incident Created,INC-00282,PEAK_LOAD_EMISSIONS_INCIDENT
2025-01-11 15:30:00,Resolved,INC-00278,Incident Closed
2025-01-11 15:30:00,Incident Created,INC-00283,SUSTAINABILITY_INCIDENT
2025-01-11 15:30:00,Escalated,INC-00283,Supervisor
2025-01-11 15:30:00,Escalated,INC-00284,Regional Controller
2025-01-11 15:30:00,Incident Created,INC-00284,PEAK_LOAD_EMISSIONS_INCIDENT
2025-01-11 16:00:00,Resolved,INC-00279,Incident Closed
2025-01-11 16:00:00,Incident Created,INC-00285,SUSTAINABILITY_INCIDENT
2025-01-11 16:00:00,Escalated,INC-00285,Supervisor
2025-01-11 16:00:00,Incident Created,INC-00286,PEAK_LOAD_EMISSIONS_INCIDENT
2025-01-11 16:00:00,Escalated,INC-00286,Regional Controller
2025-01-11 16:30:00,Resolved,INC-00280,Incident Closed
2025-01-11 16:30:00,Incident Created,INC-00287,SUSTAINABILITY_INCIDENT
2025-01-11 16:30:00,Escalated,INC-00287,Supervisor
2025-01-11 16:30:00,Incident Created,INC-00288,PEAK_LOAD_EMISSIONS_INCIDENT
2025-01-11 16:30:00,Escalated,INC-00288,Regional Controller
2025-01-11 17:00:00,Resolved,INC-00281,Incident Closed
2025-01-11 17:00:00,Resolved,INC-00282,Incident Closed
2025-01-11 17:00:00,Escalated,INC-00289,Supervisor
2025-01-11 17:00:00,Incident Created,INC-00289,SUSTAINABILITY_INCIDENT
2025-01-11 17:00:00,Escalated,INC-00290,Regional Controller
2025-01-11 17:00:00,Incident Created,INC-00290,PEAK_LOAD_EMISSIONS_INCIDENT
2025-01-11 17:30:00,Resolved,INC-00283,Incident Closed
2025-01-11 17:30:00,Resolved,INC-00284,Incident Closed
2025-01-11 17:30:00,Escalated,INC-00291,Executive
2025-01-11 17:30:00,Incident Created,INC-00291,GRID_STRESS_INCIDENT
2025-01-11 17:30:00,Escalated,INC-00292,Supervisor
2025-01-11 17:30:00,Incident Created,INC-00292,SUSTAINABILITY_INCIDENT
2025-01-11 17:30:00,Escalated,INC-00293,Regional Controller
2025-01-11 17:30:00,Incident Created,INC-00293,PEAK_LOAD_EMISSIONS_INCIDENT
2025-01-11 18:00:00,Resolved,INC-00285,Incident Closed
2025-01-11 18:00:00,Resolved,INC-00286,Incident Closed
2025-01-11 18:00:00,Incident Created,INC-00294,GRID_STRESS_INCIDENT
2025-01-11 18:00:00,Escalated,INC-00294,Executive
2025-01-11 18:00:00,Escalated,INC-00295,Supervisor
2025-01-11 18:00:00,Incident Created,INC-00295,SUSTAINABILITY_INCIDENT
2025-01-11 18:00:00,Incident Created,INC-00296,PEAK_LOAD_EMISSIONS_INCIDENT
2025-01-11 18:00:00,Escalated,INC-00296,Regional Controller
2025-01-11 18:30:00,Resolved,INC-00287,Incident Closed
2025-01-11 18:30:00,Resolved,INC-00288,Incident Closed
2025-01-11 18:30:00,Escalated,INC-00297,Executive
2025-01-11 18:30:00,Incident Created,INC-00297,GRID_STRESS_INCIDENT
2025-01-11 18:30:00,Escalated,INC-00298,Supervisor
2025-01-11 18:30:00,Incident Created,INC-00298,SUSTAINABILITY_INCIDENT
2025-01-11 18:30:00,Escalated,INC-00299,Regional Controller
2025-01-11 18:30:00,Incident Created,INC-00299,PEAK_LOAD_EMISSIONS_INCIDENT
2025-01-11 19:00:00,Resolved,INC-00289,Incident Closed
2025-01-11 19:00:00,Resolved,INC-00290,Incident Closed
2025-01-11 19:00:00,Escalated,INC-00300,Executive
2025-01-11 19:00:00,Incident Created,INC-00300,GRID_STRESS_INCIDENT
2025-01-11 19:00:00,Escalated,INC-00301,Supervisor
2025-01-11 19:00:00,Incident Created,INC-00301,SUSTAINABILITY_INCIDENT
2025-01-11 19:00:00,Incident Created,INC-00302,PEAK_LOAD_EMISSIONS_INCIDENT
2025-01-11 19:00:00,Escalated,INC-00302,Regional Controller
2025-01-11 19:30:00,Resolved,INC-00291,Incident Closed
2025-01-11 19:30:00,Resolved,INC-00292,Incident Closed
2025-01-11 19:30:00,Resolved,INC-00293,Incident Closed
2025-01-11 19:30:00,Escalated,INC-00303,Supervisor
2025-01-11 19:30:00,Incident Created,INC-00303,SUSTAINABILITY_INCIDENT
2025-01-11 19:30:00,Escalated,INC-00304,Regional Controller
2025-01-11 19:30:00,Incident Created,INC-00304,PEAK_LOAD_EMISSIONS_INCIDENT
2025-01-11 20:00:00,Resolved,INC-00294,Incident Closed
2025-01-11 20:00:00,Resolved,INC-00295,Incident Closed
2025-01-11 20:00:00,Resolved,INC-00296,Incident Closed
2025-01-11 20:00:00,Escalated,INC-00305,Supervisor
2025-01-11 20:00:00,Incident Created,INC-00305,SUSTAINABILITY_INCIDENT
2025-01-11 20:00:00,Escalated,INC-00306,Regional Controller
2025-01-11 20:00:00,Incident Created,INC-00306,PEAK_LOAD_EMISSIONS_INCIDENT
2025-01-11 20:30:00,Resolved,INC-00297,Incident Closed
2025-01-11 20:30:00,Resolved,INC-00298,Incident Closed
2025-01-11 20:30:00,Resolved,INC-00299,Incident Closed
2025-01-11 20:30:00,Escalated,INC-00307,Supervisor
2025-01-11 20:30:00,Incident Created,INC-00307,SUSTAINABILITY_INCIDENT
2025-01-11 21:00:00,Resolved,INC-00300,Incident Closed
2025-01-11 21:00:00,Resolved,INC-00301,Incident Closed
2025-01-11 21:00:00,Resolved,INC-00302,Incident Closed
2025-01-11 21:00:00,Incident Created,INC-00308,SUSTAINABILITY_INCIDENT
2025-01-11 21:00:00,Escalated,INC-00308,Supervisor
2025-01-11 21:30:00,Resolved,INC-00303,Incident Closed
2025-01-11 21:30:00,Resolved,INC-00304,Incident Closed
2025-01-11 21:30:00,Incident Created,INC-00309,SUSTAINABILITY_INCIDENT
2025-01-11 21:30:00,Escalated,INC-00309,Supervisor
2025-01-11 22:00:00,Resolved,INC-00305,Incident Closed
2025-01-11 22:00:00,Resolved,INC-00306,Incident Closed
2025-01-11 22:00:00,Escalated,INC-00310,Supervisor
2025-01-11 22:00:00,Incident Created,INC-00310,SUSTAINABILITY_INCIDENT
2025-01-11 22:30:00,Resolved,INC-00307,Incident Closed
2025-01-11 22:30:00,Escalated,INC-00311,Supervisor
2025-01-11 22:30:00,Incident Created,INC-00311,SUSTAINABILITY_INCIDENT
2025-01-11 23:00:00,Resolved,INC-00308,Incident Closed
2025-01-11 23:00:00,Incident Created,INC-00312,SUSTAINABILITY_INCIDENT
2025-01-11 23:00:00,Escalated,INC-00312,Supervisor
2025-01-11 23:30:00,Resolved,INC-00309,Incident Closed
2025-01-11 23:30:00,Escalated,INC-00313,Supervisor
2025-01-11 23:30:00,Incident Created,INC-00313,SUSTAINABILITY_INCIDENT
2025-01-12 00:00:00,Resolved,INC-00310,Incident Closed
2025-01-12 00:00:00,Incident Created,INC-00314,SUSTAINABILITY_INCIDENT
2025-01-12 00:00:00,Escalated,INC-00314,Supervisor
2025-01-12 00:30:00,Resolved,INC-00311,Incident Closed
2025-01-12 01:00:00,Resolved,INC-00312,Incident Closed
2025-01-12 01:00:00,Incident Created,INC-00315,SUSTAINABILITY_INCIDENT
2025-01-12 01:00:00,Escalated,INC-00315,Supervisor
2025-01-12 01:30:00,Resolved,INC-00313,Incident Closed
2025-01-12 01:30:00,Escalated,INC-00316,Supervisor
2025-01-12 01:30:00,Incident Created,INC-00316,SUSTAINABILITY_INCIDENT
2025-01-12 02:00:00,Resolved,INC-00314,Incident Closed
2025-01-12 02:00:00,Escalated,INC-00317,Supervisor
2025-01-12 02:00:00,Incident Created,INC-00317,SUSTAINABILITY_INCIDENT
2025-01-12 02:30:00,Incident Created,INC-00318,SUSTAINABILITY_INCIDENT
2025-01-12 02:30:00,Escalated,INC-00318,Supervisor
2025-01-12 03:00:00,Resolved,INC-00315,Incident Closed
2025-01-12 03:00:00,Incident Created,INC-00319,SUSTAINABILITY_INCIDENT
2025-01-12 03:00:00,Escalated,INC-00319,Supervisor
2025-01-12 03:30:00,Resolved,INC-00316,Incident Closed
2025-01-12 03:30:00,Escalated,INC-00320,Supervisor
2025-01-12 03:30:00,Incident Created,INC-00320,SUSTAINABILITY_INCIDENT
2025-01-12 04:00:00,Resolved,INC-00317,Incident Closed
2025-01-12 04:00:00,Escalated,INC-00321,Supervisor
2025-01-12 04:00:00,Incident Created,INC-00321,SUSTAINABILITY_INCIDENT
2025-01-12 04:30:00,Resolved,INC-00318,Incident Closed
2025-01-12 04:30:00,Escalated,INC-00322,Supervisor
2025-01-12 04:30:00,Incident Created,INC-00322,SUSTAINABILITY_INCIDENT
2025-01-12 05:00:00,Resolved,INC-00319,Incident Closed
2025-01-12 05:00:00,Incident Created,INC-00323,SUSTAINABILITY_INCIDENT
2025-01-12 05:00:00,Escalated,INC-00323,Supervisor
2025-01-12 05:30:00,Resolved,INC-00320,Incident Closed
2025-01-12 05:30:00,Incident Created,INC-00324,SUSTAINABILITY_INCIDENT
2025-01-12 05:30:00,Escalated,INC-00324,Supervisor
2025-01-12 06:00:00,Resolved,INC-00321,Incident Closed
2025-01-12 06:00:00,Incident Created,INC-00325,SUSTAINABILITY_INCIDENT
2025-01-12 06:00:00,Escalated,INC-00325,Supervisor
2025-01-12 06:30:00,Resolved,INC-00322,Incident Closed
2025-01-12 06:30:00,Incident Created,INC-00326,SUSTAINABILITY_INCIDENT
2025-01-12 06:30:00,Escalated,INC-00326,Supervisor
2025-01-12 07:00:00,Resolved,INC-00323,Incident Closed
2025-01-12 07:00:00,Escalated,INC-00327,Supervisor
2025-01-12 07:00:00,Incident Created,INC-00327,SUSTAINABILITY_INCIDENT
2025-01-12 07:30:00,Resolved,INC-00324,Incident Closed
2025-01-12 07:30:00,Incident Created,INC-00328,SUSTAINABILITY_INCIDENT
2025-01-12 07:30:00,Escalated,INC-00328,Supervisor
2025-01-12 08:00:00,Resolved,INC-00325,Incident Closed
2025-01-12 08:00:00,Escalated,INC-00329,Supervisor
2025-01-12 08:00:00,Incident Created,INC-00329,SUSTAINABILITY_INCIDENT
2025-01-12 08:30:00,Resolved,INC-00326,Incident Closed
2025-01-12 08:30:00,Escalated,INC-00330,Supervisor
2025-01-12 08:30:00,Incident Created,INC-00330,SUSTAINABILITY_INCIDENT
2025-01-12 09:00:00,Resolved,INC-00327,Incident Closed
2025-01-12 09:00:00,Incident Created,INC-00331,SUSTAINABILITY_INCIDENT
2025-01-12 09:00:00,Escalated,INC-00331,Supervisor
2025-01-12 09:30:00,Resolved,INC-00328,Incident Closed
2025-01-12 09:30:00,Incident Created,INC-00332,SUSTAINABILITY_INCIDENT
2025-01-12 09:30:00,Escalated,INC-00332,Supervisor
2025-01-12 10:00:00,Resolved,INC-00329,Incident Closed
2025-01-12 10:00:00,Incident Created,INC-00333,SUSTAINABILITY_INCIDENT
2025-01-12 10:00:00,Escalated,INC-00333,Supervisor
2025-01-12 10:30:00,Resolved,INC-00330,Incident Closed
2025-01-12 11:00:00,Resolved,INC-00331,Incident Closed
2025-01-12 11:30:00,Resolved,INC-00332,Incident Closed
2025-01-12 12:00:00,Resolved,INC-00333,Incident Closed
2025-01-12 14:30:00,Escalated,INC-00334,Regional Controller
2025-01-12 14:30:00,Incident Created,INC-00334,FORECAST_RISK_INCIDENT
2025-01-12 15:00:00,Escalated,INC-00335,Regional Controller
2025-01-12 15:00:00,Incident Created,INC-00335,FORECAST_RISK_INCIDENT
2025-01-12 15:30:00,Escalated,INC-00336,Regional Controller
2025-01-12 15:30:00,Incident Created,INC-00336,PEAK_LOAD_EMISSIONS_INCIDENT
2025-01-12 16:00:00,Incident Created,INC-00337,FORECAST_RISK_INCIDENT
2025-01-12 16:00:00,Escalated,INC-00337,Regional Controller
2025-01-12 16:30:00,Resolved,INC-00334,Incident Closed
2025-01-12 17:00:00,Resolved,INC-00335,Incident Closed
2025-01-12 17:30:00,Resolved,INC-00336,Incident Closed
2025-01-12 18:00:00,Resolved,INC-00337,Incident Closed
2025-01-12 18:00:00,Incident Created,INC-00338,PEAK_LOAD_EMISSIONS_INCIDENT
2025-01-12 18:00:00,Escalated,INC-00338,Regional Controller
2025-01-12 18:30:00,Escalated,INC-00339,Regional Controller
2025-01-12 18:30:00,Incident Created,INC-00339,PEAK_LOAD_EMISSIONS_INCIDENT
2025-01-12 19:00:00,Escalated,INC-00340,Regional Controller
2025-01-12 19:00:00,Incident Created,INC-00340,PEAK_LOAD_EMISSIONS_INCIDENT
2025-01-12 19:30:00,Escalated,INC-00341,Regional Controller
2025-01-12 19:30:00,Incident Created,INC-00341,PEAK_LOAD_EMISSIONS_INCIDENT
2025-01-12 20:00:00,Resolved,INC-00338,Incident Closed
2025-01-12 20:30:00,Resolved,INC-00339,Incident Closed
2025-01-12 21:00:00,Resolved,INC-00340,Incident Closed
2025-01-12 21:30:00,Resolved,INC-00341,Incident Closed
2025-01-13 10:30:00,Incident Created,INC-00342,CURTAILMENT_RISK_INCIDENT
2025-01-13 10:30:00,Escalated,INC-00342,Supervisor
2025-01-13 10:30:00,Escalated,INC-00343,Operator
2025-01-13 10:30:00,Incident Created,INC-00343,RENEWABLE_SUPPORT_INCIDENT
2025-01-13 11:00:00,Incident Created,INC-00344,RENEWABLE_SUPPORT_INCIDENT
2025-01-13 11:00:00,Escalated,INC-00344,Operator
2025-01-13 11:30:00,Incident Created,INC-00345,RENEWABLE_SUPPORT_INCIDENT
2025-01-13 11:30:00,Escalated,INC-00345,Operator
2025-01-13 12:00:00,Incident Created,INC-00346,RENEWABLE_SUPPORT_INCIDENT
2025-01-13 12:00:00,Escalated,INC-00346,Operator
2025-01-13 12:30:00,Resolved,INC-00342,Incident Closed
2025-01-13 12:30:00,Resolved,INC-00343,Incident Closed
2025-01-13 12:30:00,Escalated,INC-00347,Operator
2025-01-13 12:30:00,Incident Created,INC-00347,RENEWABLE_SUPPORT_INCIDENT
2025-01-13 13:00:00,Resolved,INC-00344,Incident Closed
2025-01-13 13:00:00,Incident Created,INC-00348,RENEWABLE_SUPPORT_INCIDENT
2025-01-13 13:00:00,Escalated,INC-00348,Operator
2025-01-13 13:30:00,Resolved,INC-00345,Incident Closed
2025-01-13 14:00:00,Resolved,INC-00346,Incident Closed
2025-01-13 14:30:00,Resolved,INC-00347,Incident Closed
2025-01-13 15:00:00,Resolved,INC-00348,Incident Closed
2025-01-14 08:30:00,Escalated,INC-00349,Regional Controller
2025-01-14 08:30:00,Incident Created,INC-00349,PEAK_LOAD_EMISSIONS_INCIDENT
2025-01-14 09:00:00,Escalated,INC-00350,Regional Controller
2025-01-14 09:00:00,Incident Created,INC-00350,PEAK_LOAD_EMISSIONS_INCIDENT
2025-01-14 09:30:00,Escalated,INC-00351,Regional Controller
2025-01-14 09:30:00,Incident Created,INC-00351,PEAK_LOAD_EMISSIONS_INCIDENT
2025-01-14 10:30:00,Resolved,INC-00349,Incident Closed
2025-01-14 11:00:00,Resolved,INC-00350,Incident Closed
2025-01-14 11:30:00,Resolved,INC-00351,Incident Closed
2025-01-14 15:30:00,Incident Created,INC-00352,PEAK_LOAD_EMISSIONS_INCIDENT
2025-01-14 15:30:00,Escalated,INC-00352,Regional Controller
2025-01-14 16:00:00,Incident Created,INC-00353,PEAK_LOAD_EMISSIONS_INCIDENT
2025-01-14 16:00:00,Escalated,INC-00353,Regional Controller
2025-01-14 16:30:00,Incident Created,INC-00354,PEAK_LOAD_EMISSIONS_INCIDENT
2025-01-14 16:30:00,Escalated,INC-00354,Regional Controller
2025-01-14 17:00:00,Incident Created,INC-00355,PEAK_LOAD_EMISSIONS_INCIDENT
2025-01-14 17:00:00,Escalated,INC-00355,Regional Controller
2025-01-14 17:30:00,Resolved,INC-00352,Incident Closed
2025-01-14 17:30:00,Incident Created,INC-00356,PEAK_LOAD_EMISSIONS_INCIDENT
2025-01-14 17:30:00,Escalated,INC-00356,Regional Controller
2025-01-14 18:00:00,Resolved,INC-00353,Incident Closed
2025-01-14 18:00:00,Incident Created,INC-00357,PEAK_LOAD_EMISSIONS_INCIDENT
2025-01-14 18:00:00,Escalated,INC-00357,Regional Controller
2025-01-14 18:30:00,Resolved,INC-00354,Incident Closed
2025-01-14 18:30:00,Escalated,INC-00358,Regional Controller
2025-01-14 18:30:00,Incident Created,INC-00358,PEAK_LOAD_EMISSIONS_INCIDENT
2025-01-14 19:00:00,Resolved,INC-00355,Incident Closed
2025-01-14 19:00:00,Incident Created,INC-00359,PEAK_LOAD_EMISSIONS_INCIDENT
2025-01-14 19:00:00,Escalated,INC-00359,Regional Controller
2025-01-14 19:30:00,Resolved,INC-00356,Incident Closed
2025-01-14 19:30:00,Incident Created,INC-00360,PEAK_LOAD_EMISSIONS_INCIDENT
2025-01-14 19:30:00,Escalated,INC-00360,Regional Controller
2025-01-14 20:00:00,Resolved,INC-00357,Incident Closed
2025-01-14 20:30:00,Resolved,INC-00358,Incident Closed
2025-01-14 21:00:00,Resolved,INC-00359,Incident Closed
2025-01-14 21:30:00,Resolved,INC-00360,Incident Closed
2025-01-15 12:30:00,Incident Created,INC-00361,OPERATIONAL_RISK_INCIDENT
2025-01-15 12:30:00,Escalated,INC-00361,Regional Controller
2025-01-15 13:00:00,Escalated,INC-00362,Regional Controller
2025-01-15 13:00:00,Incident Created,INC-00362,OPERATIONAL_RISK_INCIDENT
2025-01-15 13:30:00,Incident Created,INC-00363,OPERATIONAL_RISK_INCIDENT
2025-01-15 13:30:00,Escalated,INC-00363,Regional Controller
2025-01-15 14:00:00,Escalated,INC-00364,Regional Controller
2025-01-15 14:00:00,Incident Created,INC-00364,OPERATIONAL_RISK_INCIDENT
2025-01-15 14:30:00,Resolved,INC-00361,Incident Closed
2025-01-15 14:30:00,Escalated,INC-00365,Regional Controller
2025-01-15 14:30:00,Incident Created,INC-00365,OPERATIONAL_RISK_INCIDENT
2025-01-15 15:00:00,Resolved,INC-00362,Incident Closed
2025-01-15 15:00:00,Escalated,INC-00366,Regional Controller
2025-01-15 15:00:00,Incident Created,INC-00366,OPERATIONAL_RISK_INCIDENT
2025-01-15 15:30:00,Resolved,INC-00363,Incident Closed
2025-01-15 15:30:00,Incident Created,INC-00367,OPERATIONAL_RISK_INCIDENT
2025-01-15 15:30:00,Escalated,INC-00367,Regional Controller
2025-01-15 16:00:00,Resolved,INC-00364,Incident Closed
2025-01-15 16:00:00,Incident Created,INC-00368,FORECAST_RISK_INCIDENT
2025-01-15 16:00:00,Escalated,INC-00368,Regional Controller
2025-01-15 16:00:00,Incident Created,INC-00369,PEAK_LOAD_EMISSIONS_INCIDENT
2025-01-15 16:00:00,Escalated,INC-00369,Regional Controller
2025-01-15 16:00:00,Incident Created,INC-00370,OPERATIONAL_RISK_INCIDENT
2025-01-15 16:00:00,Escalated,INC-00370,Regional Controller
2025-01-15 16:30:00,Resolved,INC-00365,Incident Closed
2025-01-15 16:30:00,Incident Created,INC-00371,FORECAST_RISK_INCIDENT
2025-01-15 16:30:00,Escalated,INC-00371,Regional Controller
2025-01-15 16:30:00,Incident Created,INC-00372,PEAK_LOAD_EMISSIONS_INCIDENT
2025-01-15 16:30:00,Escalated,INC-00372,Regional Controller
2025-01-15 16:30:00,Incident Created,INC-00373,OPERATIONAL_RISK_INCIDENT
2025-01-15 16:30:00,Escalated,INC-00373,Regional Controller
2025-01-15 17:00:00,Resolved,INC-00366,Incident Closed
2025-01-15 17:00:00,Escalated,INC-00374,Regional Controller
2025-01-15 17:00:00,Incident Created,INC-00374,FORECAST_RISK_INCIDENT
2025-01-15 17:00:00,Incident Created,INC-00375,PEAK_LOAD_EMISSIONS_INCIDENT
2025-01-15 17:00:00,Escalated,INC-00375,Regional Controller
2025-01-15 17:00:00,Incident Created,INC-00376,OPERATIONAL_RISK_INCIDENT
2025-01-15 17:00:00,Escalated,INC-00376,Regional Controller
2025-01-15 17:30:00,Resolved,INC-00367,Incident Closed
2025-01-15 17:30:00,Incident Created,INC-00377,PEAK_LOAD_EMISSIONS_INCIDENT
2025-01-15 17:30:00,Escalated,INC-00377,Regional Controller
2025-01-15 18:00:00,Resolved,INC-00368,Incident Closed
2025-01-15 18:00:00,Resolved,INC-00369,Incident Closed
2025-01-15 18:00:00,Resolved,INC-00370,Incident Closed
2025-01-15 18:00:00,Escalated,INC-00378,Regional Controller
2025-01-15 18:00:00,Incident Created,INC-00378,PEAK_LOAD_EMISSIONS_INCIDENT
2025-01-15 18:30:00,Resolved,INC-00371,Incident Closed
2025-01-15 18:30:00,Resolved,INC-00372,Incident Closed
2025-01-15 18:30:00,Resolved,INC-00373,Incident Closed
2025-01-15 18:30:00,Incident Created,INC-00379,PEAK_LOAD_EMISSIONS_INCIDENT
2025-01-15 18:30:00,Escalated,INC-00379,Regional Controller
2025-01-15 19:00:00,Resolved,INC-00374,Incident Closed
2025-01-15 19:00:00,Resolved,INC-00375,Incident Closed
2025-01-15 19:00:00,Resolved,INC-00376,Incident Closed
2025-01-15 19:00:00,Escalated,INC-00380,Regional Controller
2025-01-15 19:00:00,Incident Created,INC-00380,PEAK_LOAD_EMISSIONS_INCIDENT
2025-01-15 19:30:00,Resolved,INC-00377,Incident Closed
2025-01-15 19:30:00,Incident Created,INC-00381,OPERATIONAL_RISK_INCIDENT
2025-01-15 19:30:00,Escalated,INC-00381,Regional Controller
2025-01-15 20:00:00,Resolved,INC-00378,Incident Closed
2025-01-15 20:00:00,Escalated,INC-00382,Regional Controller
2025-01-15 20:00:00,Incident Created,INC-00382,OPERATIONAL_RISK_INCIDENT
2025-01-15 20:30:00,Resolved,INC-00379,Incident Closed
2025-01-15 21:00:00,Resolved,INC-00380,Incident Closed
2025-01-15 21:30:00,Resolved,INC-00381,Incident Closed
2025-01-15 22:00:00,Resolved,INC-00382,Incident Closed
2025-01-16 15:30:00,Incident Created,INC-00383,PEAK_LOAD_EMISSIONS_INCIDENT
2025-01-16 15:30:00,Escalated,INC-00383,Regional Controller
2025-01-16 16:00:00,Incident Created,INC-00384,PEAK_LOAD_EMISSIONS_INCIDENT
2025-01-16 16:00:00,Escalated,INC-00384,Regional Controller
2025-01-16 16:30:00,Escalated,INC-00385,Regional Controller
2025-01-16 16:30:00,Incident Created,INC-00385,PEAK_LOAD_EMISSIONS_INCIDENT
2025-01-16 17:00:00,Escalated,INC-00386,Regional Controller
2025-01-16 17:00:00,Incident Created,INC-00386,PEAK_LOAD_EMISSIONS_INCIDENT
2025-01-16 17:30:00,Resolved,INC-00383,Incident Closed
2025-01-16 17:30:00,Incident Created,INC-00387,PEAK_LOAD_EMISSIONS_INCIDENT
2025-01-16 17:30:00,Escalated,INC-00387,Regional Controller
2025-01-16 18:00:00,Resolved,INC-00384,Incident Closed
2025-01-16 18:00:00,Incident Created,INC-00388,PEAK_LOAD_EMISSIONS_INCIDENT
2025-01-16 18:00:00,Escalated,INC-00388,Regional Controller
2025-01-16 18:30:00,Resolved,INC-00385,Incident Closed
2025-01-16 18:30:00,Incident Created,INC-00389,PEAK_LOAD_EMISSIONS_INCIDENT
2025-01-16 18:30:00,Escalated,INC-00389,Regional Controller
2025-01-16 19:00:00,Resolved,INC-00386,Incident Closed
2025-01-16 19:00:00,Escalated,INC-00390,Regional Controller
2025-01-16 19:00:00,Incident Created,INC-00390,PEAK_LOAD_EMISSIONS_INCIDENT
2025-01-16 19:30:00,Resolved,INC-00387,Incident Closed
2025-01-16 19:30:00,Escalated,INC-00391,Regional Controller
2025-01-16 19:30:00,Incident Created,INC-00391,PEAK_LOAD_EMISSIONS_INCIDENT
2025-01-16 20:00:00,Resolved,INC-00388,Incident Closed
2025-01-16 20:30:00,Resolved,INC-00389,Incident Closed
2025-01-16 21:00:00,Resolved,INC-00390,Incident Closed
2025-01-16 21:30:00,Resolved,INC-00391,Incident Closed
2025-01-17 12:00:00,Incident Created,INC-00392,PEAK_LOAD_EMISSIONS_INCIDENT
2025-01-17 12:00:00,Escalated,INC-00392,Regional Controller
2025-01-17 12:30:00,Escalated,INC-00393,Regional Controller
2025-01-17 12:30:00,Incident Created,INC-00393,PEAK_LOAD_EMISSIONS_INCIDENT
2025-01-17 13:00:00,Escalated,INC-00394,Regional Controller
2025-01-17 13:00:00,Incident Created,INC-00394,PEAK_LOAD_EMISSIONS_INCIDENT
2025-01-17 14:00:00,Resolved,INC-00392,Incident Closed
2025-01-17 14:30:00,Resolved,INC-00393,Incident Closed
2025-01-17 15:00:00,Resolved,INC-00394,Incident Closed
2025-01-17 16:00:00,Escalated,INC-00395,Regional Controller
2025-01-17 16:00:00,Incident Created,INC-00395,PEAK_LOAD_EMISSIONS_INCIDENT
2025-01-17 16:30:00,Incident Created,INC-00396,PEAK_LOAD_EMISSIONS_INCIDENT
2025-01-17 16:30:00,Escalated,INC-00396,Regional Controller
2025-01-17 17:00:00,Escalated,INC-00397,Regional Controller
2025-01-17 17:00:00,Incident Created,INC-00397,PEAK_LOAD_EMISSIONS_INCIDENT
2025-01-17 17:30:00,Escalated,INC-00398,Regional Controller
2025-01-17 17:30:00,Incident Created,INC-00398,PEAK_LOAD_EMISSIONS_INCIDENT
2025-01-17 18:00:00,Resolved,INC-00395,Incident Closed
2025-01-17 18:00:00,Escalated,INC-00399,Regional Controller
2025-01-17 18:00:00,Incident Created,INC-00399,PEAK_LOAD_EMISSIONS_INCIDENT
2025-01-17 18:30:00,Resolved,INC-00396,Incident Closed
2025-01-17 18:30:00,Escalated,INC-00400,Regional Controller
2025-01-17 18:30:00,Incident Created,INC-00400,PEAK_LOAD_EMISSIONS_INCIDENT
2025-01-17 19:00:00,Resolved,INC-00397,Incident Closed
2025-01-17 19:00:00,Incident Created,INC-00401,PEAK_LOAD_EMISSIONS_INCIDENT
2025-01-17 19:00:00,Escalated,INC-00401,Regional Controller
2025-01-17 19:30:00,Resolved,INC-00398,Incident Closed
2025-01-17 20:00:00,Resolved,INC-00399,Incident Closed
2025-01-17 20:30:00,Resolved,INC-00400,Incident Closed
2025-01-17 21:00:00,Resolved,INC-00401,Incident Closed
2025-01-18 13:00:00,Escalated,INC-00402,Regional Controller
2025-01-18 13:00:00,Incident Created,INC-00402,OPERATIONAL_RISK_INCIDENT
2025-01-18 13:30:00,Incident Created,INC-00403,OPERATIONAL_RISK_INCIDENT
2025-01-18 13:30:00,Escalated,INC-00403,Regional Controller
2025-01-18 14:00:00,Incident Created,INC-00404,OPERATIONAL_RISK_INCIDENT
2025-01-18 14:00:00,Escalated,INC-00404,Regional Controller
2025-01-18 15:00:00,Resolved,INC-00402,Incident Closed
2025-01-18 15:30:00,Resolved,INC-00403,Incident Closed
2025-01-18 15:30:00,Incident Created,INC-00405,SUSTAINABILITY_INCIDENT
2025-01-18 15:30:00,Escalated,INC-00405,Supervisor
2025-01-18 16:00:00,Resolved,INC-00404,Incident Closed
2025-01-18 16:30:00,Incident Created,INC-00406,PEAK_LOAD_EMISSIONS_INCIDENT
2025-01-18 16:30:00,Escalated,INC-00406,Regional Controller
2025-01-18 17:00:00,Escalated,INC-00407,Executive
2025-01-18 17:00:00,Incident Created,INC-00407,GRID_STRESS_INCIDENT
2025-01-18 17:00:00,Escalated,INC-00408,Regional Controller
2025-01-18 17:00:00,Incident Created,INC-00408,PEAK_LOAD_EMISSIONS_INCIDENT
2025-01-18 17:30:00,Resolved,INC-00405,Incident Closed
2025-01-18 17:30:00,Escalated,INC-00409,Executive
2025-01-18 17:30:00,Incident Created,INC-00409,GRID_STRESS_INCIDENT
2025-01-18 17:30:00,Escalated,INC-00410,Regional Controller
2025-01-18 17:30:00,Incident Created,INC-00410,PEAK_LOAD_EMISSIONS_INCIDENT
2025-01-18 18:00:00,Incident Created,INC-00411,GRID_STRESS_INCIDENT
2025-01-18 18:00:00,Escalated,INC-00411,Executive
2025-01-18 18:00:00,Escalated,INC-00412,Regional Controller
2025-01-18 18:00:00,Incident Created,INC-00412,PEAK_LOAD_EMISSIONS_INCIDENT
2025-01-18 18:30:00,Resolved,INC-00406,Incident Closed
2025-01-18 18:30:00,Escalated,INC-00413,Executive
2025-01-18 18:30:00,Incident Created,INC-00413,GRID_STRESS_INCIDENT
2025-01-18 18:30:00,Incident Created,INC-00414,PEAK_LOAD_EMISSIONS_INCIDENT
2025-01-18 18:30:00,Escalated,INC-00414,Regional Controller
2025-01-18 19:00:00,Resolved,INC-00407,Incident Closed
2025-01-18 19:00:00,Resolved,INC-00408,Incident Closed
2025-01-18 19:00:00,Escalated,INC-00415,Executive
2025-01-18 19:00:00,Incident Created,INC-00415,GRID_STRESS_INCIDENT
2025-01-18 19:00:00,Incident Created,INC-00416,PEAK_LOAD_EMISSIONS_INCIDENT
2025-01-18 19:00:00,Escalated,INC-00416,Regional Controller
2025-01-18 19:30:00,Resolved,INC-00409,Incident Closed
2025-01-18 19:30:00,Resolved,INC-00410,Incident Closed
2025-01-18 19:30:00,Incident Created,INC-00417,SUSTAINABILITY_INCIDENT
2025-01-18 19:30:00,Escalated,INC-00417,Supervisor
2025-01-18 20:00:00,Resolved,INC-00411,Incident Closed
2025-01-18 20:00:00,Resolved,INC-00412,Incident Closed
2025-01-18 20:00:00,Incident Created,INC-00418,SUSTAINABILITY_INCIDENT
2025-01-18 20:00:00,Escalated,INC-00418,Supervisor
2025-01-18 20:30:00,Resolved,INC-00413,Incident Closed
2025-01-18 20:30:00,Resolved,INC-00414,Incident Closed
2025-01-18 20:30:00,Escalated,INC-00419,Supervisor
2025-01-18 20:30:00,Incident Created,INC-00419,SUSTAINABILITY_INCIDENT
2025-01-18 21:00:00,Resolved,INC-00415,Incident Closed
2025-01-18 21:00:00,Resolved,INC-00416,Incident Closed
2025-01-18 21:00:00,Incident Created,INC-00420,SUSTAINABILITY_INCIDENT
2025-01-18 21:00:00,Escalated,INC-00420,Supervisor
2025-01-18 21:30:00,Resolved,INC-00417,Incident Closed
2025-01-18 21:30:00,Escalated,INC-00421,Supervisor
2025-01-18 21:30:00,Incident Created,INC-00421,SUSTAINABILITY_INCIDENT
2025-01-18 22:00:00,Resolved,INC-00418,Incident Closed
2025-01-18 22:00:00,Escalated,INC-00422,Supervisor
2025-01-18 22:00:00,Incident Created,INC-00422,SUSTAINABILITY_INCIDENT
2025-01-18 22:30:00,Resolved,INC-00419,Incident Closed
2025-01-18 22:30:00,Escalated,INC-00423,Supervisor
2025-01-18 22:30:00,Incident Created,INC-00423,SUSTAINABILITY_INCIDENT
2025-01-18 23:00:00,Resolved,INC-00420,Incident Closed
2025-01-18 23:00:00,Escalated,INC-00424,Supervisor
2025-01-18 23:00:00,Incident Created,INC-00424,SUSTAINABILITY_INCIDENT
2025-01-18 23:30:00,Resolved,INC-00421,Incident Closed
2025-01-18 23:30:00,Incident Created,INC-00425,SUSTAINABILITY_INCIDENT
2025-01-18 23:30:00,Escalated,INC-00425,Supervisor
2025-01-19 00:00:00,Resolved,INC-00422,Incident Closed
2025-01-19 00:00:00,Incident Created,INC-00426,SUSTAINABILITY_INCIDENT
2025-01-19 00:00:00,Escalated,INC-00426,Supervisor
2025-01-19 00:30:00,Resolved,INC-00423,Incident Closed
2025-01-19 00:30:00,Incident Created,INC-00427,SUSTAINABILITY_INCIDENT
2025-01-19 00:30:00,Escalated,INC-00427,Supervisor
2025-01-19 01:00:00,Resolved,INC-00424,Incident Closed
2025-01-19 01:00:00,Incident Created,INC-00428,SUSTAINABILITY_INCIDENT
2025-01-19 01:00:00,Escalated,INC-00428,Supervisor
2025-01-19 01:30:00,Resolved,INC-00425,Incident Closed
2025-01-19 01:30:00,Incident Created,INC-00429,SUSTAINABILITY_INCIDENT
2025-01-19 01:30:00,Escalated,INC-00429,Supervisor
2025-01-19 02:00:00,Resolved,INC-00426,Incident Closed
2025-01-19 02:00:00,Escalated,INC-00430,Supervisor
2025-01-19 02:00:00,Incident Created,INC-00430,SUSTAINABILITY_INCIDENT
2025-01-19 02:30:00,Resolved,INC-00427,Incident Closed
2025-01-19 02:30:00,Incident Created,INC-00431,SUSTAINABILITY_INCIDENT
2025-01-19 02:30:00,Escalated,INC-00431,Supervisor
2025-01-19 03:00:00,Resolved,INC-00428,Incident Closed
2025-01-19 03:00:00,Incident Created,INC-00432,SUSTAINABILITY_INCIDENT
2025-01-19 03:00:00,Escalated,INC-00432,Supervisor
2025-01-19 03:30:00,Resolved,INC-00429,Incident Closed
2025-01-19 03:30:00,Escalated,INC-00433,Supervisor
2025-01-19 03:30:00,Incident Created,INC-00433,SUSTAINABILITY_INCIDENT
2025-01-19 04:00:00,Resolved,INC-00430,Incident Closed
2025-01-19 04:00:00,Escalated,INC-00434,Supervisor
2025-01-19 04:00:00,Incident Created,INC-00434,SUSTAINABILITY_INCIDENT
2025-01-19 04:30:00,Resolved,INC-00431,Incident Closed
2025-01-19 04:30:00,Incident Created,INC-00435,SUSTAINABILITY_INCIDENT
2025-01-19 04:30:00,Escalated,INC-00435,Supervisor
2025-01-19 05:00:00,Resolved,INC-00432,Incident Closed
2025-01-19 05:00:00,Incident Created,INC-00436,SUSTAINABILITY_INCIDENT
2025-01-19 05:00:00,Escalated,INC-00436,Supervisor
2025-01-19 05:30:00,Resolved,INC-00433,Incident Closed
2025-01-19 05:30:00,Incident Created,INC-00437,SUSTAINABILITY_INCIDENT
2025-01-19 05:30:00,Escalated,INC-00437,Supervisor
2025-01-19 06:00:00,Resolved,INC-00434,Incident Closed
2025-01-19 06:00:00,Escalated,INC-00438,Supervisor
2025-01-19 06:00:00,Incident Created,INC-00438,SUSTAINABILITY_INCIDENT
2025-01-19 06:30:00,Resolved,INC-00435,Incident Closed
2025-01-19 06:30:00,Escalated,INC-00439,Supervisor
2025-01-19 06:30:00,Incident Created,INC-00439,SUSTAINABILITY_INCIDENT
2025-01-19 07:00:00,Resolved,INC-00436,Incident Closed
2025-01-19 07:00:00,Escalated,INC-00440,Supervisor
2025-01-19 07:00:00,Incident Created,INC-00440,SUSTAINABILITY_INCIDENT
2025-01-19 07:30:00,Resolved,INC-00437,Incident Closed
2025-01-19 07:30:00,Incident Created,INC-00441,SUSTAINABILITY_INCIDENT
2025-01-19 07:30:00,Escalated,INC-00441,Supervisor
2025-01-19 08:00:00,Resolved,INC-00438,Incident Closed
2025-01-19 08:00:00,Incident Created,INC-00442,SUSTAINABILITY_INCIDENT
2025-01-19 08:00:00,Escalated,INC-00442,Supervisor
2025-01-19 08:30:00,Resolved,INC-00439,Incident Closed
2025-01-19 08:30:00,Incident Created,INC-00443,SUSTAINABILITY_INCIDENT
2025-01-19 08:30:00,Escalated,INC-00443,Supervisor
2025-01-19 09:00:00,Resolved,INC-00440,Incident Closed
2025-01-19 09:00:00,Escalated,INC-00444,Supervisor
2025-01-19 09:00:00,Incident Created,INC-00444,SUSTAINABILITY_INCIDENT
2025-01-19 09:30:00,Resolved,INC-00441,Incident Closed
2025-01-19 09:30:00,Incident Created,INC-00445,SUSTAINABILITY_INCIDENT
2025-01-19 09:30:00,Escalated,INC-00445,Supervisor
2025-01-19 10:00:00,Resolved,INC-00442,Incident Closed
2025-01-19 10:00:00,Incident Created,INC-00446,SUSTAINABILITY_INCIDENT
2025-01-19 10:00:00,Escalated,INC-00446,Supervisor
2025-01-19 10:30:00,Resolved,INC-00443,Incident Closed
2025-01-19 10:30:00,Incident Created,INC-00447,SUSTAINABILITY_INCIDENT
2025-01-19 10:30:00,Escalated,INC-00447,Supervisor
2025-01-19 11:00:00,Resolved,INC-00444,Incident Closed
2025-01-19 11:00:00,Incident Created,INC-00448,SUSTAINABILITY_INCIDENT
2025-01-19 11:00:00,Escalated,INC-00448,Supervisor
2025-01-19 11:30:00,Resolved,INC-00445,Incident Closed
2025-01-19 11:30:00,Incident Created,INC-00449,SUSTAINABILITY_INCIDENT
2025-01-19 11:30:00,Escalated,INC-00449,Supervisor
2025-01-19 12:00:00,Resolved,INC-00446,Incident Closed
2025-01-19 12:00:00,Escalated,INC-00450,Regional Controller
2025-01-19 12:00:00,Incident Created,INC-00450,FORECAST_RISK_INCIDENT
2025-01-19 12:00:00,Escalated,INC-00451,Supervisor
2025-01-19 12:00:00,Incident Created,INC-00451,SUSTAINABILITY_INCIDENT
2025-01-19 12:00:00,Escalated,INC-00452,Regional Controller
2025-01-19 12:00:00,Incident Created,INC-00452,PEAK_LOAD_EMISSIONS_INCIDENT
2025-01-19 12:00:00,Escalated,INC-00453,Regional Controller
2025-01-19 12:00:00,Incident Created,INC-00453,OPERATIONAL_RISK_INCIDENT
2025-01-19 12:30:00,Resolved,INC-00447,Incident Closed
2025-01-19 12:30:00,Escalated,INC-00454,Supervisor
2025-01-19 12:30:00,Incident Created,INC-00454,SUSTAINABILITY_INCIDENT
2025-01-19 12:30:00,Escalated,INC-00455,Regional Controller
2025-01-19 12:30:00,Incident Created,INC-00455,PEAK_LOAD_EMISSIONS_INCIDENT
2025-01-19 13:00:00,Resolved,INC-00448,Incident Closed
2025-01-19 13:00:00,Escalated,INC-00456,Supervisor
2025-01-19 13:00:00,Incident Created,INC-00456,SUSTAINABILITY_INCIDENT
2025-01-19 13:30:00,Resolved,INC-00449,Incident Closed
2025-01-19 13:30:00,Escalated,INC-00457,Supervisor
2025-01-19 13:30:00,Incident Created,INC-00457,SUSTAINABILITY_INCIDENT
2025-01-19 14:00:00,Resolved,INC-00450,Incident Closed
2025-01-19 14:00:00,Resolved,INC-00451,Incident Closed
2025-01-19 14:00:00,Resolved,INC-00452,Incident Closed
2025-01-19 14:00:00,Resolved,INC-00453,Incident Closed
2025-01-19 14:00:00,Escalated,INC-00458,Supervisor
2025-01-19 14:00:00,Incident Created,INC-00458,SUSTAINABILITY_INCIDENT
2025-01-19 14:00:00,Escalated,INC-00459,Regional Controller
2025-01-19 14:00:00,Incident Created,INC-00459,PEAK_LOAD_EMISSIONS_INCIDENT
2025-01-19 14:30:00,Resolved,INC-00454,Incident Closed
2025-01-19 14:30:00,Resolved,INC-00455,Incident Closed
2025-01-19 14:30:00,Incident Created,INC-00460,SUSTAINABILITY_INCIDENT
2025-01-19 14:30:00,Escalated,INC-00460,Supervisor
2025-01-19 14:30:00,Incident Created,INC-00461,PEAK_LOAD_EMISSIONS_INCIDENT
2025-01-19 14:30:00,Escalated,INC-00461,Regional Controller
2025-01-19 15:00:00,Resolved,INC-00456,Incident Closed
2025-01-19 15:00:00,Escalated,INC-00462,Supervisor
2025-01-19 15:00:00,Incident Created,INC-00462,SUSTAINABILITY_INCIDENT
2025-01-19 15:00:00,Incident Created,INC-00463,PEAK_LOAD_EMISSIONS_INCIDENT
2025-01-19 15:00:00,Escalated,INC-00463,Regional Controller
2025-01-19 15:30:00,Resolved,INC-00457,Incident Closed
2025-01-19 15:30:00,Escalated,INC-00464,Executive
2025-01-19 15:30:00,Incident Created,INC-00464,GRID_STRESS_INCIDENT
2025-01-19 15:30:00,Incident Created,INC-00465,SUSTAINABILITY_INCIDENT
2025-01-19 15:30:00,Escalated,INC-00465,Supervisor
2025-01-19 15:30:00,Incident Created,INC-00466,PEAK_LOAD_EMISSIONS_INCIDENT
2025-01-19 15:30:00,Escalated,INC-00466,Regional Controller
2025-01-19 16:00:00,Resolved,INC-00458,Incident Closed
2025-01-19 16:00:00,Resolved,INC-00459,Incident Closed
2025-01-19 16:00:00,Incident Created,INC-00467,GRID_STRESS_INCIDENT
2025-01-19 16:00:00,Escalated,INC-00467,Executive
2025-01-19 16:00:00,Incident Created,INC-00468,SUSTAINABILITY_INCIDENT
2025-01-19 16:00:00,Escalated,INC-00468,Supervisor
2025-01-19 16:00:00,Escalated,INC-00469,Regional Controller
2025-01-19 16:00:00,Incident Created,INC-00469,PEAK_LOAD_EMISSIONS_INCIDENT
2025-01-19 16:30:00,Resolved,INC-00460,Incident Closed
2025-01-19 16:30:00,Resolved,INC-00461,Incident Closed
2025-01-19 16:30:00,Incident Created,INC-00470,GRID_STRESS_INCIDENT
2025-01-19 16:30:00,Escalated,INC-00470,Executive
2025-01-19 16:30:00,Escalated,INC-00471,Supervisor
2025-01-19 16:30:00,Incident Created,INC-00471,SUSTAINABILITY_INCIDENT
2025-01-19 16:30:00,Incident Created,INC-00472,PEAK_LOAD_EMISSIONS_INCIDENT
2025-01-19 16:30:00,Escalated,INC-00472,Regional Controller
2025-01-19 17:00:00,Resolved,INC-00462,Incident Closed
2025-01-19 17:00:00,Resolved,INC-00463,Incident Closed
2025-01-19 17:00:00,Escalated,INC-00473,Executive
2025-01-19 17:00:00,Incident Created,INC-00473,GRID_STRESS_INCIDENT
2025-01-19 17:00:00,Incident Created,INC-00474,SUSTAINABILITY_INCIDENT
2025-01-19 17:00:00,Escalated,INC-00474,Supervisor
2025-01-19 17:00:00,Incident Created,INC-00475,PEAK_LOAD_EMISSIONS_INCIDENT
2025-01-19 17:00:00,Escalated,INC-00475,Regional Controller
2025-01-19 17:30:00,Resolved,INC-00464,Incident Closed
2025-01-19 17:30:00,Resolved,INC-00465,Incident Closed
2025-01-19 17:30:00,Resolved,INC-00466,Incident Closed
2025-01-19 17:30:00,Incident Created,INC-00476,GRID_STRESS_INCIDENT
2025-01-19 17:30:00,Escalated,INC-00476,Executive
2025-01-19 17:30:00,Incident Created,INC-00477,SUSTAINABILITY_INCIDENT
2025-01-19 17:30:00,Escalated,INC-00477,Supervisor
2025-01-19 17:30:00,Incident Created,INC-00478,PEAK_LOAD_EMISSIONS_INCIDENT
2025-01-19 17:30:00,Escalated,INC-00478,Regional Controller
2025-01-19 18:00:00,Resolved,INC-00467,Incident Closed
2025-01-19 18:00:00,Resolved,INC-00468,Incident Closed
2025-01-19 18:00:00,Resolved,INC-00469,Incident Closed
2025-01-19 18:00:00,Escalated,INC-00479,Supervisor
2025-01-19 18:00:00,Incident Created,INC-00479,SUSTAINABILITY_INCIDENT
2025-01-19 18:00:00,Escalated,INC-00480,Regional Controller
2025-01-19 18:00:00,Incident Created,INC-00480,PEAK_LOAD_EMISSIONS_INCIDENT
2025-01-19 18:30:00,Resolved,INC-00470,Incident Closed
2025-01-19 18:30:00,Resolved,INC-00471,Incident Closed
2025-01-19 18:30:00,Resolved,INC-00472,Incident Closed
2025-01-19 18:30:00,Escalated,INC-00481,Supervisor
2025-01-19 18:30:00,Incident Created,INC-00481,SUSTAINABILITY_INCIDENT
2025-01-19 18:30:00,Incident Created,INC-00482,PEAK_LOAD_EMISSIONS_INCIDENT
2025-01-19 18:30:00,Escalated,INC-00482,Regional Controller
2025-01-19 19:00:00,Resolved,INC-00473,Incident Closed
2025-01-19 19:00:00,Resolved,INC-00474,Incident Closed
2025-01-19 19:00:00,Resolved,INC-00475,Incident Closed
2025-01-19 19:00:00,Incident Created,INC-00483,SUSTAINABILITY_INCIDENT
2025-01-19 19:00:00,Escalated,INC-00483,Supervisor
2025-01-19 19:00:00,Escalated,INC-00484,Regional Controller
2025-01-19 19:00:00,Incident Created,INC-00484,PEAK_LOAD_EMISSIONS_INCIDENT
2025-01-19 19:30:00,Resolved,INC-00476,Incident Closed
2025-01-19 19:30:00,Resolved,INC-00477,Incident Closed
2025-01-19 19:30:00,Resolved,INC-00478,Incident Closed
2025-01-19 19:30:00,Incident Created,INC-00485,SUSTAINABILITY_INCIDENT
2025-01-19 19:30:00,Escalated,INC-00485,Supervisor
2025-01-19 19:30:00,Incident Created,INC-00486,PEAK_LOAD_EMISSIONS_INCIDENT
2025-01-19 19:30:00,Escalated,INC-00486,Regional Controller
2025-01-19 20:00:00,Resolved,INC-00479,Incident Closed
2025-01-19 20:00:00,Resolved,INC-00480,Incident Closed
2025-01-19 20:00:00,Escalated,INC-00487,Supervisor
2025-01-19 20:00:00,Incident Created,INC-00487,SUSTAINABILITY_INCIDENT
2025-01-19 20:30:00,Resolved,INC-00481,Incident Closed
2025-01-19 20:30:00,Resolved,INC-00482,Incident Closed
2025-01-19 20:30:00,Incident Created,INC-00488,SUSTAINABILITY_INCIDENT
2025-01-19 20:30:00,Escalated,INC-00488,Supervisor
2025-01-19 21:00:00,Resolved,INC-00483,Incident Closed
2025-01-19 21:00:00,Resolved,INC-00484,Incident Closed
2025-01-19 21:00:00,Incident Created,INC-00489,SUSTAINABILITY_INCIDENT
2025-01-19 21:00:00,Escalated,INC-00489,Supervisor
2025-01-19 21:30:00,Resolved,INC-00485,Incident Closed
2025-01-19 21:30:00,Resolved,INC-00486,Incident Closed
2025-01-19 21:30:00,Escalated,INC-00490,Supervisor
2025-01-19 21:30:00,Incident Created,INC-00490,SUSTAINABILITY_INCIDENT
2025-01-19 22:00:00,Resolved,INC-00487,Incident Closed
2025-01-19 22:00:00,Incident Created,INC-00491,SUSTAINABILITY_INCIDENT
2025-01-19 22:00:00,Escalated,INC-00491,Supervisor
2025-01-19 22:30:00,Resolved,INC-00488,Incident Closed
2025-01-19 22:30:00,Escalated,INC-00492,Supervisor
2025-01-19 22:30:00,Incident Created,INC-00492,SUSTAINABILITY_INCIDENT
2025-01-19 23:00:00,Resolved,INC-00489,Incident Closed
2025-01-19 23:00:00,Incident Created,INC-00493,SUSTAINABILITY_INCIDENT
2025-01-19 23:00:00,Escalated,INC-00493,Supervisor
2025-01-19 23:30:00,Resolved,INC-00490,Incident Closed
2025-01-19 23:30:00,Incident Created,INC-00494,SUSTAINABILITY_INCIDENT
2025-01-19 23:30:00,Escalated,INC-00494,Supervisor
2025-01-20 00:00:00,Resolved,INC-00491,Incident Closed
2025-01-20 00:00:00,Escalated,INC-00495,Supervisor
2025-01-20 00:00:00,Incident Created,INC-00495,SUSTAINABILITY_INCIDENT
2025-01-20 00:30:00,Resolved,INC-00492,Incident Closed
2025-01-20 00:30:00,Incident Created,INC-00496,SUSTAINABILITY_INCIDENT
2025-01-20 00:30:00,Escalated,INC-00496,Supervisor
2025-01-20 01:00:00,Resolved,INC-00493,Incident Closed
2025-01-20 01:00:00,Incident Created,INC-00497,SUSTAINABILITY_INCIDENT
2025-01-20 01:00:00,Escalated,INC-00497,Supervisor
2025-01-20 01:30:00,Resolved,INC-00494,Incident Closed
2025-01-20 01:30:00,Escalated,INC-00498,Supervisor
2025-01-20 01:30:00,Incident Created,INC-00498,SUSTAINABILITY_INCIDENT
2025-01-20 02:00:00,Resolved,INC-00495,Incident Closed
2025-01-20 02:00:00,Escalated,INC-00499,Supervisor
2025-01-20 02:00:00,Incident Created,INC-00499,SUSTAINABILITY_INCIDENT
2025-01-20 02:30:00,Resolved,INC-00496,Incident Closed
2025-01-20 02:30:00,Incident Created,INC-00500,SUSTAINABILITY_INCIDENT
2025-01-20 02:30:00,Escalated,INC-00500,Supervisor
2025-01-20 03:00:00,Resolved,INC-00497,Incident Closed
2025-01-20 03:00:00,Escalated,INC-00501,Supervisor
2025-01-20 03:00:00,Incident Created,INC-00501,SUSTAINABILITY_INCIDENT
2025-01-20 03:30:00,Resolved,INC-00498,Incident Closed
2025-01-20 03:30:00,Incident Created,INC-00502,SUSTAINABILITY_INCIDENT
2025-01-20 03:30:00,Escalated,INC-00502,Supervisor
2025-01-20 04:00:00,Resolved,INC-00499,Incident Closed
2025-01-20 04:00:00,Incident Created,INC-00503,SUSTAINABILITY_INCIDENT
2025-01-20 04:00:00,Escalated,INC-00503,Supervisor
2025-01-20 04:30:00,Resolved,INC-00500,Incident Closed
2025-01-20 04:30:00,Incident Created,INC-00504,SUSTAINABILITY_INCIDENT
2025-01-20 04:30:00,Escalated,INC-00504,Supervisor
2025-01-20 05:00:00,Resolved,INC-00501,Incident Closed
2025-01-20 05:00:00,Incident Created,INC-00505,SUSTAINABILITY_INCIDENT
2025-01-20 05:00:00,Escalated,INC-00505,Supervisor
2025-01-20 05:30:00,Resolved,INC-00502,Incident Closed
2025-01-20 05:30:00,Escalated,INC-00506,Supervisor
2025-01-20 05:30:00,Incident Created,INC-00506,SUSTAINABILITY_INCIDENT
2025-01-20 06:00:00,Resolved,INC-00503,Incident Closed
2025-01-20 06:00:00,Escalated,INC-00507,Supervisor
2025-01-20 06:00:00,Incident Created,INC-00507,SUSTAINABILITY_INCIDENT
2025-01-20 06:30:00,Resolved,INC-00504,Incident Closed
2025-01-20 06:30:00,Incident Created,INC-00508,SUSTAINABILITY_INCIDENT
2025-01-20 06:30:00,Escalated,INC-00508,Supervisor
2025-01-20 07:00:00,Resolved,INC-00505,Incident Closed
2025-01-20 07:00:00,Escalated,INC-00509,Supervisor
2025-01-20 07:00:00,Incident Created,INC-00509,SUSTAINABILITY_INCIDENT
2025-01-20 07:30:00,Resolved,INC-00506,Incident Closed
2025-01-20 07:30:00,Escalated,INC-00510,Supervisor
2025-01-20 07:30:00,Incident Created,INC-00510,SUSTAINABILITY_INCIDENT
2025-01-20 08:00:00,Resolved,INC-00507,Incident Closed
2025-01-20 08:00:00,Escalated,INC-00511,Supervisor
2025-01-20 08:00:00,Incident Created,INC-00511,SUSTAINABILITY_INCIDENT
2025-01-20 08:00:00,Escalated,INC-00512,Regional Controller
2025-01-20 08:00:00,Incident Created,INC-00512,PEAK_LOAD_EMISSIONS_INCIDENT
2025-01-20 08:30:00,Resolved,INC-00508,Incident Closed
2025-01-20 08:30:00,Incident Created,INC-00513,SUSTAINABILITY_INCIDENT
2025-01-20 08:30:00,Escalated,INC-00513,Supervisor
2025-01-20 08:30:00,Incident Created,INC-00514,PEAK_LOAD_EMISSIONS_INCIDENT
2025-01-20 08:30:00,Escalated,INC-00514,Regional Controller
2025-01-20 09:00:00,Resolved,INC-00509,Incident Closed
2025-01-20 09:00:00,Escalated,INC-00515,Supervisor
2025-01-20 09:00:00,Incident Created,INC-00515,SUSTAINABILITY_INCIDENT
2025-01-20 09:00:00,Escalated,INC-00516,Regional Controller
2025-01-20 09:00:00,Incident Created,INC-00516,PEAK_LOAD_EMISSIONS_INCIDENT
2025-01-20 09:30:00,Resolved,INC-00510,Incident Closed
2025-01-20 09:30:00,Escalated,INC-00517,Supervisor
2025-01-20 09:30:00,Incident Created,INC-00517,SUSTAINABILITY_INCIDENT
2025-01-20 09:30:00,Escalated,INC-00518,Regional Controller
2025-01-20 09:30:00,Incident Created,INC-00518,PEAK_LOAD_EMISSIONS_INCIDENT
2025-01-20 10:00:00,Resolved,INC-00511,Incident Closed
2025-01-20 10:00:00,Resolved,INC-00512,Incident Closed
2025-01-20 10:00:00,Incident Created,INC-00519,SUSTAINABILITY_INCIDENT
2025-01-20 10:00:00,Escalated,INC-00519,Supervisor
2025-01-20 10:00:00,Escalated,INC-00520,Regional Controller
2025-01-20 10:00:00,Incident Created,INC-00520,PEAK_LOAD_EMISSIONS_INCIDENT
2025-01-20 10:30:00,Resolved,INC-00513,Incident Closed
2025-01-20 10:30:00,Resolved,INC-00514,Incident Closed
2025-01-20 10:30:00,Incident Created,INC-00521,SUSTAINABILITY_INCIDENT
2025-01-20 10:30:00,Escalated,INC-00521,Supervisor
2025-01-20 10:30:00,Escalated,INC-00522,Regional Controller
2025-01-20 10:30:00,Incident Created,INC-00522,PEAK_LOAD_EMISSIONS_INCIDENT
2025-01-20 11:00:00,Resolved,INC-00515,Incident Closed
2025-01-20 11:00:00,Resolved,INC-00516,Incident Closed
2025-01-20 11:00:00,Incident Created,INC-00523,SUSTAINABILITY_INCIDENT
2025-01-20 11:00:00,Escalated,INC-00523,Supervisor
2025-01-20 11:00:00,Incident Created,INC-00524,PEAK_LOAD_EMISSIONS_INCIDENT
2025-01-20 11:00:00,Escalated,INC-00524,Regional Controller
2025-01-20 11:30:00,Resolved,INC-00517,Incident Closed
2025-01-20 11:30:00,Resolved,INC-00518,Incident Closed
2025-01-20 11:30:00,Incident Created,INC-00525,SUSTAINABILITY_INCIDENT
2025-01-20 11:30:00,Escalated,INC-00525,Supervisor
2025-01-20 11:30:00,Escalated,INC-00526,Regional Controller
2025-01-20 11:30:00,Incident Created,INC-00526,PEAK_LOAD_EMISSIONS_INCIDENT
2025-01-20 12:00:00,Resolved,INC-00519,Incident Closed
2025-01-20 12:00:00,Resolved,INC-00520,Incident Closed
2025-01-20 12:00:00,Escalated,INC-00527,Supervisor
2025-01-20 12:00:00,Incident Created,INC-00527,SUSTAINABILITY_INCIDENT
2025-01-20 12:00:00,Incident Created,INC-00528,PEAK_LOAD_EMISSIONS_INCIDENT
2025-01-20 12:00:00,Escalated,INC-00528,Regional Controller
2025-01-20 12:30:00,Resolved,INC-00521,Incident Closed
2025-01-20 12:30:00,Resolved,INC-00522,Incident Closed
2025-01-20 12:30:00,Incident Created,INC-00529,SUSTAINABILITY_INCIDENT
2025-01-20 12:30:00,Escalated,INC-00529,Supervisor
2025-01-20 12:30:00,Incident Created,INC-00530,PEAK_LOAD_EMISSIONS_INCIDENT
2025-01-20 12:30:00,Escalated,INC-00530,Regional Controller
2025-01-20 13:00:00,Resolved,INC-00523,Incident Closed
2025-01-20 13:00:00,Resolved,INC-00524,Incident Closed
2025-01-20 13:00:00,Escalated,INC-00531,Supervisor
2025-01-20 13:00:00,Incident Created,INC-00531,SUSTAINABILITY_INCIDENT
2025-01-20 13:00:00,Escalated,INC-00532,Regional Controller
2025-01-20 13:00:00,Incident Created,INC-00532,PEAK_LOAD_EMISSIONS_INCIDENT
2025-01-20 13:30:00,Resolved,INC-00525,Incident Closed
2025-01-20 13:30:00,Resolved,INC-00526,Incident Closed
2025-01-20 13:30:00,Incident Created,INC-00533,SUSTAINABILITY_INCIDENT
2025-01-20 13:30:00,Escalated,INC-00533,Supervisor
2025-01-20 13:30:00,Escalated,INC-00534,Regional Controller
2025-01-20 13:30:00,Incident Created,INC-00534,PEAK_LOAD_EMISSIONS_INCIDENT
2025-01-20 14:00:00,Resolved,INC-00527,Incident Closed
2025-01-20 14:00:00,Resolved,INC-00528,Incident Closed
2025-01-20 14:00:00,Escalated,INC-00535,Supervisor
2025-01-20 14:00:00,Incident Created,INC-00535,SUSTAINABILITY_INCIDENT
2025-01-20 14:00:00,Escalated,INC-00536,Regional Controller
2025-01-20 14:00:00,Incident Created,INC-00536,PEAK_LOAD_EMISSIONS_INCIDENT
2025-01-20 14:30:00,Resolved,INC-00529,Incident Closed
2025-01-20 14:30:00,Resolved,INC-00530,Incident Closed
2025-01-20 14:30:00,Incident Created,INC-00537,SUSTAINABILITY_INCIDENT
2025-01-20 14:30:00,Escalated,INC-00537,Supervisor
2025-01-20 14:30:00,Incident Created,INC-00538,PEAK_LOAD_EMISSIONS_INCIDENT
2025-01-20 14:30:00,Escalated,INC-00538,Regional Controller
2025-01-20 15:00:00,Resolved,INC-00531,Incident Closed
2025-01-20 15:00:00,Resolved,INC-00532,Incident Closed
2025-01-20 15:00:00,Escalated,INC-00539,Supervisor
2025-01-20 15:00:00,Incident Created,INC-00539,SUSTAINABILITY_INCIDENT
2025-01-20 15:00:00,Incident Created,INC-00540,PEAK_LOAD_EMISSIONS_INCIDENT
2025-01-20 15:00:00,Escalated,INC-00540,Regional Controller
2025-01-20 15:30:00,Resolved,INC-00533,Incident Closed
2025-01-20 15:30:00,Resolved,INC-00534,Incident Closed
2025-01-20 15:30:00,Incident Created,INC-00541,SUSTAINABILITY_INCIDENT
2025-01-20 15:30:00,Escalated,INC-00541,Supervisor
2025-01-20 15:30:00,Incident Created,INC-00542,PEAK_LOAD_EMISSIONS_INCIDENT
2025-01-20 15:30:00,Escalated,INC-00542,Regional Controller
2025-01-20 16:00:00,Resolved,INC-00535,Incident Closed
2025-01-20 16:00:00,Resolved,INC-00536,Incident Closed
2025-01-20 16:00:00,Escalated,INC-00543,Supervisor
2025-01-20 16:00:00,Incident Created,INC-00543,SUSTAINABILITY_INCIDENT
2025-01-20 16:00:00,Escalated,INC-00544,Regional Controller
2025-01-20 16:00:00,Incident Created,INC-00544,PEAK_LOAD_EMISSIONS_INCIDENT
2025-01-20 16:30:00,Resolved,INC-00537,Incident Closed
2025-01-20 16:30:00,Resolved,INC-00538,Incident Closed
2025-01-20 16:30:00,Escalated,INC-00545,Executive
2025-01-20 16:30:00,Incident Created,INC-00545,GRID_STRESS_INCIDENT
2025-01-20 16:30:00,Incident Created,INC-00546,SUSTAINABILITY_INCIDENT
2025-01-20 16:30:00,Escalated,INC-00546,Supervisor
2025-01-20 16:30:00,Incident Created,INC-00547,PEAK_LOAD_EMISSIONS_INCIDENT
2025-01-20 16:30:00,Escalated,INC-00547,Regional Controller
2025-01-20 17:00:00,Resolved,INC-00539,Incident Closed
2025-01-20 17:00:00,Resolved,INC-00540,Incident Closed
2025-01-20 17:00:00,Escalated,INC-00548,Executive
2025-01-20 17:00:00,Incident Created,INC-00548,GRID_STRESS_INCIDENT
2025-01-20 17:00:00,Incident Created,INC-00549,SUSTAINABILITY_INCIDENT
2025-01-20 17:00:00,Escalated,INC-00549,Supervisor
2025-01-20 17:00:00,Escalated,INC-00550,Regional Controller
2025-01-20 17:00:00,Incident Created,INC-00550,PEAK_LOAD_EMISSIONS_INCIDENT
2025-01-20 17:30:00,Resolved,INC-00541,Incident Closed
2025-01-20 17:30:00,Resolved,INC-00542,Incident Closed
2025-01-20 17:30:00,Escalated,INC-00551,Executive
2025-01-20 17:30:00,Incident Created,INC-00551,GRID_STRESS_INCIDENT
2025-01-20 17:30:00,Escalated,INC-00552,Supervisor
2025-01-20 17:30:00,Incident Created,INC-00552,SUSTAINABILITY_INCIDENT
2025-01-20 17:30:00,Escalated,INC-00553,Regional Controller
2025-01-20 17:30:00,Incident Created,INC-00553,PEAK_LOAD_EMISSIONS_INCIDENT
2025-01-20 18:00:00,Resolved,INC-00543,Incident Closed
2025-01-20 18:00:00,Resolved,INC-00544,Incident Closed
2025-01-20 18:00:00,Escalated,INC-00554,Executive
2025-01-20 18:00:00,Incident Created,INC-00554,GRID_STRESS_INCIDENT
2025-01-20 18:00:00,Escalated,INC-00555,Regional Controller
2025-01-20 18:00:00,Incident Created,INC-00555,FORECAST_RISK_INCIDENT
2025-01-20 18:00:00,Escalated,INC-00556,Supervisor
2025-01-20 18:00:00,Incident Created,INC-00556,SUSTAINABILITY_INCIDENT
2025-01-20 18:00:00,Escalated,INC-00557,Regional Controller
2025-01-20 18:00:00,Incident Created,INC-00557,PEAK_LOAD_EMISSIONS_INCIDENT
2025-01-20 18:00:00,Escalated,INC-00558,Regional Controller
2025-01-20 18:00:00,Incident Created,INC-00558,CAPACITY_PLANNING_INCIDENT
2025-01-20 18:00:00,Escalated,INC-00559,Regional Controller
2025-01-20 18:00:00,Incident Created,INC-00559,OPERATIONAL_RISK_INCIDENT
2025-01-20 18:30:00,Resolved,INC-00545,Incident Closed
2025-01-20 18:30:00,Resolved,INC-00546,Incident Closed
2025-01-20 18:30:00,Resolved,INC-00547,Incident Closed
2025-01-20 18:30:00,Escalated,INC-00560,Executive
2025-01-20 18:30:00,Incident Created,INC-00560,GRID_STRESS_INCIDENT
2025-01-20 18:30:00,Escalated,INC-00561,Supervisor
2025-01-20 18:30:00,Incident Created,INC-00561,SUSTAINABILITY_INCIDENT
2025-01-20 18:30:00,Escalated,INC-00562,Regional Controller
2025-01-20 18:30:00,Incident Created,INC-00562,PEAK_LOAD_EMISSIONS_INCIDENT
2025-01-20 19:00:00,Resolved,INC-00548,Incident Closed
2025-01-20 19:00:00,Resolved,INC-00549,Incident Closed
2025-01-20 19:00:00,Resolved,INC-00550,Incident Closed
2025-01-20 19:00:00,Incident Created,INC-00563,SUSTAINABILITY_INCIDENT
2025-01-20 19:00:00,Escalated,INC-00563,Supervisor
2025-01-20 19:00:00,Incident Created,INC-00564,PEAK_LOAD_EMISSIONS_INCIDENT
2025-01-20 19:00:00,Escalated,INC-00564,Regional Controller
2025-01-20 19:30:00,Resolved,INC-00551,Incident Closed
2025-01-20 19:30:00,Resolved,INC-00552,Incident Closed
2025-01-20 19:30:00,Resolved,INC-00553,Incident Closed
2025-01-20 19:30:00,Incident Created,INC-00565,SUSTAINABILITY_INCIDENT
2025-01-20 19:30:00,Escalated,INC-00565,Supervisor
2025-01-20 19:30:00,Escalated,INC-00566,Regional Controller
2025-01-20 19:30:00,Incident Created,INC-00566,PEAK_LOAD_EMISSIONS_INCIDENT
2025-01-20 20:00:00,Resolved,INC-00554,Incident Closed
2025-01-20 20:00:00,Resolved,INC-00555,Incident Closed
2025-01-20 20:00:00,Resolved,INC-00556,Incident Closed
2025-01-20 20:00:00,Resolved,INC-00557,Incident Closed
2025-01-20 20:00:00,Resolved,INC-00558,Incident Closed
2025-01-20 20:00:00,Resolved,INC-00559,Incident Closed
2025-01-20 20:00:00,Incident Created,INC-00567,SUSTAINABILITY_INCIDENT
2025-01-20 20:00:00,Escalated,INC-00567,Supervisor
2025-01-20 20:00:00,Escalated,INC-00568,Regional Controller
2025-01-20 20:00:00,Incident Created,INC-00568,PEAK_LOAD_EMISSIONS_INCIDENT
2025-01-20 20:30:00,Resolved,INC-00560,Incident Closed
2025-01-20 20:30:00,Resolved,INC-00561,Incident Closed
2025-01-20 20:30:00,Resolved,INC-00562,Incident Closed
2025-01-20 20:30:00,Incident Created,INC-00569,SUSTAINABILITY_INCIDENT
2025-01-20 20:30:00,Escalated,INC-00569,Supervisor
2025-01-20 20:30:00,Incident Created,INC-00570,PEAK_LOAD_EMISSIONS_INCIDENT
2025-01-20 20:30:00,Escalated,INC-00570,Regional Controller
2025-01-20 21:00:00,Resolved,INC-00563,Incident Closed
2025-01-20 21:00:00,Resolved,INC-00564,Incident Closed
2025-01-20 21:00:00,Incident Created,INC-00571,SUSTAINABILITY_INCIDENT
2025-01-20 21:00:00,Escalated,INC-00571,Supervisor
2025-01-20 21:30:00,Resolved,INC-00565,Incident Closed
2025-01-20 21:30:00,Resolved,INC-00566,Incident Closed
2025-01-20 21:30:00,Incident Created,INC-00572,SUSTAINABILITY_INCIDENT
2025-01-20 21:30:00,Escalated,INC-00572,Supervisor
2025-01-20 22:00:00,Resolved,INC-00567,Incident Closed
2025-01-20 22:00:00,Resolved,INC-00568,Incident Closed
2025-01-20 22:00:00,Incident Created,INC-00573,SUSTAINABILITY_INCIDENT
2025-01-20 22:00:00,Escalated,INC-00573,Supervisor
2025-01-20 22:30:00,Resolved,INC-00569,Incident Closed
2025-01-20 22:30:00,Resolved,INC-00570,Incident Closed
2025-01-20 22:30:00,Escalated,INC-00574,Supervisor
2025-01-20 22:30:00,Incident Created,INC-00574,SUSTAINABILITY_INCIDENT
2025-01-20 23:00:00,Resolved,INC-00571,Incident Closed
2025-01-20 23:00:00,Incident Created,INC-00575,SUSTAINABILITY_INCIDENT
2025-01-20 23:00:00,Escalated,INC-00575,Supervisor
2025-01-20 23:30:00,Resolved,INC-00572,Incident Closed
2025-01-20 23:30:00,Incident Created,INC-00576,SUSTAINABILITY_INCIDENT
2025-01-20 23:30:00,Escalated,INC-00576,Supervisor
2025-01-21 00:00:00,Resolved,INC-00573,Incident Closed
2025-01-21 00:00:00,Escalated,INC-00577,Supervisor
2025-01-21 00:00:00,Incident Created,INC-00577,SUSTAINABILITY_INCIDENT
2025-01-21 00:30:00,Resolved,INC-00574,Incident Closed
2025-01-21 00:30:00,Incident Created,INC-00578,SUSTAINABILITY_INCIDENT
2025-01-21 00:30:00,Escalated,INC-00578,Supervisor
2025-01-21 01:00:00,Resolved,INC-00575,Incident Closed
2025-01-21 01:00:00,Incident Created,INC-00579,SUSTAINABILITY_INCIDENT
2025-01-21 01:00:00,Escalated,INC-00579,Supervisor
2025-01-21 01:30:00,Resolved,INC-00576,Incident Closed
2025-01-21 01:30:00,Incident Created,INC-00580,SUSTAINABILITY_INCIDENT
2025-01-21 01:30:00,Escalated,INC-00580,Supervisor
2025-01-21 02:00:00,Resolved,INC-00577,Incident Closed
2025-01-21 02:00:00,Incident Created,INC-00581,SUSTAINABILITY_INCIDENT
2025-01-21 02:00:00,Escalated,INC-00581,Supervisor
2025-01-21 02:30:00,Resolved,INC-00578,Incident Closed
2025-01-21 02:30:00,Incident Created,INC-00582,SUSTAINABILITY_INCIDENT
2025-01-21 02:30:00,Escalated,INC-00582,Supervisor
2025-01-21 03:00:00,Resolved,INC-00579,Incident Closed
2025-01-21 03:00:00,Escalated,INC-00583,Supervisor
2025-01-21 03:00:00,Incident Created,INC-00583,SUSTAINABILITY_INCIDENT
2025-01-21 03:30:00,Resolved,INC-00580,Incident Closed
2025-01-21 03:30:00,Incident Created,INC-00584,SUSTAINABILITY_INCIDENT
2025-01-21 03:30:00,Escalated,INC-00584,Supervisor
2025-01-21 04:00:00,Resolved,INC-00581,Incident Closed
2025-01-21 04:00:00,Escalated,INC-00585,Supervisor
2025-01-21 04:00:00,Incident Created,INC-00585,SUSTAINABILITY_INCIDENT
2025-01-21 04:30:00,Resolved,INC-00582,Incident Closed
2025-01-21 04:30:00,Escalated,INC-00586,Supervisor
2025-01-21 04:30:00,Incident Created,INC-00586,SUSTAINABILITY_INCIDENT
2025-01-21 05:00:00,Resolved,INC-00583,Incident Closed
2025-01-21 05:00:00,Incident Created,INC-00587,SUSTAINABILITY_INCIDENT
2025-01-21 05:00:00,Escalated,INC-00587,Supervisor
2025-01-21 05:30:00,Resolved,INC-00584,Incident Closed
2025-01-21 05:30:00,Incident Created,INC-00588,SUSTAINABILITY_INCIDENT
2025-01-21 05:30:00,Escalated,INC-00588,Supervisor
2025-01-21 06:00:00,Resolved,INC-00585,Incident Closed
2025-01-21 06:00:00,Escalated,INC-00589,Supervisor
2025-01-21 06:00:00,Incident Created,INC-00589,SUSTAINABILITY_INCIDENT
2025-01-21 06:30:00,Resolved,INC-00586,Incident Closed
2025-01-21 06:30:00,Incident Created,INC-00590,SUSTAINABILITY_INCIDENT
2025-01-21 06:30:00,Escalated,INC-00590,Supervisor
2025-01-21 07:00:00,Resolved,INC-00587,Incident Closed
2025-01-21 07:00:00,Escalated,INC-00591,Supervisor
2025-01-21 07:00:00,Incident Created,INC-00591,SUSTAINABILITY_INCIDENT
2025-01-21 07:30:00,Resolved,INC-00588,Incident Closed
2025-01-21 07:30:00,Incident Created,INC-00592,SUSTAINABILITY_INCIDENT
2025-01-21 07:30:00,Escalated,INC-00592,Supervisor
2025-01-21 08:00:00,Resolved,INC-00589,Incident Closed
2025-01-21 08:00:00,Escalated,INC-00593,Supervisor
2025-01-21 08:00:00,Incident Created,INC-00593,SUSTAINABILITY_INCIDENT
2025-01-21 08:00:00,Incident Created,INC-00594,PEAK_LOAD_EMISSIONS_INCIDENT
2025-01-21 08:00:00,Escalated,INC-00594,Regional Controller
2025-01-21 08:30:00,Resolved,INC-00590,Incident Closed
2025-01-21 08:30:00,Escalated,INC-00595,Supervisor
2025-01-21 08:30:00,Incident Created,INC-00595,SUSTAINABILITY_INCIDENT
2025-01-21 08:30:00,Escalated,INC-00596,Regional Controller
2025-01-21 08:30:00,Incident Created,INC-00596,PEAK_LOAD_EMISSIONS_INCIDENT
2025-01-21 09:00:00,Resolved,INC-00591,Incident Closed
2025-01-21 09:00:00,Escalated,INC-00597,Supervisor
2025-01-21 09:00:00,Incident Created,INC-00597,SUSTAINABILITY_INCIDENT
2025-01-21 09:00:00,Escalated,INC-00598,Regional Controller
2025-01-21 09:00:00,Incident Created,INC-00598,PEAK_LOAD_EMISSIONS_INCIDENT
2025-01-21 09:30:00,Resolved,INC-00592,Incident Closed
2025-01-21 09:30:00,Incident Created,INC-00599,SUSTAINABILITY_INCIDENT
2025-01-21 09:30:00,Escalated,INC-00599,Supervisor
2025-01-21 09:30:00,Incident Created,INC-00600,PEAK_LOAD_EMISSIONS_INCIDENT
2025-01-21 09:30:00,Escalated,INC-00600,Regional Controller
2025-01-21 10:00:00,Resolved,INC-00593,Incident Closed
2025-01-21 10:00:00,Resolved,INC-00594,Incident Closed
2025-01-21 10:00:00,Incident Created,INC-00601,SUSTAINABILITY_INCIDENT
2025-01-21 10:00:00,Escalated,INC-00601,Supervisor
2025-01-21 10:00:00,Incident Created,INC-00602,PEAK_LOAD_EMISSIONS_INCIDENT
2025-01-21 10:00:00,Escalated,INC-00602,Regional Controller
2025-01-21 10:30:00,Resolved,INC-00595,Incident Closed
2025-01-21 10:30:00,Resolved,INC-00596,Incident Closed
2025-01-21 10:30:00,Incident Created,INC-00603,SUSTAINABILITY_INCIDENT
2025-01-21 10:30:00,Escalated,INC-00603,Supervisor
2025-01-21 10:30:00,Escalated,INC-00604,Regional Controller
2025-01-21 10:30:00,Incident Created,INC-00604,PEAK_LOAD_EMISSIONS_INCIDENT
2025-01-21 11:00:00,Resolved,INC-00597,Incident Closed
2025-01-21 11:00:00,Resolved,INC-00598,Incident Closed
2025-01-21 11:00:00,Escalated,INC-00605,Supervisor
2025-01-21 11:00:00,Incident Created,INC-00605,SUSTAINABILITY_INCIDENT
2025-01-21 11:00:00,Escalated,INC-00606,Regional Controller
2025-01-21 11:00:00,Incident Created,INC-00606,PEAK_LOAD_EMISSIONS_INCIDENT
2025-01-21 11:30:00,Resolved,INC-00599,Incident Closed
2025-01-21 11:30:00,Resolved,INC-00600,Incident Closed
2025-01-21 11:30:00,Incident Created,INC-00607,SUSTAINABILITY_INCIDENT
2025-01-21 11:30:00,Escalated,INC-00607,Supervisor
2025-01-21 11:30:00,Incident Created,INC-00608,PEAK_LOAD_EMISSIONS_INCIDENT
2025-01-21 11:30:00,Escalated,INC-00608,Regional Controller
2025-01-21 12:00:00,Resolved,INC-00601,Incident Closed
2025-01-21 12:00:00,Resolved,INC-00602,Incident Closed
2025-01-21 12:00:00,Escalated,INC-00609,Supervisor
2025-01-21 12:00:00,Incident Created,INC-00609,SUSTAINABILITY_INCIDENT
2025-01-21 12:00:00,Incident Created,INC-00610,PEAK_LOAD_EMISSIONS_INCIDENT
2025-01-21 12:00:00,Escalated,INC-00610,Regional Controller
2025-01-21 12:30:00,Resolved,INC-00603,Incident Closed
2025-01-21 12:30:00,Resolved,INC-00604,Incident Closed
2025-01-21 12:30:00,Escalated,INC-00611,Supervisor
2025-01-21 12:30:00,Incident Created,INC-00611,SUSTAINABILITY_INCIDENT
2025-01-21 12:30:00,Escalated,INC-00612,Regional Controller
2025-01-21 12:30:00,Incident Created,INC-00612,PEAK_LOAD_EMISSIONS_INCIDENT
2025-01-21 13:00:00,Resolved,INC-00605,Incident Closed
2025-01-21 13:00:00,Resolved,INC-00606,Incident Closed
2025-01-21 13:00:00,Incident Created,INC-00613,SUSTAINABILITY_INCIDENT
2025-01-21 13:00:00,Escalated,INC-00613,Supervisor
2025-01-21 13:00:00,Incident Created,INC-00614,PEAK_LOAD_EMISSIONS_INCIDENT
2025-01-21 13:00:00,Escalated,INC-00614,Regional Controller
2025-01-21 13:30:00,Resolved,INC-00607,Incident Closed
2025-01-21 13:30:00,Resolved,INC-00608,Incident Closed
2025-01-21 13:30:00,Escalated,INC-00615,Supervisor
2025-01-21 13:30:00,Incident Created,INC-00615,SUSTAINABILITY_INCIDENT
2025-01-21 13:30:00,Incident Created,INC-00616,PEAK_LOAD_EMISSIONS_INCIDENT
2025-01-21 13:30:00,Escalated,INC-00616,Regional Controller
2025-01-21 14:00:00,Resolved,INC-00609,Incident Closed
2025-01-21 14:00:00,Resolved,INC-00610,Incident Closed
2025-01-21 14:00:00,Escalated,INC-00617,Regional Controller
2025-01-21 14:00:00,Incident Created,INC-00617,FORECAST_RISK_INCIDENT
2025-01-21 14:00:00,Escalated,INC-00618,Supervisor
2025-01-21 14:00:00,Incident Created,INC-00618,SUSTAINABILITY_INCIDENT
2025-01-21 14:00:00,Escalated,INC-00619,Regional Controller
2025-01-21 14:00:00,Incident Created,INC-00619,PEAK_LOAD_EMISSIONS_INCIDENT
2025-01-21 14:00:00,Escalated,INC-00620,Regional Controller
2025-01-21 14:00:00,Incident Created,INC-00620,OPERATIONAL_RISK_INCIDENT
2025-01-21 14:30:00,Resolved,INC-00611,Incident Closed
2025-01-21 14:30:00,Resolved,INC-00612,Incident Closed
2025-01-21 14:30:00,Incident Created,INC-00621,FORECAST_RISK_INCIDENT
2025-01-21 14:30:00,Escalated,INC-00621,Regional Controller
2025-01-21 14:30:00,Incident Created,INC-00622,SUSTAINABILITY_INCIDENT
2025-01-21 14:30:00,Escalated,INC-00622,Supervisor
2025-01-21 14:30:00,Incident Created,INC-00623,PEAK_LOAD_EMISSIONS_INCIDENT
2025-01-21 14:30:00,Escalated,INC-00623,Regional Controller
2025-01-21 14:30:00,Incident Created,INC-00624,OPERATIONAL_RISK_INCIDENT
2025-01-21 14:30:00,Escalated,INC-00624,Regional Controller
2025-01-21 15:00:00,Resolved,INC-00613,Incident Closed
2025-01-21 15:00:00,Resolved,INC-00614,Incident Closed
2025-01-21 15:00:00,Escalated,INC-00625,Regional Controller
2025-01-21 15:00:00,Incident Created,INC-00625,FORECAST_RISK_INCIDENT
2025-01-21 15:00:00,Escalated,INC-00626,Supervisor
2025-01-21 15:00:00,Incident Created,INC-00626,SUSTAINABILITY_INCIDENT
2025-01-21 15:00:00,Incident Created,INC-00627,PEAK_LOAD_EMISSIONS_INCIDENT
2025-01-21 15:00:00,Escalated,INC-00627,Regional Controller
2025-01-21 15:00:00,Incident Created,INC-00628,OPERATIONAL_RISK_INCIDENT
2025-01-21 15:00:00,Escalated,INC-00628,Regional Controller
2025-01-21 15:30:00,Resolved,INC-00615,Incident Closed
2025-01-21 15:30:00,Resolved,INC-00616,Incident Closed
2025-01-21 15:30:00,Incident Created,INC-00629,FORECAST_RISK_INCIDENT
2025-01-21 15:30:00,Escalated,INC-00629,Regional Controller
2025-01-21 15:30:00,Incident Created,INC-00630,SUSTAINABILITY_INCIDENT
2025-01-21 15:30:00,Escalated,INC-00630,Supervisor
2025-01-21 15:30:00,Incident Created,INC-00631,PEAK_LOAD_EMISSIONS_INCIDENT
2025-01-21 15:30:00,Escalated,INC-00631,Regional Controller
2025-01-21 15:30:00,Incident Created,INC-00632,OPERATIONAL_RISK_INCIDENT
2025-01-21 15:30:00,Escalated,INC-00632,Regional Controller
2025-01-21 16:00:00,Resolved,INC-00617,Incident Closed
2025-01-21 16:00:00,Resolved,INC-00618,Incident Closed
2025-01-21 16:00:00,Resolved,INC-00619,Incident Closed
2025-01-21 16:00:00,Resolved,INC-00620,Incident Closed
2025-01-21 16:00:00,Escalated,INC-00633,Executive
2025-01-21 16:00:00,Incident Created,INC-00633,GRID_STRESS_INCIDENT
2025-01-21 16:00:00,Escalated,INC-00634,Regional Controller
2025-01-21 16:00:00,Incident Created,INC-00634,FORECAST_RISK_INCIDENT
2025-01-21 16:00:00,Incident Created,INC-00635,SUSTAINABILITY_INCIDENT
2025-01-21 16:00:00,Escalated,INC-00635,Supervisor
2025-01-21 16:00:00,Incident Created,INC-00636,PEAK_LOAD_EMISSIONS_INCIDENT
2025-01-21 16:00:00,Escalated,INC-00636,Regional Controller
2025-01-21 16:00:00,Incident Created,INC-00637,CAPACITY_PLANNING_INCIDENT
2025-01-21 16:00:00,Escalated,INC-00637,Regional Controller
2025-01-21 16:00:00,Incident Created,INC-00638,OPERATIONAL_RISK_INCIDENT
2025-01-21 16:00:00,Escalated,INC-00638,Regional Controller
2025-01-21 16:30:00,Resolved,INC-00621,Incident Closed
2025-01-21 16:30:00,Resolved,INC-00622,Incident Closed
2025-01-21 16:30:00,Resolved,INC-00623,Incident Closed
2025-01-21 16:30:00,Resolved,INC-00624,Incident Closed
2025-01-21 16:30:00,Incident Created,INC-00639,GRID_STRESS_INCIDENT
2025-01-21 16:30:00,Escalated,INC-00639,Executive
2025-01-21 16:30:00,Incident Created,INC-00640,SUSTAINABILITY_INCIDENT
2025-01-21 16:30:00,Escalated,INC-00640,Supervisor
2025-01-21 16:30:00,Incident Created,INC-00641,PEAK_LOAD_EMISSIONS_INCIDENT
2025-01-21 16:30:00,Escalated,INC-00641,Regional Controller
2025-01-21 17:00:00,Resolved,INC-00625,Incident Closed
2025-01-21 17:00:00,Resolved,INC-00626,Incident Closed
2025-01-21 17:00:00,Resolved,INC-00627,Incident Closed
2025-01-21 17:00:00,Resolved,INC-00628,Incident Closed
2025-01-21 17:00:00,Incident Created,INC-00642,GRID_STRESS_INCIDENT
2025-01-21 17:00:00,Escalated,INC-00642,Executive
2025-01-21 17:00:00,Incident Created,INC-00643,SUSTAINABILITY_INCIDENT
2025-01-21 17:00:00,Escalated,INC-00643,Supervisor
2025-01-21 17:00:00,Escalated,INC-00644,Regional Controller
2025-01-21 17:00:00,Incident Created,INC-00644,PEAK_LOAD_EMISSIONS_INCIDENT
2025-01-21 17:30:00,Resolved,INC-00629,Incident Closed
2025-01-21 17:30:00,Resolved,INC-00630,Incident Closed
2025-01-21 17:30:00,Resolved,INC-00631,Incident Closed
2025-01-21 17:30:00,Resolved,INC-00632,Incident Closed
2025-01-21 17:30:00,Incident Created,INC-00645,GRID_STRESS_INCIDENT
2025-01-21 17:30:00,Escalated,INC-00645,Executive
2025-01-21 17:30:00,Incident Created,INC-00646,SUSTAINABILITY_INCIDENT
2025-01-21 17:30:00,Escalated,INC-00646,Supervisor
2025-01-21 17:30:00,Incident Created,INC-00647,PEAK_LOAD_EMISSIONS_INCIDENT
2025-01-21 17:30:00,Escalated,INC-00647,Regional Controller
2025-01-21 18:00:00,Resolved,INC-00633,Incident Closed
2025-01-21 18:00:00,Resolved,INC-00634,Incident Closed
2025-01-21 18:00:00,Resolved,INC-00635,Incident Closed
2025-01-21 18:00:00,Resolved,INC-00636,Incident Closed
2025-01-21 18:00:00,Resolved,INC-00637,Incident Closed
2025-01-21 18:00:00,Resolved,INC-00638,Incident Closed
2025-01-21 18:00:00,Escalated,INC-00648,Executive
2025-01-21 18:00:00,Incident Created,INC-00648,GRID_STRESS_INCIDENT
2025-01-21 18:00:00,Escalated,INC-00649,Supervisor
2025-01-21 18:00:00,Incident Created,INC-00649,SUSTAINABILITY_INCIDENT
2025-01-21 18:00:00,Escalated,INC-00650,Regional Controller
2025-01-21 18:00:00,Incident Created,INC-00650,PEAK_LOAD_EMISSIONS_INCIDENT
2025-01-21 18:30:00,Resolved,INC-00639,Incident Closed
2025-01-21 18:30:00,Resolved,INC-00640,Incident Closed
2025-01-21 18:30:00,Resolved,INC-00641,Incident Closed
2025-01-21 18:30:00,Escalated,INC-00651,Executive
2025-01-21 18:30:00,Incident Created,INC-00651,GRID_STRESS_INCIDENT
2025-01-21 18:30:00,Incident Created,INC-00652,SUSTAINABILITY_INCIDENT
2025-01-21 18:30:00,Escalated,INC-00652,Supervisor
2025-01-21 18:30:00,Escalated,INC-00653,Regional Controller
2025-01-21 18:30:00,Incident Created,INC-00653,PEAK_LOAD_EMISSIONS_INCIDENT
2025-01-21 19:00:00,Resolved,INC-00642,Incident Closed
2025-01-21 19:00:00,Resolved,INC-00643,Incident Closed
2025-01-21 19:00:00,Resolved,INC-00644,Incident Closed
2025-01-21 19:00:00,Escalated,INC-00654,Supervisor
2025-01-21 19:00:00,Incident Created,INC-00654,SUSTAINABILITY_INCIDENT
2025-01-21 19:00:00,Incident Created,INC-00655,PEAK_LOAD_EMISSIONS_INCIDENT
2025-01-21 19:00:00,Escalated,INC-00655,Regional Controller
2025-01-21 19:30:00,Resolved,INC-00645,Incident Closed
2025-01-21 19:30:00,Resolved,INC-00646,Incident Closed
2025-01-21 19:30:00,Resolved,INC-00647,Incident Closed
2025-01-21 19:30:00,Escalated,INC-00656,Supervisor
2025-01-21 19:30:00,Incident Created,INC-00656,SUSTAINABILITY_INCIDENT
2025-01-21 19:30:00,Escalated,INC-00657,Regional Controller
2025-01-21 19:30:00,Incident Created,INC-00657,PEAK_LOAD_EMISSIONS_INCIDENT
2025-01-21 20:00:00,Resolved,INC-00648,Incident Closed
2025-01-21 20:00:00,Resolved,INC-00649,Incident Closed
2025-01-21 20:00:00,Resolved,INC-00650,Incident Closed
2025-01-21 20:00:00,Incident Created,INC-00658,SUSTAINABILITY_INCIDENT
2025-01-21 20:00:00,Escalated,INC-00658,Supervisor
2025-01-21 20:00:00,Incident Created,INC-00659,PEAK_LOAD_EMISSIONS_INCIDENT
2025-01-21 20:00:00,Escalated,INC-00659,Regional Controller
2025-01-21 20:30:00,Resolved,INC-00651,Incident Closed
2025-01-21 20:30:00,Resolved,INC-00652,Incident Closed
2025-01-21 20:30:00,Resolved,INC-00653,Incident Closed
2025-01-21 20:30:00,Escalated,INC-00660,Supervisor
2025-01-21 20:30:00,Incident Created,INC-00660,SUSTAINABILITY_INCIDENT
2025-01-21 20:30:00,Escalated,INC-00661,Regional Controller
2025-01-21 20:30:00,Incident Created,INC-00661,OPERATIONAL_RISK_INCIDENT
2025-01-21 21:00:00,Resolved,INC-00654,Incident Closed
2025-01-21 21:00:00,Resolved,INC-00655,Incident Closed
2025-01-21 21:00:00,Incident Created,INC-00662,SUSTAINABILITY_INCIDENT
2025-01-21 21:00:00,Escalated,INC-00662,Supervisor
2025-01-21 21:30:00,Resolved,INC-00656,Incident Closed
2025-01-21 21:30:00,Resolved,INC-00657,Incident Closed
2025-01-21 21:30:00,Escalated,INC-00663,Supervisor
2025-01-21 21:30:00,Incident Created,INC-00663,SUSTAINABILITY_INCIDENT
2025-01-21 22:00:00,Resolved,INC-00658,Incident Closed
2025-01-21 22:00:00,Resolved,INC-00659,Incident Closed
2025-01-21 22:00:00,Escalated,INC-00664,Supervisor
2025-01-21 22:00:00,Incident Created,INC-00664,SUSTAINABILITY_INCIDENT
2025-01-21 22:30:00,Resolved,INC-00660,Incident Closed
2025-01-21 22:30:00,Resolved,INC-00661,Incident Closed
2025-01-21 22:30:00,Escalated,INC-00665,Supervisor
2025-01-21 22:30:00,Incident Created,INC-00665,SUSTAINABILITY_INCIDENT
2025-01-21 23:00:00,Resolved,INC-00662,Incident Closed
2025-01-21 23:00:00,Escalated,INC-00666,Supervisor
2025-01-21 23:00:00,Incident Created,INC-00666,SUSTAINABILITY_INCIDENT
2025-01-21 23:30:00,Resolved,INC-00663,Incident Closed
2025-01-21 23:30:00,Escalated,INC-00667,Supervisor
2025-01-21 23:30:00,Incident Created,INC-00667,SUSTAINABILITY_INCIDENT
2025-01-22 00:00:00,Resolved,INC-00664,Incident Closed
2025-01-22 00:00:00,Escalated,INC-00668,Supervisor
2025-01-22 00:00:00,Incident Created,INC-00668,SUSTAINABILITY_INCIDENT
2025-01-22 00:30:00,Resolved,INC-00665,Incident Closed
2025-01-22 00:30:00,Escalated,INC-00669,Supervisor
2025-01-22 00:30:00,Incident Created,INC-00669,SUSTAINABILITY_INCIDENT
2025-01-22 01:00:00,Resolved,INC-00666,Incident Closed
2025-01-22 01:00:00,Escalated,INC-00670,Supervisor
2025-01-22 01:00:00,Incident Created,INC-00670,SUSTAINABILITY_INCIDENT
2025-01-22 01:30:00,Resolved,INC-00667,Incident Closed
2025-01-22 01:30:00,Escalated,INC-00671,Supervisor
2025-01-22 01:30:00,Incident Created,INC-00671,SUSTAINABILITY_INCIDENT
2025-01-22 02:00:00,Resolved,INC-00668,Incident Closed
2025-01-22 02:00:00,Incident Created,INC-00672,SUSTAINABILITY_INCIDENT
2025-01-22 02:00:00,Escalated,INC-00672,Supervisor
2025-01-22 02:30:00,Resolved,INC-00669,Incident Closed
2025-01-22 02:30:00,Incident Created,INC-00673,SUSTAINABILITY_INCIDENT
2025-01-22 02:30:00,Escalated,INC-00673,Supervisor
2025-01-22 03:00:00,Resolved,INC-00670,Incident Closed
2025-01-22 03:00:00,Escalated,INC-00674,Supervisor
2025-01-22 03:00:00,Incident Created,INC-00674,SUSTAINABILITY_INCIDENT
2025-01-22 03:30:00,Resolved,INC-00671,Incident Closed
2025-01-22 03:30:00,Escalated,INC-00675,Supervisor
2025-01-22 03:30:00,Incident Created,INC-00675,SUSTAINABILITY_INCIDENT
2025-01-22 04:00:00,Resolved,INC-00672,Incident Closed
2025-01-22 04:00:00,Incident Created,INC-00676,SUSTAINABILITY_INCIDENT
2025-01-22 04:00:00,Escalated,INC-00676,Supervisor
2025-01-22 04:30:00,Resolved,INC-00673,Incident Closed
2025-01-22 04:30:00,Escalated,INC-00677,Supervisor
2025-01-22 04:30:00,Incident Created,INC-00677,SUSTAINABILITY_INCIDENT
2025-01-22 05:00:00,Resolved,INC-00674,Incident Closed
2025-01-22 05:00:00,Escalated,INC-00678,Supervisor
2025-01-22 05:00:00,Incident Created,INC-00678,SUSTAINABILITY_INCIDENT
2025-01-22 05:30:00,Resolved,INC-00675,Incident Closed
2025-01-22 05:30:00,Escalated,INC-00679,Supervisor
2025-01-22 05:30:00,Incident Created,INC-00679,SUSTAINABILITY_INCIDENT
2025-01-22 06:00:00,Resolved,INC-00676,Incident Closed
2025-01-22 06:00:00,Escalated,INC-00680,Supervisor
2025-01-22 06:00:00,Incident Created,INC-00680,SUSTAINABILITY_INCIDENT
2025-01-22 06:30:00,Resolved,INC-00677,Incident Closed
2025-01-22 06:30:00,Escalated,INC-00681,Supervisor
2025-01-22 06:30:00,Incident Created,INC-00681,SUSTAINABILITY_INCIDENT
2025-01-22 07:00:00,Resolved,INC-00678,Incident Closed
2025-01-22 07:00:00,Escalated,INC-00682,Supervisor
2025-01-22 07:00:00,Incident Created,INC-00682,SUSTAINABILITY_INCIDENT
2025-01-22 07:30:00,Resolved,INC-00679,Incident Closed
2025-01-22 07:30:00,Incident Created,INC-00683,SUSTAINABILITY_INCIDENT
2025-01-22 07:30:00,Escalated,INC-00683,Supervisor
2025-01-22 08:00:00,Resolved,INC-00680,Incident Closed
2025-01-22 08:00:00,Incident Created,INC-00684,GRID_STRESS_INCIDENT
2025-01-22 08:00:00,Escalated,INC-00684,Executive
2025-01-22 08:00:00,Incident Created,INC-00685,SUSTAINABILITY_INCIDENT
2025-01-22 08:00:00,Escalated,INC-00685,Supervisor
2025-01-22 08:00:00,Incident Created,INC-00686,PEAK_LOAD_EMISSIONS_INCIDENT
2025-01-22 08:00:00,Escalated,INC-00686,Regional Controller
2025-01-22 08:30:00,Resolved,INC-00681,Incident Closed
2025-01-22 08:30:00,Escalated,INC-00687,Executive
2025-01-22 08:30:00,Incident Created,INC-00687,GRID_STRESS_INCIDENT
2025-01-22 08:30:00,Incident Created,INC-00688,SUSTAINABILITY_INCIDENT
2025-01-22 08:30:00,Escalated,INC-00688,Supervisor
2025-01-22 08:30:00,Escalated,INC-00689,Regional Controller
2025-01-22 08:30:00,Incident Created,INC-00689,PEAK_LOAD_EMISSIONS_INCIDENT
2025-01-22 09:00:00,Resolved,INC-00682,Incident Closed
2025-01-22 09:00:00,Escalated,INC-00690,Executive
2025-01-22 09:00:00,Incident Created,INC-00690,GRID_STRESS_INCIDENT
2025-01-22 09:00:00,Incident Created,INC-00691,SUSTAINABILITY_INCIDENT
2025-01-22 09:00:00,Escalated,INC-00691,Supervisor
2025-01-22 09:00:00,Escalated,INC-00692,Regional Controller
2025-01-22 09:00:00,Incident Created,INC-00692,PEAK_LOAD_EMISSIONS_INCIDENT
2025-01-22 09:30:00,Resolved,INC-00683,Incident Closed
2025-01-22 09:30:00,Escalated,INC-00693,Supervisor
2025-01-22 09:30:00,Incident Created,INC-00693,SUSTAINABILITY_INCIDENT
2025-01-22 09:30:00,Incident Created,INC-00694,PEAK_LOAD_EMISSIONS_INCIDENT
2025-01-22 09:30:00,Escalated,INC-00694,Regional Controller
2025-01-22 10:00:00,Resolved,INC-00684,Incident Closed
2025-01-22 10:00:00,Resolved,INC-00685,Incident Closed
2025-01-22 10:00:00,Resolved,INC-00686,Incident Closed
2025-01-22 10:00:00,Escalated,INC-00695,Supervisor
2025-01-22 10:00:00,Incident Created,INC-00695,SUSTAINABILITY_INCIDENT
2025-01-22 10:00:00,Escalated,INC-00696,Regional Controller
2025-01-22 10:00:00,Incident Created,INC-00696,PEAK_LOAD_EMISSIONS_INCIDENT
2025-01-22 10:30:00,Resolved,INC-00687,Incident Closed
2025-01-22 10:30:00,Resolved,INC-00688,Incident Closed
2025-01-22 10:30:00,Resolved,INC-00689,Incident Closed
2025-01-22 10:30:00,Escalated,INC-00697,Supervisor
2025-01-22 10:30:00,Incident Created,INC-00697,SUSTAINABILITY_INCIDENT
2025-01-22 10:30:00,Escalated,INC-00698,Regional Controller
2025-01-22 10:30:00,Incident Created,INC-00698,PEAK_LOAD_EMISSIONS_INCIDENT
2025-01-22 11:00:00,Resolved,INC-00690,Incident Closed
2025-01-22 11:00:00,Resolved,INC-00691,Incident Closed
2025-01-22 11:00:00,Resolved,INC-00692,Incident Closed
2025-01-22 11:00:00,Incident Created,INC-00699,SUSTAINABILITY_INCIDENT
2025-01-22 11:00:00,Escalated,INC-00699,Supervisor
2025-01-22 11:00:00,Incident Created,INC-00700,PEAK_LOAD_EMISSIONS_INCIDENT
2025-01-22 11:00:00,Escalated,INC-00700,Regional Controller
2025-01-22 11:30:00,Resolved,INC-00693,Incident Closed
2025-01-22 11:30:00,Resolved,INC-00694,Incident Closed
2025-01-22 11:30:00,Escalated,INC-00701,Supervisor
2025-01-22 11:30:00,Incident Created,INC-00701,SUSTAINABILITY_INCIDENT
2025-01-22 11:30:00,Incident Created,INC-00702,PEAK_LOAD_EMISSIONS_INCIDENT
2025-01-22 11:30:00,Escalated,INC-00702,Regional Controller
2025-01-22 12:00:00,Resolved,INC-00695,Incident Closed
2025-01-22 12:00:00,Resolved,INC-00696,Incident Closed
2025-01-22 12:00:00,Incident Created,INC-00703,SUSTAINABILITY_INCIDENT
2025-01-22 12:00:00,Escalated,INC-00703,Supervisor
2025-01-22 12:00:00,Escalated,INC-00704,Regional Controller
2025-01-22 12:00:00,Incident Created,INC-00704,PEAK_LOAD_EMISSIONS_INCIDENT
2025-01-22 12:30:00,Resolved,INC-00697,Incident Closed
2025-01-22 12:30:00,Resolved,INC-00698,Incident Closed
2025-01-22 12:30:00,Incident Created,INC-00705,SUSTAINABILITY_INCIDENT
2025-01-22 12:30:00,Escalated,INC-00705,Supervisor
2025-01-22 12:30:00,Incident Created,INC-00706,PEAK_LOAD_EMISSIONS_INCIDENT
2025-01-22 12:30:00,Escalated,INC-00706,Regional Controller
2025-01-22 13:00:00,Resolved,INC-00699,Incident Closed
2025-01-22 13:00:00,Resolved,INC-00700,Incident Closed
2025-01-22 13:00:00,Escalated,INC-00707,Supervisor
2025-01-22 13:00:00,Incident Created,INC-00707,SUSTAINABILITY_INCIDENT
2025-01-22 13:00:00,Incident Created,INC-00708,PEAK_LOAD_EMISSIONS_INCIDENT
2025-01-22 13:00:00,Escalated,INC-00708,Regional Controller
2025-01-22 13:30:00,Resolved,INC-00701,Incident Closed
2025-01-22 13:30:00,Resolved,INC-00702,Incident Closed
2025-01-22 13:30:00,Escalated,INC-00709,Supervisor
2025-01-22 13:30:00,Incident Created,INC-00709,SUSTAINABILITY_INCIDENT
2025-01-22 13:30:00,Escalated,INC-00710,Regional Controller
2025-01-22 13:30:00,Incident Created,INC-00710,PEAK_LOAD_EMISSIONS_INCIDENT
2025-01-22 14:00:00,Resolved,INC-00703,Incident Closed
2025-01-22 14:00:00,Resolved,INC-00704,Incident Closed
2025-01-22 14:00:00,Escalated,INC-00711,Supervisor
2025-01-22 14:00:00,Incident Created,INC-00711,SUSTAINABILITY_INCIDENT
2025-01-22 14:00:00,Incident Created,INC-00712,PEAK_LOAD_EMISSIONS_INCIDENT
2025-01-22 14:00:00,Escalated,INC-00712,Regional Controller
2025-01-22 14:30:00,Resolved,INC-00705,Incident Closed
2025-01-22 14:30:00,Resolved,INC-00706,Incident Closed
2025-01-22 14:30:00,Incident Created,INC-00713,SUSTAINABILITY_INCIDENT
2025-01-22 14:30:00,Escalated,INC-00713,Supervisor
2025-01-22 14:30:00,Escalated,INC-00714,Regional Controller
2025-01-22 14:30:00,Incident Created,INC-00714,PEAK_LOAD_EMISSIONS_INCIDENT
2025-01-22 15:00:00,Resolved,INC-00707,Incident Closed
2025-01-22 15:00:00,Resolved,INC-00708,Incident Closed
2025-01-22 15:00:00,Incident Created,INC-00715,SUSTAINABILITY_INCIDENT
2025-01-22 15:00:00,Escalated,INC-00715,Supervisor
2025-01-22 15:00:00,Escalated,INC-00716,Regional Controller
2025-01-22 15:00:00,Incident Created,INC-00716,PEAK_LOAD_EMISSIONS_INCIDENT
2025-01-22 15:30:00,Resolved,INC-00709,Incident Closed
2025-01-22 15:30:00,Resolved,INC-00710,Incident Closed
2025-01-22 15:30:00,Incident Created,INC-00717,GRID_STRESS_INCIDENT
2025-01-22 15:30:00,Escalated,INC-00717,Executive
2025-01-22 15:30:00,Incident Created,INC-00718,SUSTAINABILITY_INCIDENT
2025-01-22 15:30:00,Escalated,INC-00718,Supervisor
2025-01-22 15:30:00,Incident Created,INC-00719,PEAK_LOAD_EMISSIONS_INCIDENT
2025-01-22 15:30:00,Escalated,INC-00719,Regional Controller
2025-01-22 16:00:00,Resolved,INC-00711,Incident Closed
2025-01-22 16:00:00,Resolved,INC-00712,Incident Closed
2025-01-22 16:00:00,Incident Created,INC-00720,GRID_STRESS_INCIDENT
2025-01-22 16:00:00,Escalated,INC-00720,Executive
2025-01-22 16:00:00,Incident Created,INC-00721,SUSTAINABILITY_INCIDENT
2025-01-22 16:00:00,Escalated,INC-00721,Supervisor
2025-01-22 16:00:00,Incident Created,INC-00722,PEAK_LOAD_EMISSIONS_INCIDENT
2025-01-22 16:00:00,Escalated,INC-00722,Regional Controller
2025-01-22 16:30:00,Resolved,INC-00713,Incident Closed
2025-01-22 16:30:00,Resolved,INC-00714,Incident Closed
2025-01-22 16:30:00,Escalated,INC-00723,Executive
2025-01-22 16:30:00,Incident Created,INC-00723,GRID_STRESS_INCIDENT
2025-01-22 16:30:00,Escalated,INC-00724,Supervisor
2025-01-22 16:30:00,Incident Created,INC-00724,SUSTAINABILITY_INCIDENT
2025-01-22 16:30:00,Escalated,INC-00725,Regional Controller
2025-01-22 16:30:00,Incident Created,INC-00725,PEAK_LOAD_EMISSIONS_INCIDENT
2025-01-22 17:00:00,Resolved,INC-00715,Incident Closed
2025-01-22 17:00:00,Resolved,INC-00716,Incident Closed
2025-01-22 17:00:00,Incident Created,INC-00726,GRID_STRESS_INCIDENT
2025-01-22 17:00:00,Escalated,INC-00726,Executive
2025-01-22 17:00:00,Escalated,INC-00727,Supervisor
2025-01-22 17:00:00,Incident Created,INC-00727,SUSTAINABILITY_INCIDENT
2025-01-22 17:00:00,Incident Created,INC-00728,PEAK_LOAD_EMISSIONS_INCIDENT
2025-01-22 17:00:00,Escalated,INC-00728,Regional Controller
2025-01-22 17:30:00,Resolved,INC-00717,Incident Closed
2025-01-22 17:30:00,Resolved,INC-00718,Incident Closed
2025-01-22 17:30:00,Resolved,INC-00719,Incident Closed
2025-01-22 17:30:00,Incident Created,INC-00729,GRID_STRESS_INCIDENT
2025-01-22 17:30:00,Escalated,INC-00729,Executive
2025-01-22 17:30:00,Escalated,INC-00730,Supervisor
2025-01-22 17:30:00,Incident Created,INC-00730,SUSTAINABILITY_INCIDENT
2025-01-22 17:30:00,Escalated,INC-00731,Regional Controller
2025-01-22 17:30:00,Incident Created,INC-00731,PEAK_LOAD_EMISSIONS_INCIDENT
2025-01-22 18:00:00,Resolved,INC-00720,Incident Closed
2025-01-22 18:00:00,Resolved,INC-00721,Incident Closed
2025-01-22 18:00:00,Resolved,INC-00722,Incident Closed
2025-01-22 18:00:00,Incident Created,INC-00732,GRID_STRESS_INCIDENT
2025-01-22 18:00:00,Escalated,INC-00732,Executive
2025-01-22 18:00:00,Incident Created,INC-00733,SUSTAINABILITY_INCIDENT
2025-01-22 18:00:00,Escalated,INC-00733,Supervisor
2025-01-22 18:00:00,Incident Created,INC-00734,PEAK_LOAD_EMISSIONS_INCIDENT
2025-01-22 18:00:00,Escalated,INC-00734,Regional Controller
2025-01-22 18:30:00,Resolved,INC-00723,Incident Closed
2025-01-22 18:30:00,Resolved,INC-00724,Incident Closed
2025-01-22 18:30:00,Resolved,INC-00725,Incident Closed
2025-01-22 18:30:00,Escalated,INC-00735,Executive
2025-01-22 18:30:00,Incident Created,INC-00735,GRID_STRESS_INCIDENT
2025-01-22 18:30:00,Incident Created,INC-00736,SUSTAINABILITY_INCIDENT
2025-01-22 18:30:00,Escalated,INC-00736,Supervisor
2025-01-22 18:30:00,Escalated,INC-00737,Regional Controller
2025-01-22 18:30:00,Incident Created,INC-00737,PEAK_LOAD_EMISSIONS_INCIDENT
2025-01-22 19:00:00,Resolved,INC-00726,Incident Closed
2025-01-22 19:00:00,Resolved,INC-00727,Incident Closed
2025-01-22 19:00:00,Resolved,INC-00728,Incident Closed
2025-01-22 19:00:00,Incident Created,INC-00738,GRID_STRESS_INCIDENT
2025-01-22 19:00:00,Escalated,INC-00738,Executive
2025-01-22 19:00:00,Incident Created,INC-00739,SUSTAINABILITY_INCIDENT
2025-01-22 19:00:00,Escalated,INC-00739,Supervisor
2025-01-22 19:00:00,Incident Created,INC-00740,PEAK_LOAD_EMISSIONS_INCIDENT
2025-01-22 19:00:00,Escalated,INC-00740,Regional Controller
2025-01-22 19:30:00,Resolved,INC-00729,Incident Closed
2025-01-22 19:30:00,Resolved,INC-00730,Incident Closed
2025-01-22 19:30:00,Resolved,INC-00731,Incident Closed
2025-01-22 19:30:00,Incident Created,INC-00741,GRID_STRESS_INCIDENT
2025-01-22 19:30:00,Escalated,INC-00741,Executive
2025-01-22 19:30:00,Incident Created,INC-00742,SUSTAINABILITY_INCIDENT
2025-01-22 19:30:00,Escalated,INC-00742,Supervisor
2025-01-22 19:30:00,Incident Created,INC-00743,PEAK_LOAD_EMISSIONS_INCIDENT
2025-01-22 19:30:00,Escalated,INC-00743,Regional Controller
2025-01-22 20:00:00,Resolved,INC-00732,Incident Closed
2025-01-22 20:00:00,Resolved,INC-00733,Incident Closed
2025-01-22 20:00:00,Resolved,INC-00734,Incident Closed
2025-01-22 20:00:00,Incident Created,INC-00744,GRID_STRESS_INCIDENT
2025-01-22 20:00:00,Escalated,INC-00744,Executive
2025-01-22 20:00:00,Incident Created,INC-00745,SUSTAINABILITY_INCIDENT
2025-01-22 20:00:00,Escalated,INC-00745,Supervisor
2025-01-22 20:00:00,Incident Created,INC-00746,PEAK_LOAD_EMISSIONS_INCIDENT
2025-01-22 20:00:00,Escalated,INC-00746,Regional Controller
2025-01-22 20:30:00,Resolved,INC-00735,Incident Closed
2025-01-22 20:30:00,Resolved,INC-00736,Incident Closed
2025-01-22 20:30:00,Resolved,INC-00737,Incident Closed
2025-01-22 20:30:00,Escalated,INC-00747,Executive
2025-01-22 20:30:00,Incident Created,INC-00747,GRID_STRESS_INCIDENT
2025-01-22 20:30:00,Escalated,INC-00748,Supervisor
2025-01-22 20:30:00,Incident Created,INC-00748,SUSTAINABILITY_INCIDENT
2025-01-22 20:30:00,Incident Created,INC-00749,PEAK_LOAD_EMISSIONS_INCIDENT
2025-01-22 20:30:00,Escalated,INC-00749,Regional Controller
2025-01-22 21:00:00,Resolved,INC-00738,Incident Closed
2025-01-22 21:00:00,Resolved,INC-00739,Incident Closed
2025-01-22 21:00:00,Resolved,INC-00740,Incident Closed
2025-01-22 21:00:00,Incident Created,INC-00750,SUSTAINABILITY_INCIDENT
2025-01-22 21:00:00,Escalated,INC-00750,Supervisor
2025-01-22 21:30:00,Resolved,INC-00741,Incident Closed
2025-01-22 21:30:00,Resolved,INC-00742,Incident Closed
2025-01-22 21:30:00,Resolved,INC-00743,Incident Closed
2025-01-22 21:30:00,Incident Created,INC-00751,SUSTAINABILITY_INCIDENT
2025-01-22 21:30:00,Escalated,INC-00751,Supervisor
2025-01-22 22:00:00,Resolved,INC-00744,Incident Closed
2025-01-22 22:00:00,Resolved,INC-00745,Incident Closed
2025-01-22 22:00:00,Resolved,INC-00746,Incident Closed
2025-01-22 22:00:00,Incident Created,INC-00752,SUSTAINABILITY_INCIDENT
2025-01-22 22:00:00,Escalated,INC-00752,Supervisor
2025-01-22 22:30:00,Resolved,INC-00747,Incident Closed
2025-01-22 22:30:00,Resolved,INC-00748,Incident Closed
2025-01-22 22:30:00,Resolved,INC-00749,Incident Closed
2025-01-22 22:30:00,Incident Created,INC-00753,SUSTAINABILITY_INCIDENT
2025-01-22 22:30:00,Escalated,INC-00753,Supervisor
2025-01-22 23:00:00,Resolved,INC-00750,Incident Closed
2025-01-22 23:00:00,Escalated,INC-00754,Supervisor
2025-01-22 23:00:00,Incident Created,INC-00754,SUSTAINABILITY_INCIDENT
2025-01-22 23:30:00,Resolved,INC-00751,Incident Closed
2025-01-22 23:30:00,Incident Created,INC-00755,SUSTAINABILITY_INCIDENT
2025-01-22 23:30:00,Escalated,INC-00755,Supervisor
2025-01-23 00:00:00,Resolved,INC-00752,Incident Closed
2025-01-23 00:00:00,Incident Created,INC-00756,SUSTAINABILITY_INCIDENT
2025-01-23 00:00:00,Escalated,INC-00756,Supervisor
2025-01-23 00:30:00,Resolved,INC-00753,Incident Closed
2025-01-23 00:30:00,Incident Created,INC-00757,SUSTAINABILITY_INCIDENT
2025-01-23 00:30:00,Escalated,INC-00757,Supervisor
2025-01-23 01:00:00,Resolved,INC-00754,Incident Closed
2025-01-23 01:00:00,Incident Created,INC-00758,SUSTAINABILITY_INCIDENT
2025-01-23 01:00:00,Escalated,INC-00758,Supervisor
2025-01-23 01:30:00,Resolved,INC-00755,Incident Closed
2025-01-23 01:30:00,Escalated,INC-00759,Supervisor
2025-01-23 01:30:00,Incident Created,INC-00759,SUSTAINABILITY_INCIDENT
2025-01-23 02:00:00,Resolved,INC-00756,Incident Closed
2025-01-23 02:00:00,Escalated,INC-00760,Supervisor
2025-01-23 02:00:00,Incident Created,INC-00760,SUSTAINABILITY_INCIDENT
2025-01-23 02:30:00,Resolved,INC-00757,Incident Closed
2025-01-23 03:00:00,Resolved,INC-00758,Incident Closed
2025-01-23 03:30:00,Resolved,INC-00759,Incident Closed
2025-01-23 04:00:00,Resolved,INC-00760,Incident Closed
2025-01-23 13:30:00,Escalated,INC-00761,Operator
2025-01-23 13:30:00,Incident Created,INC-00761,RENEWABLE_SUPPORT_INCIDENT
2025-01-23 14:30:00,Incident Created,INC-00762,CURTAILMENT_RISK_INCIDENT
2025-01-23 14:30:00,Escalated,INC-00762,Supervisor
2025-01-23 15:30:00,Resolved,INC-00761,Incident Closed
2025-01-23 16:30:00,Resolved,INC-00762,Incident Closed
2025-01-24 02:30:00,Incident Created,INC-00763,CURTAILMENT_RISK_INCIDENT
2025-01-24 02:30:00,Escalated,INC-00763,Supervisor
2025-01-24 03:00:00,Incident Created,INC-00764,CURTAILMENT_RISK_INCIDENT
2025-01-24 03:00:00,Escalated,INC-00764,Supervisor
2025-01-24 03:30:00,Escalated,INC-00765,Supervisor
2025-01-24 03:30:00,Incident Created,INC-00765,CURTAILMENT_RISK_INCIDENT
2025-01-24 04:00:00,Incident Created,INC-00766,CURTAILMENT_RISK_INCIDENT
2025-01-24 04:00:00,Escalated,INC-00766,Supervisor
2025-01-24 04:30:00,Resolved,INC-00763,Incident Closed
2025-01-24 04:30:00,Incident Created,INC-00767,CURTAILMENT_RISK_INCIDENT
2025-01-24 04:30:00,Escalated,INC-00767,Supervisor
2025-01-24 05:00:00,Resolved,INC-00764,Incident Closed
2025-01-24 05:30:00,Resolved,INC-00765,Incident Closed
2025-01-24 06:00:00,Resolved,INC-00766,Incident Closed
2025-01-24 06:30:00,Resolved,INC-00767,Incident Closed
2025-01-24 11:00:00,Escalated,INC-00768,Supervisor
2025-01-24 11:00:00,Incident Created,INC-00768,CURTAILMENT_RISK_INCIDENT
2025-01-24 11:30:00,Escalated,INC-00769,Supervisor
2025-01-24 11:30:00,Incident Created,INC-00769,CURTAILMENT_RISK_INCIDENT
2025-01-24 12:00:00,Escalated,INC-00770,Supervisor
2025-01-24 12:00:00,Incident Created,INC-00770,CURTAILMENT_RISK_INCIDENT
2025-01-24 12:30:00,Incident Created,INC-00771,CURTAILMENT_RISK_INCIDENT
2025-01-24 12:30:00,Escalated,INC-00771,Supervisor
2025-01-24 13:00:00,Resolved,INC-00768,Incident Closed
2025-01-24 13:00:00,Escalated,INC-00772,Supervisor
2025-01-24 13:00:00,Incident Created,INC-00772,CURTAILMENT_RISK_INCIDENT
2025-01-24 13:30:00,Resolved,INC-00769,Incident Closed
2025-01-24 13:30:00,Incident Created,INC-00773,CURTAILMENT_RISK_INCIDENT
2025-01-24 13:30:00,Escalated,INC-00773,Supervisor
2025-01-24 14:00:00,Resolved,INC-00770,Incident Closed
2025-01-24 14:00:00,Escalated,INC-00774,Supervisor
2025-01-24 14:00:00,Incident Created,INC-00774,CURTAILMENT_RISK_INCIDENT
2025-01-24 14:30:00,Resolved,INC-00771,Incident Closed
2025-01-24 15:00:00,Resolved,INC-00772,Incident Closed
2025-01-24 15:30:00,Resolved,INC-00773,Incident Closed
2025-01-24 16:00:00,Resolved,INC-00774,Incident Closed
2025-01-25 10:00:00,Escalated,INC-00775,Supervisor
2025-01-25 10:00:00,Incident Created,INC-00775,CURTAILMENT_RISK_INCIDENT
2025-01-25 10:30:00,Escalated,INC-00776,Supervisor
2025-01-25 10:30:00,Incident Created,INC-00776,CURTAILMENT_RISK_INCIDENT
2025-01-25 11:00:00,Escalated,INC-00777,Supervisor
2025-01-25 11:00:00,Incident Created,INC-00777,CURTAILMENT_RISK_INCIDENT
2025-01-25 11:30:00,Escalated,INC-00778,Supervisor
2025-01-25 11:30:00,Incident Created,INC-00778,CURTAILMENT_RISK_INCIDENT
2025-01-25 12:00:00,Resolved,INC-00775,Incident Closed
2025-01-25 12:00:00,Incident Created,INC-00779,CURTAILMENT_RISK_INCIDENT
2025-01-25 12:00:00,Escalated,INC-00779,Supervisor
2025-01-25 12:30:00,Resolved,INC-00776,Incident Closed
2025-01-25 12:30:00,Incident Created,INC-00780,CURTAILMENT_RISK_INCIDENT
2025-01-25 12:30:00,Escalated,INC-00780,Supervisor
2025-01-25 13:00:00,Resolved,INC-00777,Incident Closed
2025-01-25 13:30:00,Resolved,INC-00778,Incident Closed
2025-01-25 14:00:00,Resolved,INC-00779,Incident Closed
2025-01-25 14:30:00,Resolved,INC-00780,Incident Closed
2025-01-26 17:00:00,Escalated,INC-00781,Operator
2025-01-26 17:00:00,Incident Created,INC-00781,RENEWABLE_SUPPORT_INCIDENT
2025-01-26 17:30:00,Incident Created,INC-00782,RENEWABLE_SUPPORT_INCIDENT
2025-01-26 17:30:00,Escalated,INC-00782,Operator
2025-01-26 19:00:00,Resolved,INC-00781,Incident Closed
2025-01-26 19:30:00,Resolved,INC-00782,Incident Closed
2025-01-27 10:30:00,Incident Created,INC-00783,CURTAILMENT_RISK_INCIDENT
2025-01-27 10:30:00,Escalated,INC-00783,Supervisor
2025-01-27 11:00:00,Incident Created,INC-00784,CURTAILMENT_RISK_INCIDENT
2025-01-27 11:00:00,Escalated,INC-00784,Supervisor
2025-01-27 11:30:00,Incident Created,INC-00785,CURTAILMENT_RISK_INCIDENT
2025-01-27 11:30:00,Escalated,INC-00785,Supervisor
2025-01-27 12:00:00,Incident Created,INC-00786,CURTAILMENT_RISK_INCIDENT
2025-01-27 12:00:00,Escalated,INC-00786,Supervisor
2025-01-27 12:30:00,Resolved,INC-00783,Incident Closed
2025-01-27 12:30:00,Incident Created,INC-00787,CURTAILMENT_RISK_INCIDENT
2025-01-27 12:30:00,Escalated,INC-00787,Supervisor
2025-01-27 13:00:00,Resolved,INC-00784,Incident Closed
2025-01-27 13:00:00,Incident Created,INC-00788,CURTAILMENT_RISK_INCIDENT
2025-01-27 13:00:00,Escalated,INC-00788,Supervisor
2025-01-27 13:30:00,Resolved,INC-00785,Incident Closed
2025-01-27 13:30:00,Escalated,INC-00789,Supervisor
2025-01-27 13:30:00,Incident Created,INC-00789,CURTAILMENT_RISK_INCIDENT
2025-01-27 14:00:00,Resolved,INC-00786,Incident Closed
2025-01-27 14:30:00,Resolved,INC-00787,Incident Closed
2025-01-27 15:00:00,Resolved,INC-00788,Incident Closed
2025-01-27 15:30:00,Resolved,INC-00789,Incident Closed
2025-01-28 17:00:00,Escalated,INC-00790,Regional Controller
2025-01-28 17:00:00,Incident Created,INC-00790,FORECAST_RISK_INCIDENT
2025-01-28 19:00:00,Resolved,INC-00790,Incident Closed
2025-01-30 16:30:00,Incident Created,INC-00791,PEAK_LOAD_EMISSIONS_INCIDENT
2025-01-30 16:30:00,Escalated,INC-00791,Regional Controller
2025-01-30 17:00:00,Escalated,INC-00792,Supervisor
2025-01-30 17:00:00,Incident Created,INC-00792,SUSTAINABILITY_INCIDENT
2025-01-30 17:00:00,Escalated,INC-00793,Regional Controller
2025-01-30 17:00:00,Incident Created,INC-00793,PEAK_LOAD_EMISSIONS_INCIDENT
2025-01-30 17:30:00,Incident Created,INC-00794,SUSTAINABILITY_INCIDENT
2025-01-30 17:30:00,Escalated,INC-00794,Supervisor
2025-01-30 17:30:00,Incident Created,INC-00795,PEAK_LOAD_EMISSIONS_INCIDENT
2025-01-30 17:30:00,Escalated,INC-00795,Regional Controller
2025-01-30 18:00:00,Escalated,INC-00796,Supervisor
2025-01-30 18:00:00,Incident Created,INC-00796,SUSTAINABILITY_INCIDENT
2025-01-30 18:00:00,Incident Created,INC-00797,PEAK_LOAD_EMISSIONS_INCIDENT
2025-01-30 18:00:00,Escalated,INC-00797,Regional Controller
2025-01-30 18:30:00,Resolved,INC-00791,Incident Closed
2025-01-30 18:30:00,Incident Created,INC-00798,GRID_STRESS_INCIDENT
2025-01-30 18:30:00,Escalated,INC-00798,Executive
2025-01-30 18:30:00,Incident Created,INC-00799,SUSTAINABILITY_INCIDENT
2025-01-30 18:30:00,Escalated,INC-00799,Supervisor
2025-01-30 18:30:00,Incident Created,INC-00800,PEAK_LOAD_EMISSIONS_INCIDENT
2025-01-30 18:30:00,Escalated,INC-00800,Regional Controller
2025-01-30 19:00:00,Resolved,INC-00792,Incident Closed
2025-01-30 19:00:00,Resolved,INC-00793,Incident Closed
2025-01-30 19:00:00,Escalated,INC-00801,Executive
2025-01-30 19:00:00,Incident Created,INC-00801,GRID_STRESS_INCIDENT
2025-01-30 19:00:00,Escalated,INC-00802,Supervisor
2025-01-30 19:00:00,Incident Created,INC-00802,SUSTAINABILITY_INCIDENT
2025-01-30 19:00:00,Escalated,INC-00803,Regional Controller
2025-01-30 19:00:00,Incident Created,INC-00803,PEAK_LOAD_EMISSIONS_INCIDENT
2025-01-30 19:30:00,Resolved,INC-00794,Incident Closed
2025-01-30 19:30:00,Resolved,INC-00795,Incident Closed
2025-01-30 19:30:00,Incident Created,INC-00804,GRID_STRESS_INCIDENT
2025-01-30 19:30:00,Escalated,INC-00804,Executive
2025-01-30 19:30:00,Incident Created,INC-00805,SUSTAINABILITY_INCIDENT
2025-01-30 19:30:00,Escalated,INC-00805,Supervisor
2025-01-30 19:30:00,Incident Created,INC-00806,PEAK_LOAD_EMISSIONS_INCIDENT
2025-01-30 19:30:00,Escalated,INC-00806,Regional Controller
2025-01-30 20:00:00,Resolved,INC-00796,Incident Closed
2025-01-30 20:00:00,Resolved,INC-00797,Incident Closed
2025-01-30 20:00:00,Incident Created,INC-00807,GRID_STRESS_INCIDENT
2025-01-30 20:00:00,Escalated,INC-00807,Executive
2025-01-30 20:00:00,Escalated,INC-00808,Supervisor
2025-01-30 20:00:00,Incident Created,INC-00808,SUSTAINABILITY_INCIDENT
2025-01-30 20:00:00,Escalated,INC-00809,Regional Controller
2025-01-30 20:00:00,Incident Created,INC-00809,PEAK_LOAD_EMISSIONS_INCIDENT
2025-01-30 20:30:00,Resolved,INC-00798,Incident Closed
2025-01-30 20:30:00,Resolved,INC-00799,Incident Closed
2025-01-30 20:30:00,Resolved,INC-00800,Incident Closed
2025-01-30 20:30:00,Escalated,INC-00810,Supervisor
2025-01-30 20:30:00,Incident Created,INC-00810,SUSTAINABILITY_INCIDENT
2025-01-30 21:00:00,Resolved,INC-00801,Incident Closed
2025-01-30 21:00:00,Resolved,INC-00802,Incident Closed
2025-01-30 21:00:00,Resolved,INC-00803,Incident Closed
2025-01-30 21:00:00,Incident Created,INC-00811,SUSTAINABILITY_INCIDENT
2025-01-30 21:00:00,Escalated,INC-00811,Supervisor
2025-01-30 21:30:00,Resolved,INC-00804,Incident Closed
2025-01-30 21:30:00,Resolved,INC-00805,Incident Closed
2025-01-30 21:30:00,Resolved,INC-00806,Incident Closed
2025-01-30 21:30:00,Escalated,INC-00812,Supervisor
2025-01-30 21:30:00,Incident Created,INC-00812,SUSTAINABILITY_INCIDENT
2025-01-30 22:00:00,Resolved,INC-00807,Incident Closed
2025-01-30 22:00:00,Resolved,INC-00808,Incident Closed
2025-01-30 22:00:00,Resolved,INC-00809,Incident Closed
2025-01-30 22:30:00,Resolved,INC-00810,Incident Closed
2025-01-30 23:00:00,Resolved,INC-00811,Incident Closed
2025-01-30 23:30:00,Resolved,INC-00812,Incident Closed
2025-01-31 07:00:00,Escalated,INC-00813,Supervisor
2025-01-31 07:00:00,Incident Created,INC-00813,SUSTAINABILITY_INCIDENT
2025-01-31 07:30:00,Incident Created,INC-00814,SUSTAINABILITY_INCIDENT
2025-01-31 07:30:00,Escalated,INC-00814,Supervisor
2025-01-31 08:00:00,Escalated,INC-00815,Supervisor
2025-01-31 08:00:00,Incident Created,INC-00815,SUSTAINABILITY_INCIDENT
2025-01-31 08:30:00,Escalated,INC-00816,Supervisor
2025-01-31 08:30:00,Incident Created,INC-00816,SUSTAINABILITY_INCIDENT
2025-01-31 09:00:00,Resolved,INC-00813,Incident Closed
2025-01-31 09:00:00,Incident Created,INC-00817,SUSTAINABILITY_INCIDENT
2025-01-31 09:00:00,Escalated,INC-00817,Supervisor
2025-01-31 09:00:00,Incident Created,INC-00818,PEAK_LOAD_EMISSIONS_INCIDENT
2025-01-31 09:00:00,Escalated,INC-00818,Regional Controller
2025-01-31 09:30:00,Resolved,INC-00814,Incident Closed
2025-01-31 09:30:00,Escalated,INC-00819,Supervisor
2025-01-31 09:30:00,Incident Created,INC-00819,SUSTAINABILITY_INCIDENT
2025-01-31 09:30:00,Incident Created,INC-00820,PEAK_LOAD_EMISSIONS_INCIDENT
2025-01-31 09:30:00,Escalated,INC-00820,Regional Controller
2025-01-31 10:00:00,Resolved,INC-00815,Incident Closed
2025-01-31 10:00:00,Escalated,INC-00821,Supervisor
2025-01-31 10:00:00,Incident Created,INC-00821,SUSTAINABILITY_INCIDENT
2025-01-31 10:00:00,Escalated,INC-00822,Regional Controller
2025-01-31 10:00:00,Incident Created,INC-00822,PEAK_LOAD_EMISSIONS_INCIDENT
2025-01-31 10:30:00,Resolved,INC-00816,Incident Closed
2025-01-31 10:30:00,Escalated,INC-00823,Supervisor
2025-01-31 10:30:00,Incident Created,INC-00823,SUSTAINABILITY_INCIDENT
2025-01-31 11:00:00,Resolved,INC-00817,Incident Closed
2025-01-31 11:00:00,Resolved,INC-00818,Incident Closed
2025-01-31 11:00:00,Incident Created,INC-00824,SUSTAINABILITY_INCIDENT
2025-01-31 11:00:00,Escalated,INC-00824,Supervisor
2025-01-31 11:30:00,Resolved,INC-00819,Incident Closed
2025-01-31 11:30:00,Resolved,INC-00820,Incident Closed
2025-01-31 11:30:00,Incident Created,INC-00825,SUSTAINABILITY_INCIDENT
2025-01-31 11:30:00,Escalated,INC-00825,Supervisor
2025-01-31 12:00:00,Resolved,INC-00821,Incident Closed
2025-01-31 12:00:00,Resolved,INC-00822,Incident Closed
2025-01-31 12:00:00,Incident Created,INC-00826,SUSTAINABILITY_INCIDENT
2025-01-31 12:00:00,Escalated,INC-00826,Supervisor
2025-01-31 12:30:00,Resolved,INC-00823,Incident Closed
2025-01-31 12:30:00,Incident Created,INC-00827,SUSTAINABILITY_INCIDENT
2025-01-31 12:30:00,Escalated,INC-00827,Supervisor
2025-01-31 13:00:00,Resolved,INC-00824,Incident Closed
2025-01-31 13:00:00,Incident Created,INC-00828,SUSTAINABILITY_INCIDENT
2025-01-31 13:00:00,Escalated,INC-00828,Supervisor
2025-01-31 13:30:00,Resolved,INC-00825,Incident Closed
2025-01-31 13:30:00,Incident Created,INC-00829,SUSTAINABILITY_INCIDENT
2025-01-31 13:30:00,Escalated,INC-00829,Supervisor
2025-01-31 14:00:00,Resolved,INC-00826,Incident Closed
2025-01-31 14:00:00,Escalated,INC-00830,Supervisor
2025-01-31 14:00:00,Incident Created,INC-00830,SUSTAINABILITY_INCIDENT
2025-01-31 14:30:00,Resolved,INC-00827,Incident Closed
2025-01-31 14:30:00,Escalated,INC-00831,Supervisor
2025-01-31 14:30:00,Incident Created,INC-00831,SUSTAINABILITY_INCIDENT
2025-01-31 15:00:00,Resolved,INC-00828,Incident Closed
2025-01-31 15:00:00,Escalated,INC-00832,Supervisor
2025-01-31 15:00:00,Incident Created,INC-00832,SUSTAINABILITY_INCIDENT
2025-01-31 15:30:00,Resolved,INC-00829,Incident Closed
2025-01-31 15:30:00,Escalated,INC-00833,Supervisor
2025-01-31 15:30:00,Incident Created,INC-00833,SUSTAINABILITY_INCIDENT
2025-01-31 16:00:00,Resolved,INC-00830,Incident Closed
2025-01-31 16:00:00,Escalated,INC-00834,Supervisor
2025-01-31 16:00:00,Incident Created,INC-00834,SUSTAINABILITY_INCIDENT
2025-01-31 16:30:00,Resolved,INC-00831,Incident Closed
2025-01-31 16:30:00,Incident Created,INC-00835,SUSTAINABILITY_INCIDENT
2025-01-31 16:30:00,Escalated,INC-00835,Supervisor
2025-01-31 16:30:00,Incident Created,INC-00836,PEAK_LOAD_EMISSIONS_INCIDENT
2025-01-31 16:30:00,Escalated,INC-00836,Regional Controller
2025-01-31 17:00:00,Resolved,INC-00832,Incident Closed
2025-01-31 17:00:00,Incident Created,INC-00837,SUSTAINABILITY_INCIDENT
2025-01-31 17:00:00,Escalated,INC-00837,Supervisor
2025-01-31 17:00:00,Incident Created,INC-00838,PEAK_LOAD_EMISSIONS_INCIDENT
2025-01-31 17:00:00,Escalated,INC-00838,Regional Controller
2025-01-31 17:30:00,Resolved,INC-00833,Incident Closed
2025-01-31 17:30:00,Escalated,INC-00839,Supervisor
2025-01-31 17:30:00,Incident Created,INC-00839,SUSTAINABILITY_INCIDENT
2025-01-31 17:30:00,Escalated,INC-00840,Regional Controller
2025-01-31 17:30:00,Incident Created,INC-00840,PEAK_LOAD_EMISSIONS_INCIDENT
2025-01-31 18:00:00,Resolved,INC-00834,Incident Closed
2025-01-31 18:00:00,Incident Created,INC-00841,SUSTAINABILITY_INCIDENT
2025-01-31 18:00:00,Escalated,INC-00841,Supervisor
2025-01-31 18:00:00,Incident Created,INC-00842,PEAK_LOAD_EMISSIONS_INCIDENT
2025-01-31 18:00:00,Escalated,INC-00842,Regional Controller
2025-01-31 18:30:00,Resolved,INC-00835,Incident Closed
2025-01-31 18:30:00,Resolved,INC-00836,Incident Closed
2025-01-31 18:30:00,Incident Created,INC-00843,SUSTAINABILITY_INCIDENT
2025-01-31 18:30:00,Escalated,INC-00843,Supervisor
2025-01-31 18:30:00,Incident Created,INC-00844,PEAK_LOAD_EMISSIONS_INCIDENT
2025-01-31 18:30:00,Escalated,INC-00844,Regional Controller
2025-01-31 19:00:00,Resolved,INC-00837,Incident Closed
2025-01-31 19:00:00,Resolved,INC-00838,Incident Closed
2025-01-31 19:00:00,Escalated,INC-00845,Supervisor
2025-01-31 19:00:00,Incident Created,INC-00845,SUSTAINABILITY_INCIDENT
2025-01-31 19:00:00,Escalated,INC-00846,Regional Controller
2025-01-31 19:00:00,Incident Created,INC-00846,PEAK_LOAD_EMISSIONS_INCIDENT
2025-01-31 19:30:00,Resolved,INC-00839,Incident Closed
2025-01-31 19:30:00,Resolved,INC-00840,Incident Closed
2025-01-31 19:30:00,Incident Created,INC-00847,SUSTAINABILITY_INCIDENT
2025-01-31 19:30:00,Escalated,INC-00847,Supervisor
2025-01-31 20:00:00,Resolved,INC-00841,Incident Closed
2025-01-31 20:00:00,Resolved,INC-00842,Incident Closed
2025-01-31 20:00:00,Escalated,INC-00848,Supervisor
2025-01-31 20:00:00,Incident Created,INC-00848,SUSTAINABILITY_INCIDENT
2025-01-31 20:30:00,Resolved,INC-00843,Incident Closed
2025-01-31 20:30:00,Resolved,INC-00844,Incident Closed
2025-01-31 20:30:00,Incident Created,INC-00849,SUSTAINABILITY_INCIDENT
2025-01-31 20:30:00,Escalated,INC-00849,Supervisor
2025-01-31 21:00:00,Resolved,INC-00845,Incident Closed
2025-01-31 21:00:00,Resolved,INC-00846,Incident Closed
2025-01-31 21:00:00,Escalated,INC-00850,Supervisor
2025-01-31 21:00:00,Incident Created,INC-00850,SUSTAINABILITY_INCIDENT
2025-01-31 21:30:00,Resolved,INC-00847,Incident Closed
2025-01-31 21:30:00,Escalated,INC-00851,Supervisor
2025-01-31 21:30:00,Incident Created,INC-00851,SUSTAINABILITY_INCIDENT
2025-01-31 22:00:00,Resolved,INC-00848,Incident Closed
2025-01-31 22:00:00,Incident Created,INC-00852,SUSTAINABILITY_INCIDENT
2025-01-31 22:00:00,Escalated,INC-00852,Supervisor
2025-01-31 22:30:00,Resolved,INC-00849,Incident Closed
2025-01-31 22:30:00,Incident Created,INC-00853,SUSTAINABILITY_INCIDENT
2025-01-31 22:30:00,Escalated,INC-00853,Supervisor
2025-01-31 23:00:00,Resolved,INC-00850,Incident Closed
2025-01-31 23:00:00,Incident Created,INC-00854,SUSTAINABILITY_INCIDENT
2025-01-31 23:00:00,Escalated,INC-00854,Supervisor
2025-01-31 23:30:00,Resolved,INC-00851,Incident Closed
2025-01-31 23:30:00,Escalated,INC-00855,Supervisor
2025-01-31 23:30:00,Incident Created,INC-00855,SUSTAINABILITY_INCIDENT
2025-02-01 00:00:00,Resolved,INC-00852,Incident Closed
2025-02-01 00:00:00,Escalated,INC-00856,Supervisor
2025-02-01 00:00:00,Incident Created,INC-00856,SUSTAINABILITY_INCIDENT
2025-02-01 00:30:00,Resolved,INC-00853,Incident Closed
2025-02-01 00:30:00,Escalated,INC-00857,Supervisor
2025-02-01 00:30:00,Incident Created,INC-00857,SUSTAINABILITY_INCIDENT
2025-02-01 01:00:00,Resolved,INC-00854,Incident Closed
2025-02-01 01:30:00,Resolved,INC-00855,Incident Closed
2025-02-01 02:00:00,Resolved,INC-00856,Incident Closed
2025-02-01 02:30:00,Resolved,INC-00857,Incident Closed
2025-02-02 16:30:00,Escalated,INC-00858,Supervisor
2025-02-02 16:30:00,Incident Created,INC-00858,SUSTAINABILITY_INCIDENT
2025-02-02 17:00:00,Escalated,INC-00859,Executive
2025-02-02 17:00:00,Incident Created,INC-00859,GRID_STRESS_INCIDENT
2025-02-02 17:00:00,Escalated,INC-00860,Supervisor
2025-02-02 17:00:00,Incident Created,INC-00860,SUSTAINABILITY_INCIDENT
2025-02-02 17:00:00,Escalated,INC-00861,Regional Controller
2025-02-02 17:00:00,Incident Created,INC-00861,PEAK_LOAD_EMISSIONS_INCIDENT
2025-02-02 17:30:00,Incident Created,INC-00862,GRID_STRESS_INCIDENT
2025-02-02 17:30:00,Escalated,INC-00862,Executive
2025-02-02 17:30:00,Incident Created,INC-00863,PEAK_LOAD_EMISSIONS_INCIDENT
2025-02-02 17:30:00,Escalated,INC-00863,Regional Controller
2025-02-02 18:00:00,Escalated,INC-00864,Executive
2025-02-02 18:00:00,Incident Created,INC-00864,GRID_STRESS_INCIDENT
2025-02-02 18:00:00,Escalated,INC-00865,Regional Controller
2025-02-02 18:00:00,Incident Created,INC-00865,PEAK_LOAD_EMISSIONS_INCIDENT
2025-02-02 18:30:00,Resolved,INC-00858,Incident Closed
2025-02-02 18:30:00,Incident Created,INC-00866,GRID_STRESS_INCIDENT
2025-02-02 18:30:00,Escalated,INC-00866,Executive
2025-02-02 18:30:00,Escalated,INC-00867,Regional Controller
2025-02-02 18:30:00,Incident Created,INC-00867,PEAK_LOAD_EMISSIONS_INCIDENT
2025-02-02 19:00:00,Resolved,INC-00859,Incident Closed
2025-02-02 19:00:00,Resolved,INC-00860,Incident Closed
2025-02-02 19:00:00,Resolved,INC-00861,Incident Closed
2025-02-02 19:30:00,Resolved,INC-00862,Incident Closed
2025-02-02 19:30:00,Resolved,INC-00863,Incident Closed
2025-02-02 20:00:00,Resolved,INC-00864,Incident Closed
2025-02-02 20:00:00,Resolved,INC-00865,Incident Closed
2025-02-02 20:30:00,Resolved,INC-00866,Incident Closed
2025-02-02 20:30:00,Resolved,INC-00867,Incident Closed
2025-02-04 08:00:00,Incident Created,INC-00868,CURTAILMENT_RISK_INCIDENT
2025-02-04 08:00:00,Escalated,INC-00868,Supervisor
2025-02-04 08:30:00,Incident Created,INC-00869,CURTAILMENT_RISK_INCIDENT
2025-02-04 08:30:00,Escalated,INC-00869,Supervisor
2025-02-04 09:00:00,Incident Created,INC-00870,CURTAILMENT_RISK_INCIDENT
2025-02-04 09:00:00,Escalated,INC-00870,Supervisor
2025-02-04 09:30:00,Escalated,INC-00871,Supervisor
2025-02-04 09:30:00,Incident Created,INC-00871,CURTAILMENT_RISK_INCIDENT
2025-02-04 10:00:00,Resolved,INC-00868,Incident Closed
2025-02-04 10:00:00,Escalated,INC-00872,Supervisor
2025-02-04 10:00:00,Incident Created,INC-00872,CURTAILMENT_RISK_INCIDENT
2025-02-04 10:30:00,Resolved,INC-00869,Incident Closed
2025-02-04 10:30:00,Incident Created,INC-00873,CURTAILMENT_RISK_INCIDENT
2025-02-04 10:30:00,Escalated,INC-00873,Supervisor
2025-02-04 11:00:00,Resolved,INC-00870,Incident Closed
2025-02-04 11:00:00,Escalated,INC-00874,Supervisor
2025-02-04 11:00:00,Incident Created,INC-00874,CURTAILMENT_RISK_INCIDENT
2025-02-04 11:30:00,Resolved,INC-00871,Incident Closed
2025-02-04 11:30:00,Incident Created,INC-00875,CURTAILMENT_RISK_INCIDENT
2025-02-04 11:30:00,Escalated,INC-00875,Supervisor
2025-02-04 12:00:00,Resolved,INC-00872,Incident Closed
2025-02-04 12:00:00,Incident Created,INC-00876,CURTAILMENT_RISK_INCIDENT
2025-02-04 12:00:00,Escalated,INC-00876,Supervisor
2025-02-04 12:30:00,Resolved,INC-00873,Incident Closed
2025-02-04 12:30:00,Escalated,INC-00877,Supervisor
2025-02-04 12:30:00,Incident Created,INC-00877,CURTAILMENT_RISK_INCIDENT
2025-02-04 13:00:00,Resolved,INC-00874,Incident Closed
2025-02-04 13:00:00,Incident Created,INC-00878,CURTAILMENT_RISK_INCIDENT
2025-02-04 13:00:00,Escalated,INC-00878,Supervisor
2025-02-04 13:30:00,Resolved,INC-00875,Incident Closed
2025-02-04 14:00:00,Resolved,INC-00876,Incident Closed
2025-02-04 14:30:00,Resolved,INC-00877,Incident Closed
2025-02-04 15:00:00,Resolved,INC-00878,Incident Closed
2025-02-04 16:30:00,Incident Created,INC-00879,CURTAILMENT_RISK_INCIDENT
2025-02-04 16:30:00,Escalated,INC-00879,Supervisor
2025-02-04 18:00:00,Incident Created,INC-00880,CURTAILMENT_RISK_INCIDENT
2025-02-04 18:00:00,Escalated,INC-00880,Supervisor
2025-02-04 18:00:00,Incident Created,INC-00881,RENEWABLE_SUPPORT_INCIDENT
2025-02-04 18:00:00,Escalated,INC-00881,Operator
2025-02-04 18:30:00,Resolved,INC-00879,Incident Closed
2025-02-04 20:00:00,Resolved,INC-00880,Incident Closed
2025-02-04 20:00:00,Resolved,INC-00881,Incident Closed
2025-02-05 16:00:00,Incident Created,INC-00882,SUSTAINABILITY_INCIDENT
2025-02-05 16:00:00,Escalated,INC-00882,Supervisor
2025-02-05 16:00:00,Incident Created,INC-00883,PEAK_LOAD_EMISSIONS_INCIDENT
2025-02-05 16:00:00,Escalated,INC-00883,Regional Controller
2025-02-05 16:30:00,Escalated,INC-00884,Supervisor
2025-02-05 16:30:00,Incident Created,INC-00884,SUSTAINABILITY_INCIDENT
2025-02-05 16:30:00,Escalated,INC-00885,Regional Controller
2025-02-05 16:30:00,Incident Created,INC-00885,PEAK_LOAD_EMISSIONS_INCIDENT
2025-02-05 17:00:00,Incident Created,INC-00886,SUSTAINABILITY_INCIDENT
2025-02-05 17:00:00,Escalated,INC-00886,Supervisor
2025-02-05 17:00:00,Incident Created,INC-00887,PEAK_LOAD_EMISSIONS_INCIDENT
2025-02-05 17:00:00,Escalated,INC-00887,Regional Controller
2025-02-05 17:30:00,Escalated,INC-00888,Supervisor
2025-02-05 17:30:00,Incident Created,INC-00888,SUSTAINABILITY_INCIDENT
2025-02-05 17:30:00,Escalated,INC-00889,Regional Controller
2025-02-05 17:30:00,Incident Created,INC-00889,PEAK_LOAD_EMISSIONS_INCIDENT
2025-02-05 18:00:00,Resolved,INC-00882,Incident Closed
2025-02-05 18:00:00,Resolved,INC-00883,Incident Closed
2025-02-05 18:00:00,Incident Created,INC-00890,SUSTAINABILITY_INCIDENT
2025-02-05 18:00:00,Escalated,INC-00890,Supervisor
2025-02-05 18:00:00,Escalated,INC-00891,Regional Controller
2025-02-05 18:00:00,Incident Created,INC-00891,PEAK_LOAD_EMISSIONS_INCIDENT
2025-02-05 18:30:00,Resolved,INC-00884,Incident Closed
2025-02-05 18:30:00,Resolved,INC-00885,Incident Closed
2025-02-05 18:30:00,Incident Created,INC-00892,SUSTAINABILITY_INCIDENT
2025-02-05 18:30:00,Escalated,INC-00892,Supervisor
2025-02-05 18:30:00,Incident Created,INC-00893,PEAK_LOAD_EMISSIONS_INCIDENT
2025-02-05 18:30:00,Escalated,INC-00893,Regional Controller
2025-02-05 19:00:00,Resolved,INC-00886,Incident Closed
2025-02-05 19:00:00,Resolved,INC-00887,Incident Closed
2025-02-05 19:00:00,Escalated,INC-00894,Supervisor
2025-02-05 19:00:00,Incident Created,INC-00894,SUSTAINABILITY_INCIDENT
2025-02-05 19:00:00,Escalated,INC-00895,Regional Controller
2025-02-05 19:00:00,Incident Created,INC-00895,PEAK_LOAD_EMISSIONS_INCIDENT
2025-02-05 19:30:00,Resolved,INC-00888,Incident Closed
2025-02-05 19:30:00,Resolved,INC-00889,Incident Closed
2025-02-05 19:30:00,Incident Created,INC-00896,SUSTAINABILITY_INCIDENT
2025-02-05 19:30:00,Escalated,INC-00896,Supervisor
2025-02-05 19:30:00,Escalated,INC-00897,Regional Controller
2025-02-05 19:30:00,Incident Created,INC-00897,PEAK_LOAD_EMISSIONS_INCIDENT
2025-02-05 20:00:00,Resolved,INC-00890,Incident Closed
2025-02-05 20:00:00,Resolved,INC-00891,Incident Closed
2025-02-05 20:00:00,Incident Created,INC-00898,SUSTAINABILITY_INCIDENT
2025-02-05 20:00:00,Escalated,INC-00898,Supervisor
2025-02-05 20:00:00,Escalated,INC-00899,Regional Controller
2025-02-05 20:00:00,Incident Created,INC-00899,PEAK_LOAD_EMISSIONS_INCIDENT
2025-02-05 20:30:00,Resolved,INC-00892,Incident Closed
2025-02-05 20:30:00,Resolved,INC-00893,Incident Closed
2025-02-05 20:30:00,Incident Created,INC-00900,SUSTAINABILITY_INCIDENT
2025-02-05 20:30:00,Escalated,INC-00900,Supervisor
2025-02-05 21:00:00,Resolved,INC-00894,Incident Closed
2025-02-05 21:00:00,Resolved,INC-00895,Incident Closed
2025-02-05 21:00:00,Escalated,INC-00901,Supervisor
2025-02-05 21:00:00,Incident Created,INC-00901,SUSTAINABILITY_INCIDENT
2025-02-05 21:30:00,Resolved,INC-00896,Incident Closed
2025-02-05 21:30:00,Resolved,INC-00897,Incident Closed
2025-02-05 21:30:00,Escalated,INC-00902,Supervisor
2025-02-05 21:30:00,Incident Created,INC-00902,SUSTAINABILITY_INCIDENT
2025-02-05 22:00:00,Resolved,INC-00898,Incident Closed
2025-02-05 22:00:00,Resolved,INC-00899,Incident Closed
2025-02-05 22:00:00,Incident Created,INC-00903,SUSTAINABILITY_INCIDENT
2025-02-05 22:00:00,Escalated,INC-00903,Supervisor
2025-02-05 22:30:00,Resolved,INC-00900,Incident Closed
2025-02-05 22:30:00,Incident Created,INC-00904,SUSTAINABILITY_INCIDENT
2025-02-05 22:30:00,Escalated,INC-00904,Supervisor
2025-02-05 23:00:00,Resolved,INC-00901,Incident Closed
2025-02-05 23:00:00,Incident Created,INC-00905,SUSTAINABILITY_INCIDENT
2025-02-05 23:00:00,Escalated,INC-00905,Supervisor
2025-02-05 23:30:00,Resolved,INC-00902,Incident Closed
2025-02-05 23:30:00,Incident Created,INC-00906,SUSTAINABILITY_INCIDENT
2025-02-05 23:30:00,Escalated,INC-00906,Supervisor
2025-02-06 00:00:00,Resolved,INC-00903,Incident Closed
2025-02-06 00:00:00,Incident Created,INC-00907,SUSTAINABILITY_INCIDENT
2025-02-06 00:00:00,Escalated,INC-00907,Supervisor
2025-02-06 00:30:00,Resolved,INC-00904,Incident Closed
2025-02-06 00:30:00,Escalated,INC-00908,Supervisor
2025-02-06 00:30:00,Incident Created,INC-00908,SUSTAINABILITY_INCIDENT
2025-02-06 01:00:00,Resolved,INC-00905,Incident Closed
2025-02-06 01:00:00,Incident Created,INC-00909,SUSTAINABILITY_INCIDENT
2025-02-06 01:00:00,Escalated,INC-00909,Supervisor
2025-02-06 01:30:00,Resolved,INC-00906,Incident Closed
2025-02-06 01:30:00,Escalated,INC-00910,Supervisor
2025-02-06 01:30:00,Incident Created,INC-00910,SUSTAINABILITY_INCIDENT
2025-02-06 02:00:00,Resolved,INC-00907,Incident Closed
2025-02-06 02:00:00,Escalated,INC-00911,Supervisor
2025-02-06 02:00:00,Incident Created,INC-00911,SUSTAINABILITY_INCIDENT
2025-02-06 02:30:00,Resolved,INC-00908,Incident Closed
2025-02-06 02:30:00,Escalated,INC-00912,Supervisor
2025-02-06 02:30:00,Incident Created,INC-00912,SUSTAINABILITY_INCIDENT
2025-02-06 03:00:00,Resolved,INC-00909,Incident Closed
2025-02-06 03:00:00,Escalated,INC-00913,Supervisor
2025-02-06 03:00:00,Incident Created,INC-00913,SUSTAINABILITY_INCIDENT
2025-02-06 03:30:00,Resolved,INC-00910,Incident Closed
2025-02-06 03:30:00,Escalated,INC-00914,Supervisor
2025-02-06 03:30:00,Incident Created,INC-00914,SUSTAINABILITY_INCIDENT
2025-02-06 04:00:00,Resolved,INC-00911,Incident Closed
2025-02-06 04:00:00,Escalated,INC-00915,Supervisor
2025-02-06 04:00:00,Incident Created,INC-00915,SUSTAINABILITY_INCIDENT
2025-02-06 04:30:00,Resolved,INC-00912,Incident Closed
2025-02-06 04:30:00,Escalated,INC-00916,Supervisor
2025-02-06 04:30:00,Incident Created,INC-00916,SUSTAINABILITY_INCIDENT
2025-02-06 05:00:00,Resolved,INC-00913,Incident Closed
2025-02-06 05:00:00,Escalated,INC-00917,Supervisor
2025-02-06 05:00:00,Incident Created,INC-00917,SUSTAINABILITY_INCIDENT
2025-02-06 05:30:00,Resolved,INC-00914,Incident Closed
2025-02-06 05:30:00,Incident Created,INC-00918,SUSTAINABILITY_INCIDENT
2025-02-06 05:30:00,Escalated,INC-00918,Supervisor
2025-02-06 06:00:00,Resolved,INC-00915,Incident Closed
2025-02-06 06:00:00,Escalated,INC-00919,Supervisor
2025-02-06 06:00:00,Incident Created,INC-00919,SUSTAINABILITY_INCIDENT
2025-02-06 06:30:00,Resolved,INC-00916,Incident Closed
2025-02-06 06:30:00,Escalated,INC-00920,Supervisor
2025-02-06 06:30:00,Incident Created,INC-00920,SUSTAINABILITY_INCIDENT
2025-02-06 07:00:00,Resolved,INC-00917,Incident Closed
2025-02-06 07:30:00,Resolved,INC-00918,Incident Closed
2025-02-06 08:00:00,Resolved,INC-00919,Incident Closed
2025-02-06 08:00:00,Escalated,INC-00921,Regional Controller
2025-02-06 08:00:00,Incident Created,INC-00921,PEAK_LOAD_EMISSIONS_INCIDENT
2025-02-06 08:30:00,Resolved,INC-00920,Incident Closed
2025-02-06 08:30:00,Escalated,INC-00922,Regional Controller
2025-02-06 08:30:00,Incident Created,INC-00922,FORECAST_RISK_INCIDENT
2025-02-06 08:30:00,Escalated,INC-00923,Regional Controller
2025-02-06 08:30:00,Incident Created,INC-00923,PEAK_LOAD_EMISSIONS_INCIDENT
2025-02-06 08:30:00,Escalated,INC-00924,Regional Controller
2025-02-06 08:30:00,Incident Created,INC-00924,OPERATIONAL_RISK_INCIDENT
2025-02-06 09:00:00,Incident Created,INC-00925,PEAK_LOAD_EMISSIONS_INCIDENT
2025-02-06 09:00:00,Escalated,INC-00925,Regional Controller
2025-02-06 10:00:00,Resolved,INC-00921,Incident Closed
2025-02-06 10:30:00,Resolved,INC-00922,Incident Closed
2025-02-06 10:30:00,Resolved,INC-00923,Incident Closed
2025-02-06 10:30:00,Resolved,INC-00924,Incident Closed
2025-02-06 11:00:00,Resolved,INC-00925,Incident Closed
2025-02-06 16:30:00,Incident Created,INC-00926,PEAK_LOAD_EMISSIONS_INCIDENT
2025-02-06 16:30:00,Escalated,INC-00926,Regional Controller
2025-02-06 17:00:00,Incident Created,INC-00927,PEAK_LOAD_EMISSIONS_INCIDENT
2025-02-06 17:00:00,Escalated,INC-00927,Regional Controller
2025-02-06 17:30:00,Incident Created,INC-00928,PEAK_LOAD_EMISSIONS_INCIDENT
2025-02-06 17:30:00,Escalated,INC-00928,Regional Controller
2025-02-06 18:00:00,Incident Created,INC-00929,PEAK_LOAD_EMISSIONS_INCIDENT
2025-02-06 18:00:00,Escalated,INC-00929,Regional Controller
2025-02-06 18:30:00,Resolved,INC-00926,Incident Closed
2025-02-06 18:30:00,Incident Created,INC-00930,PEAK_LOAD_EMISSIONS_INCIDENT
2025-02-06 18:30:00,Escalated,INC-00930,Regional Controller
2025-02-06 19:00:00,Resolved,INC-00927,Incident Closed
2025-02-06 19:00:00,Escalated,INC-00931,Regional Controller
2025-02-06 19:00:00,Incident Created,INC-00931,PEAK_LOAD_EMISSIONS_INCIDENT
2025-02-06 19:30:00,Resolved,INC-00928,Incident Closed
2025-02-06 20:00:00,Resolved,INC-00929,Incident Closed
2025-02-06 20:30:00,Resolved,INC-00930,Incident Closed
2025-02-06 21:00:00,Resolved,INC-00931,Incident Closed
2025-02-07 11:00:00,Incident Created,INC-00932,CURTAILMENT_RISK_INCIDENT
2025-02-07 11:00:00,Escalated,INC-00932,Supervisor
2025-02-07 11:30:00,Incident Created,INC-00933,CURTAILMENT_RISK_INCIDENT
2025-02-07 11:30:00,Escalated,INC-00933,Supervisor
2025-02-07 11:30:00,Escalated,INC-00934,Operator
2025-02-07 11:30:00,Incident Created,INC-00934,RENEWABLE_SUPPORT_INCIDENT
2025-02-07 12:00:00,Escalated,INC-00935,Regional Controller
2025-02-07 12:00:00,Incident Created,INC-00935,FORECAST_RISK_INCIDENT
2025-02-07 12:00:00,Escalated,INC-00936,Supervisor
2025-02-07 12:00:00,Incident Created,INC-00936,CURTAILMENT_RISK_INCIDENT
2025-02-07 12:00:00,Escalated,INC-00937,Operator
2025-02-07 12:00:00,Incident Created,INC-00937,RENEWABLE_SUPPORT_INCIDENT
2025-02-07 12:30:00,Escalated,INC-00938,Supervisor
2025-02-07 12:30:00,Incident Created,INC-00938,CURTAILMENT_RISK_INCIDENT
2025-02-07 13:00:00,Resolved,INC-00932,Incident Closed
2025-02-07 13:00:00,Incident Created,INC-00939,CURTAILMENT_RISK_INCIDENT
2025-02-07 13:00:00,Escalated,INC-00939,Supervisor
2025-02-07 13:30:00,Resolved,INC-00933,Incident Closed
2025-02-07 13:30:00,Resolved,INC-00934,Incident Closed
2025-02-07 13:30:00,Incident Created,INC-00940,CURTAILMENT_RISK_INCIDENT
2025-02-07 13:30:00,Escalated,INC-00940,Supervisor
2025-02-07 14:00:00,Resolved,INC-00935,Incident Closed
2025-02-07 14:00:00,Resolved,INC-00936,Incident Closed
2025-02-07 14:00:00,Resolved,INC-00937,Incident Closed
2025-02-07 14:30:00,Resolved,INC-00938,Incident Closed
2025-02-07 15:00:00,Resolved,INC-00939,Incident Closed
2025-02-07 15:30:00,Resolved,INC-00940,Incident Closed
2025-02-07 15:30:00,Incident Created,INC-00941,FORECAST_RISK_INCIDENT
2025-02-07 15:30:00,Escalated,INC-00941,Regional Controller
2025-02-07 17:30:00,Resolved,INC-00941,Incident Closed
2025-02-08 10:00:00,Incident Created,INC-00942,SUSTAINABILITY_INCIDENT
2025-02-08 10:00:00,Escalated,INC-00942,Supervisor
2025-02-08 10:30:00,Incident Created,INC-00943,SUSTAINABILITY_INCIDENT
2025-02-08 10:30:00,Escalated,INC-00943,Supervisor
2025-02-08 11:00:00,Incident Created,INC-00944,SUSTAINABILITY_INCIDENT
2025-02-08 11:00:00,Escalated,INC-00944,Supervisor
2025-02-08 11:30:00,Incident Created,INC-00945,SUSTAINABILITY_INCIDENT
2025-02-08 11:30:00,Escalated,INC-00945,Supervisor
2025-02-08 12:00:00,Resolved,INC-00942,Incident Closed
2025-02-08 12:00:00,Escalated,INC-00946,Supervisor
2025-02-08 12:00:00,Incident Created,INC-00946,SUSTAINABILITY_INCIDENT
2025-02-08 12:30:00,Resolved,INC-00943,Incident Closed
2025-02-08 12:30:00,Incident Created,INC-00947,SUSTAINABILITY_INCIDENT
2025-02-08 12:30:00,Escalated,INC-00947,Supervisor
2025-02-08 13:00:00,Resolved,INC-00944,Incident Closed
2025-02-08 13:00:00,Escalated,INC-00948,Supervisor
2025-02-08 13:00:00,Incident Created,INC-00948,SUSTAINABILITY_INCIDENT
2025-02-08 13:30:00,Resolved,INC-00945,Incident Closed
2025-02-08 13:30:00,Escalated,INC-00949,Supervisor
2025-02-08 13:30:00,Incident Created,INC-00949,SUSTAINABILITY_INCIDENT
2025-02-08 14:00:00,Resolved,INC-00946,Incident Closed
2025-02-08 14:00:00,Incident Created,INC-00950,SUSTAINABILITY_INCIDENT
2025-02-08 14:00:00,Escalated,INC-00950,Supervisor
2025-02-08 14:30:00,Resolved,INC-00947,Incident Closed
2025-02-08 14:30:00,Escalated,INC-00951,Supervisor
2025-02-08 14:30:00,Incident Created,INC-00951,SUSTAINABILITY_INCIDENT
2025-02-08 15:00:00,Resolved,INC-00948,Incident Closed
2025-02-08 15:00:00,Incident Created,INC-00952,SUSTAINABILITY_INCIDENT
2025-02-08 15:00:00,Escalated,INC-00952,Supervisor
2025-02-08 15:30:00,Resolved,INC-00949,Incident Closed
2025-02-08 15:30:00,Escalated,INC-00953,Supervisor
2025-02-08 15:30:00,Incident Created,INC-00953,SUSTAINABILITY_INCIDENT
2025-02-08 16:00:00,Resolved,INC-00950,Incident Closed
2025-02-08 16:00:00,Incident Created,INC-00954,SUSTAINABILITY_INCIDENT
2025-02-08 16:00:00,Escalated,INC-00954,Supervisor
2025-02-08 16:30:00,Resolved,INC-00951,Incident Closed
2025-02-08 16:30:00,Incident Created,INC-00955,SUSTAINABILITY_INCIDENT
2025-02-08 16:30:00,Escalated,INC-00955,Supervisor
2025-02-08 16:30:00,Incident Created,INC-00956,PEAK_LOAD_EMISSIONS_INCIDENT
2025-02-08 16:30:00,Escalated,INC-00956,Regional Controller
2025-02-08 17:00:00,Resolved,INC-00952,Incident Closed
2025-02-08 17:00:00,Incident Created,INC-00957,SUSTAINABILITY_INCIDENT
2025-02-08 17:00:00,Escalated,INC-00957,Supervisor
2025-02-08 17:00:00,Incident Created,INC-00958,PEAK_LOAD_EMISSIONS_INCIDENT
2025-02-08 17:00:00,Escalated,INC-00958,Regional Controller
2025-02-08 17:30:00,Resolved,INC-00953,Incident Closed
2025-02-08 17:30:00,Incident Created,INC-00959,SUSTAINABILITY_INCIDENT
2025-02-08 17:30:00,Escalated,INC-00959,Supervisor
2025-02-08 17:30:00,Escalated,INC-00960,Regional Controller
2025-02-08 17:30:00,Incident Created,INC-00960,PEAK_LOAD_EMISSIONS_INCIDENT
2025-02-08 18:00:00,Resolved,INC-00954,Incident Closed
2025-02-08 18:00:00,Incident Created,INC-00961,SUSTAINABILITY_INCIDENT
2025-02-08 18:00:00,Escalated,INC-00961,Supervisor
2025-02-08 18:00:00,Incident Created,INC-00962,PEAK_LOAD_EMISSIONS_INCIDENT
2025-02-08 18:00:00,Escalated,INC-00962,Regional Controller
2025-02-08 18:30:00,Resolved,INC-00955,Incident Closed
2025-02-08 18:30:00,Resolved,INC-00956,Incident Closed
2025-02-08 18:30:00,Escalated,INC-00963,Supervisor
2025-02-08 18:30:00,Incident Created,INC-00963,SUSTAINABILITY_INCIDENT
2025-02-08 18:30:00,Escalated,INC-00964,Regional Controller
2025-02-08 18:30:00,Incident Created,INC-00964,PEAK_LOAD_EMISSIONS_INCIDENT
2025-02-08 19:00:00,Resolved,INC-00957,Incident Closed
2025-02-08 19:00:00,Resolved,INC-00958,Incident Closed
2025-02-08 19:00:00,Escalated,INC-00965,Supervisor
2025-02-08 19:00:00,Incident Created,INC-00965,SUSTAINABILITY_INCIDENT
2025-02-08 19:00:00,Escalated,INC-00966,Regional Controller
2025-02-08 19:00:00,Incident Created,INC-00966,PEAK_LOAD_EMISSIONS_INCIDENT
2025-02-08 19:30:00,Resolved,INC-00959,Incident Closed
2025-02-08 19:30:00,Resolved,INC-00960,Incident Closed
2025-02-08 19:30:00,Incident Created,INC-00967,SUSTAINABILITY_INCIDENT
2025-02-08 19:30:00,Escalated,INC-00967,Supervisor
2025-02-08 20:00:00,Resolved,INC-00961,Incident Closed
2025-02-08 20:00:00,Resolved,INC-00962,Incident Closed
2025-02-08 20:00:00,Incident Created,INC-00968,SUSTAINABILITY_INCIDENT
2025-02-08 20:00:00,Escalated,INC-00968,Supervisor
2025-02-08 20:30:00,Resolved,INC-00963,Incident Closed
2025-02-08 20:30:00,Resolved,INC-00964,Incident Closed
2025-02-08 20:30:00,Incident Created,INC-00969,SUSTAINABILITY_INCIDENT
2025-02-08 20:30:00,Escalated,INC-00969,Supervisor
2025-02-08 21:00:00,Resolved,INC-00965,Incident Closed
2025-02-08 21:00:00,Resolved,INC-00966,Incident Closed
2025-02-08 21:00:00,Escalated,INC-00970,Supervisor
2025-02-08 21:00:00,Incident Created,INC-00970,SUSTAINABILITY_INCIDENT
2025-02-08 21:30:00,Resolved,INC-00967,Incident Closed
2025-02-08 21:30:00,Incident Created,INC-00971,SUSTAINABILITY_INCIDENT
2025-02-08 21:30:00,Escalated,INC-00971,Supervisor
2025-02-08 22:00:00,Resolved,INC-00968,Incident Closed
2025-02-08 22:00:00,Incident Created,INC-00972,SUSTAINABILITY_INCIDENT
2025-02-08 22:00:00,Escalated,INC-00972,Supervisor
2025-02-08 22:30:00,Resolved,INC-00969,Incident Closed
2025-02-08 23:00:00,Resolved,INC-00970,Incident Closed
2025-02-08 23:30:00,Resolved,INC-00971,Incident Closed
2025-02-09 00:00:00,Resolved,INC-00972,Incident Closed
2025-02-10 13:30:00,Escalated,INC-00973,Regional Controller
2025-02-10 13:30:00,Incident Created,INC-00973,FORECAST_RISK_INCIDENT
2025-02-10 15:30:00,Resolved,INC-00973,Incident Closed
2025-02-11 16:30:00,Incident Created,INC-00974,PEAK_LOAD_EMISSIONS_INCIDENT
2025-02-11 16:30:00,Escalated,INC-00974,Regional Controller
2025-02-11 18:30:00,Resolved,INC-00974,Incident Closed
2025-02-12 08:00:00,Escalated,INC-00975,Regional Controller
2025-02-12 08:00:00,Incident Created,INC-00975,PEAK_LOAD_EMISSIONS_INCIDENT
2025-02-12 08:30:00,Escalated,INC-00976,Regional Controller
2025-02-12 08:30:00,Incident Created,INC-00976,PEAK_LOAD_EMISSIONS_INCIDENT
2025-02-12 09:00:00,Incident Created,INC-00977,PEAK_LOAD_EMISSIONS_INCIDENT
2025-02-12 09:00:00,Escalated,INC-00977,Regional Controller
2025-02-12 09:30:00,Incident Created,INC-00978,PEAK_LOAD_EMISSIONS_INCIDENT
2025-02-12 09:30:00,Escalated,INC-00978,Regional Controller
2025-02-12 10:00:00,Resolved,INC-00975,Incident Closed
2025-02-12 10:00:00,Incident Created,INC-00979,PEAK_LOAD_EMISSIONS_INCIDENT
2025-02-12 10:00:00,Escalated,INC-00979,Regional Controller
2025-02-12 10:30:00,Resolved,INC-00976,Incident Closed
2025-02-12 10:30:00,Incident Created,INC-00980,PEAK_LOAD_EMISSIONS_INCIDENT
2025-02-12 10:30:00,Escalated,INC-00980,Regional Controller
2025-02-12 11:00:00,Resolved,INC-00977,Incident Closed
2025-02-12 11:00:00,Incident Created,INC-00981,PEAK_LOAD_EMISSIONS_INCIDENT
2025-02-12 11:00:00,Escalated,INC-00981,Regional Controller
2025-02-12 11:30:00,Resolved,INC-00978,Incident Closed
2025-02-12 11:30:00,Incident Created,INC-00982,PEAK_LOAD_EMISSIONS_INCIDENT
2025-02-12 11:30:00,Escalated,INC-00982,Regional Controller
2025-02-12 12:00:00,Resolved,INC-00979,Incident Closed
2025-02-12 12:00:00,Escalated,INC-00983,Regional Controller
2025-02-12 12:00:00,Incident Created,INC-00983,PEAK_LOAD_EMISSIONS_INCIDENT
2025-02-12 12:30:00,Resolved,INC-00980,Incident Closed
2025-02-12 12:30:00,Escalated,INC-00984,Regional Controller
2025-02-12 12:30:00,Incident Created,INC-00984,FORECAST_RISK_INCIDENT
2025-02-12 12:30:00,Incident Created,INC-00985,PEAK_LOAD_EMISSIONS_INCIDENT
2025-02-12 12:30:00,Escalated,INC-00985,Regional Controller
2025-02-12 12:30:00,Escalated,INC-00986,Regional Controller
2025-02-12 12:30:00,Incident Created,INC-00986,OPERATIONAL_RISK_INCIDENT
2025-02-12 13:00:00,Resolved,INC-00981,Incident Closed
2025-02-12 13:00:00,Escalated,INC-00987,Regional Controller
2025-02-12 13:00:00,Incident Created,INC-00987,FORECAST_RISK_INCIDENT
2025-02-12 13:00:00,Escalated,INC-00988,Regional Controller
2025-02-12 13:00:00,Incident Created,INC-00988,PEAK_LOAD_EMISSIONS_INCIDENT
2025-02-12 13:00:00,Escalated,INC-00989,Regional Controller
2025-02-12 13:00:00,Incident Created,INC-00989,OPERATIONAL_RISK_INCIDENT
2025-02-12 13:30:00,Resolved,INC-00982,Incident Closed
2025-02-12 13:30:00,Incident Created,INC-00990,PEAK_LOAD_EMISSIONS_INCIDENT
2025-02-12 13:30:00,Escalated,INC-00990,Regional Controller
2025-02-12 14:00:00,Resolved,INC-00983,Incident Closed
2025-02-12 14:00:00,Incident Created,INC-00991,FORECAST_RISK_INCIDENT
2025-02-12 14:00:00,Escalated,INC-00991,Regional Controller
2025-02-12 14:00:00,Incident Created,INC-00992,PEAK_LOAD_EMISSIONS_INCIDENT
2025-02-12 14:00:00,Escalated,INC-00992,Regional Controller
2025-02-12 14:00:00,Incident Created,INC-00993,OPERATIONAL_RISK_INCIDENT
2025-02-12 14:00:00,Escalated,INC-00993,Regional Controller
2025-02-12 14:30:00,Resolved,INC-00984,Incident Closed
2025-02-12 14:30:00,Resolved,INC-00985,Incident Closed
2025-02-12 14:30:00,Resolved,INC-00986,Incident Closed
2025-02-12 14:30:00,Escalated,INC-00994,Regional Controller
2025-02-12 14:30:00,Incident Created,INC-00994,FORECAST_RISK_INCIDENT
2025-02-12 14:30:00,Escalated,INC-00995,Regional Controller
2025-02-12 14:30:00,Incident Created,INC-00995,PEAK_LOAD_EMISSIONS_INCIDENT
2025-02-12 14:30:00,Escalated,INC-00996,Regional Controller
2025-02-12 14:30:00,Incident Created,INC-00996,OPERATIONAL_RISK_INCIDENT
2025-02-12 15:00:00,Resolved,INC-00987,Incident Closed
2025-02-12 15:00:00,Resolved,INC-00988,Incident Closed
2025-02-12 15:00:00,Resolved,INC-00989,Incident Closed
2025-02-12 15:00:00,Incident Created,INC-00997,FORECAST_RISK_INCIDENT
2025-02-12 15:00:00,Escalated,INC-00997,Regional Controller
2025-02-12 15:00:00,Incident Created,INC-00998,PEAK_LOAD_EMISSIONS_INCIDENT
2025-02-12 15:00:00,Escalated,INC-00998,Regional Controller
2025-02-12 15:00:00,Incident Created,INC-00999,OPERATIONAL_RISK_INCIDENT
2025-02-12 15:00:00,Escalated,INC-00999,Regional Controller
2025-02-12 15:30:00,Resolved,INC-00990,Incident Closed
2025-02-12 15:30:00,Incident Created,INC-01000,PEAK_LOAD_EMISSIONS_INCIDENT
2025-02-12 15:30:00,Escalated,INC-01000,Regional Controller
2025-02-12 16:00:00,Resolved,INC-00991,Incident Closed
2025-02-12 16:00:00,Resolved,INC-00992,Incident Closed
2025-02-12 16:00:00,Resolved,INC-00993,Incident Closed
2025-02-12 16:00:00,Escalated,INC-01001,Regional Controller
2025-02-12 16:00:00,Incident Created,INC-01001,PEAK_LOAD_EMISSIONS_INCIDENT
2025-02-12 16:30:00,Resolved,INC-00994,Incident Closed
2025-02-12 16:30:00,Resolved,INC-00995,Incident Closed
2025-02-12 16:30:00,Resolved,INC-00996,Incident Closed
2025-02-12 16:30:00,Escalated,INC-01002,Regional Controller
2025-02-12 16:30:00,Incident Created,INC-01002,PEAK_LOAD_EMISSIONS_INCIDENT
2025-02-12 17:00:00,Resolved,INC-00997,Incident Closed
2025-02-12 17:00:00,Resolved,INC-00998,Incident Closed
2025-02-12 17:00:00,Resolved,INC-00999,Incident Closed
2025-02-12 17:00:00,Incident Created,INC-01003,PEAK_LOAD_EMISSIONS_INCIDENT
2025-02-12 17:00:00,Escalated,INC-01003,Regional Controller
2025-02-12 17:30:00,Resolved,INC-01000,Incident Closed
2025-02-12 17:30:00,Incident Created,INC-01004,PEAK_LOAD_EMISSIONS_INCIDENT
2025-02-12 17:30:00,Escalated,INC-01004,Regional Controller
2025-02-12 18:00:00,Resolved,INC-01001,Incident Closed
2025-02-12 18:00:00,Incident Created,INC-01005,PEAK_LOAD_EMISSIONS_INCIDENT
2025-02-12 18:00:00,Escalated,INC-01005,Regional Controller
2025-02-12 18:30:00,Resolved,INC-01002,Incident Closed
2025-02-12 18:30:00,Escalated,INC-01006,Regional Controller
2025-02-12 18:30:00,Incident Created,INC-01006,PEAK_LOAD_EMISSIONS_INCIDENT
2025-02-12 19:00:00,Resolved,INC-01003,Incident Closed
2025-02-12 19:00:00,Escalated,INC-01007,Regional Controller
2025-02-12 19:00:00,Incident Created,INC-01007,PEAK_LOAD_EMISSIONS_INCIDENT
2025-02-12 19:30:00,Resolved,INC-01004,Incident Closed
2025-02-12 19:30:00,Escalated,INC-01008,Regional Controller
2025-02-12 19:30:00,Incident Created,INC-01008,PEAK_LOAD_EMISSIONS_INCIDENT
2025-02-12 20:00:00,Resolved,INC-01005,Incident Closed
2025-02-12 20:00:00,Escalated,INC-01009,Regional Controller
2025-02-12 20:00:00,Incident Created,INC-01009,PEAK_LOAD_EMISSIONS_INCIDENT
2025-02-12 20:30:00,Resolved,INC-01006,Incident Closed
2025-02-12 20:30:00,Escalated,INC-01010,Regional Controller
2025-02-12 20:30:00,Incident Created,INC-01010,PEAK_LOAD_EMISSIONS_INCIDENT
2025-02-12 21:00:00,Resolved,INC-01007,Incident Closed
2025-02-12 21:30:00,Resolved,INC-01008,Incident Closed
2025-02-12 22:00:00,Resolved,INC-01009,Incident Closed
2025-02-12 22:30:00,Resolved,INC-01010,Incident Closed
2025-02-13 06:30:00,Escalated,INC-01011,Supervisor
2025-02-13 06:30:00,Incident Created,INC-01011,SUSTAINABILITY_INCIDENT
2025-02-13 07:00:00,Incident Created,INC-01012,SUSTAINABILITY_INCIDENT
2025-02-13 07:00:00,Escalated,INC-01012,Supervisor
2025-02-13 07:30:00,Incident Created,INC-01013,SUSTAINABILITY_INCIDENT
2025-02-13 07:30:00,Escalated,INC-01013,Supervisor
2025-02-13 08:00:00,Escalated,INC-01014,Supervisor
2025-02-13 08:00:00,Incident Created,INC-01014,SUSTAINABILITY_INCIDENT
2025-02-13 08:30:00,Resolved,INC-01011,Incident Closed
2025-02-13 08:30:00,Incident Created,INC-01015,SUSTAINABILITY_INCIDENT
2025-02-13 08:30:00,Escalated,INC-01015,Supervisor
2025-02-13 08:30:00,Incident Created,INC-01016,PEAK_LOAD_EMISSIONS_INCIDENT
2025-02-13 08:30:00,Escalated,INC-01016,Regional Controller
2025-02-13 09:00:00,Resolved,INC-01012,Incident Closed
2025-02-13 09:00:00,Escalated,INC-01017,Supervisor
2025-02-13 09:00:00,Incident Created,INC-01017,SUSTAINABILITY_INCIDENT
2025-02-13 09:00:00,Incident Created,INC-01018,PEAK_LOAD_EMISSIONS_INCIDENT
2025-02-13 09:00:00,Escalated,INC-01018,Regional Controller
2025-02-13 09:30:00,Resolved,INC-01013,Incident Closed
2025-02-13 09:30:00,Escalated,INC-01019,Supervisor
2025-02-13 09:30:00,Incident Created,INC-01019,SUSTAINABILITY_INCIDENT
2025-02-13 09:30:00,Escalated,INC-01020,Regional Controller
2025-02-13 09:30:00,Incident Created,INC-01020,PEAK_LOAD_EMISSIONS_INCIDENT
2025-02-13 10:00:00,Resolved,INC-01014,Incident Closed
2025-02-13 10:00:00,Escalated,INC-01021,Supervisor
2025-02-13 10:00:00,Incident Created,INC-01021,SUSTAINABILITY_INCIDENT
2025-02-13 10:00:00,Incident Created,INC-01022,PEAK_LOAD_EMISSIONS_INCIDENT
2025-02-13 10:00:00,Escalated,INC-01022,Regional Controller
2025-02-13 10:30:00,Resolved,INC-01015,Incident Closed
2025-02-13 10:30:00,Resolved,INC-01016,Incident Closed
2025-02-13 10:30:00,Incident Created,INC-01023,SUSTAINABILITY_INCIDENT
2025-02-13 10:30:00,Escalated,INC-01023,Supervisor
2025-02-13 10:30:00,Incident Created,INC-01024,PEAK_LOAD_EMISSIONS_INCIDENT
2025-02-13 10:30:00,Escalated,INC-01024,Regional Controller
2025-02-13 11:00:00,Resolved,INC-01017,Incident Closed
2025-02-13 11:00:00,Resolved,INC-01018,Incident Closed
2025-02-13 11:00:00,Incident Created,INC-01025,SUSTAINABILITY_INCIDENT
2025-02-13 11:00:00,Escalated,INC-01025,Supervisor
2025-02-13 11:00:00,Incident Created,INC-01026,PEAK_LOAD_EMISSIONS_INCIDENT
2025-02-13 11:00:00,Escalated,INC-01026,Regional Controller
2025-02-13 11:30:00,Resolved,INC-01019,Incident Closed
2025-02-13 11:30:00,Resolved,INC-01020,Incident Closed
2025-02-13 11:30:00,Incident Created,INC-01027,SUSTAINABILITY_INCIDENT
2025-02-13 11:30:00,Escalated,INC-01027,Supervisor
2025-02-13 11:30:00,Incident Created,INC-01028,PEAK_LOAD_EMISSIONS_INCIDENT
2025-02-13 11:30:00,Escalated,INC-01028,Regional Controller
2025-02-13 12:00:00,Resolved,INC-01021,Incident Closed
2025-02-13 12:00:00,Resolved,INC-01022,Incident Closed
2025-02-13 12:00:00,Incident Created,INC-01029,SUSTAINABILITY_INCIDENT
2025-02-13 12:00:00,Escalated,INC-01029,Supervisor
2025-02-13 12:00:00,Incident Created,INC-01030,PEAK_LOAD_EMISSIONS_INCIDENT
2025-02-13 12:00:00,Escalated,INC-01030,Regional Controller
2025-02-13 12:30:00,Resolved,INC-01023,Incident Closed
2025-02-13 12:30:00,Resolved,INC-01024,Incident Closed
2025-02-13 12:30:00,Escalated,INC-01031,Supervisor
2025-02-13 12:30:00,Incident Created,INC-01031,SUSTAINABILITY_INCIDENT
2025-02-13 12:30:00,Escalated,INC-01032,Regional Controller
2025-02-13 12:30:00,Incident Created,INC-01032,PEAK_LOAD_EMISSIONS_INCIDENT
2025-02-13 13:00:00,Resolved,INC-01025,Incident Closed
2025-02-13 13:00:00,Resolved,INC-01026,Incident Closed
2025-02-13 13:00:00,Incident Created,INC-01033,FORECAST_RISK_INCIDENT
2025-02-13 13:00:00,Escalated,INC-01033,Regional Controller
2025-02-13 13:00:00,Incident Created,INC-01034,SUSTAINABILITY_INCIDENT
2025-02-13 13:00:00,Escalated,INC-01034,Supervisor
2025-02-13 13:00:00,Incident Created,INC-01035,PEAK_LOAD_EMISSIONS_INCIDENT
2025-02-13 13:00:00,Escalated,INC-01035,Regional Controller
2025-02-13 13:00:00,Incident Created,INC-01036,OPERATIONAL_RISK_INCIDENT
2025-02-13 13:00:00,Escalated,INC-01036,Regional Controller
2025-02-13 13:30:00,Resolved,INC-01027,Incident Closed
2025-02-13 13:30:00,Resolved,INC-01028,Incident Closed
2025-02-13 13:30:00,Incident Created,INC-01037,FORECAST_RISK_INCIDENT
2025-02-13 13:30:00,Escalated,INC-01037,Regional Controller
2025-02-13 13:30:00,Incident Created,INC-01038,SUSTAINABILITY_INCIDENT
2025-02-13 13:30:00,Escalated,INC-01038,Supervisor
2025-02-13 13:30:00,Incident Created,INC-01039,PEAK_LOAD_EMISSIONS_INCIDENT
2025-02-13 13:30:00,Escalated,INC-01039,Regional Controller
2025-02-13 13:30:00,Incident Created,INC-01040,OPERATIONAL_RISK_INCIDENT
2025-02-13 13:30:00,Escalated,INC-01040,Regional Controller
2025-02-13 14:00:00,Resolved,INC-01029,Incident Closed
2025-02-13 14:00:00,Resolved,INC-01030,Incident Closed
2025-02-13 14:00:00,Incident Created,INC-01041,FORECAST_RISK_INCIDENT
2025-02-13 14:00:00,Escalated,INC-01041,Regional Controller
2025-02-13 14:00:00,Escalated,INC-01042,Supervisor
2025-02-13 14:00:00,Incident Created,INC-01042,SUSTAINABILITY_INCIDENT
2025-02-13 14:00:00,Incident Created,INC-01043,PEAK_LOAD_EMISSIONS_INCIDENT
2025-02-13 14:00:00,Escalated,INC-01043,Regional Controller
2025-02-13 14:00:00,Incident Created,INC-01044,OPERATIONAL_RISK_INCIDENT
2025-02-13 14:00:00,Escalated,INC-01044,Regional Controller
2025-02-13 14:30:00,Resolved,INC-01031,Incident Closed
2025-02-13 14:30:00,Resolved,INC-01032,Incident Closed
2025-02-13 14:30:00,Escalated,INC-01045,Supervisor
2025-02-13 14:30:00,Incident Created,INC-01045,SUSTAINABILITY_INCIDENT
2025-02-13 14:30:00,Escalated,INC-01046,Regional Controller
2025-02-13 14:30:00,Incident Created,INC-01046,PEAK_LOAD_EMISSIONS_INCIDENT
2025-02-13 15:00:00,Resolved,INC-01033,Incident Closed
2025-02-13 15:00:00,Resolved,INC-01034,Incident Closed
2025-02-13 15:00:00,Resolved,INC-01035,Incident Closed
2025-02-13 15:00:00,Resolved,INC-01036,Incident Closed
2025-02-13 15:00:00,Incident Created,INC-01047,SUSTAINABILITY_INCIDENT
2025-02-13 15:00:00,Escalated,INC-01047,Supervisor
2025-02-13 15:00:00,Escalated,INC-01048,Regional Controller
2025-02-13 15:00:00,Incident Created,INC-01048,PEAK_LOAD_EMISSIONS_INCIDENT
2025-02-13 15:30:00,Resolved,INC-01037,Incident Closed
2025-02-13 15:30:00,Resolved,INC-01038,Incident Closed
2025-02-13 15:30:00,Resolved,INC-01039,Incident Closed
2025-02-13 15:30:00,Resolved,INC-01040,Incident Closed
2025-02-13 15:30:00,Escalated,INC-01049,Supervisor
2025-02-13 15:30:00,Incident Created,INC-01049,SUSTAINABILITY_INCIDENT
2025-02-13 15:30:00,Escalated,INC-01050,Regional Controller
2025-02-13 15:30:00,Incident Created,INC-01050,PEAK_LOAD_EMISSIONS_INCIDENT
2025-02-13 16:00:00,Resolved,INC-01041,Incident Closed
2025-02-13 16:00:00,Resolved,INC-01042,Incident Closed
2025-02-13 16:00:00,Resolved,INC-01043,Incident Closed
2025-02-13 16:00:00,Resolved,INC-01044,Incident Closed
2025-02-13 16:00:00,Escalated,INC-01051,Supervisor
2025-02-13 16:00:00,Incident Created,INC-01051,SUSTAINABILITY_INCIDENT
2025-02-13 16:00:00,Escalated,INC-01052,Regional Controller
2025-02-13 16:00:00,Incident Created,INC-01052,PEAK_LOAD_EMISSIONS_INCIDENT
2025-02-13 16:30:00,Resolved,INC-01045,Incident Closed
2025-02-13 16:30:00,Resolved,INC-01046,Incident Closed
2025-02-13 16:30:00,Incident Created,INC-01053,SUSTAINABILITY_INCIDENT
2025-02-13 16:30:00,Escalated,INC-01053,Supervisor
2025-02-13 16:30:00,Incident Created,INC-01054,PEAK_LOAD_EMISSIONS_INCIDENT
2025-02-13 16:30:00,Escalated,INC-01054,Regional Controller
2025-02-13 17:00:00,Resolved,INC-01047,Incident Closed
2025-02-13 17:00:00,Resolved,INC-01048,Incident Closed
2025-02-13 17:00:00,Incident Created,INC-01055,SUSTAINABILITY_INCIDENT
2025-02-13 17:00:00,Escalated,INC-01055,Supervisor
2025-02-13 17:00:00,Incident Created,INC-01056,PEAK_LOAD_EMISSIONS_INCIDENT
2025-02-13 17:00:00,Escalated,INC-01056,Regional Controller
2025-02-13 17:30:00,Resolved,INC-01049,Incident Closed
2025-02-13 17:30:00,Resolved,INC-01050,Incident Closed
2025-02-13 17:30:00,Incident Created,INC-01057,PEAK_LOAD_EMISSIONS_INCIDENT
2025-02-13 17:30:00,Escalated,INC-01057,Regional Controller
2025-02-13 18:00:00,Resolved,INC-01051,Incident Closed
2025-02-13 18:00:00,Resolved,INC-01052,Incident Closed
2025-02-13 18:00:00,Incident Created,INC-01058,PEAK_LOAD_EMISSIONS_INCIDENT
2025-02-13 18:00:00,Escalated,INC-01058,Regional Controller
2025-02-13 18:30:00,Resolved,INC-01053,Incident Closed
2025-02-13 18:30:00,Resolved,INC-01054,Incident Closed
2025-02-13 18:30:00,Incident Created,INC-01059,PEAK_LOAD_EMISSIONS_INCIDENT
2025-02-13 18:30:00,Escalated,INC-01059,Regional Controller
2025-02-13 19:00:00,Resolved,INC-01055,Incident Closed
2025-02-13 19:00:00,Resolved,INC-01056,Incident Closed
2025-02-13 19:00:00,Incident Created,INC-01060,PEAK_LOAD_EMISSIONS_INCIDENT
2025-02-13 19:00:00,Escalated,INC-01060,Regional Controller
2025-02-13 19:30:00,Resolved,INC-01057,Incident Closed
2025-02-13 19:30:00,Incident Created,INC-01061,PEAK_LOAD_EMISSIONS_INCIDENT
2025-02-13 19:30:00,Escalated,INC-01061,Regional Controller
2025-02-13 20:00:00,Resolved,INC-01058,Incident Closed
2025-02-13 20:00:00,Escalated,INC-01062,Regional Controller
2025-02-13 20:00:00,Incident Created,INC-01062,PEAK_LOAD_EMISSIONS_INCIDENT
2025-02-13 20:30:00,Resolved,INC-01059,Incident Closed
2025-02-13 21:00:00,Resolved,INC-01060,Incident Closed
2025-02-13 21:30:00,Resolved,INC-01061,Incident Closed
2025-02-13 22:00:00,Resolved,INC-01062,Incident Closed
2025-02-14 08:30:00,Escalated,INC-01063,Regional Controller
2025-02-14 08:30:00,Incident Created,INC-01063,PEAK_LOAD_EMISSIONS_INCIDENT
2025-02-14 09:00:00,Incident Created,INC-01064,PEAK_LOAD_EMISSIONS_INCIDENT
2025-02-14 09:00:00,Escalated,INC-01064,Regional Controller
2025-02-14 09:30:00,Incident Created,INC-01065,PEAK_LOAD_EMISSIONS_INCIDENT
2025-02-14 09:30:00,Escalated,INC-01065,Regional Controller
2025-02-14 10:30:00,Resolved,INC-01063,Incident Closed
2025-02-14 11:00:00,Resolved,INC-01064,Incident Closed
2025-02-14 11:30:00,Resolved,INC-01065,Incident Closed
2025-02-14 16:00:00,Incident Created,INC-01066,PEAK_LOAD_EMISSIONS_INCIDENT
2025-02-14 16:00:00,Escalated,INC-01066,Regional Controller
2025-02-14 16:30:00,Incident Created,INC-01067,PEAK_LOAD_EMISSIONS_INCIDENT
2025-02-14 16:30:00,Escalated,INC-01067,Regional Controller
2025-02-14 17:00:00,Escalated,INC-01068,Regional Controller
2025-02-14 17:00:00,Incident Created,INC-01068,PEAK_LOAD_EMISSIONS_INCIDENT
2025-02-14 17:30:00,Escalated,INC-01069,Regional Controller
2025-02-14 17:30:00,Incident Created,INC-01069,PEAK_LOAD_EMISSIONS_INCIDENT
2025-02-14 18:00:00,Resolved,INC-01066,Incident Closed
2025-02-14 18:00:00,Escalated,INC-01070,Regional Controller
2025-02-14 18:00:00,Incident Created,INC-01070,PEAK_LOAD_EMISSIONS_INCIDENT
2025-02-14 18:30:00,Resolved,INC-01067,Incident Closed
2025-02-14 18:30:00,Incident Created,INC-01071,PEAK_LOAD_EMISSIONS_INCIDENT
2025-02-14 18:30:00,Escalated,INC-01071,Regional Controller
2025-02-14 19:00:00,Resolved,INC-01068,Incident Closed
2025-02-14 19:00:00,Incident Created,INC-01072,PEAK_LOAD_EMISSIONS_INCIDENT
2025-02-14 19:00:00,Escalated,INC-01072,Regional Controller
2025-02-14 19:30:00,Resolved,INC-01069,Incident Closed
2025-02-14 19:30:00,Incident Created,INC-01073,PEAK_LOAD_EMISSIONS_INCIDENT
2025-02-14 19:30:00,Escalated,INC-01073,Regional Controller
2025-02-14 20:00:00,Resolved,INC-01070,Incident Closed
2025-02-14 20:00:00,Escalated,INC-01074,Regional Controller
2025-02-14 20:00:00,Incident Created,INC-01074,PEAK_LOAD_EMISSIONS_INCIDENT
2025-02-14 20:30:00,Resolved,INC-01071,Incident Closed
2025-02-14 21:00:00,Resolved,INC-01072,Incident Closed
2025-02-14 21:30:00,Resolved,INC-01073,Incident Closed
2025-02-14 22:00:00,Resolved,INC-01074,Incident Closed
2025-02-15 04:30:00,Escalated,INC-01075,Supervisor
2025-02-15 04:30:00,Incident Created,INC-01075,SUSTAINABILITY_INCIDENT
2025-02-15 05:00:00,Escalated,INC-01076,Supervisor
2025-02-15 05:00:00,Incident Created,INC-01076,SUSTAINABILITY_INCIDENT
2025-02-15 05:30:00,Incident Created,INC-01077,SUSTAINABILITY_INCIDENT
2025-02-15 05:30:00,Escalated,INC-01077,Supervisor
2025-02-15 06:00:00,Incident Created,INC-01078,SUSTAINABILITY_INCIDENT
2025-02-15 06:00:00,Escalated,INC-01078,Supervisor
2025-02-15 06:30:00,Resolved,INC-01075,Incident Closed
2025-02-15 06:30:00,Incident Created,INC-01079,SUSTAINABILITY_INCIDENT
2025-02-15 06:30:00,Escalated,INC-01079,Supervisor
2025-02-15 07:00:00,Resolved,INC-01076,Incident Closed
2025-02-15 07:00:00,Incident Created,INC-01080,SUSTAINABILITY_INCIDENT
2025-02-15 07:00:00,Escalated,INC-01080,Supervisor
2025-02-15 07:30:00,Resolved,INC-01077,Incident Closed
2025-02-15 07:30:00,Incident Created,INC-01081,SUSTAINABILITY_INCIDENT
2025-02-15 07:30:00,Escalated,INC-01081,Supervisor
2025-02-15 08:00:00,Resolved,INC-01078,Incident Closed
2025-02-15 08:00:00,Incident Created,INC-01082,SUSTAINABILITY_INCIDENT
2025-02-15 08:00:00,Escalated,INC-01082,Supervisor
2025-02-15 08:30:00,Resolved,INC-01079,Incident Closed
2025-02-15 08:30:00,Incident Created,INC-01083,SUSTAINABILITY_INCIDENT
2025-02-15 08:30:00,Escalated,INC-01083,Supervisor
2025-02-15 09:00:00,Resolved,INC-01080,Incident Closed
2025-02-15 09:00:00,Incident Created,INC-01084,SUSTAINABILITY_INCIDENT
2025-02-15 09:00:00,Escalated,INC-01084,Supervisor
2025-02-15 09:30:00,Resolved,INC-01081,Incident Closed
2025-02-15 09:30:00,Escalated,INC-01085,Supervisor
2025-02-15 09:30:00,Incident Created,INC-01085,SUSTAINABILITY_INCIDENT
2025-02-15 10:00:00,Resolved,INC-01082,Incident Closed
2025-02-15 10:30:00,Resolved,INC-01083,Incident Closed
2025-02-15 11:00:00,Resolved,INC-01084,Incident Closed
2025-02-15 11:30:00,Resolved,INC-01085,Incident Closed
2025-02-15 12:00:00,Escalated,INC-01086,Supervisor
2025-02-15 12:00:00,Incident Created,INC-01086,SUSTAINABILITY_INCIDENT
2025-02-15 12:30:00,Escalated,INC-01087,Supervisor
2025-02-15 12:30:00,Incident Created,INC-01087,SUSTAINABILITY_INCIDENT
2025-02-15 13:00:00,Incident Created,INC-01088,SUSTAINABILITY_INCIDENT
2025-02-15 13:00:00,Escalated,INC-01088,Supervisor
2025-02-15 13:30:00,Incident Created,INC-01089,SUSTAINABILITY_INCIDENT
2025-02-15 13:30:00,Escalated,INC-01089,Supervisor
2025-02-15 14:00:00,Resolved,INC-01086,Incident Closed
2025-02-15 14:00:00,Escalated,INC-01090,Supervisor
2025-02-15 14:00:00,Incident Created,INC-01090,SUSTAINABILITY_INCIDENT
2025-02-15 14:30:00,Resolved,INC-01087,Incident Closed
2025-02-15 14:30:00,Escalated,INC-01091,Supervisor
2025-02-15 14:30:00,Incident Created,INC-01091,SUSTAINABILITY_INCIDENT
2025-02-15 15:00:00,Resolved,INC-01088,Incident Closed
2025-02-15 15:00:00,Escalated,INC-01092,Supervisor
2025-02-15 15:00:00,Incident Created,INC-01092,SUSTAINABILITY_INCIDENT
2025-02-15 15:30:00,Resolved,INC-01089,Incident Closed
2025-02-15 15:30:00,Incident Created,INC-01093,SUSTAINABILITY_INCIDENT
2025-02-15 15:30:00,Escalated,INC-01093,Supervisor
2025-02-15 16:00:00,Resolved,INC-01090,Incident Closed
2025-02-15 16:00:00,Incident Created,INC-01094,SUSTAINABILITY_INCIDENT
2025-02-15 16:00:00,Escalated,INC-01094,Supervisor
2025-02-15 16:30:00,Resolved,INC-01091,Incident Closed
2025-02-15 16:30:00,Incident Created,INC-01095,SUSTAINABILITY_INCIDENT
2025-02-15 16:30:00,Escalated,INC-01095,Supervisor
2025-02-15 17:00:00,Resolved,INC-01092,Incident Closed
2025-02-15 17:00:00,Escalated,INC-01096,Supervisor
2025-02-15 17:00:00,Incident Created,INC-01096,SUSTAINABILITY_INCIDENT
2025-02-15 17:00:00,Escalated,INC-01097,Regional Controller
2025-02-15 17:00:00,Incident Created,INC-01097,PEAK_LOAD_EMISSIONS_INCIDENT
2025-02-15 17:30:00,Resolved,INC-01093,Incident Closed
2025-02-15 17:30:00,Escalated,INC-01098,Supervisor
2025-02-15 17:30:00,Incident Created,INC-01098,SUSTAINABILITY_INCIDENT
2025-02-15 17:30:00,Incident Created,INC-01099,PEAK_LOAD_EMISSIONS_INCIDENT
2025-02-15 17:30:00,Escalated,INC-01099,Regional Controller
2025-02-15 18:00:00,Resolved,INC-01094,Incident Closed
2025-02-15 18:00:00,Incident Created,INC-01100,SUSTAINABILITY_INCIDENT
2025-02-15 18:00:00,Escalated,INC-01100,Supervisor
2025-02-15 18:00:00,Incident Created,INC-01101,PEAK_LOAD_EMISSIONS_INCIDENT
2025-02-15 18:00:00,Escalated,INC-01101,Regional Controller
2025-02-15 18:30:00,Resolved,INC-01095,Incident Closed
2025-02-15 18:30:00,Escalated,INC-01102,Supervisor
2025-02-15 18:30:00,Incident Created,INC-01102,SUSTAINABILITY_INCIDENT
2025-02-15 18:30:00,Escalated,INC-01103,Regional Controller
2025-02-15 18:30:00,Incident Created,INC-01103,PEAK_LOAD_EMISSIONS_INCIDENT
2025-02-15 19:00:00,Resolved,INC-01096,Incident Closed
2025-02-15 19:00:00,Resolved,INC-01097,Incident Closed
2025-02-15 19:00:00,Incident Created,INC-01104,SUSTAINABILITY_INCIDENT
2025-02-15 19:00:00,Escalated,INC-01104,Supervisor
2025-02-15 19:30:00,Resolved,INC-01098,Incident Closed
2025-02-15 19:30:00,Resolved,INC-01099,Incident Closed
2025-02-15 19:30:00,Escalated,INC-01105,Supervisor
2025-02-15 19:30:00,Incident Created,INC-01105,SUSTAINABILITY_INCIDENT
2025-02-15 20:00:00,Resolved,INC-01100,Incident Closed
2025-02-15 20:00:00,Resolved,INC-01101,Incident Closed
2025-02-15 20:00:00,Escalated,INC-01106,Supervisor
2025-02-15 20:00:00,Incident Created,INC-01106,SUSTAINABILITY_INCIDENT
2025-02-15 20:30:00,Resolved,INC-01102,Incident Closed
2025-02-15 20:30:00,Resolved,INC-01103,Incident Closed
2025-02-15 21:00:00,Resolved,INC-01104,Incident Closed
2025-02-15 21:30:00,Resolved,INC-01105,Incident Closed
2025-02-15 22:00:00,Resolved,INC-01106,Incident Closed
2025-02-17 16:00:00,Escalated,INC-01107,Regional Controller
2025-02-17 16:00:00,Incident Created,INC-01107,PEAK_LOAD_EMISSIONS_INCIDENT
2025-02-17 16:30:00,Escalated,INC-01108,Regional Controller
2025-02-17 16:30:00,Incident Created,INC-01108,PEAK_LOAD_EMISSIONS_INCIDENT
2025-02-17 17:00:00,Escalated,INC-01109,Regional Controller
2025-02-17 17:00:00,Incident Created,INC-01109,PEAK_LOAD_EMISSIONS_INCIDENT
2025-02-17 17:30:00,Escalated,INC-01110,Regional Controller
2025-02-17 17:30:00,Incident Created,INC-01110,PEAK_LOAD_EMISSIONS_INCIDENT
2025-02-17 18:00:00,Resolved,INC-01107,Incident Closed
2025-02-17 18:00:00,Escalated,INC-01111,Regional Controller
2025-02-17 18:00:00,Incident Created,INC-01111,PEAK_LOAD_EMISSIONS_INCIDENT
2025-02-17 18:30:00,Resolved,INC-01108,Incident Closed
2025-02-17 18:30:00,Incident Created,INC-01112,PEAK_LOAD_EMISSIONS_INCIDENT
2025-02-17 18:30:00,Escalated,INC-01112,Regional Controller
2025-02-17 19:00:00,Resolved,INC-01109,Incident Closed
2025-02-17 19:00:00,Incident Created,INC-01113,PEAK_LOAD_EMISSIONS_INCIDENT
2025-02-17 19:00:00,Escalated,INC-01113,Regional Controller
2025-02-17 19:30:00,Resolved,INC-01110,Incident Closed
2025-02-17 19:30:00,Incident Created,INC-01114,PEAK_LOAD_EMISSIONS_INCIDENT
2025-02-17 19:30:00,Escalated,INC-01114,Regional Controller
2025-02-17 20:00:00,Resolved,INC-01111,Incident Closed
2025-02-17 20:00:00,Incident Created,INC-01115,PEAK_LOAD_EMISSIONS_INCIDENT
2025-02-17 20:00:00,Escalated,INC-01115,Regional Controller
2025-02-17 20:30:00,Resolved,INC-01112,Incident Closed
2025-02-17 21:00:00,Resolved,INC-01113,Incident Closed
2025-02-17 21:30:00,Resolved,INC-01114,Incident Closed
2025-02-17 22:00:00,Resolved,INC-01115,Incident Closed
2025-02-18 10:30:00,Incident Created,INC-01116,CURTAILMENT_RISK_INCIDENT
2025-02-18 10:30:00,Escalated,INC-01116,Supervisor
2025-02-18 11:00:00,Escalated,INC-01117,Supervisor
2025-02-18 11:00:00,Incident Created,INC-01117,CURTAILMENT_RISK_INCIDENT
2025-02-18 11:30:00,Incident Created,INC-01118,CURTAILMENT_RISK_INCIDENT
2025-02-18 11:30:00,Escalated,INC-01118,Supervisor
2025-02-18 12:00:00,Escalated,INC-01119,Supervisor
2025-02-18 12:00:00,Incident Created,INC-01119,CURTAILMENT_RISK_INCIDENT
2025-02-18 12:30:00,Resolved,INC-01116,Incident Closed
2025-02-18 12:30:00,Incident Created,INC-01120,CURTAILMENT_RISK_INCIDENT
2025-02-18 12:30:00,Escalated,INC-01120,Supervisor
2025-02-18 13:00:00,Resolved,INC-01117,Incident Closed
2025-02-18 13:00:00,Incident Created,INC-01121,CURTAILMENT_RISK_INCIDENT
2025-02-18 13:00:00,Escalated,INC-01121,Supervisor
2025-02-18 13:30:00,Resolved,INC-01118,Incident Closed
2025-02-18 13:30:00,Incident Created,INC-01122,CURTAILMENT_RISK_INCIDENT
2025-02-18 13:30:00,Escalated,INC-01122,Supervisor
2025-02-18 14:00:00,Resolved,INC-01119,Incident Closed
2025-02-18 14:00:00,Incident Created,INC-01123,CURTAILMENT_RISK_INCIDENT
2025-02-18 14:00:00,Escalated,INC-01123,Supervisor
2025-02-18 14:30:00,Resolved,INC-01120,Incident Closed
2025-02-18 15:00:00,Resolved,INC-01121,Incident Closed
2025-02-18 15:30:00,Resolved,INC-01122,Incident Closed
2025-02-18 16:00:00,Resolved,INC-01123,Incident Closed
2025-02-19 11:00:00,Incident Created,INC-01124,FORECAST_RISK_INCIDENT
2025-02-19 11:00:00,Escalated,INC-01124,Regional Controller
2025-02-19 11:30:00,Incident Created,INC-01125,FORECAST_RISK_INCIDENT
2025-02-19 11:30:00,Escalated,INC-01125,Regional Controller
2025-02-19 12:00:00,Escalated,INC-01126,Regional Controller
2025-02-19 12:00:00,Incident Created,INC-01126,FORECAST_RISK_INCIDENT
2025-02-19 12:30:00,Escalated,INC-01127,Regional Controller
2025-02-19 12:30:00,Incident Created,INC-01127,FORECAST_RISK_INCIDENT
2025-02-19 13:00:00,Resolved,INC-01124,Incident Closed
2025-02-19 13:00:00,Escalated,INC-01128,Regional Controller
2025-02-19 13:00:00,Incident Created,INC-01128,FORECAST_RISK_INCIDENT
2025-02-19 13:30:00,Resolved,INC-01125,Incident Closed
2025-02-19 13:30:00,Escalated,INC-01129,Regional Controller
2025-02-19 13:30:00,Incident Created,INC-01129,FORECAST_RISK_INCIDENT
2025-02-19 14:00:00,Resolved,INC-01126,Incident Closed
2025-02-19 14:00:00,Incident Created,INC-01130,FORECAST_RISK_INCIDENT
2025-02-19 14:00:00,Escalated,INC-01130,Regional Controller
2025-02-19 14:30:00,Resolved,INC-01127,Incident Closed
2025-02-19 14:30:00,Escalated,INC-01131,Regional Controller
2025-02-19 14:30:00,Incident Created,INC-01131,FORECAST_RISK_INCIDENT
2025-02-19 15:00:00,Resolved,INC-01128,Incident Closed
2025-02-19 15:30:00,Resolved,INC-01129,Incident Closed
2025-02-19 15:30:00,Incident Created,INC-01132,FORECAST_RISK_INCIDENT
2025-02-19 15:30:00,Escalated,INC-01132,Regional Controller
2025-02-19 16:00:00,Resolved,INC-01130,Incident Closed
2025-02-19 16:30:00,Resolved,INC-01131,Incident Closed
2025-02-19 17:30:00,Resolved,INC-01132,Incident Closed
2025-02-20 07:30:00,Escalated,INC-01133,Supervisor
2025-02-20 07:30:00,Incident Created,INC-01133,CURTAILMENT_RISK_INCIDENT
2025-02-20 08:00:00,Escalated,INC-01134,Supervisor
2025-02-20 08:00:00,Incident Created,INC-01134,CURTAILMENT_RISK_INCIDENT
2025-02-20 08:30:00,Escalated,INC-01135,Supervisor
2025-02-20 08:30:00,Incident Created,INC-01135,CURTAILMENT_RISK_INCIDENT
2025-02-20 09:00:00,Escalated,INC-01136,Supervisor
2025-02-20 09:00:00,Incident Created,INC-01136,CURTAILMENT_RISK_INCIDENT
2025-02-20 09:30:00,Resolved,INC-01133,Incident Closed
2025-02-20 09:30:00,Incident Created,INC-01137,CURTAILMENT_RISK_INCIDENT
2025-02-20 09:30:00,Escalated,INC-01137,Supervisor
2025-02-20 10:00:00,Resolved,INC-01134,Incident Closed
2025-02-20 10:00:00,Incident Created,INC-01138,CURTAILMENT_RISK_INCIDENT
2025-02-20 10:00:00,Escalated,INC-01138,Supervisor
2025-02-20 10:30:00,Resolved,INC-01135,Incident Closed
2025-02-20 10:30:00,Incident Created,INC-01139,CURTAILMENT_RISK_INCIDENT
2025-02-20 10:30:00,Escalated,INC-01139,Supervisor
2025-02-20 11:00:00,Resolved,INC-01136,Incident Closed
2025-02-20 11:00:00,Incident Created,INC-01140,CURTAILMENT_RISK_INCIDENT
2025-02-20 11:00:00,Escalated,INC-01140,Supervisor
2025-02-20 11:30:00,Resolved,INC-01137,Incident Closed
2025-02-20 11:30:00,Incident Created,INC-01141,CURTAILMENT_RISK_INCIDENT
2025-02-20 11:30:00,Escalated,INC-01141,Supervisor
2025-02-20 12:00:00,Resolved,INC-01138,Incident Closed
2025-02-20 12:00:00,Escalated,INC-01142,Supervisor
2025-02-20 12:00:00,Incident Created,INC-01142,CURTAILMENT_RISK_INCIDENT
2025-02-20 12:30:00,Resolved,INC-01139,Incident Closed
2025-02-20 12:30:00,Escalated,INC-01143,Supervisor
2025-02-20 12:30:00,Incident Created,INC-01143,CURTAILMENT_RISK_INCIDENT
2025-02-20 13:00:00,Resolved,INC-01140,Incident Closed
2025-02-20 13:00:00,Incident Created,INC-01144,CURTAILMENT_RISK_INCIDENT
2025-02-20 13:00:00,Escalated,INC-01144,Supervisor
2025-02-20 13:30:00,Resolved,INC-01141,Incident Closed
2025-02-20 13:30:00,Escalated,INC-01145,Supervisor
2025-02-20 13:30:00,Incident Created,INC-01145,CURTAILMENT_RISK_INCIDENT
2025-02-20 14:00:00,Resolved,INC-01142,Incident Closed
2025-02-20 14:00:00,Incident Created,INC-01146,CURTAILMENT_RISK_INCIDENT
2025-02-20 14:00:00,Escalated,INC-01146,Supervisor
2025-02-20 14:30:00,Resolved,INC-01143,Incident Closed
2025-02-20 14:30:00,Escalated,INC-01147,Supervisor
2025-02-20 14:30:00,Incident Created,INC-01147,CURTAILMENT_RISK_INCIDENT
2025-02-20 15:00:00,Resolved,INC-01144,Incident Closed
2025-02-20 15:00:00,Incident Created,INC-01148,CURTAILMENT_RISK_INCIDENT
2025-02-20 15:00:00,Escalated,INC-01148,Supervisor
2025-02-20 15:30:00,Resolved,INC-01145,Incident Closed
2025-02-20 15:30:00,Incident Created,INC-01149,CURTAILMENT_RISK_INCIDENT
2025-02-20 15:30:00,Escalated,INC-01149,Supervisor
2025-02-20 16:00:00,Resolved,INC-01146,Incident Closed
2025-02-20 16:30:00,Resolved,INC-01147,Incident Closed
2025-02-20 17:00:00,Resolved,INC-01148,Incident Closed
2025-02-20 17:30:00,Resolved,INC-01149,Incident Closed
2025-02-21 06:30:00,Escalated,INC-01150,Supervisor
2025-02-21 06:30:00,Incident Created,INC-01150,CURTAILMENT_RISK_INCIDENT
2025-02-21 07:00:00,Escalated,INC-01151,Supervisor
2025-02-21 07:00:00,Incident Created,INC-01151,CURTAILMENT_RISK_INCIDENT
2025-02-21 07:30:00,Escalated,INC-01152,Supervisor
2025-02-21 07:30:00,Incident Created,INC-01152,CURTAILMENT_RISK_INCIDENT
2025-02-21 08:00:00,Escalated,INC-01153,Supervisor
2025-02-21 08:00:00,Incident Created,INC-01153,CURTAILMENT_RISK_INCIDENT
2025-02-21 08:30:00,Resolved,INC-01150,Incident Closed
2025-02-21 08:30:00,Escalated,INC-01154,Supervisor
2025-02-21 08:30:00,Incident Created,INC-01154,CURTAILMENT_RISK_INCIDENT
2025-02-21 09:00:00,Resolved,INC-01151,Incident Closed
2025-02-21 09:00:00,Escalated,INC-01155,Supervisor
2025-02-21 09:00:00,Incident Created,INC-01155,CURTAILMENT_RISK_INCIDENT
2025-02-21 09:30:00,Resolved,INC-01152,Incident Closed
2025-02-21 09:30:00,Escalated,INC-01156,Supervisor
2025-02-21 09:30:00,Incident Created,INC-01156,CURTAILMENT_RISK_INCIDENT
2025-02-21 10:00:00,Resolved,INC-01153,Incident Closed
2025-02-21 10:00:00,Escalated,INC-01157,Supervisor
2025-02-21 10:00:00,Incident Created,INC-01157,CURTAILMENT_RISK_INCIDENT
2025-02-21 10:30:00,Resolved,INC-01154,Incident Closed
2025-02-21 10:30:00,Escalated,INC-01158,Supervisor
2025-02-21 10:30:00,Incident Created,INC-01158,CURTAILMENT_RISK_INCIDENT
2025-02-21 11:00:00,Resolved,INC-01155,Incident Closed
2025-02-21 11:00:00,Incident Created,INC-01159,CURTAILMENT_RISK_INCIDENT
2025-02-21 11:00:00,Escalated,INC-01159,Supervisor
2025-02-21 11:30:00,Resolved,INC-01156,Incident Closed
2025-02-21 11:30:00,Escalated,INC-01160,Supervisor
2025-02-21 11:30:00,Incident Created,INC-01160,CURTAILMENT_RISK_INCIDENT
2025-02-21 12:00:00,Resolved,INC-01157,Incident Closed
2025-02-21 12:00:00,Incident Created,INC-01161,CURTAILMENT_RISK_INCIDENT
2025-02-21 12:00:00,Escalated,INC-01161,Supervisor
2025-02-21 12:30:00,Resolved,INC-01158,Incident Closed
2025-02-21 12:30:00,Incident Created,INC-01162,CURTAILMENT_RISK_INCIDENT
2025-02-21 12:30:00,Escalated,INC-01162,Supervisor
2025-02-21 13:00:00,Resolved,INC-01159,Incident Closed
2025-02-21 13:00:00,Incident Created,INC-01163,CURTAILMENT_RISK_INCIDENT
2025-02-21 13:00:00,Escalated,INC-01163,Supervisor
2025-02-21 13:30:00,Resolved,INC-01160,Incident Closed
2025-02-21 13:30:00,Escalated,INC-01164,Supervisor
2025-02-21 13:30:00,Incident Created,INC-01164,CURTAILMENT_RISK_INCIDENT
2025-02-21 14:00:00,Resolved,INC-01161,Incident Closed
2025-02-21 14:00:00,Escalated,INC-01165,Supervisor
2025-02-21 14:00:00,Incident Created,INC-01165,CURTAILMENT_RISK_INCIDENT
2025-02-21 14:30:00,Resolved,INC-01162,Incident Closed
2025-02-21 14:30:00,Escalated,INC-01166,Supervisor
2025-02-21 14:30:00,Incident Created,INC-01166,CURTAILMENT_RISK_INCIDENT
2025-02-21 15:00:00,Resolved,INC-01163,Incident Closed
2025-02-21 15:00:00,Escalated,INC-01167,Supervisor
2025-02-21 15:00:00,Incident Created,INC-01167,CURTAILMENT_RISK_INCIDENT
2025-02-21 15:30:00,Resolved,INC-01164,Incident Closed
2025-02-21 15:30:00,Incident Created,INC-01168,CURTAILMENT_RISK_INCIDENT
2025-02-21 15:30:00,Escalated,INC-01168,Supervisor
2025-02-21 16:00:00,Resolved,INC-01165,Incident Closed
2025-02-21 16:00:00,Escalated,INC-01169,Supervisor
2025-02-21 16:00:00,Incident Created,INC-01169,CURTAILMENT_RISK_INCIDENT
2025-02-21 16:30:00,Resolved,INC-01166,Incident Closed
2025-02-21 16:30:00,Escalated,INC-01170,Supervisor
2025-02-21 16:30:00,Incident Created,INC-01170,CURTAILMENT_RISK_INCIDENT
2025-02-21 17:00:00,Resolved,INC-01167,Incident Closed
2025-02-21 17:30:00,Resolved,INC-01168,Incident Closed
2025-02-21 18:00:00,Resolved,INC-01169,Incident Closed
2025-02-21 18:30:00,Resolved,INC-01170,Incident Closed
2025-02-23 04:00:00,Escalated,INC-01171,Operator
2025-02-23 04:00:00,Incident Created,INC-01171,OVER_GENERATION_INCIDENT
2025-02-23 04:30:00,Incident Created,INC-01172,OVER_GENERATION_INCIDENT
2025-02-23 04:30:00,Escalated,INC-01172,Operator
2025-02-23 05:00:00,Incident Created,INC-01173,OVER_GENERATION_INCIDENT
2025-02-23 05:00:00,Escalated,INC-01173,Operator
2025-02-23 05:30:00,Escalated,INC-01174,Operator
2025-02-23 05:30:00,Incident Created,INC-01174,OVER_GENERATION_INCIDENT
2025-02-23 06:00:00,Resolved,INC-01171,Incident Closed
2025-02-23 06:30:00,Resolved,INC-01172,Incident Closed
2025-02-23 07:00:00,Resolved,INC-01173,Incident Closed
2025-02-23 07:30:00,Resolved,INC-01174,Incident Closed
2025-02-23 08:30:00,Incident Created,INC-01175,CURTAILMENT_RISK_INCIDENT
2025-02-23 08:30:00,Escalated,INC-01175,Supervisor
2025-02-23 09:00:00,Escalated,INC-01176,Supervisor
2025-02-23 09:00:00,Incident Created,INC-01176,CURTAILMENT_RISK_INCIDENT
2025-02-23 09:30:00,Escalated,INC-01177,Supervisor
2025-02-23 09:30:00,Incident Created,INC-01177,CURTAILMENT_RISK_INCIDENT
2025-02-23 10:00:00,Incident Created,INC-01178,CURTAILMENT_RISK_INCIDENT
2025-02-23 10:00:00,Escalated,INC-01178,Supervisor
2025-02-23 10:30:00,Resolved,INC-01175,Incident Closed
2025-02-23 10:30:00,Escalated,INC-01179,Supervisor
2025-02-23 10:30:00,Incident Created,INC-01179,CURTAILMENT_RISK_INCIDENT
2025-02-23 11:00:00,Resolved,INC-01176,Incident Closed
2025-02-23 11:00:00,Escalated,INC-01180,Supervisor
2025-02-23 11:00:00,Incident Created,INC-01180,CURTAILMENT_RISK_INCIDENT
2025-02-23 11:30:00,Resolved,INC-01177,Incident Closed
2025-02-23 11:30:00,Escalated,INC-01181,Supervisor
2025-02-23 11:30:00,Incident Created,INC-01181,CURTAILMENT_RISK_INCIDENT
2025-02-23 12:00:00,Resolved,INC-01178,Incident Closed
2025-02-23 12:00:00,Incident Created,INC-01182,CURTAILMENT_RISK_INCIDENT
2025-02-23 12:00:00,Escalated,INC-01182,Supervisor
2025-02-23 12:30:00,Resolved,INC-01179,Incident Closed
2025-02-23 12:30:00,Escalated,INC-01183,Supervisor
2025-02-23 12:30:00,Incident Created,INC-01183,CURTAILMENT_RISK_INCIDENT
2025-02-23 13:00:00,Resolved,INC-01180,Incident Closed
2025-02-23 13:00:00,Incident Created,INC-01184,CURTAILMENT_RISK_INCIDENT
2025-02-23 13:00:00,Escalated,INC-01184,Supervisor
2025-02-23 13:30:00,Resolved,INC-01181,Incident Closed
2025-02-23 13:30:00,Escalated,INC-01185,Supervisor
2025-02-23 13:30:00,Incident Created,INC-01185,CURTAILMENT_RISK_INCIDENT
2025-02-23 14:00:00,Resolved,INC-01182,Incident Closed
2025-02-23 14:00:00,Incident Created,INC-01186,CURTAILMENT_RISK_INCIDENT
2025-02-23 14:00:00,Escalated,INC-01186,Supervisor
2025-02-23 14:30:00,Resolved,INC-01183,Incident Closed
2025-02-23 14:30:00,Incident Created,INC-01187,CURTAILMENT_RISK_INCIDENT
2025-02-23 14:30:00,Escalated,INC-01187,Supervisor
2025-02-23 15:00:00,Resolved,INC-01184,Incident Closed
2025-02-23 15:00:00,Incident Created,INC-01188,CURTAILMENT_RISK_INCIDENT
2025-02-23 15:00:00,Escalated,INC-01188,Supervisor
2025-02-23 15:30:00,Resolved,INC-01185,Incident Closed
2025-02-23 15:30:00,Incident Created,INC-01189,CURTAILMENT_RISK_INCIDENT
2025-02-23 15:30:00,Escalated,INC-01189,Supervisor
2025-02-23 16:00:00,Resolved,INC-01186,Incident Closed
2025-02-23 16:00:00,Escalated,INC-01190,Supervisor
2025-02-23 16:00:00,Incident Created,INC-01190,CURTAILMENT_RISK_INCIDENT
2025-02-23 16:30:00,Resolved,INC-01187,Incident Closed
2025-02-23 16:30:00,Escalated,INC-01191,Supervisor
2025-02-23 16:30:00,Incident Created,INC-01191,CURTAILMENT_RISK_INCIDENT
2025-02-23 17:00:00,Resolved,INC-01188,Incident Closed
2025-02-23 17:00:00,Escalated,INC-01192,Supervisor
2025-02-23 17:00:00,Incident Created,INC-01192,CURTAILMENT_RISK_INCIDENT
2025-02-23 17:30:00,Resolved,INC-01189,Incident Closed
2025-02-23 17:30:00,Escalated,INC-01193,Supervisor
2025-02-23 17:30:00,Incident Created,INC-01193,CURTAILMENT_RISK_INCIDENT
2025-02-23 18:00:00,Resolved,INC-01190,Incident Closed
2025-02-23 18:00:00,Escalated,INC-01194,Supervisor
2025-02-23 18:00:00,Incident Created,INC-01194,CURTAILMENT_RISK_INCIDENT
2025-02-23 18:30:00,Resolved,INC-01191,Incident Closed
2025-02-23 18:30:00,Incident Created,INC-01195,CURTAILMENT_RISK_INCIDENT
2025-02-23 18:30:00,Escalated,INC-01195,Supervisor
2025-02-23 19:00:00,Resolved,INC-01192,Incident Closed
2025-02-23 19:00:00,Incident Created,INC-01196,CURTAILMENT_RISK_INCIDENT
2025-02-23 19:00:00,Escalated,INC-01196,Supervisor
2025-02-23 19:30:00,Resolved,INC-01193,Incident Closed
2025-02-23 19:30:00,Incident Created,INC-01197,CURTAILMENT_RISK_INCIDENT
2025-02-23 19:30:00,Escalated,INC-01197,Supervisor
2025-02-23 20:00:00,Resolved,INC-01194,Incident Closed
2025-02-23 20:00:00,Incident Created,INC-01198,CURTAILMENT_RISK_INCIDENT
2025-02-23 20:00:00,Escalated,INC-01198,Supervisor
2025-02-23 20:30:00,Resolved,INC-01195,Incident Closed
2025-02-23 20:30:00,Escalated,INC-01199,Supervisor
2025-02-23 20:30:00,Incident Created,INC-01199,CURTAILMENT_RISK_INCIDENT
2025-02-23 21:00:00,Resolved,INC-01196,Incident Closed
2025-02-23 21:00:00,Escalated,INC-01200,Supervisor
2025-02-23 21:00:00,Incident Created,INC-01200,CURTAILMENT_RISK_INCIDENT
2025-02-23 21:30:00,Resolved,INC-01197,Incident Closed
2025-02-23 21:30:00,Escalated,INC-01201,Supervisor
2025-02-23 21:30:00,Incident Created,INC-01201,CURTAILMENT_RISK_INCIDENT
2025-02-23 22:00:00,Resolved,INC-01198,Incident Closed
2025-02-23 22:00:00,Escalated,INC-01202,Supervisor
2025-02-23 22:00:00,Incident Created,INC-01202,CURTAILMENT_RISK_INCIDENT
2025-02-23 22:30:00,Resolved,INC-01199,Incident Closed
2025-02-23 23:00:00,Resolved,INC-01200,Incident Closed
2025-02-23 23:30:00,Resolved,INC-01201,Incident Closed
2025-02-23 23:30:00,Incident Created,INC-01203,CURTAILMENT_RISK_INCIDENT
2025-02-23 23:30:00,Escalated,INC-01203,Supervisor
2025-02-24 00:00:00,Resolved,INC-01202,Incident Closed
2025-02-24 00:00:00,Escalated,INC-01204,Supervisor
2025-02-24 00:00:00,Incident Created,INC-01204,CURTAILMENT_RISK_INCIDENT
2025-02-24 00:30:00,Incident Created,INC-01205,CURTAILMENT_RISK_INCIDENT
2025-02-24 00:30:00,Escalated,INC-01205,Supervisor
2025-02-24 01:00:00,Incident Created,INC-01206,CURTAILMENT_RISK_INCIDENT
2025-02-24 01:00:00,Escalated,INC-01206,Supervisor
2025-02-24 01:30:00,Resolved,INC-01203,Incident Closed
2025-02-24 01:30:00,Escalated,INC-01207,Supervisor
2025-02-24 01:30:00,Incident Created,INC-01207,CURTAILMENT_RISK_INCIDENT
2025-02-24 02:00:00,Resolved,INC-01204,Incident Closed
2025-02-24 02:00:00,Escalated,INC-01208,Supervisor
2025-02-24 02:00:00,Incident Created,INC-01208,CURTAILMENT_RISK_INCIDENT
2025-02-24 02:30:00,Resolved,INC-01205,Incident Closed
2025-02-24 03:00:00,Resolved,INC-01206,Incident Closed
2025-02-24 03:30:00,Resolved,INC-01207,Incident Closed
2025-02-24 04:00:00,Resolved,INC-01208,Incident Closed
2025-02-24 09:30:00,Incident Created,INC-01209,CURTAILMENT_RISK_INCIDENT
2025-02-24 09:30:00,Escalated,INC-01209,Supervisor
2025-02-24 10:00:00,Escalated,INC-01210,Supervisor
2025-02-24 10:00:00,Incident Created,INC-01210,CURTAILMENT_RISK_INCIDENT
2025-02-24 10:30:00,Escalated,INC-01211,Supervisor
2025-02-24 10:30:00,Incident Created,INC-01211,CURTAILMENT_RISK_INCIDENT
2025-02-24 11:00:00,Incident Created,INC-01212,CURTAILMENT_RISK_INCIDENT
2025-02-24 11:00:00,Escalated,INC-01212,Supervisor
2025-02-24 11:30:00,Resolved,INC-01209,Incident Closed
2025-02-24 11:30:00,Incident Created,INC-01213,CURTAILMENT_RISK_INCIDENT
2025-02-24 11:30:00,Escalated,INC-01213,Supervisor
2025-02-24 12:00:00,Resolved,INC-01210,Incident Closed
2025-02-24 12:00:00,Escalated,INC-01214,Supervisor
2025-02-24 12:00:00,Incident Created,INC-01214,CURTAILMENT_RISK_INCIDENT
2025-02-24 12:30:00,Resolved,INC-01211,Incident Closed
2025-02-24 12:30:00,Escalated,INC-01215,Supervisor
2025-02-24 12:30:00,Incident Created,INC-01215,CURTAILMENT_RISK_INCIDENT
2025-02-24 13:00:00,Resolved,INC-01212,Incident Closed
2025-02-24 13:00:00,Escalated,INC-01216,Supervisor
2025-02-24 13:00:00,Incident Created,INC-01216,CURTAILMENT_RISK_INCIDENT
2025-02-24 13:30:00,Resolved,INC-01213,Incident Closed
2025-02-24 13:30:00,Incident Created,INC-01217,CURTAILMENT_RISK_INCIDENT
2025-02-24 13:30:00,Escalated,INC-01217,Supervisor
2025-02-24 14:00:00,Resolved,INC-01214,Incident Closed
2025-02-24 14:00:00,Incident Created,INC-01218,CURTAILMENT_RISK_INCIDENT
2025-02-24 14:00:00,Escalated,INC-01218,Supervisor
2025-02-24 14:30:00,Resolved,INC-01215,Incident Closed
2025-02-24 14:30:00,Escalated,INC-01219,Supervisor
2025-02-24 14:30:00,Incident Created,INC-01219,CURTAILMENT_RISK_INCIDENT
2025-02-24 15:00:00,Resolved,INC-01216,Incident Closed
2025-02-24 15:00:00,Incident Created,INC-01220,CURTAILMENT_RISK_INCIDENT
2025-02-24 15:00:00,Escalated,INC-01220,Supervisor
2025-02-24 15:30:00,Resolved,INC-01217,Incident Closed
2025-02-24 16:00:00,Resolved,INC-01218,Incident Closed
2025-02-24 16:30:00,Resolved,INC-01219,Incident Closed
2025-02-24 17:00:00,Resolved,INC-01220,Incident Closed
2025-02-26 16:30:00,Escalated,INC-01221,Supervisor
2025-02-26 16:30:00,Incident Created,INC-01221,SUSTAINABILITY_INCIDENT
2025-02-26 17:00:00,Incident Created,INC-01222,SUSTAINABILITY_INCIDENT
2025-02-26 17:00:00,Escalated,INC-01222,Supervisor
2025-02-26 17:00:00,Incident Created,INC-01223,PEAK_LOAD_EMISSIONS_INCIDENT
2025-02-26 17:00:00,Escalated,INC-01223,Regional Controller
2025-02-26 17:30:00,Incident Created,INC-01224,SUSTAINABILITY_INCIDENT
2025-02-26 17:30:00,Escalated,INC-01224,Supervisor
2025-02-26 17:30:00,Incident Created,INC-01225,PEAK_LOAD_EMISSIONS_INCIDENT
2025-02-26 17:30:00,Escalated,INC-01225,Regional Controller
2025-02-26 18:00:00,Escalated,INC-01226,Supervisor
2025-02-26 18:00:00,Incident Created,INC-01226,SUSTAINABILITY_INCIDENT
2025-02-26 18:00:00,Escalated,INC-01227,Regional Controller
2025-02-26 18:00:00,Incident Created,INC-01227,PEAK_LOAD_EMISSIONS_INCIDENT
2025-02-26 18:30:00,Resolved,INC-01221,Incident Closed
2025-02-26 18:30:00,Incident Created,INC-01228,SUSTAINABILITY_INCIDENT
2025-02-26 18:30:00,Escalated,INC-01228,Supervisor
2025-02-26 18:30:00,Incident Created,INC-01229,PEAK_LOAD_EMISSIONS_INCIDENT
2025-02-26 18:30:00,Escalated,INC-01229,Regional Controller
2025-02-26 19:00:00,Resolved,INC-01222,Incident Closed
2025-02-26 19:00:00,Resolved,INC-01223,Incident Closed
2025-02-26 19:00:00,Incident Created,INC-01230,SUSTAINABILITY_INCIDENT
2025-02-26 19:00:00,Escalated,INC-01230,Supervisor
2025-02-26 19:00:00,Incident Created,INC-01231,PEAK_LOAD_EMISSIONS_INCIDENT
2025-02-26 19:00:00,Escalated,INC-01231,Regional Controller
2025-02-26 19:30:00,Resolved,INC-01224,Incident Closed
2025-02-26 19:30:00,Resolved,INC-01225,Incident Closed
2025-02-26 19:30:00,Incident Created,INC-01232,SUSTAINABILITY_INCIDENT
2025-02-26 19:30:00,Escalated,INC-01232,Supervisor
2025-02-26 19:30:00,Incident Created,INC-01233,PEAK_LOAD_EMISSIONS_INCIDENT
2025-02-26 19:30:00,Escalated,INC-01233,Regional Controller
2025-02-26 20:00:00,Resolved,INC-01226,Incident Closed
2025-02-26 20:00:00,Resolved,INC-01227,Incident Closed
2025-02-26 20:00:00,Incident Created,INC-01234,SUSTAINABILITY_INCIDENT
2025-02-26 20:00:00,Escalated,INC-01234,Supervisor
2025-02-26 20:30:00,Resolved,INC-01228,Incident Closed
2025-02-26 20:30:00,Resolved,INC-01229,Incident Closed
2025-02-26 21:00:00,Resolved,INC-01230,Incident Closed
2025-02-26 21:00:00,Resolved,INC-01231,Incident Closed
2025-02-26 21:30:00,Resolved,INC-01232,Incident Closed
2025-02-26 21:30:00,Resolved,INC-01233,Incident Closed
2025-02-26 22:00:00,Resolved,INC-01234,Incident Closed
2025-02-27 17:30:00,Escalated,INC-01235,Regional Controller
2025-02-27 17:30:00,Incident Created,INC-01235,PEAK_LOAD_EMISSIONS_INCIDENT
2025-02-27 18:00:00,Incident Created,INC-01236,PEAK_LOAD_EMISSIONS_INCIDENT
2025-02-27 18:00:00,Escalated,INC-01236,Regional Controller
2025-02-27 18:30:00,Escalated,INC-01237,Regional Controller
2025-02-27 18:30:00,Incident Created,INC-01237,PEAK_LOAD_EMISSIONS_INCIDENT
2025-02-27 19:00:00,Incident Created,INC-01238,PEAK_LOAD_EMISSIONS_INCIDENT
2025-02-27 19:00:00,Escalated,INC-01238,Regional Controller
2025-02-27 19:30:00,Resolved,INC-01235,Incident Closed
2025-02-27 19:30:00,Incident Created,INC-01239,PEAK_LOAD_EMISSIONS_INCIDENT
2025-02-27 19:30:00,Escalated,INC-01239,Regional Controller
2025-02-27 20:00:00,Resolved,INC-01236,Incident Closed
2025-02-27 20:30:00,Resolved,INC-01237,Incident Closed
2025-02-27 21:00:00,Resolved,INC-01238,Incident Closed
2025-02-27 21:00:00,Incident Created,INC-01240,SUSTAINABILITY_INCIDENT
2025-02-27 21:00:00,Escalated,INC-01240,Supervisor
2025-02-27 21:30:00,Resolved,INC-01239,Incident Closed
2025-02-27 21:30:00,Incident Created,INC-01241,SUSTAINABILITY_INCIDENT
2025-02-27 21:30:00,Escalated,INC-01241,Supervisor
2025-02-27 22:00:00,Escalated,INC-01242,Supervisor
2025-02-27 22:00:00,Incident Created,INC-01242,SUSTAINABILITY_INCIDENT
2025-02-27 22:30:00,Escalated,INC-01243,Supervisor
2025-02-27 22:30:00,Incident Created,INC-01243,SUSTAINABILITY_INCIDENT
2025-02-27 23:00:00,Resolved,INC-01240,Incident Closed
2025-02-27 23:00:00,Escalated,INC-01244,Supervisor
2025-02-27 23:00:00,Incident Created,INC-01244,SUSTAINABILITY_INCIDENT
2025-02-27 23:30:00,Resolved,INC-01241,Incident Closed
2025-02-27 23:30:00,Escalated,INC-01245,Supervisor
2025-02-27 23:30:00,Incident Created,INC-01245,SUSTAINABILITY_INCIDENT
2025-02-28 00:00:00,Resolved,INC-01242,Incident Closed
2025-02-28 00:00:00,Escalated,INC-01246,Supervisor
2025-02-28 00:00:00,Incident Created,INC-01246,SUSTAINABILITY_INCIDENT
2025-02-28 00:30:00,Resolved,INC-01243,Incident Closed
2025-02-28 00:30:00,Incident Created,INC-01247,SUSTAINABILITY_INCIDENT
2025-02-28 00:30:00,Escalated,INC-01247,Supervisor
2025-02-28 01:00:00,Resolved,INC-01244,Incident Closed
2025-02-28 01:00:00,Escalated,INC-01248,Supervisor
2025-02-28 01:00:00,Incident Created,INC-01248,SUSTAINABILITY_INCIDENT
2025-02-28 01:30:00,Resolved,INC-01245,Incident Closed
2025-02-28 01:30:00,Incident Created,INC-01249,SUSTAINABILITY_INCIDENT
2025-02-28 01:30:00,Escalated,INC-01249,Supervisor
2025-02-28 02:00:00,Resolved,INC-01246,Incident Closed
2025-02-28 02:30:00,Resolved,INC-01247,Incident Closed
2025-02-28 03:00:00,Resolved,INC-01248,Incident Closed
2025-02-28 03:00:00,Escalated,INC-01250,Supervisor
2025-02-28 03:00:00,Incident Created,INC-01250,SUSTAINABILITY_INCIDENT
2025-02-28 03:30:00,Resolved,INC-01249,Incident Closed
2025-02-28 03:30:00,Escalated,INC-01251,Supervisor
2025-02-28 03:30:00,Incident Created,INC-01251,SUSTAINABILITY_INCIDENT
2025-02-28 04:00:00,Escalated,INC-01252,Supervisor
2025-02-28 04:00:00,Incident Created,INC-01252,SUSTAINABILITY_INCIDENT
2025-02-28 04:30:00,Incident Created,INC-01253,SUSTAINABILITY_INCIDENT
2025-02-28 04:30:00,Escalated,INC-01253,Supervisor
2025-02-28 05:00:00,Resolved,INC-01250,Incident Closed
2025-02-28 05:00:00,Escalated,INC-01254,Supervisor
2025-02-28 05:00:00,Incident Created,INC-01254,SUSTAINABILITY_INCIDENT
2025-02-28 05:30:00,Resolved,INC-01251,Incident Closed
2025-02-28 05:30:00,Incident Created,INC-01255,SUSTAINABILITY_INCIDENT
2025-02-28 05:30:00,Escalated,INC-01255,Supervisor
2025-02-28 06:00:00,Resolved,INC-01252,Incident Closed
2025-02-28 06:00:00,Incident Created,INC-01256,SUSTAINABILITY_INCIDENT
2025-02-28 06:00:00,Escalated,INC-01256,Supervisor
2025-02-28 06:30:00,Resolved,INC-01253,Incident Closed
2025-02-28 06:30:00,Escalated,INC-01257,Supervisor
2025-02-28 06:30:00,Incident Created,INC-01257,SUSTAINABILITY_INCIDENT
2025-02-28 07:00:00,Resolved,INC-01254,Incident Closed
2025-02-28 07:00:00,Escalated,INC-01258,Supervisor
2025-02-28 07:00:00,Incident Created,INC-01258,SUSTAINABILITY_INCIDENT
2025-02-28 07:30:00,Resolved,INC-01255,Incident Closed
2025-02-28 07:30:00,Incident Created,INC-01259,SUSTAINABILITY_INCIDENT
2025-02-28 07:30:00,Escalated,INC-01259,Supervisor
2025-02-28 08:00:00,Resolved,INC-01256,Incident Closed
2025-02-28 08:00:00,Escalated,INC-01260,Supervisor
2025-02-28 08:00:00,Incident Created,INC-01260,SUSTAINABILITY_INCIDENT
2025-02-28 08:30:00,Resolved,INC-01257,Incident Closed
2025-02-28 09:00:00,Resolved,INC-01258,Incident Closed
2025-02-28 09:30:00,Resolved,INC-01259,Incident Closed
2025-02-28 10:00:00,Resolved,INC-01260,Incident Closed
2025-02-28 16:30:00,Incident Created,INC-01261,SUSTAINABILITY_INCIDENT
2025-02-28 16:30:00,Escalated,INC-01261,Supervisor
2025-02-28 17:00:00,Incident Created,INC-01262,SUSTAINABILITY_INCIDENT
2025-02-28 17:00:00,Escalated,INC-01262,Supervisor
2025-02-28 17:30:00,Incident Created,INC-01263,SUSTAINABILITY_INCIDENT
2025-02-28 17:30:00,Escalated,INC-01263,Supervisor
2025-02-28 18:00:00,Incident Created,INC-01264,SUSTAINABILITY_INCIDENT
2025-02-28 18:00:00,Escalated,INC-01264,Supervisor
2025-02-28 18:00:00,Incident Created,INC-01265,PEAK_LOAD_EMISSIONS_INCIDENT
2025-02-28 18:00:00,Escalated,INC-01265,Regional Controller
2025-02-28 18:30:00,Resolved,INC-01261,Incident Closed
2025-02-28 18:30:00,Incident Created,INC-01266,SUSTAINABILITY_INCIDENT
2025-02-28 18:30:00,Escalated,INC-01266,Supervisor
2025-02-28 18:30:00,Incident Created,INC-01267,PEAK_LOAD_EMISSIONS_INCIDENT
2025-02-28 18:30:00,Escalated,INC-01267,Regional Controller
2025-02-28 19:00:00,Resolved,INC-01262,Incident Closed
2025-02-28 19:00:00,Incident Created,INC-01268,SUSTAINABILITY_INCIDENT
2025-02-28 19:00:00,Escalated,INC-01268,Supervisor
2025-02-28 19:30:00,Resolved,INC-01263,Incident Closed
2025-02-28 19:30:00,Escalated,INC-01269,Supervisor
2025-02-28 19:30:00,Incident Created,INC-01269,SUSTAINABILITY_INCIDENT
2025-02-28 20:00:00,Resolved,INC-01264,Incident Closed
2025-02-28 20:00:00,Resolved,INC-01265,Incident Closed
2025-02-28 20:00:00,Incident Created,INC-01270,SUSTAINABILITY_INCIDENT
2025-02-28 20:00:00,Escalated,INC-01270,Supervisor
2025-02-28 20:30:00,Resolved,INC-01266,Incident Closed
2025-02-28 20:30:00,Resolved,INC-01267,Incident Closed
2025-02-28 20:30:00,Incident Created,INC-01271,SUSTAINABILITY_INCIDENT
2025-02-28 20:30:00,Escalated,INC-01271,Supervisor
2025-02-28 21:00:00,Resolved,INC-01268,Incident Closed
2025-02-28 21:00:00,Escalated,INC-01272,Supervisor
2025-02-28 21:00:00,Incident Created,INC-01272,SUSTAINABILITY_INCIDENT
2025-02-28 21:30:00,Resolved,INC-01269,Incident Closed
2025-02-28 21:30:00,Escalated,INC-01273,Supervisor
2025-02-28 21:30:00,Incident Created,INC-01273,SUSTAINABILITY_INCIDENT
2025-02-28 22:00:00,Resolved,INC-01270,Incident Closed
2025-02-28 22:00:00,Incident Created,INC-01274,SUSTAINABILITY_INCIDENT
2025-02-28 22:00:00,Escalated,INC-01274,Supervisor
2025-02-28 22:30:00,Resolved,INC-01271,Incident Closed
2025-02-28 23:00:00,Resolved,INC-01272,Incident Closed
2025-02-28 23:30:00,Resolved,INC-01273,Incident Closed
2025-03-01 00:00:00,Resolved,INC-01274,Incident Closed
2025-03-01 17:30:00,Escalated,INC-01275,Supervisor
2025-03-01 17:30:00,Incident Created,INC-01275,SUSTAINABILITY_INCIDENT
2025-03-01 18:00:00,Incident Created,INC-01276,SUSTAINABILITY_INCIDENT
2025-03-01 18:00:00,Escalated,INC-01276,Supervisor
2025-03-01 18:30:00,Escalated,INC-01277,Supervisor
2025-03-01 18:30:00,Incident Created,INC-01277,SUSTAINABILITY_INCIDENT
2025-03-01 19:00:00,Escalated,INC-01278,Supervisor
2025-03-01 19:00:00,Incident Created,INC-01278,SUSTAINABILITY_INCIDENT
2025-03-01 19:30:00,Resolved,INC-01275,Incident Closed
2025-03-01 19:30:00,Escalated,INC-01279,Supervisor
2025-03-01 19:30:00,Incident Created,INC-01279,SUSTAINABILITY_INCIDENT
2025-03-01 20:00:00,Resolved,INC-01276,Incident Closed
2025-03-01 20:00:00,Incident Created,INC-01280,SUSTAINABILITY_INCIDENT
2025-03-01 20:00:00,Escalated,INC-01280,Supervisor
2025-03-01 20:30:00,Resolved,INC-01277,Incident Closed
2025-03-01 20:30:00,Incident Created,INC-01281,SUSTAINABILITY_INCIDENT
2025-03-01 20:30:00,Escalated,INC-01281,Supervisor
2025-03-01 21:00:00,Resolved,INC-01278,Incident Closed
2025-03-01 21:00:00,Escalated,INC-01282,Supervisor
2025-03-01 21:00:00,Incident Created,INC-01282,SUSTAINABILITY_INCIDENT
2025-03-01 21:30:00,Resolved,INC-01279,Incident Closed
2025-03-01 22:00:00,Resolved,INC-01280,Incident Closed
2025-03-01 22:30:00,Resolved,INC-01281,Incident Closed
2025-03-01 23:00:00,Resolved,INC-01282,Incident Closed
2025-03-03 17:30:00,Incident Created,INC-01283,PEAK_LOAD_EMISSIONS_INCIDENT
2025-03-03 17:30:00,Escalated,INC-01283,Regional Controller
2025-03-03 18:00:00,Escalated,INC-01284,Regional Controller
2025-03-03 18:00:00,Incident Created,INC-01284,PEAK_LOAD_EMISSIONS_INCIDENT
2025-03-03 18:30:00,Incident Created,INC-01285,PEAK_LOAD_EMISSIONS_INCIDENT
2025-03-03 18:30:00,Escalated,INC-01285,Regional Controller
2025-03-03 19:00:00,Incident Created,INC-01286,PEAK_LOAD_EMISSIONS_INCIDENT
2025-03-03 19:00:00,Escalated,INC-01286,Regional Controller
2025-03-03 19:30:00,Resolved,INC-01283,Incident Closed
2025-03-03 19:30:00,Incident Created,INC-01287,PEAK_LOAD_EMISSIONS_INCIDENT
2025-03-03 19:30:00,Escalated,INC-01287,Regional Controller
2025-03-03 20:00:00,Resolved,INC-01284,Incident Closed
2025-03-03 20:30:00,Resolved,INC-01285,Incident Closed
2025-03-03 21:00:00,Resolved,INC-01286,Incident Closed
2025-03-03 21:30:00,Resolved,INC-01287,Incident Closed
2025-03-04 10:30:00,Escalated,INC-01288,Supervisor
2025-03-04 10:30:00,Incident Created,INC-01288,CURTAILMENT_RISK_INCIDENT
2025-03-04 11:00:00,Escalated,INC-01289,Supervisor
2025-03-04 11:00:00,Incident Created,INC-01289,CURTAILMENT_RISK_INCIDENT
2025-03-04 11:30:00,Escalated,INC-01290,Supervisor
2025-03-04 11:30:00,Incident Created,INC-01290,CURTAILMENT_RISK_INCIDENT
2025-03-04 12:00:00,Escalated,INC-01291,Supervisor
2025-03-04 12:00:00,Incident Created,INC-01291,CURTAILMENT_RISK_INCIDENT
2025-03-04 12:30:00,Resolved,INC-01288,Incident Closed
2025-03-04 12:30:00,Escalated,INC-01292,Supervisor
2025-03-04 12:30:00,Incident Created,INC-01292,CURTAILMENT_RISK_INCIDENT
2025-03-04 13:00:00,Resolved,INC-01289,Incident Closed
2025-03-04 13:00:00,Incident Created,INC-01293,CURTAILMENT_RISK_INCIDENT
2025-03-04 13:00:00,Escalated,INC-01293,Supervisor
2025-03-04 13:30:00,Resolved,INC-01290,Incident Closed
2025-03-04 13:30:00,Incident Created,INC-01294,CURTAILMENT_RISK_INCIDENT
2025-03-04 13:30:00,Escalated,INC-01294,Supervisor
2025-03-04 14:00:00,Resolved,INC-01291,Incident Closed
2025-03-04 14:00:00,Incident Created,INC-01295,CURTAILMENT_RISK_INCIDENT
2025-03-04 14:00:00,Escalated,INC-01295,Supervisor
2025-03-04 14:30:00,Resolved,INC-01292,Incident Closed
2025-03-04 14:30:00,Incident Created,INC-01296,CURTAILMENT_RISK_INCIDENT
2025-03-04 14:30:00,Escalated,INC-01296,Supervisor
2025-03-04 15:00:00,Resolved,INC-01293,Incident Closed
2025-03-04 15:00:00,Incident Created,INC-01297,CURTAILMENT_RISK_INCIDENT
2025-03-04 15:00:00,Escalated,INC-01297,Supervisor
2025-03-04 15:30:00,Resolved,INC-01294,Incident Closed
2025-03-04 16:00:00,Resolved,INC-01295,Incident Closed
2025-03-04 16:30:00,Resolved,INC-01296,Incident Closed
2025-03-04 17:00:00,Resolved,INC-01297,Incident Closed
2025-03-05 09:00:00,Incident Created,INC-01298,CURTAILMENT_RISK_INCIDENT
2025-03-05 09:00:00,Escalated,INC-01298,Supervisor
2025-03-05 09:30:00,Escalated,INC-01299,Supervisor
2025-03-05 09:30:00,Incident Created,INC-01299,CURTAILMENT_RISK_INCIDENT
2025-03-05 10:00:00,Incident Created,INC-01300,CURTAILMENT_RISK_INCIDENT
2025-03-05 10:00:00,Escalated,INC-01300,Supervisor
2025-03-05 10:30:00,Escalated,INC-01301,Supervisor
2025-03-05 10:30:00,Incident Created,INC-01301,CURTAILMENT_RISK_INCIDENT
2025-03-05 11:00:00,Resolved,INC-01298,Incident Closed
2025-03-05 11:00:00,Escalated,INC-01302,Supervisor
2025-03-05 11:00:00,Incident Created,INC-01302,CURTAILMENT_RISK_INCIDENT
2025-03-05 11:30:00,Resolved,INC-01299,Incident Closed
2025-03-05 11:30:00,Escalated,INC-01303,Supervisor
2025-03-05 11:30:00,Incident Created,INC-01303,CURTAILMENT_RISK_INCIDENT
2025-03-05 12:00:00,Resolved,INC-01300,Incident Closed
2025-03-05 12:00:00,Escalated,INC-01304,Supervisor
2025-03-05 12:00:00,Incident Created,INC-01304,CURTAILMENT_RISK_INCIDENT
2025-03-05 12:30:00,Resolved,INC-01301,Incident Closed
2025-03-05 12:30:00,Incident Created,INC-01305,CURTAILMENT_RISK_INCIDENT
2025-03-05 12:30:00,Escalated,INC-01305,Supervisor
2025-03-05 13:00:00,Resolved,INC-01302,Incident Closed
2025-03-05 13:00:00,Incident Created,INC-01306,CURTAILMENT_RISK_INCIDENT
2025-03-05 13:00:00,Escalated,INC-01306,Supervisor
2025-03-05 13:30:00,Resolved,INC-01303,Incident Closed
2025-03-05 13:30:00,Escalated,INC-01307,Supervisor
2025-03-05 13:30:00,Incident Created,INC-01307,CURTAILMENT_RISK_INCIDENT
2025-03-05 14:00:00,Resolved,INC-01304,Incident Closed
2025-03-05 14:00:00,Escalated,INC-01308,Supervisor
2025-03-05 14:00:00,Incident Created,INC-01308,CURTAILMENT_RISK_INCIDENT
2025-03-05 14:30:00,Resolved,INC-01305,Incident Closed
2025-03-05 14:30:00,Incident Created,INC-01309,CURTAILMENT_RISK_INCIDENT
2025-03-05 14:30:00,Escalated,INC-01309,Supervisor
2025-03-05 15:00:00,Resolved,INC-01306,Incident Closed
2025-03-05 15:00:00,Escalated,INC-01310,Supervisor
2025-03-05 15:00:00,Incident Created,INC-01310,CURTAILMENT_RISK_INCIDENT
2025-03-05 15:30:00,Resolved,INC-01307,Incident Closed
2025-03-05 15:30:00,Escalated,INC-01311,Supervisor
2025-03-05 15:30:00,Incident Created,INC-01311,CURTAILMENT_RISK_INCIDENT
2025-03-05 16:00:00,Resolved,INC-01308,Incident Closed
2025-03-05 16:30:00,Resolved,INC-01309,Incident Closed
2025-03-05 17:00:00,Resolved,INC-01310,Incident Closed
2025-03-05 17:30:00,Resolved,INC-01311,Incident Closed
2025-03-06 10:00:00,Escalated,INC-01312,Supervisor
2025-03-06 10:00:00,Incident Created,INC-01312,CURTAILMENT_RISK_INCIDENT
2025-03-06 10:30:00,Incident Created,INC-01313,CURTAILMENT_RISK_INCIDENT
2025-03-06 10:30:00,Escalated,INC-01313,Supervisor
2025-03-06 11:00:00,Incident Created,INC-01314,CURTAILMENT_RISK_INCIDENT
2025-03-06 11:00:00,Escalated,INC-01314,Supervisor
2025-03-06 11:30:00,Incident Created,INC-01315,CURTAILMENT_RISK_INCIDENT
2025-03-06 11:30:00,Escalated,INC-01315,Supervisor
2025-03-06 12:00:00,Resolved,INC-01312,Incident Closed
2025-03-06 12:00:00,Escalated,INC-01316,Supervisor
2025-03-06 12:00:00,Incident Created,INC-01316,CURTAILMENT_RISK_INCIDENT
2025-03-06 12:30:00,Resolved,INC-01313,Incident Closed
2025-03-06 12:30:00,Incident Created,INC-01317,CURTAILMENT_RISK_INCIDENT
2025-03-06 12:30:00,Escalated,INC-01317,Supervisor
2025-03-06 13:00:00,Resolved,INC-01314,Incident Closed
2025-03-06 13:00:00,Incident Created,INC-01318,CURTAILMENT_RISK_INCIDENT
2025-03-06 13:00:00,Escalated,INC-01318,Supervisor
2025-03-06 13:30:00,Resolved,INC-01315,Incident Closed
2025-03-06 13:30:00,Incident Created,INC-01319,CURTAILMENT_RISK_INCIDENT
2025-03-06 13:30:00,Escalated,INC-01319,Supervisor
2025-03-06 14:00:00,Resolved,INC-01316,Incident Closed
2025-03-06 14:00:00,Incident Created,INC-01320,CURTAILMENT_RISK_INCIDENT
2025-03-06 14:00:00,Escalated,INC-01320,Supervisor
2025-03-06 14:30:00,Resolved,INC-01317,Incident Closed
2025-03-06 14:30:00,Incident Created,INC-01321,CURTAILMENT_RISK_INCIDENT
2025-03-06 14:30:00,Escalated,INC-01321,Supervisor
2025-03-06 15:00:00,Resolved,INC-01318,Incident Closed
2025-03-06 15:00:00,Escalated,INC-01322,Supervisor
2025-03-06 15:00:00,Incident Created,INC-01322,CURTAILMENT_RISK_INCIDENT
2025-03-06 15:30:00,Resolved,INC-01319,Incident Closed
2025-03-06 16:00:00,Resolved,INC-01320,Incident Closed
2025-03-06 16:30:00,Resolved,INC-01321,Incident Closed
2025-03-06 17:00:00,Resolved,INC-01322,Incident Closed
2025-03-07 17:00:00,Escalated,INC-01323,Regional Controller
2025-03-07 17:00:00,Incident Created,INC-01323,OPERATIONAL_RISK_INCIDENT
2025-03-07 19:00:00,Resolved,INC-01323,Incident Closed
2025-03-09 16:30:00,Escalated,INC-01324,Supervisor
2025-03-09 16:30:00,Incident Created,INC-01324,SUSTAINABILITY_INCIDENT
2025-03-09 17:00:00,Escalated,INC-01325,Supervisor
2025-03-09 17:00:00,Incident Created,INC-01325,SUSTAINABILITY_INCIDENT
2025-03-09 17:30:00,Escalated,INC-01326,Supervisor
2025-03-09 17:30:00,Incident Created,INC-01326,SUSTAINABILITY_INCIDENT
2025-03-09 18:00:00,Incident Created,INC-01327,SUSTAINABILITY_INCIDENT
2025-03-09 18:00:00,Escalated,INC-01327,Supervisor
2025-03-09 18:30:00,Resolved,INC-01324,Incident Closed
2025-03-09 18:30:00,Incident Created,INC-01328,SUSTAINABILITY_INCIDENT
2025-03-09 18:30:00,Escalated,INC-01328,Supervisor
2025-03-09 19:00:00,Resolved,INC-01325,Incident Closed
2025-03-09 19:00:00,Incident Created,INC-01329,SUSTAINABILITY_INCIDENT
2025-03-09 19:00:00,Escalated,INC-01329,Supervisor
2025-03-09 19:30:00,Resolved,INC-01326,Incident Closed
2025-03-09 19:30:00,Incident Created,INC-01330,SUSTAINABILITY_INCIDENT
2025-03-09 19:30:00,Escalated,INC-01330,Supervisor
2025-03-09 20:00:00,Resolved,INC-01327,Incident Closed
2025-03-09 20:00:00,Escalated,INC-01331,Supervisor
2025-03-09 20:00:00,Incident Created,INC-01331,SUSTAINABILITY_INCIDENT
2025-03-09 20:30:00,Resolved,INC-01328,Incident Closed
2025-03-09 20:30:00,Escalated,INC-01332,Supervisor
2025-03-09 20:30:00,Incident Created,INC-01332,SUSTAINABILITY_INCIDENT
2025-03-09 20:30:00,Incident Created,INC-01333,OPERATIONAL_RISK_INCIDENT
2025-03-09 20:30:00,Escalated,INC-01333,Regional Controller
2025-03-09 21:00:00,Resolved,INC-01329,Incident Closed
2025-03-09 21:00:00,Incident Created,INC-01334,SUSTAINABILITY_INCIDENT
2025-03-09 21:00:00,Escalated,INC-01334,Supervisor
2025-03-09 21:30:00,Resolved,INC-01330,Incident Closed
2025-03-09 21:30:00,Escalated,INC-01335,Supervisor
2025-03-09 21:30:00,Incident Created,INC-01335,SUSTAINABILITY_INCIDENT
2025-03-09 21:30:00,Escalated,INC-01336,Regional Controller
2025-03-09 21:30:00,Incident Created,INC-01336,OPERATIONAL_RISK_INCIDENT
2025-03-09 22:00:00,Resolved,INC-01331,Incident Closed
2025-03-09 22:00:00,Incident Created,INC-01337,SUSTAINABILITY_INCIDENT
2025-03-09 22:00:00,Escalated,INC-01337,Supervisor
2025-03-09 22:00:00,Incident Created,INC-01338,OPERATIONAL_RISK_INCIDENT
2025-03-09 22:00:00,Escalated,INC-01338,Regional Controller
2025-03-09 22:30:00,Resolved,INC-01332,Incident Closed
2025-03-09 22:30:00,Resolved,INC-01333,Incident Closed
2025-03-09 23:00:00,Resolved,INC-01334,Incident Closed
2025-03-09 23:30:00,Resolved,INC-01335,Incident Closed
2025-03-09 23:30:00,Resolved,INC-01336,Incident Closed
2025-03-10 00:00:00,Resolved,INC-01337,Incident Closed
2025-03-10 00:00:00,Resolved,INC-01338,Incident Closed
2025-03-12 18:00:00,Escalated,INC-01339,Regional Controller
2025-03-12 18:00:00,Incident Created,INC-01339,PEAK_LOAD_EMISSIONS_INCIDENT
2025-03-12 18:30:00,Escalated,INC-01340,Regional Controller
2025-03-12 18:30:00,Incident Created,INC-01340,PEAK_LOAD_EMISSIONS_INCIDENT
2025-03-12 19:00:00,Escalated,INC-01341,Regional Controller
2025-03-12 19:00:00,Incident Created,INC-01341,PEAK_LOAD_EMISSIONS_INCIDENT
2025-03-12 20:00:00,Resolved,INC-01339,Incident Closed
2025-03-12 20:30:00,Resolved,INC-01340,Incident Closed
2025-03-12 21:00:00,Resolved,INC-01341,Incident Closed
2025-03-13 15:00:00,Escalated,INC-01342,Supervisor
2025-03-13 15:00:00,Incident Created,INC-01342,SUSTAINABILITY_INCIDENT
2025-03-13 15:30:00,Incident Created,INC-01343,SUSTAINABILITY_INCIDENT
2025-03-13 15:30:00,Escalated,INC-01343,Supervisor
2025-03-13 16:00:00,Incident Created,INC-01344,SUSTAINABILITY_INCIDENT
2025-03-13 16:00:00,Escalated,INC-01344,Supervisor
2025-03-13 16:30:00,Incident Created,INC-01345,SUSTAINABILITY_INCIDENT
2025-03-13 16:30:00,Escalated,INC-01345,Supervisor
2025-03-13 17:00:00,Resolved,INC-01342,Incident Closed
2025-03-13 17:00:00,Incident Created,INC-01346,SUSTAINABILITY_INCIDENT
2025-03-13 17:00:00,Escalated,INC-01346,Supervisor
2025-03-13 17:30:00,Resolved,INC-01343,Incident Closed
2025-03-13 17:30:00,Incident Created,INC-01347,SUSTAINABILITY_INCIDENT
2025-03-13 17:30:00,Escalated,INC-01347,Supervisor
2025-03-13 17:30:00,Escalated,INC-01348,Regional Controller
2025-03-13 17:30:00,Incident Created,INC-01348,PEAK_LOAD_EMISSIONS_INCIDENT
2025-03-13 18:00:00,Resolved,INC-01344,Incident Closed
2025-03-13 18:00:00,Escalated,INC-01349,Supervisor
2025-03-13 18:00:00,Incident Created,INC-01349,SUSTAINABILITY_INCIDENT
2025-03-13 18:00:00,Incident Created,INC-01350,PEAK_LOAD_EMISSIONS_INCIDENT
2025-03-13 18:00:00,Escalated,INC-01350,Regional Controller
2025-03-13 18:30:00,Resolved,INC-01345,Incident Closed
2025-03-13 18:30:00,Incident Created,INC-01351,SUSTAINABILITY_INCIDENT
2025-03-13 18:30:00,Escalated,INC-01351,Supervisor
2025-03-13 18:30:00,Incident Created,INC-01352,PEAK_LOAD_EMISSIONS_INCIDENT
2025-03-13 18:30:00,Escalated,INC-01352,Regional Controller
2025-03-13 19:00:00,Resolved,INC-01346,Incident Closed
2025-03-13 19:00:00,Escalated,INC-01353,Supervisor
2025-03-13 19:00:00,Incident Created,INC-01353,SUSTAINABILITY_INCIDENT
2025-03-13 19:00:00,Escalated,INC-01354,Regional Controller
2025-03-13 19:00:00,Incident Created,INC-01354,PEAK_LOAD_EMISSIONS_INCIDENT
2025-03-13 19:30:00,Resolved,INC-01347,Incident Closed
2025-03-13 19:30:00,Resolved,INC-01348,Incident Closed
2025-03-13 19:30:00,Escalated,INC-01355,Supervisor
2025-03-13 19:30:00,Incident Created,INC-01355,SUSTAINABILITY_INCIDENT
2025-03-13 19:30:00,Escalated,INC-01356,Regional Controller
2025-03-13 19:30:00,Incident Created,INC-01356,PEAK_LOAD_EMISSIONS_INCIDENT
2025-03-13 20:00:00,Resolved,INC-01349,Incident Closed
2025-03-13 20:00:00,Resolved,INC-01350,Incident Closed
2025-03-13 20:00:00,Incident Created,INC-01357,SUSTAINABILITY_INCIDENT
2025-03-13 20:00:00,Escalated,INC-01357,Supervisor
2025-03-13 20:30:00,Resolved,INC-01351,Incident Closed
2025-03-13 20:30:00,Resolved,INC-01352,Incident Closed
2025-03-13 20:30:00,Incident Created,INC-01358,SUSTAINABILITY_INCIDENT
2025-03-13 20:30:00,Escalated,INC-01358,Supervisor
2025-03-13 21:00:00,Resolved,INC-01353,Incident Closed
2025-03-13 21:00:00,Resolved,INC-01354,Incident Closed
2025-03-13 21:00:00,Escalated,INC-01359,Supervisor
2025-03-13 21:00:00,Incident Created,INC-01359,SUSTAINABILITY_INCIDENT
2025-03-13 21:30:00,Resolved,INC-01355,Incident Closed
2025-03-13 21:30:00,Resolved,INC-01356,Incident Closed
2025-03-13 21:30:00,Incident Created,INC-01360,SUSTAINABILITY_INCIDENT
2025-03-13 21:30:00,Escalated,INC-01360,Supervisor
2025-03-13 22:00:00,Resolved,INC-01357,Incident Closed
2025-03-13 22:00:00,Escalated,INC-01361,Supervisor
2025-03-13 22:00:00,Incident Created,INC-01361,SUSTAINABILITY_INCIDENT
2025-03-13 22:30:00,Resolved,INC-01358,Incident Closed
2025-03-13 22:30:00,Escalated,INC-01362,Supervisor
2025-03-13 22:30:00,Incident Created,INC-01362,SUSTAINABILITY_INCIDENT
2025-03-13 23:00:00,Resolved,INC-01359,Incident Closed
2025-03-13 23:00:00,Incident Created,INC-01363,SUSTAINABILITY_INCIDENT
2025-03-13 23:00:00,Escalated,INC-01363,Supervisor
2025-03-13 23:30:00,Resolved,INC-01360,Incident Closed
2025-03-13 23:30:00,Incident Created,INC-01364,SUSTAINABILITY_INCIDENT
2025-03-13 23:30:00,Escalated,INC-01364,Supervisor
2025-03-14 00:00:00,Resolved,INC-01361,Incident Closed
2025-03-14 00:00:00,Incident Created,INC-01365,SUSTAINABILITY_INCIDENT
2025-03-14 00:00:00,Escalated,INC-01365,Supervisor
2025-03-14 00:30:00,Resolved,INC-01362,Incident Closed
2025-03-14 00:30:00,Escalated,INC-01366,Supervisor
2025-03-14 00:30:00,Incident Created,INC-01366,SUSTAINABILITY_INCIDENT
2025-03-14 01:00:00,Resolved,INC-01363,Incident Closed
2025-03-14 01:00:00,Escalated,INC-01367,Supervisor
2025-03-14 01:00:00,Incident Created,INC-01367,SUSTAINABILITY_INCIDENT
2025-03-14 01:30:00,Resolved,INC-01364,Incident Closed
2025-03-14 01:30:00,Escalated,INC-01368,Supervisor
2025-03-14 01:30:00,Incident Created,INC-01368,SUSTAINABILITY_INCIDENT
2025-03-14 02:00:00,Resolved,INC-01365,Incident Closed
2025-03-14 02:00:00,Escalated,INC-01369,Supervisor
2025-03-14 02:00:00,Incident Created,INC-01369,SUSTAINABILITY_INCIDENT
2025-03-14 02:30:00,Resolved,INC-01366,Incident Closed
2025-03-14 02:30:00,Escalated,INC-01370,Supervisor
2025-03-14 02:30:00,Incident Created,INC-01370,SUSTAINABILITY_INCIDENT
2025-03-14 03:00:00,Resolved,INC-01367,Incident Closed
2025-03-14 03:00:00,Incident Created,INC-01371,SUSTAINABILITY_INCIDENT
2025-03-14 03:00:00,Escalated,INC-01371,Supervisor
2025-03-14 03:30:00,Resolved,INC-01368,Incident Closed
2025-03-14 03:30:00,Incident Created,INC-01372,SUSTAINABILITY_INCIDENT
2025-03-14 03:30:00,Escalated,INC-01372,Supervisor
2025-03-14 04:00:00,Resolved,INC-01369,Incident Closed
2025-03-14 04:00:00,Escalated,INC-01373,Supervisor
2025-03-14 04:00:00,Incident Created,INC-01373,SUSTAINABILITY_INCIDENT
2025-03-14 04:30:00,Resolved,INC-01370,Incident Closed
2025-03-14 04:30:00,Incident Created,INC-01374,SUSTAINABILITY_INCIDENT
2025-03-14 04:30:00,Escalated,INC-01374,Supervisor
2025-03-14 05:00:00,Resolved,INC-01371,Incident Closed
2025-03-14 05:00:00,Escalated,INC-01375,Supervisor
2025-03-14 05:00:00,Incident Created,INC-01375,SUSTAINABILITY_INCIDENT
2025-03-14 05:30:00,Resolved,INC-01372,Incident Closed
2025-03-14 05:30:00,Incident Created,INC-01376,SUSTAINABILITY_INCIDENT
2025-03-14 05:30:00,Escalated,INC-01376,Supervisor
2025-03-14 06:00:00,Resolved,INC-01373,Incident Closed
2025-03-14 06:00:00,Escalated,INC-01377,Supervisor
2025-03-14 06:00:00,Incident Created,INC-01377,SUSTAINABILITY_INCIDENT
2025-03-14 06:30:00,Resolved,INC-01374,Incident Closed
2025-03-14 06:30:00,Escalated,INC-01378,Supervisor
2025-03-14 06:30:00,Incident Created,INC-01378,SUSTAINABILITY_INCIDENT
2025-03-14 07:00:00,Resolved,INC-01375,Incident Closed
2025-03-14 07:00:00,Escalated,INC-01379,Supervisor
2025-03-14 07:00:00,Incident Created,INC-01379,SUSTAINABILITY_INCIDENT
2025-03-14 07:30:00,Resolved,INC-01376,Incident Closed
2025-03-14 07:30:00,Escalated,INC-01380,Supervisor
2025-03-14 07:30:00,Incident Created,INC-01380,SUSTAINABILITY_INCIDENT
2025-03-14 08:00:00,Resolved,INC-01377,Incident Closed
2025-03-14 08:00:00,Escalated,INC-01381,Supervisor
2025-03-14 08:00:00,Incident Created,INC-01381,SUSTAINABILITY_INCIDENT
2025-03-14 08:30:00,Resolved,INC-01378,Incident Closed
2025-03-14 09:00:00,Resolved,INC-01379,Incident Closed
2025-03-14 09:30:00,Resolved,INC-01380,Incident Closed
2025-03-14 10:00:00,Resolved,INC-01381,Incident Closed
2025-03-14 10:00:00,Incident Created,INC-01382,OPERATIONAL_RISK_INCIDENT
2025-03-14 10:00:00,Escalated,INC-01382,Regional Controller
2025-03-14 10:30:00,Escalated,INC-01383,Regional Controller
2025-03-14 10:30:00,Incident Created,INC-01383,OPERATIONAL_RISK_INCIDENT
2025-03-14 11:00:00,Incident Created,INC-01384,OPERATIONAL_RISK_INCIDENT
2025-03-14 11:00:00,Escalated,INC-01384,Regional Controller
2025-03-14 11:30:00,Incident Created,INC-01385,OPERATIONAL_RISK_INCIDENT
2025-03-14 11:30:00,Escalated,INC-01385,Regional Controller
2025-03-14 12:00:00,Resolved,INC-01382,Incident Closed
2025-03-14 12:00:00,Escalated,INC-01386,Regional Controller
2025-03-14 12:00:00,Incident Created,INC-01386,OPERATIONAL_RISK_INCIDENT
2025-03-14 12:30:00,Resolved,INC-01383,Incident Closed
2025-03-14 13:00:00,Resolved,INC-01384,Incident Closed
2025-03-14 13:30:00,Resolved,INC-01385,Incident Closed
2025-03-14 14:00:00,Resolved,INC-01386,Incident Closed
2025-03-14 14:00:00,Escalated,INC-01387,Supervisor
2025-03-14 14:00:00,Incident Created,INC-01387,SUSTAINABILITY_INCIDENT
2025-03-14 14:30:00,Escalated,INC-01388,Supervisor
2025-03-14 14:30:00,Incident Created,INC-01388,SUSTAINABILITY_INCIDENT
2025-03-14 15:00:00,Escalated,INC-01389,Supervisor
2025-03-14 15:00:00,Incident Created,INC-01389,SUSTAINABILITY_INCIDENT
2025-03-14 15:30:00,Incident Created,INC-01390,SUSTAINABILITY_INCIDENT
2025-03-14 15:30:00,Escalated,INC-01390,Supervisor
2025-03-14 16:00:00,Resolved,INC-01387,Incident Closed
2025-03-14 16:00:00,Incident Created,INC-01391,SUSTAINABILITY_INCIDENT
2025-03-14 16:00:00,Escalated,INC-01391,Supervisor
2025-03-14 16:30:00,Resolved,INC-01388,Incident Closed
2025-03-14 16:30:00,Incident Created,INC-01392,SUSTAINABILITY_INCIDENT
2025-03-14 16:30:00,Escalated,INC-01392,Supervisor
2025-03-14 17:00:00,Resolved,INC-01389,Incident Closed
2025-03-14 17:00:00,Escalated,INC-01393,Supervisor
2025-03-14 17:00:00,Incident Created,INC-01393,SUSTAINABILITY_INCIDENT
2025-03-14 17:30:00,Resolved,INC-01390,Incident Closed
2025-03-14 17:30:00,Escalated,INC-01394,Supervisor
2025-03-14 17:30:00,Incident Created,INC-01394,SUSTAINABILITY_INCIDENT
2025-03-14 18:00:00,Resolved,INC-01391,Incident Closed
2025-03-14 18:00:00,Incident Created,INC-01395,SUSTAINABILITY_INCIDENT
2025-03-14 18:00:00,Escalated,INC-01395,Supervisor
2025-03-14 18:00:00,Incident Created,INC-01396,PEAK_LOAD_EMISSIONS_INCIDENT
2025-03-14 18:00:00,Escalated,INC-01396,Regional Controller
2025-03-14 18:30:00,Resolved,INC-01392,Incident Closed
2025-03-14 18:30:00,Escalated,INC-01397,Supervisor
2025-03-14 18:30:00,Incident Created,INC-01397,SUSTAINABILITY_INCIDENT
2025-03-14 18:30:00,Escalated,INC-01398,Regional Controller
2025-03-14 18:30:00,Incident Created,INC-01398,PEAK_LOAD_EMISSIONS_INCIDENT
2025-03-14 19:00:00,Resolved,INC-01393,Incident Closed
2025-03-14 19:00:00,Escalated,INC-01399,Supervisor
2025-03-14 19:00:00,Incident Created,INC-01399,SUSTAINABILITY_INCIDENT
2025-03-14 19:30:00,Resolved,INC-01394,Incident Closed
2025-03-14 19:30:00,Incident Created,INC-01400,SUSTAINABILITY_INCIDENT
2025-03-14 19:30:00,Escalated,INC-01400,Supervisor
2025-03-14 20:00:00,Resolved,INC-01395,Incident Closed
2025-03-14 20:00:00,Resolved,INC-01396,Incident Closed
2025-03-14 20:00:00,Incident Created,INC-01401,SUSTAINABILITY_INCIDENT
2025-03-14 20:00:00,Escalated,INC-01401,Supervisor
2025-03-14 20:30:00,Resolved,INC-01397,Incident Closed
2025-03-14 20:30:00,Resolved,INC-01398,Incident Closed
2025-03-14 20:30:00,Incident Created,INC-01402,SUSTAINABILITY_INCIDENT
2025-03-14 20:30:00,Escalated,INC-01402,Supervisor
2025-03-14 21:00:00,Resolved,INC-01399,Incident Closed
2025-03-14 21:00:00,Incident Created,INC-01403,SUSTAINABILITY_INCIDENT
2025-03-14 21:00:00,Escalated,INC-01403,Supervisor
2025-03-14 21:30:00,Resolved,INC-01400,Incident Closed
2025-03-14 21:30:00,Escalated,INC-01404,Supervisor
2025-03-14 21:30:00,Incident Created,INC-01404,SUSTAINABILITY_INCIDENT
2025-03-14 22:00:00,Resolved,INC-01401,Incident Closed
2025-03-14 22:00:00,Incident Created,INC-01405,SUSTAINABILITY_INCIDENT
2025-03-14 22:00:00,Escalated,INC-01405,Supervisor
2025-03-14 22:30:00,Resolved,INC-01402,Incident Closed
2025-03-14 22:30:00,Incident Created,INC-01406,SUSTAINABILITY_INCIDENT
2025-03-14 22:30:00,Escalated,INC-01406,Supervisor
2025-03-14 23:00:00,Resolved,INC-01403,Incident Closed
2025-03-14 23:30:00,Resolved,INC-01404,Incident Closed
2025-03-15 00:00:00,Resolved,INC-01405,Incident Closed
2025-03-15 00:30:00,Resolved,INC-01406,Incident Closed
2025-03-17 06:00:00,Incident Created,INC-01407,SUSTAINABILITY_INCIDENT
2025-03-17 06:00:00,Escalated,INC-01407,Supervisor
2025-03-17 06:30:00,Incident Created,INC-01408,SUSTAINABILITY_INCIDENT
2025-03-17 06:30:00,Escalated,INC-01408,Supervisor
2025-03-17 07:00:00,Incident Created,INC-01409,SUSTAINABILITY_INCIDENT
2025-03-17 07:00:00,Escalated,INC-01409,Supervisor
2025-03-17 07:30:00,Escalated,INC-01410,Supervisor
2025-03-17 07:30:00,Incident Created,INC-01410,SUSTAINABILITY_INCIDENT
2025-03-17 08:00:00,Resolved,INC-01407,Incident Closed
2025-03-17 08:00:00,Escalated,INC-01411,Supervisor
2025-03-17 08:00:00,Incident Created,INC-01411,SUSTAINABILITY_INCIDENT
2025-03-17 08:30:00,Resolved,INC-01408,Incident Closed
2025-03-17 08:30:00,Escalated,INC-01412,Supervisor
2025-03-17 08:30:00,Incident Created,INC-01412,SUSTAINABILITY_INCIDENT
2025-03-17 09:00:00,Resolved,INC-01409,Incident Closed
2025-03-17 09:30:00,Resolved,INC-01410,Incident Closed
2025-03-17 10:00:00,Resolved,INC-01411,Incident Closed
2025-03-17 10:30:00,Resolved,INC-01412,Incident Closed
2025-03-18 11:00:00,Escalated,INC-01413,Supervisor
2025-03-18 11:00:00,Incident Created,INC-01413,CURTAILMENT_RISK_INCIDENT
2025-03-18 11:30:00,Incident Created,INC-01414,CURTAILMENT_RISK_INCIDENT
2025-03-18 11:30:00,Escalated,INC-01414,Supervisor
2025-03-18 12:00:00,Escalated,INC-01415,Supervisor
2025-03-18 12:00:00,Incident Created,INC-01415,CURTAILMENT_RISK_INCIDENT
2025-03-18 12:30:00,Incident Created,INC-01416,CURTAILMENT_RISK_INCIDENT
2025-03-18 12:30:00,Escalated,INC-01416,Supervisor
2025-03-18 13:00:00,Resolved,INC-01413,Incident Closed
2025-03-18 13:00:00,Incident Created,INC-01417,CURTAILMENT_RISK_INCIDENT
2025-03-18 13:00:00,Escalated,INC-01417,Supervisor
2025-03-18 13:30:00,Resolved,INC-01414,Incident Closed
2025-03-18 13:30:00,Incident Created,INC-01418,CURTAILMENT_RISK_INCIDENT
2025-03-18 13:30:00,Escalated,INC-01418,Supervisor
2025-03-18 14:00:00,Resolved,INC-01415,Incident Closed
2025-03-18 14:00:00,Incident Created,INC-01419,CURTAILMENT_RISK_INCIDENT
2025-03-18 14:00:00,Escalated,INC-01419,Supervisor
2025-03-18 14:30:00,Resolved,INC-01416,Incident Closed
2025-03-18 15:00:00,Resolved,INC-01417,Incident Closed
2025-03-18 15:30:00,Resolved,INC-01418,Incident Closed
2025-03-18 16:00:00,Resolved,INC-01419,Incident Closed
2025-03-19 04:30:00,Incident Created,INC-01420,SUSTAINABILITY_INCIDENT
2025-03-19 04:30:00,Escalated,INC-01420,Supervisor
2025-03-19 05:00:00,Incident Created,INC-01421,SUSTAINABILITY_INCIDENT
2025-03-19 05:00:00,Escalated,INC-01421,Supervisor
2025-03-19 05:30:00,Incident Created,INC-01422,SUSTAINABILITY_INCIDENT
2025-03-19 05:30:00,Escalated,INC-01422,Supervisor
2025-03-19 06:00:00,Incident Created,INC-01423,SUSTAINABILITY_INCIDENT
2025-03-19 06:00:00,Escalated,INC-01423,Supervisor
2025-03-19 06:30:00,Resolved,INC-01420,Incident Closed
2025-03-19 06:30:00,Incident Created,INC-01424,SUSTAINABILITY_INCIDENT
2025-03-19 06:30:00,Escalated,INC-01424,Supervisor
2025-03-19 07:00:00,Resolved,INC-01421,Incident Closed
2025-03-19 07:00:00,Incident Created,INC-01425,SUSTAINABILITY_INCIDENT
2025-03-19 07:00:00,Escalated,INC-01425,Supervisor
2025-03-19 07:30:00,Resolved,INC-01422,Incident Closed
2025-03-19 07:30:00,Incident Created,INC-01426,SUSTAINABILITY_INCIDENT
2025-03-19 07:30:00,Escalated,INC-01426,Supervisor
2025-03-19 08:00:00,Resolved,INC-01423,Incident Closed
2025-03-19 08:30:00,Resolved,INC-01424,Incident Closed
2025-03-19 09:00:00,Resolved,INC-01425,Incident Closed
2025-03-19 09:30:00,Resolved,INC-01426,Incident Closed
2025-03-19 15:00:00,Escalated,INC-01427,Supervisor
2025-03-19 15:00:00,Incident Created,INC-01427,SUSTAINABILITY_INCIDENT
2025-03-19 15:30:00,Incident Created,INC-01428,SUSTAINABILITY_INCIDENT
2025-03-19 15:30:00,Escalated,INC-01428,Supervisor
2025-03-19 16:00:00,Escalated,INC-01429,Supervisor
2025-03-19 16:00:00,Incident Created,INC-01429,SUSTAINABILITY_INCIDENT
2025-03-19 16:30:00,Escalated,INC-01430,Supervisor
2025-03-19 16:30:00,Incident Created,INC-01430,SUSTAINABILITY_INCIDENT
2025-03-19 16:30:00,Escalated,INC-01431,Regional Controller
2025-03-19 16:30:00,Incident Created,INC-01431,OPERATIONAL_RISK_INCIDENT
2025-03-19 17:00:00,Resolved,INC-01427,Incident Closed
2025-03-19 17:00:00,Incident Created,INC-01432,SUSTAINABILITY_INCIDENT
2025-03-19 17:00:00,Escalated,INC-01432,Supervisor
2025-03-19 17:00:00,Incident Created,INC-01433,OPERATIONAL_RISK_INCIDENT
2025-03-19 17:00:00,Escalated,INC-01433,Regional Controller
2025-03-19 17:30:00,Resolved,INC-01428,Incident Closed
2025-03-19 17:30:00,Incident Created,INC-01434,SUSTAINABILITY_INCIDENT
2025-03-19 17:30:00,Escalated,INC-01434,Supervisor
2025-03-19 17:30:00,Incident Created,INC-01435,OPERATIONAL_RISK_INCIDENT
2025-03-19 17:30:00,Escalated,INC-01435,Regional Controller
2025-03-19 18:00:00,Resolved,INC-01429,Incident Closed
2025-03-19 18:00:00,Escalated,INC-01436,Supervisor
2025-03-19 18:00:00,Incident Created,INC-01436,SUSTAINABILITY_INCIDENT
2025-03-19 18:30:00,Resolved,INC-01430,Incident Closed
2025-03-19 18:30:00,Resolved,INC-01431,Incident Closed
2025-03-19 18:30:00,Escalated,INC-01437,Supervisor
2025-03-19 18:30:00,Incident Created,INC-01437,SUSTAINABILITY_INCIDENT
2025-03-19 19:00:00,Resolved,INC-01432,Incident Closed
2025-03-19 19:00:00,Resolved,INC-01433,Incident Closed
2025-03-19 19:00:00,Escalated,INC-01438,Supervisor
2025-03-19 19:00:00,Incident Created,INC-01438,SUSTAINABILITY_INCIDENT
2025-03-19 19:30:00,Resolved,INC-01434,Incident Closed
2025-03-19 19:30:00,Resolved,INC-01435,Incident Closed
2025-03-19 19:30:00,Escalated,INC-01439,Supervisor
2025-03-19 19:30:00,Incident Created,INC-01439,SUSTAINABILITY_INCIDENT
2025-03-19 20:00:00,Resolved,INC-01436,Incident Closed
2025-03-19 20:00:00,Incident Created,INC-01440,SUSTAINABILITY_INCIDENT
2025-03-19 20:00:00,Escalated,INC-01440,Supervisor
2025-03-19 20:30:00,Resolved,INC-01437,Incident Closed
2025-03-19 20:30:00,Incident Created,INC-01441,SUSTAINABILITY_INCIDENT
2025-03-19 20:30:00,Escalated,INC-01441,Supervisor
2025-03-19 21:00:00,Resolved,INC-01438,Incident Closed
2025-03-19 21:00:00,Incident Created,INC-01442,SUSTAINABILITY_INCIDENT
2025-03-19 21:00:00,Escalated,INC-01442,Supervisor
2025-03-19 21:30:00,Resolved,INC-01439,Incident Closed
2025-03-19 21:30:00,Escalated,INC-01443,Supervisor
2025-03-19 21:30:00,Incident Created,INC-01443,SUSTAINABILITY_INCIDENT
2025-03-19 22:00:00,Resolved,INC-01440,Incident Closed
2025-03-19 22:00:00,Escalated,INC-01444,Supervisor
2025-03-19 22:00:00,Incident Created,INC-01444,SUSTAINABILITY_INCIDENT
2025-03-19 22:30:00,Resolved,INC-01441,Incident Closed
2025-03-19 22:30:00,Escalated,INC-01445,Supervisor
2025-03-19 22:30:00,Incident Created,INC-01445,SUSTAINABILITY_INCIDENT
2025-03-19 23:00:00,Resolved,INC-01442,Incident Closed
2025-03-19 23:00:00,Escalated,INC-01446,Supervisor
2025-03-19 23:00:00,Incident Created,INC-01446,SUSTAINABILITY_INCIDENT
2025-03-19 23:30:00,Resolved,INC-01443,Incident Closed
2025-03-19 23:30:00,Escalated,INC-01447,Supervisor
2025-03-19 23:30:00,Incident Created,INC-01447,SUSTAINABILITY_INCIDENT
2025-03-20 00:00:00,Resolved,INC-01444,Incident Closed
2025-03-20 00:00:00,Incident Created,INC-01448,SUSTAINABILITY_INCIDENT
2025-03-20 00:00:00,Escalated,INC-01448,Supervisor
2025-03-20 00:30:00,Resolved,INC-01445,Incident Closed
2025-03-20 00:30:00,Incident Created,INC-01449,SUSTAINABILITY_INCIDENT
2025-03-20 00:30:00,Escalated,INC-01449,Supervisor
2025-03-20 01:00:00,Resolved,INC-01446,Incident Closed
2025-03-20 01:00:00,Incident Created,INC-01450,SUSTAINABILITY_INCIDENT
2025-03-20 01:00:00,Escalated,INC-01450,Supervisor
2025-03-20 01:30:00,Resolved,INC-01447,Incident Closed
2025-03-20 01:30:00,Incident Created,INC-01451,SUSTAINABILITY_INCIDENT
2025-03-20 01:30:00,Escalated,INC-01451,Supervisor
2025-03-20 02:00:00,Resolved,INC-01448,Incident Closed
2025-03-20 02:00:00,Incident Created,INC-01452,SUSTAINABILITY_INCIDENT
2025-03-20 02:00:00,Escalated,INC-01452,Supervisor
2025-03-20 02:30:00,Resolved,INC-01449,Incident Closed
2025-03-20 02:30:00,Escalated,INC-01453,Supervisor
2025-03-20 02:30:00,Incident Created,INC-01453,SUSTAINABILITY_INCIDENT
2025-03-20 03:00:00,Resolved,INC-01450,Incident Closed
2025-03-20 03:00:00,Incident Created,INC-01454,SUSTAINABILITY_INCIDENT
2025-03-20 03:00:00,Escalated,INC-01454,Supervisor
2025-03-20 03:30:00,Resolved,INC-01451,Incident Closed
2025-03-20 03:30:00,Incident Created,INC-01455,SUSTAINABILITY_INCIDENT
2025-03-20 03:30:00,Escalated,INC-01455,Supervisor
2025-03-20 04:00:00,Resolved,INC-01452,Incident Closed
2025-03-20 04:00:00,Incident Created,INC-01456,SUSTAINABILITY_INCIDENT
2025-03-20 04:00:00,Escalated,INC-01456,Supervisor
2025-03-20 04:30:00,Resolved,INC-01453,Incident Closed
2025-03-20 04:30:00,Incident Created,INC-01457,SUSTAINABILITY_INCIDENT
2025-03-20 04:30:00,Escalated,INC-01457,Supervisor
2025-03-20 05:00:00,Resolved,INC-01454,Incident Closed
2025-03-20 05:00:00,Incident Created,INC-01458,SUSTAINABILITY_INCIDENT
2025-03-20 05:00:00,Escalated,INC-01458,Supervisor
2025-03-20 05:30:00,Resolved,INC-01455,Incident Closed
2025-03-20 05:30:00,Escalated,INC-01459,Supervisor
2025-03-20 05:30:00,Incident Created,INC-01459,SUSTAINABILITY_INCIDENT
2025-03-20 06:00:00,Resolved,INC-01456,Incident Closed
2025-03-20 06:00:00,Escalated,INC-01460,Supervisor
2025-03-20 06:00:00,Incident Created,INC-01460,SUSTAINABILITY_INCIDENT
2025-03-20 06:30:00,Resolved,INC-01457,Incident Closed
2025-03-20 06:30:00,Escalated,INC-01461,Supervisor
2025-03-20 06:30:00,Incident Created,INC-01461,SUSTAINABILITY_INCIDENT
2025-03-20 07:00:00,Resolved,INC-01458,Incident Closed
2025-03-20 07:00:00,Escalated,INC-01462,Supervisor
2025-03-20 07:00:00,Incident Created,INC-01462,SUSTAINABILITY_INCIDENT
2025-03-20 07:30:00,Resolved,INC-01459,Incident Closed
2025-03-20 07:30:00,Escalated,INC-01463,Supervisor
2025-03-20 07:30:00,Incident Created,INC-01463,SUSTAINABILITY_INCIDENT
2025-03-20 08:00:00,Resolved,INC-01460,Incident Closed
2025-03-20 08:00:00,Incident Created,INC-01464,SUSTAINABILITY_INCIDENT
2025-03-20 08:00:00,Escalated,INC-01464,Supervisor
2025-03-20 08:30:00,Resolved,INC-01461,Incident Closed
2025-03-20 09:00:00,Resolved,INC-01462,Incident Closed
2025-03-20 09:30:00,Resolved,INC-01463,Incident Closed
2025-03-20 10:00:00,Resolved,INC-01464,Incident Closed
2025-03-21 08:30:00,Escalated,INC-01465,Supervisor
2025-03-21 08:30:00,Incident Created,INC-01465,CURTAILMENT_RISK_INCIDENT
2025-03-21 09:00:00,Escalated,INC-01466,Supervisor
2025-03-21 09:00:00,Incident Created,INC-01466,CURTAILMENT_RISK_INCIDENT
2025-03-21 09:30:00,Incident Created,INC-01467,CURTAILMENT_RISK_INCIDENT
2025-03-21 09:30:00,Escalated,INC-01467,Supervisor
2025-03-21 10:00:00,Incident Created,INC-01468,CURTAILMENT_RISK_INCIDENT
2025-03-21 10:00:00,Escalated,INC-01468,Supervisor
2025-03-21 10:30:00,Resolved,INC-01465,Incident Closed
2025-03-21 10:30:00,Escalated,INC-01469,Supervisor
2025-03-21 10:30:00,Incident Created,INC-01469,CURTAILMENT_RISK_INCIDENT
2025-03-21 11:00:00,Resolved,INC-01466,Incident Closed
2025-03-21 11:00:00,Escalated,INC-01470,Supervisor
2025-03-21 11:00:00,Incident Created,INC-01470,CURTAILMENT_RISK_INCIDENT
2025-03-21 11:30:00,Resolved,INC-01467,Incident Closed
2025-03-21 11:30:00,Escalated,INC-01471,Supervisor
2025-03-21 11:30:00,Incident Created,INC-01471,CURTAILMENT_RISK_INCIDENT
2025-03-21 12:00:00,Resolved,INC-01468,Incident Closed
2025-03-21 12:00:00,Incident Created,INC-01472,CURTAILMENT_RISK_INCIDENT
2025-03-21 12:00:00,Escalated,INC-01472,Supervisor
2025-03-21 12:30:00,Resolved,INC-01469,Incident Closed
2025-03-21 12:30:00,Incident Created,INC-01473,CURTAILMENT_RISK_INCIDENT
2025-03-21 12:30:00,Escalated,INC-01473,Supervisor
2025-03-21 13:00:00,Resolved,INC-01470,Incident Closed
2025-03-21 13:00:00,Escalated,INC-01474,Supervisor
2025-03-21 13:00:00,Incident Created,INC-01474,CURTAILMENT_RISK_INCIDENT
2025-03-21 13:30:00,Resolved,INC-01471,Incident Closed
2025-03-21 13:30:00,Incident Created,INC-01475,CURTAILMENT_RISK_INCIDENT
2025-03-21 13:30:00,Escalated,INC-01475,Supervisor
2025-03-21 14:00:00,Resolved,INC-01472,Incident Closed
2025-03-21 14:00:00,Incident Created,INC-01476,CURTAILMENT_RISK_INCIDENT
2025-03-21 14:00:00,Escalated,INC-01476,Supervisor
2025-03-21 14:30:00,Resolved,INC-01473,Incident Closed
2025-03-21 14:30:00,Incident Created,INC-01477,CURTAILMENT_RISK_INCIDENT
2025-03-21 14:30:00,Escalated,INC-01477,Supervisor
2025-03-21 15:00:00,Resolved,INC-01474,Incident Closed
2025-03-21 15:00:00,Incident Created,INC-01478,CURTAILMENT_RISK_INCIDENT
2025-03-21 15:00:00,Escalated,INC-01478,Supervisor
2025-03-21 15:30:00,Resolved,INC-01475,Incident Closed
2025-03-21 15:30:00,Incident Created,INC-01479,CURTAILMENT_RISK_INCIDENT
2025-03-21 15:30:00,Escalated,INC-01479,Supervisor
2025-03-21 16:00:00,Resolved,INC-01476,Incident Closed
2025-03-21 16:30:00,Resolved,INC-01477,Incident Closed
2025-03-21 17:00:00,Resolved,INC-01478,Incident Closed
2025-03-21 17:30:00,Resolved,INC-01479,Incident Closed
2025-03-23 18:00:00,Escalated,INC-01480,Supervisor
2025-03-23 18:00:00,Incident Created,INC-01480,SUSTAINABILITY_INCIDENT
2025-03-23 18:30:00,Escalated,INC-01481,Supervisor
2025-03-23 18:30:00,Incident Created,INC-01481,SUSTAINABILITY_INCIDENT
2025-03-23 19:00:00,Escalated,INC-01482,Supervisor
2025-03-23 19:00:00,Incident Created,INC-01482,SUSTAINABILITY_INCIDENT
2025-03-23 19:30:00,Escalated,INC-01483,Supervisor
2025-03-23 19:30:00,Incident Created,INC-01483,SUSTAINABILITY_INCIDENT
2025-03-23 20:00:00,Resolved,INC-01480,Incident Closed
2025-03-23 20:00:00,Incident Created,INC-01484,SUSTAINABILITY_INCIDENT
2025-03-23 20:00:00,Escalated,INC-01484,Supervisor
2025-03-23 20:30:00,Resolved,INC-01481,Incident Closed
2025-03-23 20:30:00,Incident Created,INC-01485,SUSTAINABILITY_INCIDENT
2025-03-23 20:30:00,Escalated,INC-01485,Supervisor
2025-03-23 21:00:00,Resolved,INC-01482,Incident Closed
2025-03-23 21:00:00,Escalated,INC-01486,Supervisor
2025-03-23 21:00:00,Incident Created,INC-01486,SUSTAINABILITY_INCIDENT
2025-03-23 21:30:00,Resolved,INC-01483,Incident Closed
2025-03-23 21:30:00,Incident Created,INC-01487,SUSTAINABILITY_INCIDENT
2025-03-23 21:30:00,Escalated,INC-01487,Supervisor
2025-03-23 22:00:00,Resolved,INC-01484,Incident Closed
2025-03-23 22:30:00,Resolved,INC-01485,Incident Closed
2025-03-23 23:00:00,Resolved,INC-01486,Incident Closed
2025-03-23 23:30:00,Resolved,INC-01487,Incident Closed
2025-03-24 17:30:00,Escalated,INC-01488,Supervisor
2025-03-24 17:30:00,Incident Created,INC-01488,SUSTAINABILITY_INCIDENT
2025-03-24 18:00:00,Escalated,INC-01489,Supervisor
2025-03-24 18:00:00,Incident Created,INC-01489,SUSTAINABILITY_INCIDENT
2025-03-24 18:30:00,Escalated,INC-01490,Supervisor
2025-03-24 18:30:00,Incident Created,INC-01490,SUSTAINABILITY_INCIDENT
2025-03-24 19:00:00,Escalated,INC-01491,Supervisor
2025-03-24 19:00:00,Incident Created,INC-01491,SUSTAINABILITY_INCIDENT
2025-03-24 19:30:00,Resolved,INC-01488,Incident Closed
2025-03-24 19:30:00,Escalated,INC-01492,Supervisor
2025-03-24 19:30:00,Incident Created,INC-01492,SUSTAINABILITY_INCIDENT
2025-03-24 20:00:00,Resolved,INC-01489,Incident Closed
2025-03-24 20:00:00,Incident Created,INC-01493,SUSTAINABILITY_INCIDENT
2025-03-24 20:00:00,Escalated,INC-01493,Supervisor
2025-03-24 20:30:00,Resolved,INC-01490,Incident Closed
2025-03-24 21:00:00,Resolved,INC-01491,Incident Closed
2025-03-24 21:30:00,Resolved,INC-01492,Incident Closed
2025-03-24 22:00:00,Resolved,INC-01493,Incident Closed
2025-03-25 17:30:00,Incident Created,INC-01494,SUSTAINABILITY_INCIDENT
2025-03-25 17:30:00,Escalated,INC-01494,Supervisor
2025-03-25 18:00:00,Escalated,INC-01495,Supervisor
2025-03-25 18:00:00,Incident Created,INC-01495,SUSTAINABILITY_INCIDENT
2025-03-25 18:30:00,Incident Created,INC-01496,SUSTAINABILITY_INCIDENT
2025-03-25 18:30:00,Escalated,INC-01496,Supervisor
2025-03-25 19:00:00,Escalated,INC-01497,Supervisor
2025-03-25 19:00:00,Incident Created,INC-01497,SUSTAINABILITY_INCIDENT
2025-03-25 19:30:00,Resolved,INC-01494,Incident Closed
2025-03-25 19:30:00,Escalated,INC-01498,Supervisor
2025-03-25 19:30:00,Incident Created,INC-01498,SUSTAINABILITY_INCIDENT
2025-03-25 20:00:00,Resolved,INC-01495,Incident Closed
2025-03-25 20:00:00,Incident Created,INC-01499,SUSTAINABILITY_INCIDENT
2025-03-25 20:00:00,Escalated,INC-01499,Supervisor
2025-03-25 20:30:00,Resolved,INC-01496,Incident Closed
2025-03-25 20:30:00,Incident Created,INC-01500,SUSTAINABILITY_INCIDENT
2025-03-25 20:30:00,Escalated,INC-01500,Supervisor
2025-03-25 21:00:00,Resolved,INC-01497,Incident Closed
2025-03-25 21:00:00,Incident Created,INC-01501,SUSTAINABILITY_INCIDENT
2025-03-25 21:00:00,Escalated,INC-01501,Supervisor
2025-03-25 21:30:00,Resolved,INC-01498,Incident Closed
2025-03-25 21:30:00,Incident Created,INC-01502,SUSTAINABILITY_INCIDENT
2025-03-25 21:30:00,Escalated,INC-01502,Supervisor
2025-03-25 22:00:00,Resolved,INC-01499,Incident Closed
2025-03-25 22:00:00,Escalated,INC-01503,Supervisor
2025-03-25 22:00:00,Incident Created,INC-01503,SUSTAINABILITY_INCIDENT
2025-03-25 22:30:00,Resolved,INC-01500,Incident Closed
2025-03-25 22:30:00,Escalated,INC-01504,Supervisor
2025-03-25 22:30:00,Incident Created,INC-01504,SUSTAINABILITY_INCIDENT
2025-03-25 23:00:00,Resolved,INC-01501,Incident Closed
2025-03-25 23:00:00,Escalated,INC-01505,Supervisor
2025-03-25 23:00:00,Incident Created,INC-01505,SUSTAINABILITY_INCIDENT
2025-03-25 23:30:00,Resolved,INC-01502,Incident Closed
2025-03-25 23:30:00,Incident Created,INC-01506,SUSTAINABILITY_INCIDENT
2025-03-25 23:30:00,Escalated,INC-01506,Supervisor
2025-03-26 00:00:00,Resolved,INC-01503,Incident Closed
2025-03-26 00:00:00,Incident Created,INC-01507,SUSTAINABILITY_INCIDENT
2025-03-26 00:00:00,Escalated,INC-01507,Supervisor
2025-03-26 00:30:00,Resolved,INC-01504,Incident Closed
2025-03-26 00:30:00,Incident Created,INC-01508,SUSTAINABILITY_INCIDENT
2025-03-26 00:30:00,Escalated,INC-01508,Supervisor
2025-03-26 01:00:00,Resolved,INC-01505,Incident Closed
2025-03-26 01:00:00,Incident Created,INC-01509,SUSTAINABILITY_INCIDENT
2025-03-26 01:00:00,Escalated,INC-01509,Supervisor
2025-03-26 01:30:00,Resolved,INC-01506,Incident Closed
2025-03-26 01:30:00,Escalated,INC-01510,Supervisor
2025-03-26 01:30:00,Incident Created,INC-01510,SUSTAINABILITY_INCIDENT
2025-03-26 02:00:00,Resolved,INC-01507,Incident Closed
2025-03-26 02:00:00,Incident Created,INC-01511,SUSTAINABILITY_INCIDENT
2025-03-26 02:00:00,Escalated,INC-01511,Supervisor
2025-03-26 02:30:00,Resolved,INC-01508,Incident Closed
2025-03-26 02:30:00,Incident Created,INC-01512,SUSTAINABILITY_INCIDENT
2025-03-26 02:30:00,Escalated,INC-01512,Supervisor
2025-03-26 03:00:00,Resolved,INC-01509,Incident Closed
2025-03-26 03:00:00,Escalated,INC-01513,Supervisor
2025-03-26 03:00:00,Incident Created,INC-01513,SUSTAINABILITY_INCIDENT
2025-03-26 03:30:00,Resolved,INC-01510,Incident Closed
2025-03-26 03:30:00,Escalated,INC-01514,Supervisor
2025-03-26 03:30:00,Incident Created,INC-01514,SUSTAINABILITY_INCIDENT
2025-03-26 04:00:00,Resolved,INC-01511,Incident Closed
2025-03-26 04:30:00,Resolved,INC-01512,Incident Closed
2025-03-26 05:00:00,Resolved,INC-01513,Incident Closed
2025-03-26 05:30:00,Resolved,INC-01514,Incident Closed
2025-03-26 06:30:00,Escalated,INC-01515,Supervisor
2025-03-26 06:30:00,Incident Created,INC-01515,SUSTAINABILITY_INCIDENT
2025-03-26 07:00:00,Escalated,INC-01516,Supervisor
2025-03-26 07:00:00,Incident Created,INC-01516,SUSTAINABILITY_INCIDENT
2025-03-26 08:30:00,Resolved,INC-01515,Incident Closed
2025-03-26 09:00:00,Resolved,INC-01516,Incident Closed
2025-03-27 12:00:00,Escalated,INC-01517,Supervisor
2025-03-27 12:00:00,Incident Created,INC-01517,CURTAILMENT_RISK_INCIDENT
2025-03-27 12:30:00,Escalated,INC-01518,Supervisor
2025-03-27 12:30:00,Incident Created,INC-01518,CURTAILMENT_RISK_INCIDENT
2025-03-27 13:00:00,Escalated,INC-01519,Supervisor
2025-03-27 13:00:00,Incident Created,INC-01519,CURTAILMENT_RISK_INCIDENT
2025-03-27 13:30:00,Incident Created,INC-01520,CURTAILMENT_RISK_INCIDENT
2025-03-27 13:30:00,Escalated,INC-01520,Supervisor
2025-03-27 14:00:00,Resolved,INC-01517,Incident Closed
2025-03-27 14:00:00,Escalated,INC-01521,Supervisor
2025-03-27 14:00:00,Incident Created,INC-01521,CURTAILMENT_RISK_INCIDENT
2025-03-27 14:30:00,Resolved,INC-01518,Incident Closed
2025-03-27 14:30:00,Escalated,INC-01522,Supervisor
2025-03-27 14:30:00,Incident Created,INC-01522,CURTAILMENT_RISK_INCIDENT
2025-03-27 15:00:00,Resolved,INC-01519,Incident Closed
2025-03-27 15:00:00,Escalated,INC-01523,Supervisor
2025-03-27 15:00:00,Incident Created,INC-01523,CURTAILMENT_RISK_INCIDENT
2025-03-27 15:30:00,Resolved,INC-01520,Incident Closed
2025-03-27 15:30:00,Incident Created,INC-01524,CURTAILMENT_RISK_INCIDENT
2025-03-27 15:30:00,Escalated,INC-01524,Supervisor
2025-03-27 16:00:00,Resolved,INC-01521,Incident Closed
2025-03-27 16:30:00,Resolved,INC-01522,Incident Closed
2025-03-27 17:00:00,Resolved,INC-01523,Incident Closed
2025-03-27 17:30:00,Resolved,INC-01524,Incident Closed
2025-03-28 09:00:00,Incident Created,INC-01525,CURTAILMENT_RISK_INCIDENT
2025-03-28 09:00:00,Escalated,INC-01525,Supervisor
2025-03-28 09:30:00,Incident Created,INC-01526,CURTAILMENT_RISK_INCIDENT
2025-03-28 09:30:00,Escalated,INC-01526,Supervisor
2025-03-28 10:00:00,Escalated,INC-01527,Supervisor
2025-03-28 10:00:00,Incident Created,INC-01527,CURTAILMENT_RISK_INCIDENT
2025-03-28 10:30:00,Incident Created,INC-01528,CURTAILMENT_RISK_INCIDENT
2025-03-28 10:30:00,Escalated,INC-01528,Supervisor
2025-03-28 11:00:00,Resolved,INC-01525,Incident Closed
2025-03-28 11:00:00,Escalated,INC-01529,Supervisor
2025-03-28 11:00:00,Incident Created,INC-01529,CURTAILMENT_RISK_INCIDENT
2025-03-28 11:30:00,Resolved,INC-01526,Incident Closed
2025-03-28 11:30:00,Incident Created,INC-01530,CURTAILMENT_RISK_INCIDENT
2025-03-28 11:30:00,Escalated,INC-01530,Supervisor
2025-03-28 12:00:00,Resolved,INC-01527,Incident Closed
2025-03-28 12:00:00,Escalated,INC-01531,Supervisor
2025-03-28 12:00:00,Incident Created,INC-01531,CURTAILMENT_RISK_INCIDENT
2025-03-28 12:30:00,Resolved,INC-01528,Incident Closed
2025-03-28 12:30:00,Escalated,INC-01532,Supervisor
2025-03-28 12:30:00,Incident Created,INC-01532,CURTAILMENT_RISK_INCIDENT
2025-03-28 13:00:00,Resolved,INC-01529,Incident Closed
2025-03-28 13:00:00,Incident Created,INC-01533,CURTAILMENT_RISK_INCIDENT
2025-03-28 13:00:00,Escalated,INC-01533,Supervisor
2025-03-28 13:30:00,Resolved,INC-01530,Incident Closed
2025-03-28 13:30:00,Incident Created,INC-01534,CURTAILMENT_RISK_INCIDENT
2025-03-28 13:30:00,Escalated,INC-01534,Supervisor
2025-03-28 14:00:00,Resolved,INC-01531,Incident Closed
2025-03-28 14:00:00,Incident Created,INC-01535,CURTAILMENT_RISK_INCIDENT
2025-03-28 14:00:00,Escalated,INC-01535,Supervisor
2025-03-28 14:30:00,Resolved,INC-01532,Incident Closed
2025-03-28 14:30:00,Incident Created,INC-01536,CURTAILMENT_RISK_INCIDENT
2025-03-28 14:30:00,Escalated,INC-01536,Supervisor
2025-03-28 15:00:00,Resolved,INC-01533,Incident Closed
2025-03-28 15:00:00,Escalated,INC-01537,Supervisor
2025-03-28 15:00:00,Incident Created,INC-01537,CURTAILMENT_RISK_INCIDENT
2025-03-28 15:30:00,Resolved,INC-01534,Incident Closed
2025-03-28 15:30:00,Escalated,INC-01538,Supervisor
2025-03-28 15:30:00,Incident Created,INC-01538,CURTAILMENT_RISK_INCIDENT
2025-03-28 16:00:00,Resolved,INC-01535,Incident Closed
2025-03-28 16:30:00,Resolved,INC-01536,Incident Closed
2025-03-28 17:00:00,Resolved,INC-01537,Incident Closed
2025-03-28 17:30:00,Resolved,INC-01538,Incident Closed
2025-03-29 11:30:00,Escalated,INC-01539,Supervisor
2025-03-29 11:30:00,Incident Created,INC-01539,CURTAILMENT_RISK_INCIDENT
2025-03-29 12:00:00,Incident Created,INC-01540,OVER_GENERATION_INCIDENT
2025-03-29 12:00:00,Escalated,INC-01540,Operator
2025-03-29 12:00:00,Escalated,INC-01541,Supervisor
2025-03-29 12:00:00,Incident Created,INC-01541,CURTAILMENT_RISK_INCIDENT
2025-03-29 12:30:00,Escalated,INC-01542,Operator
2025-03-29 12:30:00,Incident Created,INC-01542,OVER_GENERATION_INCIDENT
2025-03-29 12:30:00,Escalated,INC-01543,Supervisor
2025-03-29 12:30:00,Incident Created,INC-01543,CURTAILMENT_RISK_INCIDENT
2025-03-29 13:00:00,Incident Created,INC-01544,OVER_GENERATION_INCIDENT
2025-03-29 13:00:00,Escalated,INC-01544,Operator
2025-03-29 13:00:00,Escalated,INC-01545,Supervisor
2025-03-29 13:00:00,Incident Created,INC-01545,CURTAILMENT_RISK_INCIDENT
2025-03-29 13:30:00,Resolved,INC-01539,Incident Closed
2025-03-29 13:30:00,Incident Created,INC-01546,OVER_GENERATION_INCIDENT
2025-03-29 13:30:00,Escalated,INC-01546,Operator
2025-03-29 13:30:00,Incident Created,INC-01547,CURTAILMENT_RISK_INCIDENT
2025-03-29 13:30:00,Escalated,INC-01547,Supervisor
2025-03-29 14:00:00,Resolved,INC-01540,Incident Closed
2025-03-29 14:00:00,Resolved,INC-01541,Incident Closed
2025-03-29 14:00:00,Incident Created,INC-01548,OVER_GENERATION_INCIDENT
2025-03-29 14:00:00,Escalated,INC-01548,Operator
2025-03-29 14:00:00,Incident Created,INC-01549,CURTAILMENT_RISK_INCIDENT
2025-03-29 14:00:00,Escalated,INC-01549,Supervisor
2025-03-29 14:30:00,Resolved,INC-01542,Incident Closed
2025-03-29 14:30:00,Resolved,INC-01543,Incident Closed
2025-03-29 14:30:00,Incident Created,INC-01550,CURTAILMENT_RISK_INCIDENT
2025-03-29 14:30:00,Escalated,INC-01550,Supervisor
2025-03-29 15:00:00,Resolved,INC-01544,Incident Closed
2025-03-29 15:00:00,Resolved,INC-01545,Incident Closed
2025-03-29 15:00:00,Incident Created,INC-01551,CURTAILMENT_RISK_INCIDENT
2025-03-29 15:00:00,Escalated,INC-01551,Supervisor
2025-03-29 15:30:00,Resolved,INC-01546,Incident Closed
2025-03-29 15:30:00,Resolved,INC-01547,Incident Closed
2025-03-29 15:30:00,Incident Created,INC-01552,CURTAILMENT_RISK_INCIDENT
2025-03-29 15:30:00,Escalated,INC-01552,Supervisor
2025-03-29 16:00:00,Resolved,INC-01548,Incident Closed
2025-03-29 16:00:00,Resolved,INC-01549,Incident Closed
2025-03-29 16:00:00,Escalated,INC-01553,Supervisor
2025-03-29 16:00:00,Incident Created,INC-01553,CURTAILMENT_RISK_INCIDENT
2025-03-29 16:30:00,Resolved,INC-01550,Incident Closed
2025-03-29 16:30:00,Escalated,INC-01554,Supervisor
2025-03-29 16:30:00,Incident Created,INC-01554,CURTAILMENT_RISK_INCIDENT
2025-03-29 17:00:00,Resolved,INC-01551,Incident Closed
2025-03-29 17:00:00,Escalated,INC-01555,Supervisor
2025-03-29 17:00:00,Incident Created,INC-01555,CURTAILMENT_RISK_INCIDENT
2025-03-29 17:30:00,Resolved,INC-01552,Incident Closed
2025-03-29 17:30:00,Incident Created,INC-01556,CURTAILMENT_RISK_INCIDENT
2025-03-29 17:30:00,Escalated,INC-01556,Supervisor
2025-03-29 18:00:00,Resolved,INC-01553,Incident Closed
2025-03-29 18:00:00,Incident Created,INC-01557,CURTAILMENT_RISK_INCIDENT
2025-03-29 18:00:00,Escalated,INC-01557,Supervisor
2025-03-29 18:30:00,Resolved,INC-01554,Incident Closed
2025-03-29 18:30:00,Incident Created,INC-01558,CURTAILMENT_RISK_INCIDENT
2025-03-29 18:30:00,Escalated,INC-01558,Supervisor
2025-03-29 19:00:00,Resolved,INC-01555,Incident Closed
2025-03-29 19:00:00,Escalated,INC-01559,Supervisor
2025-03-29 19:00:00,Incident Created,INC-01559,CURTAILMENT_RISK_INCIDENT
2025-03-29 19:30:00,Resolved,INC-01556,Incident Closed
2025-03-29 19:30:00,Escalated,INC-01560,Supervisor
2025-03-29 19:30:00,Incident Created,INC-01560,CURTAILMENT_RISK_INCIDENT
2025-03-29 20:00:00,Resolved,INC-01557,Incident Closed
2025-03-29 20:00:00,Incident Created,INC-01561,CURTAILMENT_RISK_INCIDENT
2025-03-29 20:00:00,Escalated,INC-01561,Supervisor
2025-03-29 20:30:00,Resolved,INC-01558,Incident Closed
2025-03-29 20:30:00,Incident Created,INC-01562,CURTAILMENT_RISK_INCIDENT
2025-03-29 20:30:00,Escalated,INC-01562,Supervisor
2025-03-29 21:00:00,Resolved,INC-01559,Incident Closed
2025-03-29 21:00:00,Incident Created,INC-01563,CURTAILMENT_RISK_INCIDENT
2025-03-29 21:00:00,Escalated,INC-01563,Supervisor
2025-03-29 21:30:00,Resolved,INC-01560,Incident Closed
2025-03-29 21:30:00,Escalated,INC-01564,Supervisor
2025-03-29 21:30:00,Incident Created,INC-01564,CURTAILMENT_RISK_INCIDENT
2025-03-29 22:00:00,Resolved,INC-01561,Incident Closed
2025-03-29 22:00:00,Escalated,INC-01565,Supervisor
2025-03-29 22:00:00,Incident Created,INC-01565,CURTAILMENT_RISK_INCIDENT
2025-03-29 22:30:00,Resolved,INC-01562,Incident Closed
2025-03-29 22:30:00,Escalated,INC-01566,Supervisor
2025-03-29 22:30:00,Incident Created,INC-01566,CURTAILMENT_RISK_INCIDENT
2025-03-29 23:00:00,Resolved,INC-01563,Incident Closed
2025-03-29 23:00:00,Escalated,INC-01567,Supervisor
2025-03-29 23:00:00,Incident Created,INC-01567,CURTAILMENT_RISK_INCIDENT
2025-03-29 23:30:00,Resolved,INC-01564,Incident Closed
2025-03-29 23:30:00,Incident Created,INC-01568,CURTAILMENT_RISK_INCIDENT
2025-03-29 23:30:00,Escalated,INC-01568,Supervisor
2025-03-30 00:00:00,Resolved,INC-01565,Incident Closed
2025-03-30 00:00:00,Escalated,INC-01569,Supervisor
2025-03-30 00:00:00,Incident Created,INC-01569,CURTAILMENT_RISK_INCIDENT
2025-03-30 00:30:00,Resolved,INC-01566,Incident Closed
2025-03-30 00:30:00,Incident Created,INC-01570,CURTAILMENT_RISK_INCIDENT
2025-03-30 00:30:00,Escalated,INC-01570,Supervisor
2025-03-30 01:00:00,Resolved,INC-01567,Incident Closed
2025-03-30 01:30:00,Resolved,INC-01568,Incident Closed
2025-03-30 02:00:00,Resolved,INC-01569,Incident Closed
2025-03-30 02:00:00,Escalated,INC-01571,Operator
2025-03-30 02:00:00,Incident Created,INC-01571,OVER_GENERATION_INCIDENT
2025-03-30 02:00:00,Incident Created,INC-01572,CURTAILMENT_RISK_INCIDENT
2025-03-30 02:00:00,Escalated,INC-01572,Supervisor
2025-03-30 02:30:00,Resolved,INC-01570,Incident Closed
2025-03-30 02:30:00,Incident Created,INC-01573,OVER_GENERATION_INCIDENT
2025-03-30 02:30:00,Escalated,INC-01573,Operator
2025-03-30 02:30:00,Escalated,INC-01574,Supervisor
2025-03-30 02:30:00,Incident Created,INC-01574,CURTAILMENT_RISK_INCIDENT
2025-03-30 03:00:00,Escalated,INC-01575,Operator
2025-03-30 03:00:00,Incident Created,INC-01575,OVER_GENERATION_INCIDENT
2025-03-30 03:00:00,Incident Created,INC-01576,CURTAILMENT_RISK_INCIDENT
2025-03-30 03:00:00,Escalated,INC-01576,Supervisor
2025-03-30 03:30:00,Escalated,INC-01577,Operator
2025-03-30 03:30:00,Incident Created,INC-01577,OVER_GENERATION_INCIDENT
2025-03-30 03:30:00,Escalated,INC-01578,Supervisor
2025-03-30 03:30:00,Incident Created,INC-01578,CURTAILMENT_RISK_INCIDENT
2025-03-30 04:00:00,Resolved,INC-01571,Incident Closed
2025-03-30 04:00:00,Resolved,INC-01572,Incident Closed
2025-03-30 04:00:00,Incident Created,INC-01579,OVER_GENERATION_INCIDENT
2025-03-30 04:00:00,Escalated,INC-01579,Operator
2025-03-30 04:00:00,Incident Created,INC-01580,CURTAILMENT_RISK_INCIDENT
2025-03-30 04:00:00,Escalated,INC-01580,Supervisor
2025-03-30 04:30:00,Resolved,INC-01573,Incident Closed
2025-03-30 04:30:00,Resolved,INC-01574,Incident Closed
2025-03-30 04:30:00,Incident Created,INC-01581,OVER_GENERATION_INCIDENT
2025-03-30 04:30:00,Escalated,INC-01581,Operator
2025-03-30 04:30:00,Escalated,INC-01582,Supervisor
2025-03-30 04:30:00,Incident Created,INC-01582,CURTAILMENT_RISK_INCIDENT
2025-03-30 05:00:00,Resolved,INC-01575,Incident Closed
2025-03-30 05:00:00,Resolved,INC-01576,Incident Closed
2025-03-30 05:00:00,Escalated,INC-01583,Operator
2025-03-30 05:00:00,Incident Created,INC-01583,OVER_GENERATION_INCIDENT
2025-03-30 05:00:00,Escalated,INC-01584,Supervisor
2025-03-30 05:00:00,Incident Created,INC-01584,CURTAILMENT_RISK_INCIDENT
2025-03-30 05:30:00,Resolved,INC-01577,Incident Closed
2025-03-30 05:30:00,Resolved,INC-01578,Incident Closed
2025-03-30 05:30:00,Escalated,INC-01585,Operator
2025-03-30 05:30:00,Incident Created,INC-01585,OVER_GENERATION_INCIDENT
2025-03-30 05:30:00,Escalated,INC-01586,Supervisor
2025-03-30 05:30:00,Incident Created,INC-01586,CURTAILMENT_RISK_INCIDENT
2025-03-30 06:00:00,Resolved,INC-01579,Incident Closed
2025-03-30 06:00:00,Resolved,INC-01580,Incident Closed
2025-03-30 06:00:00,Escalated,INC-01587,Operator
2025-03-30 06:00:00,Incident Created,INC-01587,OVER_GENERATION_INCIDENT
2025-03-30 06:00:00,Incident Created,INC-01588,CURTAILMENT_RISK_INCIDENT
2025-03-30 06:00:00,Escalated,INC-01588,Supervisor
2025-03-30 06:30:00,Resolved,INC-01581,Incident Closed
2025-03-30 06:30:00,Resolved,INC-01582,Incident Closed
2025-03-30 06:30:00,Incident Created,INC-01589,CURTAILMENT_RISK_INCIDENT
2025-03-30 06:30:00,Escalated,INC-01589,Supervisor
2025-03-30 07:00:00,Resolved,INC-01583,Incident Closed
2025-03-30 07:00:00,Resolved,INC-01584,Incident Closed
2025-03-30 07:00:00,Incident Created,INC-01590,CURTAILMENT_RISK_INCIDENT
2025-03-30 07:00:00,Escalated,INC-01590,Supervisor
2025-03-30 07:30:00,Resolved,INC-01585,Incident Closed
2025-03-30 07:30:00,Resolved,INC-01586,Incident Closed
2025-03-30 07:30:00,Incident Created,INC-01591,CURTAILMENT_RISK_INCIDENT
2025-03-30 07:30:00,Escalated,INC-01591,Supervisor
2025-03-30 08:00:00,Resolved,INC-01587,Incident Closed
2025-03-30 08:00:00,Resolved,INC-01588,Incident Closed
2025-03-30 08:00:00,Escalated,INC-01592,Supervisor
2025-03-30 08:00:00,Incident Created,INC-01592,CURTAILMENT_RISK_INCIDENT
2025-03-30 08:30:00,Resolved,INC-01589,Incident Closed
2025-03-30 08:30:00,Escalated,INC-01593,Operator
2025-03-30 08:30:00,Incident Created,INC-01593,OVER_GENERATION_INCIDENT
2025-03-30 08:30:00,Escalated,INC-01594,Supervisor
2025-03-30 08:30:00,Incident Created,INC-01594,CURTAILMENT_RISK_INCIDENT
2025-03-30 09:00:00,Resolved,INC-01590,Incident Closed
2025-03-30 09:00:00,Escalated,INC-01595,Operator
2025-03-30 09:00:00,Incident Created,INC-01595,OVER_GENERATION_INCIDENT
2025-03-30 09:00:00,Incident Created,INC-01596,CURTAILMENT_RISK_INCIDENT
2025-03-30 09:00:00,Escalated,INC-01596,Supervisor
2025-03-30 09:30:00,Resolved,INC-01591,Incident Closed
2025-03-30 09:30:00,Incident Created,INC-01597,OVER_GENERATION_INCIDENT
2025-03-30 09:30:00,Escalated,INC-01597,Operator
2025-03-30 09:30:00,Escalated,INC-01598,Supervisor
2025-03-30 09:30:00,Incident Created,INC-01598,CURTAILMENT_RISK_INCIDENT
2025-03-30 10:00:00,Resolved,INC-01592,Incident Closed
2025-03-30 10:00:00,Incident Created,INC-01599,OVER_GENERATION_INCIDENT
2025-03-30 10:00:00,Escalated,INC-01599,Operator
2025-03-30 10:00:00,Incident Created,INC-01600,CURTAILMENT_RISK_INCIDENT
2025-03-30 10:00:00,Escalated,INC-01600,Supervisor
2025-03-30 10:30:00,Resolved,INC-01593,Incident Closed
2025-03-30 10:30:00,Resolved,INC-01594,Incident Closed
2025-03-30 10:30:00,Escalated,INC-01601,Operator
2025-03-30 10:30:00,Incident Created,INC-01601,OVER_GENERATION_INCIDENT
2025-03-30 10:30:00,Escalated,INC-01602,Supervisor
2025-03-30 10:30:00,Incident Created,INC-01602,CURTAILMENT_RISK_INCIDENT
2025-03-30 11:00:00,Resolved,INC-01595,Incident Closed
2025-03-30 11:00:00,Resolved,INC-01596,Incident Closed
2025-03-30 11:00:00,Escalated,INC-01603,Operator
2025-03-30 11:00:00,Incident Created,INC-01603,OVER_GENERATION_INCIDENT
2025-03-30 11:00:00,Escalated,INC-01604,Supervisor
2025-03-30 11:00:00,Incident Created,INC-01604,CURTAILMENT_RISK_INCIDENT
2025-03-30 11:30:00,Resolved,INC-01597,Incident Closed
2025-03-30 11:30:00,Resolved,INC-01598,Incident Closed
2025-03-30 11:30:00,Escalated,INC-01605,Operator
2025-03-30 11:30:00,Incident Created,INC-01605,OVER_GENERATION_INCIDENT
2025-03-30 11:30:00,Escalated,INC-01606,Supervisor
2025-03-30 11:30:00,Incident Created,INC-01606,CURTAILMENT_RISK_INCIDENT
2025-03-30 12:00:00,Resolved,INC-01599,Incident Closed
2025-03-30 12:00:00,Resolved,INC-01600,Incident Closed
2025-03-30 12:00:00,Escalated,INC-01607,Operator
2025-03-30 12:00:00,Incident Created,INC-01607,OVER_GENERATION_INCIDENT
2025-03-30 12:00:00,Incident Created,INC-01608,CURTAILMENT_RISK_INCIDENT
2025-03-30 12:00:00,Escalated,INC-01608,Supervisor
2025-03-30 12:30:00,Resolved,INC-01601,Incident Closed
2025-03-30 12:30:00,Resolved,INC-01602,Incident Closed
2025-03-30 12:30:00,Escalated,INC-01609,Operator
2025-03-30 12:30:00,Incident Created,INC-01609,OVER_GENERATION_INCIDENT
2025-03-30 12:30:00,Incident Created,INC-01610,CURTAILMENT_RISK_INCIDENT
2025-03-30 12:30:00,Escalated,INC-01610,Supervisor
2025-03-30 13:00:00,Resolved,INC-01603,Incident Closed
2025-03-30 13:00:00,Resolved,INC-01604,Incident Closed
2025-03-30 13:00:00,Incident Created,INC-01611,OVER_GENERATION_INCIDENT
2025-03-30 13:00:00,Escalated,INC-01611,Operator
2025-03-30 13:00:00,Escalated,INC-01612,Supervisor
2025-03-30 13:00:00,Incident Created,INC-01612,CURTAILMENT_RISK_INCIDENT
2025-03-30 13:30:00,Resolved,INC-01605,Incident Closed
2025-03-30 13:30:00,Resolved,INC-01606,Incident Closed
2025-03-30 13:30:00,Incident Created,INC-01613,OVER_GENERATION_INCIDENT
2025-03-30 13:30:00,Escalated,INC-01613,Operator
2025-03-30 13:30:00,Incident Created,INC-01614,CURTAILMENT_RISK_INCIDENT
2025-03-30 13:30:00,Escalated,INC-01614,Supervisor
2025-03-30 14:00:00,Resolved,INC-01607,Incident Closed
2025-03-30 14:00:00,Resolved,INC-01608,Incident Closed
2025-03-30 14:00:00,Incident Created,INC-01615,OVER_GENERATION_INCIDENT
2025-03-30 14:00:00,Escalated,INC-01615,Operator
2025-03-30 14:00:00,Escalated,INC-01616,Supervisor
2025-03-30 14:00:00,Incident Created,INC-01616,CURTAILMENT_RISK_INCIDENT
2025-03-30 14:30:00,Resolved,INC-01609,Incident Closed
2025-03-30 14:30:00,Resolved,INC-01610,Incident Closed
2025-03-30 14:30:00,Escalated,INC-01617,Operator
2025-03-30 14:30:00,Incident Created,INC-01617,OVER_GENERATION_INCIDENT
2025-03-30 14:30:00,Escalated,INC-01618,Supervisor
2025-03-30 14:30:00,Incident Created,INC-01618,CURTAILMENT_RISK_INCIDENT
2025-03-30 15:00:00,Resolved,INC-01611,Incident Closed
2025-03-30 15:00:00,Resolved,INC-01612,Incident Closed
2025-03-30 15:00:00,Escalated,INC-01619,Operator
2025-03-30 15:00:00,Incident Created,INC-01619,OVER_GENERATION_INCIDENT
2025-03-30 15:00:00,Incident Created,INC-01620,CURTAILMENT_RISK_INCIDENT
2025-03-30 15:00:00,Escalated,INC-01620,Supervisor
2025-03-30 15:30:00,Resolved,INC-01613,Incident Closed
2025-03-30 15:30:00,Resolved,INC-01614,Incident Closed
2025-03-30 16:00:00,Resolved,INC-01615,Incident Closed
2025-03-30 16:00:00,Resolved,INC-01616,Incident Closed
2025-03-30 16:30:00,Resolved,INC-01617,Incident Closed
2025-03-30 16:30:00,Resolved,INC-01618,Incident Closed
2025-03-30 17:00:00,Resolved,INC-01619,Incident Closed
2025-03-30 17:00:00,Resolved,INC-01620,Incident Closed
2025-03-31 05:30:00,Incident Created,INC-01621,SUSTAINABILITY_INCIDENT
2025-03-31 05:30:00,Escalated,INC-01621,Supervisor
2025-03-31 06:00:00,Escalated,INC-01622,Supervisor
2025-03-31 06:00:00,Incident Created,INC-01622,SUSTAINABILITY_INCIDENT
2025-03-31 07:30:00,Resolved,INC-01621,Incident Closed
2025-03-31 08:00:00,Resolved,INC-01622,Incident Closed
2025-03-31 17:00:00,Escalated,INC-01623,Supervisor
2025-03-31 17:00:00,Incident Created,INC-01623,SUSTAINABILITY_INCIDENT
2025-03-31 17:30:00,Incident Created,INC-01624,SUSTAINABILITY_INCIDENT
2025-03-31 17:30:00,Escalated,INC-01624,Supervisor
2025-03-31 18:00:00,Incident Created,INC-01625,SUSTAINABILITY_INCIDENT
2025-03-31 18:00:00,Escalated,INC-01625,Supervisor
2025-03-31 18:30:00,Escalated,INC-01626,Supervisor
2025-03-31 18:30:00,Incident Created,INC-01626,SUSTAINABILITY_INCIDENT
2025-03-31 19:00:00,Resolved,INC-01623,Incident Closed
2025-03-31 19:00:00,Escalated,INC-01627,Supervisor
2025-03-31 19:00:00,Incident Created,INC-01627,SUSTAINABILITY_INCIDENT
2025-03-31 19:30:00,Resolved,INC-01624,Incident Closed
2025-03-31 19:30:00,Escalated,INC-01628,Supervisor
2025-03-31 19:30:00,Incident Created,INC-01628,SUSTAINABILITY_INCIDENT
2025-03-31 20:00:00,Resolved,INC-01625,Incident Closed
2025-03-31 20:00:00,Escalated,INC-01629,Supervisor
2025-03-31 20:00:00,Incident Created,INC-01629,SUSTAINABILITY_INCIDENT
2025-03-31 20:30:00,Resolved,INC-01626,Incident Closed
2025-03-31 20:30:00,Escalated,INC-01630,Supervisor
2025-03-31 20:30:00,Incident Created,INC-01630,SUSTAINABILITY_INCIDENT
2025-03-31 21:00:00,Resolved,INC-01627,Incident Closed
2025-03-31 21:00:00,Escalated,INC-01631,Supervisor
2025-03-31 21:00:00,Incident Created,INC-01631,SUSTAINABILITY_INCIDENT
2025-03-31 21:30:00,Resolved,INC-01628,Incident Closed
2025-03-31 22:00:00,Resolved,INC-01629,Incident Closed
2025-03-31 22:30:00,Resolved,INC-01630,Incident Closed
2025-03-31 23:00:00,Resolved,INC-01631,Incident Closed
2025-04-01 10:00:00,Incident Created,INC-01632,CURTAILMENT_RISK_INCIDENT
2025-04-01 10:00:00,Escalated,INC-01632,Supervisor
2025-04-01 10:30:00,Incident Created,INC-01633,CURTAILMENT_RISK_INCIDENT
2025-04-01 10:30:00,Escalated,INC-01633,Supervisor
2025-04-01 11:00:00,Incident Created,INC-01634,CURTAILMENT_RISK_INCIDENT
2025-04-01 11:00:00,Escalated,INC-01634,Supervisor
2025-04-01 11:30:00,Incident Created,INC-01635,CURTAILMENT_RISK_INCIDENT
2025-04-01 11:30:00,Escalated,INC-01635,Supervisor
2025-04-01 12:00:00,Resolved,INC-01632,Incident Closed
2025-04-01 12:00:00,Escalated,INC-01636,Supervisor
2025-04-01 12:00:00,Incident Created,INC-01636,CURTAILMENT_RISK_INCIDENT
2025-04-01 12:30:00,Resolved,INC-01633,Incident Closed
2025-04-01 12:30:00,Incident Created,INC-01637,CURTAILMENT_RISK_INCIDENT
2025-04-01 12:30:00,Escalated,INC-01637,Supervisor
2025-04-01 13:00:00,Resolved,INC-01634,Incident Closed
2025-04-01 13:00:00,Escalated,INC-01638,Supervisor
2025-04-01 13:00:00,Incident Created,INC-01638,CURTAILMENT_RISK_INCIDENT
2025-04-01 13:30:00,Resolved,INC-01635,Incident Closed
2025-04-01 13:30:00,Escalated,INC-01639,Operator
2025-04-01 13:30:00,Incident Created,INC-01639,OVER_GENERATION_INCIDENT
2025-04-01 13:30:00,Escalated,INC-01640,Supervisor
2025-04-01 13:30:00,Incident Created,INC-01640,CURTAILMENT_RISK_INCIDENT
2025-04-01 14:00:00,Resolved,INC-01636,Incident Closed
2025-04-01 14:00:00,Incident Created,INC-01641,OVER_GENERATION_INCIDENT
2025-04-01 14:00:00,Escalated,INC-01641,Operator
2025-04-01 14:00:00,Incident Created,INC-01642,CURTAILMENT_RISK_INCIDENT
2025-04-01 14:00:00,Escalated,INC-01642,Supervisor
2025-04-01 14:30:00,Resolved,INC-01637,Incident Closed
2025-04-01 14:30:00,Incident Created,INC-01643,OVER_GENERATION_INCIDENT
2025-04-01 14:30:00,Escalated,INC-01643,Operator
2025-04-01 14:30:00,Incident Created,INC-01644,CURTAILMENT_RISK_INCIDENT
2025-04-01 14:30:00,Escalated,INC-01644,Supervisor
2025-04-01 15:00:00,Resolved,INC-01638,Incident Closed
2025-04-01 15:00:00,Escalated,INC-01645,Operator
2025-04-01 15:00:00,Incident Created,INC-01645,OVER_GENERATION_INCIDENT
2025-04-01 15:00:00,Incident Created,INC-01646,CURTAILMENT_RISK_INCIDENT
2025-04-01 15:00:00,Escalated,INC-01646,Supervisor
2025-04-01 15:30:00,Resolved,INC-01639,Incident Closed
2025-04-01 15:30:00,Resolved,INC-01640,Incident Closed
2025-04-01 15:30:00,Escalated,INC-01647,Supervisor
2025-04-01 15:30:00,Incident Created,INC-01647,CURTAILMENT_RISK_INCIDENT
2025-04-01 16:00:00,Resolved,INC-01641,Incident Closed
2025-04-01 16:00:00,Resolved,INC-01642,Incident Closed
2025-04-01 16:30:00,Resolved,INC-01643,Incident Closed
2025-04-01 16:30:00,Resolved,INC-01644,Incident Closed
2025-04-01 17:00:00,Resolved,INC-01645,Incident Closed
2025-04-01 17:00:00,Resolved,INC-01646,Incident Closed
2025-04-01 17:30:00,Resolved,INC-01647,Incident Closed
2025-04-02 09:00:00,Escalated,INC-01648,Supervisor
2025-04-02 09:00:00,Incident Created,INC-01648,CURTAILMENT_RISK_INCIDENT
2025-04-02 09:30:00,Escalated,INC-01649,Supervisor
2025-04-02 09:30:00,Incident Created,INC-01649,CURTAILMENT_RISK_INCIDENT
2025-04-02 10:00:00,Escalated,INC-01650,Supervisor
2025-04-02 10:00:00,Incident Created,INC-01650,CURTAILMENT_RISK_INCIDENT
2025-04-02 10:30:00,Escalated,INC-01651,Supervisor
2025-04-02 10:30:00,Incident Created,INC-01651,CURTAILMENT_RISK_INCIDENT
2025-04-02 11:00:00,Resolved,INC-01648,Incident Closed
2025-04-02 11:00:00,Incident Created,INC-01652,CURTAILMENT_RISK_INCIDENT
2025-04-02 11:00:00,Escalated,INC-01652,Supervisor
2025-04-02 11:30:00,Resolved,INC-01649,Incident Closed
2025-04-02 11:30:00,Incident Created,INC-01653,CURTAILMENT_RISK_INCIDENT
2025-04-02 11:30:00,Escalated,INC-01653,Supervisor
2025-04-02 12:00:00,Resolved,INC-01650,Incident Closed
2025-04-02 12:00:00,Incident Created,INC-01654,CURTAILMENT_RISK_INCIDENT
2025-04-02 12:00:00,Escalated,INC-01654,Supervisor
2025-04-02 12:30:00,Resolved,INC-01651,Incident Closed
2025-04-02 12:30:00,Escalated,INC-01655,Supervisor
2025-04-02 12:30:00,Incident Created,INC-01655,CURTAILMENT_RISK_INCIDENT
2025-04-02 13:00:00,Resolved,INC-01652,Incident Closed
2025-04-02 13:00:00,Escalated,INC-01656,Supervisor
2025-04-02 13:00:00,Incident Created,INC-01656,CURTAILMENT_RISK_INCIDENT
2025-04-02 13:30:00,Resolved,INC-01653,Incident Closed
2025-04-02 13:30:00,Escalated,INC-01657,Operator
2025-04-02 13:30:00,Incident Created,INC-01657,OVER_GENERATION_INCIDENT
2025-04-02 13:30:00,Escalated,INC-01658,Supervisor
2025-04-02 13:30:00,Incident Created,INC-01658,CURTAILMENT_RISK_INCIDENT
2025-04-02 14:00:00,Resolved,INC-01654,Incident Closed
2025-04-02 14:00:00,Escalated,INC-01659,Operator
2025-04-02 14:00:00,Incident Created,INC-01659,OVER_GENERATION_INCIDENT
2025-04-02 14:00:00,Escalated,INC-01660,Supervisor
2025-04-02 14:00:00,Incident Created,INC-01660,CURTAILMENT_RISK_INCIDENT
2025-04-02 14:30:00,Resolved,INC-01655,Incident Closed
2025-04-02 14:30:00,Incident Created,INC-01661,OVER_GENERATION_INCIDENT
2025-04-02 14:30:00,Escalated,INC-01661,Operator
2025-04-02 14:30:00,Incident Created,INC-01662,CURTAILMENT_RISK_INCIDENT
2025-04-02 14:30:00,Escalated,INC-01662,Supervisor
2025-04-02 15:00:00,Resolved,INC-01656,Incident Closed
2025-04-02 15:00:00,Escalated,INC-01663,Operator
2025-04-02 15:00:00,Incident Created,INC-01663,OVER_GENERATION_INCIDENT
2025-04-02 15:00:00,Escalated,INC-01664,Supervisor
2025-04-02 15:00:00,Incident Created,INC-01664,CURTAILMENT_RISK_INCIDENT
2025-04-02 15:30:00,Resolved,INC-01657,Incident Closed
2025-04-02 15:30:00,Resolved,INC-01658,Incident Closed
2025-04-02 15:30:00,Escalated,INC-01665,Supervisor
2025-04-02 15:30:00,Incident Created,INC-01665,CURTAILMENT_RISK_INCIDENT
2025-04-02 16:00:00,Resolved,INC-01659,Incident Closed
2025-04-02 16:00:00,Resolved,INC-01660,Incident Closed
2025-04-02 16:00:00,Escalated,INC-01666,Supervisor
2025-04-02 16:00:00,Incident Created,INC-01666,CURTAILMENT_RISK_INCIDENT
2025-04-02 16:30:00,Resolved,INC-01661,Incident Closed
2025-04-02 16:30:00,Resolved,INC-01662,Incident Closed
2025-04-02 17:00:00,Resolved,INC-01663,Incident Closed
2025-04-02 17:00:00,Resolved,INC-01664,Incident Closed
2025-04-02 17:30:00,Resolved,INC-01665,Incident Closed
2025-04-02 18:00:00,Resolved,INC-01666,Incident Closed
2025-04-03 09:30:00,Escalated,INC-01667,Supervisor
2025-04-03 09:30:00,Incident Created,INC-01667,CURTAILMENT_RISK_INCIDENT
2025-04-03 10:00:00,Incident Created,INC-01668,CURTAILMENT_RISK_INCIDENT
2025-04-03 10:00:00,Escalated,INC-01668,Supervisor
2025-04-03 10:30:00,Incident Created,INC-01669,CURTAILMENT_RISK_INCIDENT
2025-04-03 10:30:00,Escalated,INC-01669,Supervisor
2025-04-03 11:00:00,Escalated,INC-01670,Supervisor
2025-04-03 11:00:00,Incident Created,INC-01670,CURTAILMENT_RISK_INCIDENT
2025-04-03 11:30:00,Resolved,INC-01667,Incident Closed
2025-04-03 11:30:00,Escalated,INC-01671,Supervisor
2025-04-03 11:30:00,Incident Created,INC-01671,CURTAILMENT_RISK_INCIDENT
2025-04-03 12:00:00,Resolved,INC-01668,Incident Closed
2025-04-03 12:00:00,Escalated,INC-01672,Supervisor
2025-04-03 12:00:00,Incident Created,INC-01672,CURTAILMENT_RISK_INCIDENT
2025-04-03 12:30:00,Resolved,INC-01669,Incident Closed
2025-04-03 12:30:00,Incident Created,INC-01673,CURTAILMENT_RISK_INCIDENT
2025-04-03 12:30:00,Escalated,INC-01673,Supervisor
2025-04-03 13:00:00,Resolved,INC-01670,Incident Closed
2025-04-03 13:00:00,Incident Created,INC-01674,CURTAILMENT_RISK_INCIDENT
2025-04-03 13:00:00,Escalated,INC-01674,Supervisor
2025-04-03 13:30:00,Resolved,INC-01671,Incident Closed
2025-04-03 13:30:00,Incident Created,INC-01675,CURTAILMENT_RISK_INCIDENT
2025-04-03 13:30:00,Escalated,INC-01675,Supervisor
2025-04-03 14:00:00,Resolved,INC-01672,Incident Closed
2025-04-03 14:00:00,Escalated,INC-01676,Supervisor
2025-04-03 14:00:00,Incident Created,INC-01676,CURTAILMENT_RISK_INCIDENT
2025-04-03 14:30:00,Resolved,INC-01673,Incident Closed
2025-04-03 14:30:00,Incident Created,INC-01677,CURTAILMENT_RISK_INCIDENT
2025-04-03 14:30:00,Escalated,INC-01677,Supervisor
2025-04-03 15:00:00,Resolved,INC-01674,Incident Closed
2025-04-03 15:30:00,Resolved,INC-01675,Incident Closed
2025-04-03 16:00:00,Resolved,INC-01676,Incident Closed
2025-04-03 16:30:00,Resolved,INC-01677,Incident Closed
2025-04-04 10:30:00,Incident Created,INC-01678,CURTAILMENT_RISK_INCIDENT
2025-04-04 10:30:00,Escalated,INC-01678,Supervisor
2025-04-04 11:00:00,Incident Created,INC-01679,CURTAILMENT_RISK_INCIDENT
2025-04-04 11:00:00,Escalated,INC-01679,Supervisor
2025-04-04 11:30:00,Incident Created,INC-01680,CURTAILMENT_RISK_INCIDENT
2025-04-04 11:30:00,Escalated,INC-01680,Supervisor
2025-04-04 12:00:00,Incident Created,INC-01681,CURTAILMENT_RISK_INCIDENT
2025-04-04 12:00:00,Escalated,INC-01681,Supervisor
2025-04-04 12:30:00,Resolved,INC-01678,Incident Closed
2025-04-04 12:30:00,Escalated,INC-01682,Supervisor
2025-04-04 12:30:00,Incident Created,INC-01682,CURTAILMENT_RISK_INCIDENT
2025-04-04 13:00:00,Resolved,INC-01679,Incident Closed
2025-04-04 13:00:00,Incident Created,INC-01683,CURTAILMENT_RISK_INCIDENT
2025-04-04 13:00:00,Escalated,INC-01683,Supervisor
2025-04-04 13:30:00,Resolved,INC-01680,Incident Closed
2025-04-04 13:30:00,Incident Created,INC-01684,CURTAILMENT_RISK_INCIDENT
2025-04-04 13:30:00,Escalated,INC-01684,Supervisor
2025-04-04 14:00:00,Resolved,INC-01681,Incident Closed
2025-04-04 14:00:00,Escalated,INC-01685,Supervisor
2025-04-04 14:00:00,Incident Created,INC-01685,CURTAILMENT_RISK_INCIDENT
2025-04-04 14:30:00,Resolved,INC-01682,Incident Closed
2025-04-04 14:30:00,Escalated,INC-01686,Operator
2025-04-04 14:30:00,Incident Created,INC-01686,OVER_GENERATION_INCIDENT
2025-04-04 14:30:00,Escalated,INC-01687,Supervisor
2025-04-04 14:30:00,Incident Created,INC-01687,CURTAILMENT_RISK_INCIDENT
2025-04-04 15:00:00,Resolved,INC-01683,Incident Closed
2025-04-04 15:00:00,Escalated,INC-01688,Operator
2025-04-04 15:00:00,Incident Created,INC-01688,OVER_GENERATION_INCIDENT
2025-04-04 15:00:00,Escalated,INC-01689,Supervisor
2025-04-04 15:00:00,Incident Created,INC-01689,CURTAILMENT_RISK_INCIDENT
2025-04-04 15:30:00,Resolved,INC-01684,Incident Closed
2025-04-04 15:30:00,Escalated,INC-01690,Supervisor
2025-04-04 15:30:00,Incident Created,INC-01690,CURTAILMENT_RISK_INCIDENT
2025-04-04 16:00:00,Resolved,INC-01685,Incident Closed
2025-04-04 16:00:00,Escalated,INC-01691,Supervisor
2025-04-04 16:00:00,Incident Created,INC-01691,CURTAILMENT_RISK_INCIDENT
2025-04-04 16:30:00,Resolved,INC-01686,Incident Closed
2025-04-04 16:30:00,Resolved,INC-01687,Incident Closed
2025-04-04 17:00:00,Resolved,INC-01688,Incident Closed
2025-04-04 17:00:00,Resolved,INC-01689,Incident Closed
2025-04-04 17:30:00,Resolved,INC-01690,Incident Closed
2025-04-04 18:00:00,Resolved,INC-01691,Incident Closed
2025-04-05 03:30:00,Escalated,INC-01692,Operator
2025-04-05 03:30:00,Incident Created,INC-01692,OVER_GENERATION_INCIDENT
2025-04-05 04:00:00,Incident Created,INC-01693,OVER_GENERATION_INCIDENT
2025-04-05 04:00:00,Escalated,INC-01693,Operator
2025-04-05 04:30:00,Incident Created,INC-01694,OVER_GENERATION_INCIDENT
2025-04-05 04:30:00,Escalated,INC-01694,Operator
2025-04-05 05:00:00,Incident Created,INC-01695,OVER_GENERATION_INCIDENT
2025-04-05 05:00:00,Escalated,INC-01695,Operator
2025-04-05 05:30:00,Resolved,INC-01692,Incident Closed
2025-04-05 06:00:00,Resolved,INC-01693,Incident Closed
2025-04-05 06:30:00,Resolved,INC-01694,Incident Closed
2025-04-05 07:00:00,Resolved,INC-01695,Incident Closed
2025-04-05 09:30:00,Escalated,INC-01696,Supervisor
2025-04-05 09:30:00,Incident Created,INC-01696,CURTAILMENT_RISK_INCIDENT
2025-04-05 10:00:00,Escalated,INC-01697,Supervisor
2025-04-05 10:00:00,Incident Created,INC-01697,CURTAILMENT_RISK_INCIDENT
2025-04-05 10:30:00,Incident Created,INC-01698,OVER_GENERATION_INCIDENT
2025-04-05 10:30:00,Escalated,INC-01698,Operator
2025-04-05 10:30:00,Incident Created,INC-01699,CURTAILMENT_RISK_INCIDENT
2025-04-05 10:30:00,Escalated,INC-01699,Supervisor
2025-04-05 11:00:00,Incident Created,INC-01700,OVER_GENERATION_INCIDENT
2025-04-05 11:00:00,Escalated,INC-01700,Operator
2025-04-05 11:00:00,Incident Created,INC-01701,CURTAILMENT_RISK_INCIDENT
2025-04-05 11:00:00,Escalated,INC-01701,Supervisor
2025-04-05 11:30:00,Resolved,INC-01696,Incident Closed
2025-04-05 11:30:00,Escalated,INC-01702,Operator
2025-04-05 11:30:00,Incident Created,INC-01702,OVER_GENERATION_INCIDENT
2025-04-05 11:30:00,Escalated,INC-01703,Supervisor
2025-04-05 11:30:00,Incident Created,INC-01703,CURTAILMENT_RISK_INCIDENT
2025-04-05 12:00:00,Resolved,INC-01697,Incident Closed
2025-04-05 12:00:00,Escalated,INC-01704,Operator
2025-04-05 12:00:00,Incident Created,INC-01704,OVER_GENERATION_INCIDENT
2025-04-05 12:00:00,Escalated,INC-01705,Supervisor
2025-04-05 12:00:00,Incident Created,INC-01705,CURTAILMENT_RISK_INCIDENT
2025-04-05 12:30:00,Resolved,INC-01698,Incident Closed
2025-04-05 12:30:00,Resolved,INC-01699,Incident Closed
2025-04-05 12:30:00,Incident Created,INC-01706,OVER_GENERATION_INCIDENT
2025-04-05 12:30:00,Escalated,INC-01706,Operator
2025-04-05 12:30:00,Escalated,INC-01707,Supervisor
2025-04-05 12:30:00,Incident Created,INC-01707,CURTAILMENT_RISK_INCIDENT
2025-04-05 13:00:00,Resolved,INC-01700,Incident Closed
2025-04-05 13:00:00,Resolved,INC-01701,Incident Closed
2025-04-05 13:00:00,Incident Created,INC-01708,OVER_GENERATION_INCIDENT
2025-04-05 13:00:00,Escalated,INC-01708,Operator
2025-04-05 13:00:00,Incident Created,INC-01709,CURTAILMENT_RISK_INCIDENT
2025-04-05 13:00:00,Escalated,INC-01709,Supervisor
2025-04-05 13:30:00,Resolved,INC-01702,Incident Closed
2025-04-05 13:30:00,Resolved,INC-01703,Incident Closed
2025-04-05 13:30:00,Escalated,INC-01710,Operator
2025-04-05 13:30:00,Incident Created,INC-01710,OVER_GENERATION_INCIDENT
2025-04-05 13:30:00,Escalated,INC-01711,Supervisor
2025-04-05 13:30:00,Incident Created,INC-01711,CURTAILMENT_RISK_INCIDENT
2025-04-05 14:00:00,Resolved,INC-01704,Incident Closed
2025-04-05 14:00:00,Resolved,INC-01705,Incident Closed
2025-04-05 14:00:00,Incident Created,INC-01712,OVER_GENERATION_INCIDENT
2025-04-05 14:00:00,Escalated,INC-01712,Operator
2025-04-05 14:00:00,Incident Created,INC-01713,CURTAILMENT_RISK_INCIDENT
2025-04-05 14:00:00,Escalated,INC-01713,Supervisor
2025-04-05 14:30:00,Resolved,INC-01706,Incident Closed
2025-04-05 14:30:00,Resolved,INC-01707,Incident Closed
2025-04-05 14:30:00,Incident Created,INC-01714,OVER_GENERATION_INCIDENT
2025-04-05 14:30:00,Escalated,INC-01714,Operator
2025-04-05 14:30:00,Incident Created,INC-01715,CURTAILMENT_RISK_INCIDENT
2025-04-05 14:30:00,Escalated,INC-01715,Supervisor
2025-04-05 15:00:00,Resolved,INC-01708,Incident Closed
2025-04-05 15:00:00,Resolved,INC-01709,Incident Closed
2025-04-05 15:00:00,Escalated,INC-01716,Operator
2025-04-05 15:00:00,Incident Created,INC-01716,OVER_GENERATION_INCIDENT
2025-04-05 15:30:00,Resolved,INC-01710,Incident Closed
2025-04-05 15:30:00,Resolved,INC-01711,Incident Closed
2025-04-05 15:30:00,Escalated,INC-01717,Operator
2025-04-05 15:30:00,Incident Created,INC-01717,OVER_GENERATION_INCIDENT
2025-04-05 16:00:00,Resolved,INC-01712,Incident Closed
2025-04-05 16:00:00,Resolved,INC-01713,Incident Closed
2025-04-05 16:00:00,Escalated,INC-01718,Operator
2025-04-05 16:00:00,Incident Created,INC-01718,OVER_GENERATION_INCIDENT
2025-04-05 16:30:00,Resolved,INC-01714,Incident Closed
2025-04-05 16:30:00,Resolved,INC-01715,Incident Closed
2025-04-05 16:30:00,Incident Created,INC-01719,OVER_GENERATION_INCIDENT
2025-04-05 16:30:00,Escalated,INC-01719,Operator
2025-04-05 17:00:00,Resolved,INC-01716,Incident Closed
2025-04-05 17:30:00,Resolved,INC-01717,Incident Closed
2025-04-05 18:00:00,Resolved,INC-01718,Incident Closed
2025-04-05 18:30:00,Resolved,INC-01719,Incident Closed
2025-04-06 03:30:00,Incident Created,INC-01720,OVER_GENERATION_INCIDENT
2025-04-06 03:30:00,Escalated,INC-01720,Operator
2025-04-06 04:00:00,Escalated,INC-01721,Operator
2025-04-06 04:00:00,Incident Created,INC-01721,OVER_GENERATION_INCIDENT
2025-04-06 04:30:00,Incident Created,INC-01722,OVER_GENERATION_INCIDENT
2025-04-06 04:30:00,Escalated,INC-01722,Operator
2025-04-06 05:00:00,Incident Created,INC-01723,OVER_GENERATION_INCIDENT
2025-04-06 05:00:00,Escalated,INC-01723,Operator
2025-04-06 05:30:00,Resolved,INC-01720,Incident Closed
2025-04-06 05:30:00,Incident Created,INC-01724,OVER_GENERATION_INCIDENT
2025-04-06 05:30:00,Escalated,INC-01724,Operator
2025-04-06 06:00:00,Resolved,INC-01721,Incident Closed
2025-04-06 06:30:00,Resolved,INC-01722,Incident Closed
2025-04-06 07:00:00,Resolved,INC-01723,Incident Closed
2025-04-06 07:30:00,Resolved,INC-01724,Incident Closed
2025-04-06 10:00:00,Escalated,INC-01725,Operator
2025-04-06 10:00:00,Incident Created,INC-01725,OVER_GENERATION_INCIDENT
2025-04-06 10:30:00,Escalated,INC-01726,Operator
2025-04-06 10:30:00,Incident Created,INC-01726,OVER_GENERATION_INCIDENT
2025-04-06 11:00:00,Incident Created,INC-01727,OVER_GENERATION_INCIDENT
2025-04-06 11:00:00,Escalated,INC-01727,Operator
2025-04-06 11:30:00,Escalated,INC-01728,Operator
2025-04-06 11:30:00,Incident Created,INC-01728,OVER_GENERATION_INCIDENT
2025-04-06 12:00:00,Resolved,INC-01725,Incident Closed
2025-04-06 12:00:00,Incident Created,INC-01729,OVER_GENERATION_INCIDENT
2025-04-06 12:00:00,Escalated,INC-01729,Operator
2025-04-06 12:30:00,Resolved,INC-01726,Incident Closed
2025-04-06 12:30:00,Incident Created,INC-01730,OVER_GENERATION_INCIDENT
2025-04-06 12:30:00,Escalated,INC-01730,Operator
2025-04-06 13:00:00,Resolved,INC-01727,Incident Closed
2025-04-06 13:00:00,Escalated,INC-01731,Operator
2025-04-06 13:00:00,Incident Created,INC-01731,OVER_GENERATION_INCIDENT
2025-04-06 13:30:00,Resolved,INC-01728,Incident Closed
2025-04-06 13:30:00,Incident Created,INC-01732,OVER_GENERATION_INCIDENT
2025-04-06 13:30:00,Escalated,INC-01732,Operator
2025-04-06 14:00:00,Resolved,INC-01729,Incident Closed
2025-04-06 14:00:00,Incident Created,INC-01733,OVER_GENERATION_INCIDENT
2025-04-06 14:00:00,Escalated,INC-01733,Operator
2025-04-06 14:30:00,Resolved,INC-01730,Incident Closed
2025-04-06 14:30:00,Incident Created,INC-01734,OVER_GENERATION_INCIDENT
2025-04-06 14:30:00,Escalated,INC-01734,Operator
2025-04-06 15:00:00,Resolved,INC-01731,Incident Closed
2025-04-06 15:00:00,Escalated,INC-01735,Operator
2025-04-06 15:00:00,Incident Created,INC-01735,OVER_GENERATION_INCIDENT
2025-04-06 15:30:00,Resolved,INC-01732,Incident Closed
2025-04-06 15:30:00,Escalated,INC-01736,Operator
2025-04-06 15:30:00,Incident Created,INC-01736,OVER_GENERATION_INCIDENT
2025-04-06 16:00:00,Resolved,INC-01733,Incident Closed
2025-04-06 16:00:00,Escalated,INC-01737,Operator
2025-04-06 16:00:00,Incident Created,INC-01737,OVER_GENERATION_INCIDENT
2025-04-06 16:30:00,Resolved,INC-01734,Incident Closed
2025-04-06 17:00:00,Resolved,INC-01735,Incident Closed
2025-04-06 17:30:00,Resolved,INC-01736,Incident Closed
2025-04-06 18:00:00,Resolved,INC-01737,Incident Closed
2025-04-07 04:30:00,Escalated,INC-01738,Supervisor
2025-04-07 04:30:00,Incident Created,INC-01738,SUSTAINABILITY_INCIDENT
2025-04-07 05:00:00,Escalated,INC-01739,Supervisor
2025-04-07 05:00:00,Incident Created,INC-01739,SUSTAINABILITY_INCIDENT
2025-04-07 05:30:00,Incident Created,INC-01740,SUSTAINABILITY_INCIDENT
2025-04-07 05:30:00,Escalated,INC-01740,Supervisor
2025-04-07 06:00:00,Incident Created,INC-01741,SUSTAINABILITY_INCIDENT
2025-04-07 06:00:00,Escalated,INC-01741,Supervisor
2025-04-07 06:30:00,Resolved,INC-01738,Incident Closed
2025-04-07 07:00:00,Resolved,INC-01739,Incident Closed
2025-04-07 07:30:00,Resolved,INC-01740,Incident Closed
2025-04-07 08:00:00,Resolved,INC-01741,Incident Closed
2025-04-07 17:00:00,Incident Created,INC-01742,SUSTAINABILITY_INCIDENT
2025-04-07 17:00:00,Escalated,INC-01742,Supervisor
2025-04-07 17:30:00,Incident Created,INC-01743,SUSTAINABILITY_INCIDENT
2025-04-07 17:30:00,Escalated,INC-01743,Supervisor
2025-04-07 18:00:00,Incident Created,INC-01744,SUSTAINABILITY_INCIDENT
2025-04-07 18:00:00,Escalated,INC-01744,Supervisor
2025-04-07 18:30:00,Incident Created,INC-01745,SUSTAINABILITY_INCIDENT
2025-04-07 18:30:00,Escalated,INC-01745,Supervisor
2025-04-07 19:00:00,Resolved,INC-01742,Incident Closed
2025-04-07 19:00:00,Incident Created,INC-01746,SUSTAINABILITY_INCIDENT
2025-04-07 19:00:00,Escalated,INC-01746,Supervisor
2025-04-07 19:30:00,Resolved,INC-01743,Incident Closed
2025-04-07 19:30:00,Escalated,INC-01747,Supervisor
2025-04-07 19:30:00,Incident Created,INC-01747,SUSTAINABILITY_INCIDENT
2025-04-07 20:00:00,Resolved,INC-01744,Incident Closed
2025-04-07 20:00:00,Escalated,INC-01748,Supervisor
2025-04-07 20:00:00,Incident Created,INC-01748,SUSTAINABILITY_INCIDENT
2025-04-07 20:30:00,Resolved,INC-01745,Incident Closed
2025-04-07 20:30:00,Escalated,INC-01749,Supervisor
2025-04-07 20:30:00,Incident Created,INC-01749,SUSTAINABILITY_INCIDENT
2025-04-07 21:00:00,Resolved,INC-01746,Incident Closed
2025-04-07 21:00:00,Incident Created,INC-01750,SUSTAINABILITY_INCIDENT
2025-04-07 21:00:00,Escalated,INC-01750,Supervisor
2025-04-07 21:30:00,Resolved,INC-01747,Incident Closed
2025-04-07 21:30:00,Incident Created,INC-01751,SUSTAINABILITY_INCIDENT
2025-04-07 21:30:00,Escalated,INC-01751,Supervisor
2025-04-07 22:00:00,Resolved,INC-01748,Incident Closed
2025-04-07 22:00:00,Incident Created,INC-01752,SUSTAINABILITY_INCIDENT
2025-04-07 22:00:00,Escalated,INC-01752,Supervisor
2025-04-07 22:30:00,Resolved,INC-01749,Incident Closed
2025-04-07 22:30:00,Escalated,INC-01753,Supervisor
2025-04-07 22:30:00,Incident Created,INC-01753,SUSTAINABILITY_INCIDENT
2025-04-07 23:00:00,Resolved,INC-01750,Incident Closed
2025-04-07 23:00:00,Escalated,INC-01754,Supervisor
2025-04-07 23:00:00,Incident Created,INC-01754,SUSTAINABILITY_INCIDENT
2025-04-07 23:30:00,Resolved,INC-01751,Incident Closed
2025-04-07 23:30:00,Escalated,INC-01755,Supervisor
2025-04-07 23:30:00,Incident Created,INC-01755,SUSTAINABILITY_INCIDENT
2025-04-08 00:00:00,Resolved,INC-01752,Incident Closed
2025-04-08 00:00:00,Escalated,INC-01756,Supervisor
2025-04-08 00:00:00,Incident Created,INC-01756,SUSTAINABILITY_INCIDENT
2025-04-08 00:30:00,Resolved,INC-01753,Incident Closed
2025-04-08 00:30:00,Incident Created,INC-01757,SUSTAINABILITY_INCIDENT
2025-04-08 00:30:00,Escalated,INC-01757,Supervisor
2025-04-08 01:00:00,Resolved,INC-01754,Incident Closed
2025-04-08 01:00:00,Incident Created,INC-01758,SUSTAINABILITY_INCIDENT
2025-04-08 01:00:00,Escalated,INC-01758,Supervisor
2025-04-08 01:30:00,Resolved,INC-01755,Incident Closed
2025-04-08 01:30:00,Incident Created,INC-01759,SUSTAINABILITY_INCIDENT
2025-04-08 01:30:00,Escalated,INC-01759,Supervisor
2025-04-08 02:00:00,Resolved,INC-01756,Incident Closed
2025-04-08 02:00:00,Escalated,INC-01760,Supervisor
2025-04-08 02:00:00,Incident Created,INC-01760,SUSTAINABILITY_INCIDENT
2025-04-08 02:30:00,Resolved,INC-01757,Incident Closed
2025-04-08 02:30:00,Escalated,INC-01761,Supervisor
2025-04-08 02:30:00,Incident Created,INC-01761,SUSTAINABILITY_INCIDENT
2025-04-08 03:00:00,Resolved,INC-01758,Incident Closed
2025-04-08 03:00:00,Escalated,INC-01762,Supervisor
2025-04-08 03:00:00,Incident Created,INC-01762,SUSTAINABILITY_INCIDENT
2025-04-08 03:30:00,Resolved,INC-01759,Incident Closed
2025-04-08 03:30:00,Escalated,INC-01763,Supervisor
2025-04-08 03:30:00,Incident Created,INC-01763,SUSTAINABILITY_INCIDENT
2025-04-08 04:00:00,Resolved,INC-01760,Incident Closed
2025-04-08 04:00:00,Incident Created,INC-01764,SUSTAINABILITY_INCIDENT
2025-04-08 04:00:00,Escalated,INC-01764,Supervisor
2025-04-08 04:30:00,Resolved,INC-01761,Incident Closed
2025-04-08 04:30:00,Incident Created,INC-01765,SUSTAINABILITY_INCIDENT
2025-04-08 04:30:00,Escalated,INC-01765,Supervisor
2025-04-08 05:00:00,Resolved,INC-01762,Incident Closed
2025-04-08 05:00:00,Incident Created,INC-01766,SUSTAINABILITY_INCIDENT
2025-04-08 05:00:00,Escalated,INC-01766,Supervisor
2025-04-08 05:30:00,Resolved,INC-01763,Incident Closed
2025-04-08 05:30:00,Incident Created,INC-01767,SUSTAINABILITY_INCIDENT
2025-04-08 05:30:00,Escalated,INC-01767,Supervisor
2025-04-08 06:00:00,Resolved,INC-01764,Incident Closed
2025-04-08 06:00:00,Escalated,INC-01768,Supervisor
2025-04-08 06:00:00,Incident Created,INC-01768,SUSTAINABILITY_INCIDENT
2025-04-08 06:30:00,Resolved,INC-01765,Incident Closed
2025-04-08 06:30:00,Escalated,INC-01769,Supervisor
2025-04-08 06:30:00,Incident Created,INC-01769,SUSTAINABILITY_INCIDENT
2025-04-08 07:00:00,Resolved,INC-01766,Incident Closed
2025-04-08 07:00:00,Escalated,INC-01770,Supervisor
2025-04-08 07:00:00,Incident Created,INC-01770,SUSTAINABILITY_INCIDENT
2025-04-08 07:30:00,Resolved,INC-01767,Incident Closed
2025-04-08 07:30:00,Incident Created,INC-01771,SUSTAINABILITY_INCIDENT
2025-04-08 07:30:00,Escalated,INC-01771,Supervisor
2025-04-08 08:00:00,Resolved,INC-01768,Incident Closed
2025-04-08 08:00:00,Incident Created,INC-01772,SUSTAINABILITY_INCIDENT
2025-04-08 08:00:00,Escalated,INC-01772,Supervisor
2025-04-08 08:30:00,Resolved,INC-01769,Incident Closed
2025-04-08 09:00:00,Resolved,INC-01770,Incident Closed
2025-04-08 09:30:00,Resolved,INC-01771,Incident Closed
2025-04-08 10:00:00,Resolved,INC-01772,Incident Closed
2025-04-08 16:00:00,Escalated,INC-01773,Supervisor
2025-04-08 16:00:00,Incident Created,INC-01773,SUSTAINABILITY_INCIDENT
2025-04-08 16:30:00,Incident Created,INC-01774,SUSTAINABILITY_INCIDENT
2025-04-08 16:30:00,Escalated,INC-01774,Supervisor
2025-04-08 17:00:00,Incident Created,INC-01775,SUSTAINABILITY_INCIDENT
2025-04-08 17:00:00,Escalated,INC-01775,Supervisor
2025-04-08 17:30:00,Incident Created,INC-01776,SUSTAINABILITY_INCIDENT
2025-04-08 17:30:00,Escalated,INC-01776,Supervisor
2025-04-08 18:00:00,Resolved,INC-01773,Incident Closed
2025-04-08 18:00:00,Incident Created,INC-01777,SUSTAINABILITY_INCIDENT
2025-04-08 18:00:00,Escalated,INC-01777,Supervisor
2025-04-08 18:30:00,Resolved,INC-01774,Incident Closed
2025-04-08 18:30:00,Incident Created,INC-01778,SUSTAINABILITY_INCIDENT
2025-04-08 18:30:00,Escalated,INC-01778,Supervisor
2025-04-08 19:00:00,Resolved,INC-01775,Incident Closed
2025-04-08 19:00:00,Incident Created,INC-01779,SUSTAINABILITY_INCIDENT
2025-04-08 19:00:00,Escalated,INC-01779,Supervisor
2025-04-08 19:30:00,Resolved,INC-01776,Incident Closed
2025-04-08 19:30:00,Escalated,INC-01780,Supervisor
2025-04-08 19:30:00,Incident Created,INC-01780,SUSTAINABILITY_INCIDENT
2025-04-08 20:00:00,Resolved,INC-01777,Incident Closed
2025-04-08 20:00:00,Escalated,INC-01781,Supervisor
2025-04-08 20:00:00,Incident Created,INC-01781,SUSTAINABILITY_INCIDENT
2025-04-08 20:30:00,Resolved,INC-01778,Incident Closed
2025-04-08 20:30:00,Escalated,INC-01782,Supervisor
2025-04-08 20:30:00,Incident Created,INC-01782,SUSTAINABILITY_INCIDENT
2025-04-08 21:00:00,Resolved,INC-01779,Incident Closed
2025-04-08 21:00:00,Escalated,INC-01783,Supervisor
2025-04-08 21:00:00,Incident Created,INC-01783,SUSTAINABILITY_INCIDENT
2025-04-08 21:30:00,Resolved,INC-01780,Incident Closed
2025-04-08 21:30:00,Incident Created,INC-01784,SUSTAINABILITY_INCIDENT
2025-04-08 21:30:00,Escalated,INC-01784,Supervisor
2025-04-08 22:00:00,Resolved,INC-01781,Incident Closed
2025-04-08 22:00:00,Incident Created,INC-01785,SUSTAINABILITY_INCIDENT
2025-04-08 22:00:00,Escalated,INC-01785,Supervisor
2025-04-08 22:30:00,Resolved,INC-01782,Incident Closed
2025-04-08 22:30:00,Incident Created,INC-01786,SUSTAINABILITY_INCIDENT
2025-04-08 22:30:00,Escalated,INC-01786,Supervisor
2025-04-08 23:00:00,Resolved,INC-01783,Incident Closed
2025-04-08 23:00:00,Escalated,INC-01787,Supervisor
2025-04-08 23:00:00,Incident Created,INC-01787,SUSTAINABILITY_INCIDENT
2025-04-08 23:30:00,Resolved,INC-01784,Incident Closed
2025-04-09 00:00:00,Resolved,INC-01785,Incident Closed
2025-04-09 00:30:00,Resolved,INC-01786,Incident Closed
2025-04-09 01:00:00,Resolved,INC-01787,Incident Closed
2025-04-09 18:00:00,Escalated,INC-01788,Supervisor
2025-04-09 18:00:00,Incident Created,INC-01788,SUSTAINABILITY_INCIDENT
2025-04-09 18:30:00,Escalated,INC-01789,Supervisor
2025-04-09 18:30:00,Incident Created,INC-01789,SUSTAINABILITY_INCIDENT
2025-04-09 19:00:00,Escalated,INC-01790,Supervisor
2025-04-09 19:00:00,Incident Created,INC-01790,SUSTAINABILITY_INCIDENT
2025-04-09 19:30:00,Escalated,INC-01791,Supervisor
2025-04-09 19:30:00,Incident Created,INC-01791,SUSTAINABILITY_INCIDENT
2025-04-09 20:00:00,Resolved,INC-01788,Incident Closed
2025-04-09 20:00:00,Incident Created,INC-01792,SUSTAINABILITY_INCIDENT
2025-04-09 20:00:00,Escalated,INC-01792,Supervisor
2025-04-09 20:30:00,Resolved,INC-01789,Incident Closed
2025-04-09 20:30:00,Incident Created,INC-01793,SUSTAINABILITY_INCIDENT
2025-04-09 20:30:00,Escalated,INC-01793,Supervisor
2025-04-09 21:00:00,Resolved,INC-01790,Incident Closed
2025-04-09 21:30:00,Resolved,INC-01791,Incident Closed
2025-04-09 22:00:00,Resolved,INC-01792,Incident Closed
2025-04-09 22:30:00,Resolved,INC-01793,Incident Closed
2025-04-11 13:30:00,Escalated,INC-01794,Operator
2025-04-11 13:30:00,Incident Created,INC-01794,OVER_GENERATION_INCIDENT
2025-04-11 14:00:00,Escalated,INC-01795,Operator
2025-04-11 14:00:00,Incident Created,INC-01795,OVER_GENERATION_INCIDENT
2025-04-11 14:30:00,Incident Created,INC-01796,OVER_GENERATION_INCIDENT
2025-04-11 14:30:00,Escalated,INC-01796,Operator
2025-04-11 15:30:00,Resolved,INC-01794,Incident Closed
2025-04-11 16:00:00,Resolved,INC-01795,Incident Closed
2025-04-11 16:30:00,Resolved,INC-01796,Incident Closed
2025-04-11 17:30:00,Escalated,INC-01797,Supervisor
2025-04-11 17:30:00,Incident Created,INC-01797,SUSTAINABILITY_INCIDENT
2025-04-11 18:00:00,Escalated,INC-01798,Supervisor
2025-04-11 18:00:00,Incident Created,INC-01798,SUSTAINABILITY_INCIDENT
2025-04-11 18:30:00,Incident Created,INC-01799,SUSTAINABILITY_INCIDENT
2025-04-11 18:30:00,Escalated,INC-01799,Supervisor
2025-04-11 19:00:00,Incident Created,INC-01800,SUSTAINABILITY_INCIDENT
2025-04-11 19:00:00,Escalated,INC-01800,Supervisor
2025-04-11 19:30:00,Resolved,INC-01797,Incident Closed
2025-04-11 19:30:00,Escalated,INC-01801,Supervisor
2025-04-11 19:30:00,Incident Created,INC-01801,SUSTAINABILITY_INCIDENT
2025-04-11 20:00:00,Resolved,INC-01798,Incident Closed
2025-04-11 20:00:00,Incident Created,INC-01802,SUSTAINABILITY_INCIDENT
2025-04-11 20:00:00,Escalated,INC-01802,Supervisor
2025-04-11 20:30:00,Resolved,INC-01799,Incident Closed
2025-04-11 20:30:00,Escalated,INC-01803,Supervisor
2025-04-11 20:30:00,Incident Created,INC-01803,SUSTAINABILITY_INCIDENT
2025-04-11 21:00:00,Resolved,INC-01800,Incident Closed
2025-04-11 21:00:00,Escalated,INC-01804,Supervisor
2025-04-11 21:00:00,Incident Created,INC-01804,SUSTAINABILITY_INCIDENT
2025-04-11 21:30:00,Resolved,INC-01801,Incident Closed
2025-04-11 22:00:00,Resolved,INC-01802,Incident Closed
2025-04-11 22:30:00,Resolved,INC-01803,Incident Closed
2025-04-11 23:00:00,Resolved,INC-01804,Incident Closed
2025-04-12 11:00:00,Escalated,INC-01805,Operator
2025-04-12 11:00:00,Incident Created,INC-01805,OVER_GENERATION_INCIDENT
2025-04-12 11:30:00,Escalated,INC-01806,Operator
2025-04-12 11:30:00,Incident Created,INC-01806,OVER_GENERATION_INCIDENT
2025-04-12 12:00:00,Incident Created,INC-01807,OVER_GENERATION_INCIDENT
2025-04-12 12:00:00,Escalated,INC-01807,Operator
2025-04-12 12:30:00,Incident Created,INC-01808,OVER_GENERATION_INCIDENT
2025-04-12 12:30:00,Escalated,INC-01808,Operator
2025-04-12 13:00:00,Resolved,INC-01805,Incident Closed
2025-04-12 13:00:00,Incident Created,INC-01809,OVER_GENERATION_INCIDENT
2025-04-12 13:00:00,Escalated,INC-01809,Operator
2025-04-12 13:30:00,Resolved,INC-01806,Incident Closed
2025-04-12 13:30:00,Incident Created,INC-01810,OVER_GENERATION_INCIDENT
2025-04-12 13:30:00,Escalated,INC-01810,Operator
2025-04-12 14:00:00,Resolved,INC-01807,Incident Closed
2025-04-12 14:00:00,Incident Created,INC-01811,OVER_GENERATION_INCIDENT
2025-04-12 14:00:00,Escalated,INC-01811,Operator
2025-04-12 14:30:00,Resolved,INC-01808,Incident Closed
2025-04-12 14:30:00,Incident Created,INC-01812,OVER_GENERATION_INCIDENT
2025-04-12 14:30:00,Escalated,INC-01812,Operator
2025-04-12 15:00:00,Resolved,INC-01809,Incident Closed
2025-04-12 15:30:00,Resolved,INC-01810,Incident Closed
2025-04-12 16:00:00,Resolved,INC-01811,Incident Closed
2025-04-12 16:30:00,Resolved,INC-01812,Incident Closed
2025-04-13 03:00:00,Incident Created,INC-01813,OVER_GENERATION_INCIDENT
2025-04-13 03:00:00,Escalated,INC-01813,Operator
2025-04-13 03:30:00,Incident Created,INC-01814,OVER_GENERATION_INCIDENT
2025-04-13 03:30:00,Escalated,INC-01814,Operator
2025-04-13 04:00:00,Incident Created,INC-01815,OVER_GENERATION_INCIDENT
2025-04-13 04:00:00,Escalated,INC-01815,Operator
2025-04-13 04:30:00,Incident Created,INC-01816,OVER_GENERATION_INCIDENT
2025-04-13 04:30:00,Escalated,INC-01816,Operator
2025-04-13 05:00:00,Resolved,INC-01813,Incident Closed
2025-04-13 05:00:00,Incident Created,INC-01817,OVER_GENERATION_INCIDENT
2025-04-13 05:00:00,Escalated,INC-01817,Operator
2025-04-13 05:30:00,Resolved,INC-01814,Incident Closed
2025-04-13 05:30:00,Incident Created,INC-01818,OVER_GENERATION_INCIDENT
2025-04-13 05:30:00,Escalated,INC-01818,Operator
2025-04-13 06:00:00,Resolved,INC-01815,Incident Closed
2025-04-13 06:00:00,Escalated,INC-01819,Operator
2025-04-13 06:00:00,Incident Created,INC-01819,OVER_GENERATION_INCIDENT
2025-04-13 06:30:00,Resolved,INC-01816,Incident Closed
2025-04-13 06:30:00,Escalated,INC-01820,Operator
2025-04-13 06:30:00,Incident Created,INC-01820,OVER_GENERATION_INCIDENT
2025-04-13 07:00:00,Resolved,INC-01817,Incident Closed
2025-04-13 07:30:00,Resolved,INC-01818,Incident Closed
2025-04-13 08:00:00,Resolved,INC-01819,Incident Closed
2025-04-13 08:30:00,Resolved,INC-01820,Incident Closed
2025-04-14 04:00:00,Incident Created,INC-01821,OVER_GENERATION_INCIDENT
2025-04-14 04:00:00,Escalated,INC-01821,Operator
2025-04-14 04:30:00,Incident Created,INC-01822,OVER_GENERATION_INCIDENT
2025-04-14 04:30:00,Escalated,INC-01822,Operator
2025-04-14 06:00:00,Resolved,INC-01821,Incident Closed
2025-04-14 06:30:00,Resolved,INC-01822,Incident Closed
2025-04-16 07:30:00,Incident Created,INC-01823,CURTAILMENT_RISK_INCIDENT
2025-04-16 07:30:00,Escalated,INC-01823,Supervisor
2025-04-16 08:00:00,Incident Created,INC-01824,CURTAILMENT_RISK_INCIDENT
2025-04-16 08:00:00,Escalated,INC-01824,Supervisor
2025-04-16 08:30:00,Escalated,INC-01825,Supervisor
2025-04-16 08:30:00,Incident Created,INC-01825,CURTAILMENT_RISK_INCIDENT
2025-04-16 09:00:00,Incident Created,INC-01826,CURTAILMENT_RISK_INCIDENT
2025-04-16 09:00:00,Escalated,INC-01826,Supervisor
2025-04-16 09:30:00,Resolved,INC-01823,Incident Closed
2025-04-16 09:30:00,Incident Created,INC-01827,CURTAILMENT_RISK_INCIDENT
2025-04-16 09:30:00,Escalated,INC-01827,Supervisor
2025-04-16 10:00:00,Resolved,INC-01824,Incident Closed
2025-04-16 10:00:00,Escalated,INC-01828,Supervisor
2025-04-16 10:00:00,Incident Created,INC-01828,CURTAILMENT_RISK_INCIDENT
2025-04-16 10:30:00,Resolved,INC-01825,Incident Closed
2025-04-16 10:30:00,Escalated,INC-01829,Supervisor
2025-04-16 10:30:00,Incident Created,INC-01829,CURTAILMENT_RISK_INCIDENT
2025-04-16 11:00:00,Resolved,INC-01826,Incident Closed
2025-04-16 11:00:00,Escalated,INC-01830,Supervisor
2025-04-16 11:00:00,Incident Created,INC-01830,CURTAILMENT_RISK_INCIDENT
2025-04-16 11:30:00,Resolved,INC-01827,Incident Closed
2025-04-16 11:30:00,Incident Created,INC-01831,CURTAILMENT_RISK_INCIDENT
2025-04-16 11:30:00,Escalated,INC-01831,Supervisor
2025-04-16 12:00:00,Resolved,INC-01828,Incident Closed
2025-04-16 12:00:00,Incident Created,INC-01832,CURTAILMENT_RISK_INCIDENT
2025-04-16 12:00:00,Escalated,INC-01832,Supervisor
2025-04-16 12:30:00,Resolved,INC-01829,Incident Closed
2025-04-16 12:30:00,Incident Created,INC-01833,CURTAILMENT_RISK_INCIDENT
2025-04-16 12:30:00,Escalated,INC-01833,Supervisor
2025-04-16 13:00:00,Resolved,INC-01830,Incident Closed
2025-04-16 13:00:00,Incident Created,INC-01834,CURTAILMENT_RISK_INCIDENT
2025-04-16 13:00:00,Escalated,INC-01834,Supervisor
2025-04-16 13:30:00,Resolved,INC-01831,Incident Closed
2025-04-16 13:30:00,Escalated,INC-01835,Supervisor
2025-04-16 13:30:00,Incident Created,INC-01835,CURTAILMENT_RISK_INCIDENT
2025-04-16 14:00:00,Resolved,INC-01832,Incident Closed
2025-04-16 14:00:00,Escalated,INC-01836,Supervisor
2025-04-16 14:00:00,Incident Created,INC-01836,CURTAILMENT_RISK_INCIDENT
2025-04-16 14:30:00,Resolved,INC-01833,Incident Closed
2025-04-16 14:30:00,Escalated,INC-01837,Supervisor
2025-04-16 14:30:00,Incident Created,INC-01837,CURTAILMENT_RISK_INCIDENT
2025-04-16 15:00:00,Resolved,INC-01834,Incident Closed
2025-04-16 15:00:00,Escalated,INC-01838,Supervisor
2025-04-16 15:00:00,Incident Created,INC-01838,CURTAILMENT_RISK_INCIDENT
2025-04-16 15:30:00,Resolved,INC-01835,Incident Closed
2025-04-16 15:30:00,Escalated,INC-01839,Supervisor
2025-04-16 15:30:00,Incident Created,INC-01839,CURTAILMENT_RISK_INCIDENT
2025-04-16 16:00:00,Resolved,INC-01836,Incident Closed
2025-04-16 16:30:00,Resolved,INC-01837,Incident Closed
2025-04-16 17:00:00,Resolved,INC-01838,Incident Closed
2025-04-16 17:30:00,Resolved,INC-01839,Incident Closed
2025-04-17 16:30:00,Incident Created,INC-01840,SUSTAINABILITY_INCIDENT
2025-04-17 16:30:00,Escalated,INC-01840,Supervisor
2025-04-17 17:00:00,Escalated,INC-01841,Supervisor
2025-04-17 17:00:00,Incident Created,INC-01841,SUSTAINABILITY_INCIDENT
2025-04-17 17:30:00,Incident Created,INC-01842,SUSTAINABILITY_INCIDENT
2025-04-17 17:30:00,Escalated,INC-01842,Supervisor
2025-04-17 18:00:00,Incident Created,INC-01843,SUSTAINABILITY_INCIDENT
2025-04-17 18:00:00,Escalated,INC-01843,Supervisor
2025-04-17 18:30:00,Resolved,INC-01840,Incident Closed
2025-04-17 18:30:00,Escalated,INC-01844,Supervisor
2025-04-17 18:30:00,Incident Created,INC-01844,SUSTAINABILITY_INCIDENT
2025-04-17 19:00:00,Resolved,INC-01841,Incident Closed
2025-04-17 19:00:00,Escalated,INC-01845,Supervisor
2025-04-17 19:00:00,Incident Created,INC-01845,SUSTAINABILITY_INCIDENT
2025-04-17 19:30:00,Resolved,INC-01842,Incident Closed
2025-04-17 19:30:00,Escalated,INC-01846,Supervisor
2025-04-17 19:30:00,Incident Created,INC-01846,SUSTAINABILITY_INCIDENT
2025-04-17 20:00:00,Resolved,INC-01843,Incident Closed
2025-04-17 20:00:00,Incident Created,INC-01847,SUSTAINABILITY_INCIDENT
2025-04-17 20:00:00,Escalated,INC-01847,Supervisor
2025-04-17 20:30:00,Resolved,INC-01844,Incident Closed
2025-04-17 20:30:00,Escalated,INC-01848,Supervisor
2025-04-17 20:30:00,Incident Created,INC-01848,SUSTAINABILITY_INCIDENT
2025-04-17 21:00:00,Resolved,INC-01845,Incident Closed
2025-04-17 21:00:00,Incident Created,INC-01849,SUSTAINABILITY_INCIDENT
2025-04-17 21:00:00,Escalated,INC-01849,Supervisor
2025-04-17 21:30:00,Resolved,INC-01846,Incident Closed
2025-04-17 21:30:00,Escalated,INC-01850,Supervisor
2025-04-17 21:30:00,Incident Created,INC-01850,SUSTAINABILITY_INCIDENT
2025-04-17 22:00:00,Resolved,INC-01847,Incident Closed
2025-04-17 22:00:00,Escalated,INC-01851,Supervisor
2025-04-17 22:00:00,Incident Created,INC-01851,SUSTAINABILITY_INCIDENT
2025-04-17 22:30:00,Resolved,INC-01848,Incident Closed
2025-04-17 23:00:00,Resolved,INC-01849,Incident Closed
2025-04-17 23:30:00,Resolved,INC-01850,Incident Closed
2025-04-18 00:00:00,Resolved,INC-01851,Incident Closed
2025-04-19 01:00:00,Incident Created,INC-01852,OVER_GENERATION_INCIDENT
2025-04-19 01:00:00,Escalated,INC-01852,Operator
2025-04-19 01:30:00,Escalated,INC-01853,Operator
2025-04-19 01:30:00,Incident Created,INC-01853,OVER_GENERATION_INCIDENT
2025-04-19 02:00:00,Escalated,INC-01854,Operator
2025-04-19 02:00:00,Incident Created,INC-01854,OVER_GENERATION_INCIDENT
2025-04-19 02:30:00,Escalated,INC-01855,Operator
2025-04-19 02:30:00,Incident Created,INC-01855,OVER_GENERATION_INCIDENT
2025-04-19 03:00:00,Resolved,INC-01852,Incident Closed
2025-04-19 03:00:00,Escalated,INC-01856,Operator
2025-04-19 03:00:00,Incident Created,INC-01856,OVER_GENERATION_INCIDENT
2025-04-19 03:30:00,Resolved,INC-01853,Incident Closed
2025-04-19 03:30:00,Escalated,INC-01857,Operator
2025-04-19 03:30:00,Incident Created,INC-01857,OVER_GENERATION_INCIDENT
2025-04-19 04:00:00,Resolved,INC-01854,Incident Closed
2025-04-19 04:00:00,Incident Created,INC-01858,OVER_GENERATION_INCIDENT
2025-04-19 04:00:00,Escalated,INC-01858,Operator
2025-04-19 04:30:00,Resolved,INC-01855,Incident Closed
2025-04-19 04:30:00,Incident Created,INC-01859,OVER_GENERATION_INCIDENT
2025-04-19 04:30:00,Escalated,INC-01859,Operator
2025-04-19 05:00:00,Resolved,INC-01856,Incident Closed
2025-04-19 05:00:00,Incident Created,INC-01860,OVER_GENERATION_INCIDENT
2025-04-19 05:00:00,Escalated,INC-01860,Operator
2025-04-19 05:30:00,Resolved,INC-01857,Incident Closed
2025-04-19 05:30:00,Incident Created,INC-01861,OVER_GENERATION_INCIDENT
2025-04-19 05:30:00,Escalated,INC-01861,Operator
2025-04-19 06:00:00,Resolved,INC-01858,Incident Closed
2025-04-19 06:00:00,Escalated,INC-01862,Operator
2025-04-19 06:00:00,Incident Created,INC-01862,OVER_GENERATION_INCIDENT
2025-04-19 06:30:00,Resolved,INC-01859,Incident Closed
2025-04-19 06:30:00,Incident Created,INC-01863,OVER_GENERATION_INCIDENT
2025-04-19 06:30:00,Escalated,INC-01863,Operator
2025-04-19 07:00:00,Resolved,INC-01860,Incident Closed
2025-04-19 07:30:00,Resolved,INC-01861,Incident Closed
2025-04-19 08:00:00,Resolved,INC-01862,Incident Closed
2025-04-19 08:30:00,Resolved,INC-01863,Incident Closed
2025-04-19 13:00:00,Incident Created,INC-01864,OVER_GENERATION_INCIDENT
2025-04-19 13:00:00,Escalated,INC-01864,Operator
2025-04-19 13:30:00,Incident Created,INC-01865,OVER_GENERATION_INCIDENT
2025-04-19 13:30:00,Escalated,INC-01865,Operator
2025-04-19 14:00:00,Escalated,INC-01866,Operator
2025-04-19 14:00:00,Incident Created,INC-01866,OVER_GENERATION_INCIDENT
2025-04-19 14:30:00,Escalated,INC-01867,Operator
2025-04-19 14:30:00,Incident Created,INC-01867,OVER_GENERATION_INCIDENT
2025-04-19 15:00:00,Resolved,INC-01864,Incident Closed
2025-04-19 15:00:00,Escalated,INC-01868,Operator
2025-04-19 15:00:00,Incident Created,INC-01868,OVER_GENERATION_INCIDENT
2025-04-19 15:30:00,Resolved,INC-01865,Incident Closed
2025-04-19 15:30:00,Incident Created,INC-01869,OVER_GENERATION_INCIDENT
2025-04-19 15:30:00,Escalated,INC-01869,Operator
2025-04-19 16:00:00,Resolved,INC-01866,Incident Closed
2025-04-19 16:30:00,Resolved,INC-01867,Incident Closed
2025-04-19 17:00:00,Resolved,INC-01868,Incident Closed
2025-04-19 17:30:00,Resolved,INC-01869,Incident Closed
2025-04-20 06:00:00,Incident Created,INC-01870,OVER_GENERATION_INCIDENT
2025-04-20 06:00:00,Escalated,INC-01870,Operator
2025-04-20 06:30:00,Escalated,INC-01871,Operator
2025-04-20 06:30:00,Incident Created,INC-01871,OVER_GENERATION_INCIDENT
2025-04-20 08:00:00,Resolved,INC-01870,Incident Closed
2025-04-20 08:30:00,Resolved,INC-01871,Incident Closed
2025-04-20 10:30:00,Escalated,INC-01872,Operator
2025-04-20 10:30:00,Incident Created,INC-01872,OVER_GENERATION_INCIDENT
2025-04-20 11:00:00,Incident Created,INC-01873,OVER_GENERATION_INCIDENT
2025-04-20 11:00:00,Escalated,INC-01873,Operator
2025-04-20 11:30:00,Incident Created,INC-01874,OVER_GENERATION_INCIDENT
2025-04-20 11:30:00,Escalated,INC-01874,Operator
2025-04-20 12:00:00,Incident Created,INC-01875,OVER_GENERATION_INCIDENT
2025-04-20 12:00:00,Escalated,INC-01875,Operator
2025-04-20 12:30:00,Resolved,INC-01872,Incident Closed
2025-04-20 12:30:00,Incident Created,INC-01876,OVER_GENERATION_INCIDENT
2025-04-20 12:30:00,Escalated,INC-01876,Operator
2025-04-20 13:00:00,Resolved,INC-01873,Incident Closed
2025-04-20 13:00:00,Incident Created,INC-01877,OVER_GENERATION_INCIDENT
2025-04-20 13:00:00,Escalated,INC-01877,Operator
2025-04-20 13:30:00,Resolved,INC-01874,Incident Closed
2025-04-20 13:30:00,Incident Created,INC-01878,OVER_GENERATION_INCIDENT
2025-04-20 13:30:00,Escalated,INC-01878,Operator
2025-04-20 14:00:00,Resolved,INC-01875,Incident Closed
2025-04-20 14:00:00,Escalated,INC-01879,Operator
2025-04-20 14:00:00,Incident Created,INC-01879,OVER_GENERATION_INCIDENT
2025-04-20 14:30:00,Resolved,INC-01876,Incident Closed
2025-04-20 14:30:00,Escalated,INC-01880,Operator
2025-04-20 14:30:00,Incident Created,INC-01880,OVER_GENERATION_INCIDENT
2025-04-20 15:00:00,Resolved,INC-01877,Incident Closed
2025-04-20 15:00:00,Incident Created,INC-01881,OVER_GENERATION_INCIDENT
2025-04-20 15:00:00,Escalated,INC-01881,Operator
2025-04-20 15:30:00,Resolved,INC-01878,Incident Closed
2025-04-20 16:00:00,Resolved,INC-01879,Incident Closed
2025-04-20 16:30:00,Resolved,INC-01880,Incident Closed
2025-04-20 17:00:00,Resolved,INC-01881,Incident Closed
2025-04-21 03:30:00,Escalated,INC-01882,Supervisor
2025-04-21 03:30:00,Incident Created,INC-01882,DEMAND_ANOMALY_INCIDENT
2025-04-21 04:00:00,Incident Created,INC-01883,DEMAND_ANOMALY_INCIDENT
2025-04-21 04:00:00,Escalated,INC-01883,Supervisor
2025-04-21 05:30:00,Resolved,INC-01882,Incident Closed
2025-04-21 06:00:00,Resolved,INC-01883,Incident Closed
2025-04-21 17:30:00,Escalated,INC-01884,Supervisor
2025-04-21 17:30:00,Incident Created,INC-01884,SUSTAINABILITY_INCIDENT
2025-04-21 18:00:00,Escalated,INC-01885,Supervisor
2025-04-21 18:00:00,Incident Created,INC-01885,SUSTAINABILITY_INCIDENT
2025-04-21 18:30:00,Escalated,INC-01886,Supervisor
2025-04-21 18:30:00,Incident Created,INC-01886,SUSTAINABILITY_INCIDENT
2025-04-21 19:00:00,Escalated,INC-01887,Supervisor
2025-04-21 19:00:00,Incident Created,INC-01887,SUSTAINABILITY_INCIDENT
2025-04-21 19:30:00,Resolved,INC-01884,Incident Closed
2025-04-21 19:30:00,Incident Created,INC-01888,SUSTAINABILITY_INCIDENT
2025-04-21 19:30:00,Escalated,INC-01888,Supervisor
2025-04-21 20:00:00,Resolved,INC-01885,Incident Closed
2025-04-21 20:00:00,Incident Created,INC-01889,SUSTAINABILITY_INCIDENT
2025-04-21 20:00:00,Escalated,INC-01889,Supervisor
2025-04-21 20:30:00,Resolved,INC-01886,Incident Closed
2025-04-21 20:30:00,Incident Created,INC-01890,SUSTAINABILITY_INCIDENT
2025-04-21 20:30:00,Escalated,INC-01890,Supervisor
2025-04-21 21:00:00,Resolved,INC-01887,Incident Closed
2025-04-21 21:00:00,Incident Created,INC-01891,SUSTAINABILITY_INCIDENT
2025-04-21 21:00:00,Escalated,INC-01891,Supervisor
2025-04-21 21:30:00,Resolved,INC-01888,Incident Closed
2025-04-21 21:30:00,Incident Created,INC-01892,SUSTAINABILITY_INCIDENT
2025-04-21 21:30:00,Escalated,INC-01892,Supervisor
2025-04-21 22:00:00,Resolved,INC-01889,Incident Closed
2025-04-21 22:30:00,Resolved,INC-01890,Incident Closed
2025-04-21 23:00:00,Resolved,INC-01891,Incident Closed
2025-04-21 23:30:00,Resolved,INC-01892,Incident Closed
2025-04-22 04:00:00,Incident Created,INC-01893,SUSTAINABILITY_INCIDENT
2025-04-22 04:00:00,Escalated,INC-01893,Supervisor
2025-04-22 04:30:00,Incident Created,INC-01894,SUSTAINABILITY_INCIDENT
2025-04-22 04:30:00,Escalated,INC-01894,Supervisor
2025-04-22 05:00:00,Incident Created,INC-01895,SUSTAINABILITY_INCIDENT
2025-04-22 05:00:00,Escalated,INC-01895,Supervisor
2025-04-22 05:30:00,Incident Created,INC-01896,SUSTAINABILITY_INCIDENT
2025-04-22 05:30:00,Escalated,INC-01896,Supervisor
2025-04-22 06:00:00,Resolved,INC-01893,Incident Closed
2025-04-22 06:00:00,Incident Created,INC-01897,SUSTAINABILITY_INCIDENT
2025-04-22 06:00:00,Escalated,INC-01897,Supervisor
2025-04-22 06:30:00,Resolved,INC-01894,Incident Closed
2025-04-22 07:00:00,Resolved,INC-01895,Incident Closed
2025-04-22 07:30:00,Resolved,INC-01896,Incident Closed
2025-04-22 08:00:00,Resolved,INC-01897,Incident Closed
2025-04-22 18:30:00,Escalated,INC-01898,Supervisor
2025-04-22 18:30:00,Incident Created,INC-01898,SUSTAINABILITY_INCIDENT
2025-04-22 19:00:00,Escalated,INC-01899,Supervisor
2025-04-22 19:00:00,Incident Created,INC-01899,SUSTAINABILITY_INCIDENT
2025-04-22 20:30:00,Resolved,INC-01898,Incident Closed
2025-04-22 21:00:00,Resolved,INC-01899,Incident Closed
2025-04-23 05:30:00,Escalated,INC-01900,Supervisor
2025-04-23 05:30:00,Incident Created,INC-01900,SUSTAINABILITY_INCIDENT
2025-04-23 06:00:00,Escalated,INC-01901,Supervisor
2025-04-23 06:00:00,Incident Created,INC-01901,SUSTAINABILITY_INCIDENT
2025-04-23 06:30:00,Escalated,INC-01902,Supervisor
2025-04-23 06:30:00,Incident Created,INC-01902,SUSTAINABILITY_INCIDENT
2025-04-23 07:00:00,Escalated,INC-01903,Supervisor
2025-04-23 07:00:00,Incident Created,INC-01903,SUSTAINABILITY_INCIDENT
2025-04-23 07:30:00,Resolved,INC-01900,Incident Closed
2025-04-23 08:00:00,Resolved,INC-01901,Incident Closed
2025-04-23 08:30:00,Resolved,INC-01902,Incident Closed
2025-04-23 09:00:00,Resolved,INC-01903,Incident Closed
2025-04-23 15:30:00,Escalated,INC-01904,Supervisor
2025-04-23 15:30:00,Incident Created,INC-01904,SUSTAINABILITY_INCIDENT
2025-04-23 16:00:00,Escalated,INC-01905,Supervisor
2025-04-23 16:00:00,Incident Created,INC-01905,SUSTAINABILITY_INCIDENT
2025-04-23 16:30:00,Incident Created,INC-01906,SUSTAINABILITY_INCIDENT
2025-04-23 16:30:00,Escalated,INC-01906,Supervisor
2025-04-23 17:00:00,Incident Created,INC-01907,SUSTAINABILITY_INCIDENT
2025-04-23 17:00:00,Escalated,INC-01907,Supervisor
2025-04-23 17:30:00,Resolved,INC-01904,Incident Closed
2025-04-23 17:30:00,Incident Created,INC-01908,SUSTAINABILITY_INCIDENT
2025-04-23 17:30:00,Escalated,INC-01908,Supervisor
2025-04-23 18:00:00,Resolved,INC-01905,Incident Closed
2025-04-23 18:00:00,Escalated,INC-01909,Supervisor
2025-04-23 18:00:00,Incident Created,INC-01909,SUSTAINABILITY_INCIDENT
2025-04-23 18:30:00,Resolved,INC-01906,Incident Closed
2025-04-23 18:30:00,Escalated,INC-01910,Supervisor
2025-04-23 18:30:00,Incident Created,INC-01910,SUSTAINABILITY_INCIDENT
2025-04-23 19:00:00,Resolved,INC-01907,Incident Closed
2025-04-23 19:00:00,Escalated,INC-01911,Supervisor
2025-04-23 19:00:00,Incident Created,INC-01911,SUSTAINABILITY_INCIDENT
2025-04-23 19:30:00,Resolved,INC-01908,Incident Closed
2025-04-23 19:30:00,Escalated,INC-01912,Supervisor
2025-04-23 19:30:00,Incident Created,INC-01912,SUSTAINABILITY_INCIDENT
2025-04-23 20:00:00,Resolved,INC-01909,Incident Closed
2025-04-23 20:00:00,Incident Created,INC-01913,SUSTAINABILITY_INCIDENT
2025-04-23 20:00:00,Escalated,INC-01913,Supervisor
2025-04-23 20:30:00,Resolved,INC-01910,Incident Closed
2025-04-23 20:30:00,Incident Created,INC-01914,SUSTAINABILITY_INCIDENT
2025-04-23 20:30:00,Escalated,INC-01914,Supervisor
2025-04-23 21:00:00,Resolved,INC-01911,Incident Closed
2025-04-23 21:00:00,Incident Created,INC-01915,SUSTAINABILITY_INCIDENT
2025-04-23 21:00:00,Escalated,INC-01915,Supervisor
2025-04-23 21:30:00,Resolved,INC-01912,Incident Closed
2025-04-23 21:30:00,Escalated,INC-01916,Supervisor
2025-04-23 21:30:00,Incident Created,INC-01916,SUSTAINABILITY_INCIDENT
2025-04-23 22:00:00,Resolved,INC-01913,Incident Closed
2025-04-23 22:30:00,Resolved,INC-01914,Incident Closed
2025-04-23 23:00:00,Resolved,INC-01915,Incident Closed
2025-04-23 23:30:00,Resolved,INC-01916,Incident Closed
2025-04-24 17:30:00,Escalated,INC-01917,Supervisor
2025-04-24 17:30:00,Incident Created,INC-01917,SUSTAINABILITY_INCIDENT
2025-04-24 18:00:00,Escalated,INC-01918,Supervisor
2025-04-24 18:00:00,Incident Created,INC-01918,SUSTAINABILITY_INCIDENT
2025-04-24 18:30:00,Escalated,INC-01919,Supervisor
2025-04-24 18:30:00,Incident Created,INC-01919,SUSTAINABILITY_INCIDENT
2025-04-24 19:00:00,Escalated,INC-01920,Supervisor
2025-04-24 19:00:00,Incident Created,INC-01920,SUSTAINABILITY_INCIDENT
2025-04-24 19:30:00,Resolved,INC-01917,Incident Closed
2025-04-24 19:30:00,Incident Created,INC-01921,SUSTAINABILITY_INCIDENT
2025-04-24 19:30:00,Escalated,INC-01921,Supervisor
2025-04-24 20:00:00,Resolved,INC-01918,Incident Closed
2025-04-24 20:00:00,Incident Created,INC-01922,SUSTAINABILITY_INCIDENT
2025-04-24 20:00:00,Escalated,INC-01922,Supervisor
2025-04-24 20:30:00,Resolved,INC-01919,Incident Closed
2025-04-24 20:30:00,Incident Created,INC-01923,SUSTAINABILITY_INCIDENT
2025-04-24 20:30:00,Escalated,INC-01923,Supervisor
2025-04-24 21:00:00,Resolved,INC-01920,Incident Closed
2025-04-24 21:30:00,Resolved,INC-01921,Incident Closed
2025-04-24 22:00:00,Resolved,INC-01922,Incident Closed
2025-04-24 22:30:00,Resolved,INC-01923,Incident Closed
2025-04-27 04:00:00,Escalated,INC-01924,Operator
2025-04-27 04:00:00,Incident Created,INC-01924,OVER_GENERATION_INCIDENT
2025-04-27 04:30:00,Escalated,INC-01925,Operator
2025-04-27 04:30:00,Incident Created,INC-01925,OVER_GENERATION_INCIDENT
2025-04-27 05:00:00,Incident Created,INC-01926,OVER_GENERATION_INCIDENT
2025-04-27 05:00:00,Escalated,INC-01926,Operator
2025-04-27 05:30:00,Escalated,INC-01927,Operator
2025-04-27 05:30:00,Incident Created,INC-01927,OVER_GENERATION_INCIDENT
2025-04-27 06:00:00,Resolved,INC-01924,Incident Closed
2025-04-27 06:00:00,Escalated,INC-01928,Operator
2025-04-27 06:00:00,Incident Created,INC-01928,OVER_GENERATION_INCIDENT
2025-04-27 06:30:00,Resolved,INC-01925,Incident Closed
2025-04-27 06:30:00,Incident Created,INC-01929,OVER_GENERATION_INCIDENT
2025-04-27 06:30:00,Escalated,INC-01929,Operator
2025-04-27 07:00:00,Resolved,INC-01926,Incident Closed
2025-04-27 07:00:00,Incident Created,INC-01930,OVER_GENERATION_INCIDENT
2025-04-27 07:00:00,Escalated,INC-01930,Operator
2025-04-27 07:30:00,Resolved,INC-01927,Incident Closed
2025-04-27 07:30:00,Incident Created,INC-01931,OVER_GENERATION_INCIDENT
2025-04-27 07:30:00,Escalated,INC-01931,Operator
2025-04-27 08:00:00,Resolved,INC-01928,Incident Closed
2025-04-27 08:30:00,Resolved,INC-01929,Incident Closed
2025-04-27 08:30:00,Escalated,INC-01932,Operator
2025-04-27 08:30:00,Incident Created,INC-01932,OVER_GENERATION_INCIDENT
2025-04-27 09:00:00,Resolved,INC-01930,Incident Closed
2025-04-27 09:00:00,Incident Created,INC-01933,OVER_GENERATION_INCIDENT
2025-04-27 09:00:00,Escalated,INC-01933,Operator
2025-04-27 09:30:00,Resolved,INC-01931,Incident Closed
2025-04-27 09:30:00,Escalated,INC-01934,Operator
2025-04-27 09:30:00,Incident Created,INC-01934,OVER_GENERATION_INCIDENT
2025-04-27 10:00:00,Incident Created,INC-01935,OVER_GENERATION_INCIDENT
2025-04-27 10:00:00,Escalated,INC-01935,Operator
2025-04-27 10:30:00,Resolved,INC-01932,Incident Closed
2025-04-27 10:30:00,Escalated,INC-01936,Operator
2025-04-27 10:30:00,Incident Created,INC-01936,OVER_GENERATION_INCIDENT
2025-04-27 11:00:00,Resolved,INC-01933,Incident Closed
2025-04-27 11:00:00,Incident Created,INC-01937,OVER_GENERATION_INCIDENT
2025-04-27 11:00:00,Escalated,INC-01937,Operator
2025-04-27 11:30:00,Resolved,INC-01934,Incident Closed
2025-04-27 11:30:00,Incident Created,INC-01938,OVER_GENERATION_INCIDENT
2025-04-27 11:30:00,Escalated,INC-01938,Operator
2025-04-27 12:00:00,Resolved,INC-01935,Incident Closed
2025-04-27 12:00:00,Incident Created,INC-01939,OVER_GENERATION_INCIDENT
2025-04-27 12:00:00,Escalated,INC-01939,Operator
2025-04-27 12:30:00,Resolved,INC-01936,Incident Closed
2025-04-27 12:30:00,Incident Created,INC-01940,OVER_GENERATION_INCIDENT
2025-04-27 12:30:00,Escalated,INC-01940,Operator
2025-04-27 13:00:00,Resolved,INC-01937,Incident Closed
2025-04-27 13:00:00,Incident Created,INC-01941,OVER_GENERATION_INCIDENT
2025-04-27 13:00:00,Escalated,INC-01941,Operator
2025-04-27 13:30:00,Resolved,INC-01938,Incident Closed
2025-04-27 13:30:00,Incident Created,INC-01942,OVER_GENERATION_INCIDENT
2025-04-27 13:30:00,Escalated,INC-01942,Operator
2025-04-27 14:00:00,Resolved,INC-01939,Incident Closed
2025-04-27 14:00:00,Incident Created,INC-01943,OVER_GENERATION_INCIDENT
2025-04-27 14:00:00,Escalated,INC-01943,Operator
2025-04-27 14:30:00,Resolved,INC-01940,Incident Closed
2025-04-27 14:30:00,Escalated,INC-01944,Operator
2025-04-27 14:30:00,Incident Created,INC-01944,OVER_GENERATION_INCIDENT
2025-04-27 15:00:00,Resolved,INC-01941,Incident Closed
2025-04-27 15:00:00,Incident Created,INC-01945,OVER_GENERATION_INCIDENT
2025-04-27 15:00:00,Escalated,INC-01945,Operator
2025-04-27 15:30:00,Resolved,INC-01942,Incident Closed
2025-04-27 15:30:00,Escalated,INC-01946,Operator
2025-04-27 15:30:00,Incident Created,INC-01946,OVER_GENERATION_INCIDENT
2025-04-27 16:00:00,Resolved,INC-01943,Incident Closed
2025-04-27 16:00:00,Escalated,INC-01947,Operator
2025-04-27 16:00:00,Incident Created,INC-01947,OVER_GENERATION_INCIDENT
2025-04-27 16:30:00,Resolved,INC-01944,Incident Closed
2025-04-27 17:00:00,Resolved,INC-01945,Incident Closed
2025-04-27 17:30:00,Resolved,INC-01946,Incident Closed
2025-04-27 18:00:00,Resolved,INC-01947,Incident Closed
2025-04-28 02:30:00,Incident Created,INC-01948,OVER_GENERATION_INCIDENT
2025-04-28 02:30:00,Escalated,INC-01948,Operator
2025-04-28 03:00:00,Escalated,INC-01949,Operator
2025-04-28 03:00:00,Incident Created,INC-01949,OVER_GENERATION_INCIDENT
2025-04-28 03:30:00,Escalated,INC-01950,Operator
2025-04-28 03:30:00,Incident Created,INC-01950,OVER_GENERATION_INCIDENT
2025-04-28 04:00:00,Escalated,INC-01951,Operator
2025-04-28 04:00:00,Incident Created,INC-01951,OVER_GENERATION_INCIDENT
2025-04-28 04:30:00,Resolved,INC-01948,Incident Closed
2025-04-28 04:30:00,Escalated,INC-01952,Operator
2025-04-28 04:30:00,Incident Created,INC-01952,OVER_GENERATION_INCIDENT
2025-04-28 05:00:00,Resolved,INC-01949,Incident Closed
2025-04-28 05:00:00,Escalated,INC-01953,Operator
2025-04-28 05:00:00,Incident Created,INC-01953,OVER_GENERATION_INCIDENT
2025-04-28 05:30:00,Resolved,INC-01950,Incident Closed
2025-04-28 06:00:00,Resolved,INC-01951,Incident Closed
2025-04-28 06:30:00,Resolved,INC-01952,Incident Closed
2025-04-28 07:00:00,Resolved,INC-01953,Incident Closed
2025-04-28 17:00:00,Incident Created,INC-01954,SUSTAINABILITY_INCIDENT
2025-04-28 17:00:00,Escalated,INC-01954,Supervisor
2025-04-28 17:30:00,Incident Created,INC-01955,SUSTAINABILITY_INCIDENT
2025-04-28 17:30:00,Escalated,INC-01955,Supervisor
2025-04-28 18:00:00,Incident Created,INC-01956,SUSTAINABILITY_INCIDENT
2025-04-28 18:00:00,Escalated,INC-01956,Supervisor
2025-04-28 18:30:00,Incident Created,INC-01957,SUSTAINABILITY_INCIDENT
2025-04-28 18:30:00,Escalated,INC-01957,Supervisor
2025-04-28 19:00:00,Resolved,INC-01954,Incident Closed
2025-04-28 19:00:00,Escalated,INC-01958,Supervisor
2025-04-28 19:00:00,Incident Created,INC-01958,SUSTAINABILITY_INCIDENT
2025-04-28 19:30:00,Resolved,INC-01955,Incident Closed
2025-04-28 19:30:00,Incident Created,INC-01959,SUSTAINABILITY_INCIDENT
2025-04-28 19:30:00,Escalated,INC-01959,Supervisor
2025-04-28 20:00:00,Resolved,INC-01956,Incident Closed
2025-04-28 20:00:00,Incident Created,INC-01960,SUSTAINABILITY_INCIDENT
2025-04-28 20:00:00,Escalated,INC-01960,Supervisor
2025-04-28 20:30:00,Resolved,INC-01957,Incident Closed
2025-04-28 20:30:00,Incident Created,INC-01961,SUSTAINABILITY_INCIDENT
2025-04-28 20:30:00,Escalated,INC-01961,Supervisor
2025-04-28 21:00:00,Resolved,INC-01958,Incident Closed
2025-04-28 21:00:00,Escalated,INC-01962,Supervisor
2025-04-28 21:00:00,Incident Created,INC-01962,SUSTAINABILITY_INCIDENT
2025-04-28 21:30:00,Resolved,INC-01959,Incident Closed
2025-04-28 21:30:00,Escalated,INC-01963,Supervisor
2025-04-28 21:30:00,Incident Created,INC-01963,SUSTAINABILITY_INCIDENT
2025-04-28 22:00:00,Resolved,INC-01960,Incident Closed
2025-04-28 22:00:00,Escalated,INC-01964,Supervisor
2025-04-28 22:00:00,Incident Created,INC-01964,SUSTAINABILITY_INCIDENT
2025-04-28 22:30:00,Resolved,INC-01961,Incident Closed
2025-04-28 22:30:00,Incident Created,INC-01965,SUSTAINABILITY_INCIDENT
2025-04-28 22:30:00,Escalated,INC-01965,Supervisor
2025-04-28 23:00:00,Resolved,INC-01962,Incident Closed
2025-04-28 23:30:00,Resolved,INC-01963,Incident Closed
2025-04-29 00:00:00,Resolved,INC-01964,Incident Closed
2025-04-29 00:30:00,Resolved,INC-01965,Incident Closed
2025-04-29 00:30:00,Incident Created,INC-01966,SUSTAINABILITY_INCIDENT
2025-04-29 00:30:00,Escalated,INC-01966,Supervisor
2025-04-29 02:30:00,Resolved,INC-01966,Incident Closed
2025-04-29 03:30:00,Incident Created,INC-01967,SUSTAINABILITY_INCIDENT
2025-04-29 03:30:00,Escalated,INC-01967,Supervisor
2025-04-29 04:00:00,Escalated,INC-01968,Supervisor
2025-04-29 04:00:00,Incident Created,INC-01968,SUSTAINABILITY_INCIDENT
2025-04-29 04:30:00,Escalated,INC-01969,Supervisor
2025-04-29 04:30:00,Incident Created,INC-01969,SUSTAINABILITY_INCIDENT
2025-04-29 05:00:00,Escalated,INC-01970,Supervisor
2025-04-29 05:00:00,Incident Created,INC-01970,SUSTAINABILITY_INCIDENT
2025-04-29 05:30:00,Resolved,INC-01967,Incident Closed
2025-04-29 05:30:00,Incident Created,INC-01971,SUSTAINABILITY_INCIDENT
2025-04-29 05:30:00,Escalated,INC-01971,Supervisor
2025-04-29 06:00:00,Resolved,INC-01968,Incident Closed
2025-04-29 06:00:00,Escalated,INC-01972,Supervisor
2025-04-29 06:00:00,Incident Created,INC-01972,SUSTAINABILITY_INCIDENT
2025-04-29 06:30:00,Resolved,INC-01969,Incident Closed
2025-04-29 07:00:00,Resolved,INC-01970,Incident Closed
2025-04-29 07:30:00,Resolved,INC-01971,Incident Closed
2025-04-29 08:00:00,Resolved,INC-01972,Incident Closed
2025-04-29 12:30:00,Incident Created,INC-01973,OVER_GENERATION_INCIDENT
2025-04-29 12:30:00,Escalated,INC-01973,Operator
2025-04-29 13:00:00,Incident Created,INC-01974,OVER_GENERATION_INCIDENT
2025-04-29 13:00:00,Escalated,INC-01974,Operator
2025-04-29 13:30:00,Incident Created,INC-01975,OVER_GENERATION_INCIDENT
2025-04-29 13:30:00,Escalated,INC-01975,Operator
2025-04-29 14:00:00,Escalated,INC-01976,Operator
2025-04-29 14:00:00,Incident Created,INC-01976,OVER_GENERATION_INCIDENT
2025-04-29 14:30:00,Resolved,INC-01973,Incident Closed
2025-04-29 14:30:00,Incident Created,INC-01977,OVER_GENERATION_INCIDENT
2025-04-29 14:30:00,Escalated,INC-01977,Operator
2025-04-29 15:00:00,Resolved,INC-01974,Incident Closed
2025-04-29 15:30:00,Resolved,INC-01975,Incident Closed
2025-04-29 16:00:00,Resolved,INC-01976,Incident Closed
2025-04-29 16:30:00,Resolved,INC-01977,Incident Closed
2025-04-29 17:30:00,Escalated,INC-01978,Supervisor
2025-04-29 17:30:00,Incident Created,INC-01978,SUSTAINABILITY_INCIDENT
2025-04-29 18:00:00,Incident Created,INC-01979,SUSTAINABILITY_INCIDENT
2025-04-29 18:00:00,Escalated,INC-01979,Supervisor
2025-04-29 18:30:00,Escalated,INC-01980,Supervisor
2025-04-29 18:30:00,Incident Created,INC-01980,SUSTAINABILITY_INCIDENT
2025-04-29 19:00:00,Incident Created,INC-01981,SUSTAINABILITY_INCIDENT
2025-04-29 19:00:00,Escalated,INC-01981,Supervisor
2025-04-29 19:30:00,Resolved,INC-01978,Incident Closed
2025-04-29 19:30:00,Escalated,INC-01982,Supervisor
2025-04-29 19:30:00,Incident Created,INC-01982,SUSTAINABILITY_INCIDENT
2025-04-29 20:00:00,Resolved,INC-01979,Incident Closed
2025-04-29 20:00:00,Incident Created,INC-01983,SUSTAINABILITY_INCIDENT
2025-04-29 20:00:00,Escalated,INC-01983,Supervisor
2025-04-29 20:30:00,Resolved,INC-01980,Incident Closed
2025-04-29 20:30:00,Escalated,INC-01984,Supervisor
2025-04-29 20:30:00,Incident Created,INC-01984,SUSTAINABILITY_INCIDENT
2025-04-29 21:00:00,Resolved,INC-01981,Incident Closed
2025-04-29 21:00:00,Escalated,INC-01985,Supervisor
2025-04-29 21:00:00,Incident Created,INC-01985,SUSTAINABILITY_INCIDENT
2025-04-29 21:30:00,Resolved,INC-01982,Incident Closed
2025-04-29 21:30:00,Incident Created,INC-01986,SUSTAINABILITY_INCIDENT
2025-04-29 21:30:00,Escalated,INC-01986,Supervisor
2025-04-29 22:00:00,Resolved,INC-01983,Incident Closed
2025-04-29 22:00:00,Incident Created,INC-01987,SUSTAINABILITY_INCIDENT
2025-04-29 22:00:00,Escalated,INC-01987,Supervisor
2025-04-29 22:30:00,Resolved,INC-01984,Incident Closed
2025-04-29 23:00:00,Resolved,INC-01985,Incident Closed
2025-04-29 23:30:00,Resolved,INC-01986,Incident Closed
2025-04-30 00:00:00,Resolved,INC-01987,Incident Closed
2025-04-30 03:30:00,Escalated,INC-01988,Supervisor
2025-04-30 03:30:00,Incident Created,INC-01988,SUSTAINABILITY_INCIDENT
2025-04-30 04:00:00,Escalated,INC-01989,Supervisor
2025-04-30 04:00:00,Incident Created,INC-01989,SUSTAINABILITY_INCIDENT
2025-04-30 04:30:00,Escalated,INC-01990,Supervisor
2025-04-30 04:30:00,Incident Created,INC-01990,SUSTAINABILITY_INCIDENT
2025-04-30 05:00:00,Incident Created,INC-01991,SUSTAINABILITY_INCIDENT
2025-04-30 05:00:00,Escalated,INC-01991,Supervisor
2025-04-30 05:30:00,Resolved,INC-01988,Incident Closed
2025-04-30 05:30:00,Escalated,INC-01992,Supervisor
2025-04-30 05:30:00,Incident Created,INC-01992,SUSTAINABILITY_INCIDENT
2025-04-30 06:00:00,Resolved,INC-01989,Incident Closed
2025-04-30 06:30:00,Resolved,INC-01990,Incident Closed
2025-04-30 07:00:00,Resolved,INC-01991,Incident Closed
2025-04-30 07:30:00,Resolved,INC-01992,Incident Closed
2025-04-30 18:00:00,Incident Created,INC-01993,SUSTAINABILITY_INCIDENT
2025-04-30 18:00:00,Escalated,INC-01993,Supervisor
2025-04-30 18:30:00,Incident Created,INC-01994,SUSTAINABILITY_INCIDENT
2025-04-30 18:30:00,Escalated,INC-01994,Supervisor
2025-04-30 19:00:00,Incident Created,INC-01995,SUSTAINABILITY_INCIDENT
2025-04-30 19:00:00,Escalated,INC-01995,Supervisor
2025-04-30 19:30:00,Escalated,INC-01996,Supervisor
2025-04-30 19:30:00,Incident Created,INC-01996,SUSTAINABILITY_INCIDENT
2025-04-30 20:00:00,Resolved,INC-01993,Incident Closed
2025-04-30 20:00:00,Escalated,INC-01997,Supervisor
2025-04-30 20:00:00,Incident Created,INC-01997,SUSTAINABILITY_INCIDENT
2025-04-30 20:30:00,Resolved,INC-01994,Incident Closed
2025-04-30 20:30:00,Escalated,INC-01998,Supervisor
2025-04-30 20:30:00,Incident Created,INC-01998,SUSTAINABILITY_INCIDENT
2025-04-30 21:00:00,Resolved,INC-01995,Incident Closed
2025-04-30 21:00:00,Escalated,INC-01999,Supervisor
2025-04-30 21:00:00,Incident Created,INC-01999,SUSTAINABILITY_INCIDENT
2025-04-30 21:30:00,Resolved,INC-01996,Incident Closed
2025-04-30 21:30:00,Incident Created,INC-02000,SUSTAINABILITY_INCIDENT
2025-04-30 21:30:00,Escalated,INC-02000,Supervisor
2025-04-30 22:00:00,Resolved,INC-01997,Incident Closed
2025-04-30 22:30:00,Resolved,INC-01998,Incident Closed
2025-04-30 23:00:00,Resolved,INC-01999,Incident Closed
2025-04-30 23:30:00,Resolved,INC-02000,Incident Closed
2025-05-02 04:00:00,Incident Created,INC-02001,OVER_GENERATION_INCIDENT
2025-05-02 04:00:00,Escalated,INC-02001,Operator
2025-05-02 04:30:00,Incident Created,INC-02002,OVER_GENERATION_INCIDENT
2025-05-02 04:30:00,Escalated,INC-02002,Operator
2025-05-02 06:00:00,Resolved,INC-02001,Incident Closed
2025-05-02 06:30:00,Resolved,INC-02002,Incident Closed
2025-05-02 13:00:00,Incident Created,INC-02003,OVER_GENERATION_INCIDENT
2025-05-02 13:00:00,Escalated,INC-02003,Operator
2025-05-02 13:30:00,Incident Created,INC-02004,OVER_GENERATION_INCIDENT
2025-05-02 13:30:00,Escalated,INC-02004,Operator
2025-05-02 14:00:00,Incident Created,INC-02005,OVER_GENERATION_INCIDENT
2025-05-02 14:00:00,Escalated,INC-02005,Operator
2025-05-02 14:30:00,Incident Created,INC-02006,OVER_GENERATION_INCIDENT
2025-05-02 14:30:00,Escalated,INC-02006,Operator
2025-05-02 15:00:00,Resolved,INC-02003,Incident Closed
2025-05-02 15:00:00,Incident Created,INC-02007,OVER_GENERATION_INCIDENT
2025-05-02 15:00:00,Escalated,INC-02007,Operator
2025-05-02 15:30:00,Resolved,INC-02004,Incident Closed
2025-05-02 16:00:00,Resolved,INC-02005,Incident Closed
2025-05-02 16:30:00,Resolved,INC-02006,Incident Closed
2025-05-02 17:00:00,Resolved,INC-02007,Incident Closed
2025-05-03 04:00:00,Incident Created,INC-02008,OVER_GENERATION_INCIDENT
2025-05-03 04:00:00,Escalated,INC-02008,Operator
2025-05-03 04:30:00,Incident Created,INC-02009,OVER_GENERATION_INCIDENT
2025-05-03 04:30:00,Escalated,INC-02009,Operator
2025-05-03 05:00:00,Incident Created,INC-02010,OVER_GENERATION_INCIDENT
2025-05-03 05:00:00,Escalated,INC-02010,Operator
2025-05-03 05:30:00,Incident Created,INC-02011,OVER_GENERATION_INCIDENT
2025-05-03 05:30:00,Escalated,INC-02011,Operator
2025-05-03 06:00:00,Resolved,INC-02008,Incident Closed
2025-05-03 06:00:00,Incident Created,INC-02012,OVER_GENERATION_INCIDENT
2025-05-03 06:00:00,Escalated,INC-02012,Operator
2025-05-03 06:30:00,Resolved,INC-02009,Incident Closed
2025-05-03 06:30:00,Incident Created,INC-02013,OVER_GENERATION_INCIDENT
2025-05-03 06:30:00,Escalated,INC-02013,Operator
2025-05-03 07:00:00,Resolved,INC-02010,Incident Closed
2025-05-03 07:00:00,Incident Created,INC-02014,OVER_GENERATION_INCIDENT
2025-05-03 07:00:00,Escalated,INC-02014,Operator
2025-05-03 07:30:00,Resolved,INC-02011,Incident Closed
2025-05-03 07:30:00,Escalated,INC-02015,Operator
2025-05-03 07:30:00,Incident Created,INC-02015,OVER_GENERATION_INCIDENT
2025-05-03 08:00:00,Resolved,INC-02012,Incident Closed
2025-05-03 08:30:00,Resolved,INC-02013,Incident Closed
2025-05-03 09:00:00,Resolved,INC-02014,Incident Closed
2025-05-03 09:00:00,Incident Created,INC-02016,OVER_GENERATION_INCIDENT
2025-05-03 09:00:00,Escalated,INC-02016,Operator
2025-05-03 09:30:00,Resolved,INC-02015,Incident Closed
2025-05-03 09:30:00,Escalated,INC-02017,Operator
2025-05-03 09:30:00,Incident Created,INC-02017,OVER_GENERATION_INCIDENT
2025-05-03 10:00:00,Escalated,INC-02018,Operator
2025-05-03 10:00:00,Incident Created,INC-02018,OVER_GENERATION_INCIDENT
2025-05-03 10:30:00,Incident Created,INC-02019,OVER_GENERATION_INCIDENT
2025-05-03 10:30:00,Escalated,INC-02019,Operator
2025-05-03 11:00:00,Resolved,INC-02016,Incident Closed
2025-05-03 11:00:00,Incident Created,INC-02020,OVER_GENERATION_INCIDENT
2025-05-03 11:00:00,Escalated,INC-02020,Operator
2025-05-03 11:30:00,Resolved,INC-02017,Incident Closed
2025-05-03 11:30:00,Incident Created,INC-02021,OVER_GENERATION_INCIDENT
2025-05-03 11:30:00,Escalated,INC-02021,Operator
2025-05-03 12:00:00,Resolved,INC-02018,Incident Closed
2025-05-03 12:00:00,Escalated,INC-02022,Operator
2025-05-03 12:00:00,Incident Created,INC-02022,OVER_GENERATION_INCIDENT
2025-05-03 12:30:00,Resolved,INC-02019,Incident Closed
2025-05-03 12:30:00,Escalated,INC-02023,Operator
2025-05-03 12:30:00,Incident Created,INC-02023,OVER_GENERATION_INCIDENT
2025-05-03 13:00:00,Resolved,INC-02020,Incident Closed
2025-05-03 13:00:00,Escalated,INC-02024,Operator
2025-05-03 13:00:00,Incident Created,INC-02024,OVER_GENERATION_INCIDENT
2025-05-03 13:30:00,Resolved,INC-02021,Incident Closed
2025-05-03 13:30:00,Escalated,INC-02025,Operator
2025-05-03 13:30:00,Incident Created,INC-02025,OVER_GENERATION_INCIDENT
2025-05-03 14:00:00,Resolved,INC-02022,Incident Closed
2025-05-03 14:00:00,Incident Created,INC-02026,OVER_GENERATION_INCIDENT
2025-05-03 14:00:00,Escalated,INC-02026,Operator
2025-05-03 14:30:00,Resolved,INC-02023,Incident Closed
2025-05-03 14:30:00,Incident Created,INC-02027,OVER_GENERATION_INCIDENT
2025-05-03 14:30:00,Escalated,INC-02027,Operator
2025-05-03 15:00:00,Resolved,INC-02024,Incident Closed
2025-05-03 15:00:00,Incident Created,INC-02028,OVER_GENERATION_INCIDENT
2025-05-03 15:00:00,Escalated,INC-02028,Operator
2025-05-03 15:30:00,Resolved,INC-02025,Incident Closed
2025-05-03 15:30:00,Incident Created,INC-02029,OVER_GENERATION_INCIDENT
2025-05-03 15:30:00,Escalated,INC-02029,Operator
2025-05-03 16:00:00,Resolved,INC-02026,Incident Closed
2025-05-03 16:00:00,Escalated,INC-02030,Operator
2025-05-03 16:00:00,Incident Created,INC-02030,OVER_GENERATION_INCIDENT
2025-05-03 16:30:00,Resolved,INC-02027,Incident Closed
2025-05-03 16:30:00,Escalated,INC-02031,Operator
2025-05-03 16:30:00,Incident Created,INC-02031,OVER_GENERATION_INCIDENT
2025-05-03 17:00:00,Resolved,INC-02028,Incident Closed
2025-05-03 17:30:00,Resolved,INC-02029,Incident Closed
2025-05-03 18:00:00,Resolved,INC-02030,Incident Closed
2025-05-03 18:30:00,Resolved,INC-02031,Incident Closed
2025-05-04 02:30:00,Incident Created,INC-02032,OVER_GENERATION_INCIDENT
2025-05-04 02:30:00,Escalated,INC-02032,Operator
2025-05-04 03:00:00,Escalated,INC-02033,Operator
2025-05-04 03:00:00,Incident Created,INC-02033,OVER_GENERATION_INCIDENT
2025-05-04 03:30:00,Escalated,INC-02034,Operator
2025-05-04 03:30:00,Incident Created,INC-02034,OVER_GENERATION_INCIDENT
2025-05-04 04:00:00,Escalated,INC-02035,Operator
2025-05-04 04:00:00,Incident Created,INC-02035,OVER_GENERATION_INCIDENT
2025-05-04 04:30:00,Resolved,INC-02032,Incident Closed
2025-05-04 04:30:00,Escalated,INC-02036,Operator
2025-05-04 04:30:00,Incident Created,INC-02036,OVER_GENERATION_INCIDENT
2025-05-04 05:00:00,Resolved,INC-02033,Incident Closed
2025-05-04 05:00:00,Incident Created,INC-02037,OVER_GENERATION_INCIDENT
2025-05-04 05:00:00,Escalated,INC-02037,Operator
2025-05-04 05:30:00,Resolved,INC-02034,Incident Closed
2025-05-04 05:30:00,Incident Created,INC-02038,OVER_GENERATION_INCIDENT
2025-05-04 05:30:00,Escalated,INC-02038,Operator
2025-05-04 06:00:00,Resolved,INC-02035,Incident Closed
2025-05-04 06:00:00,Incident Created,INC-02039,OVER_GENERATION_INCIDENT
2025-05-04 06:00:00,Escalated,INC-02039,Operator
2025-05-04 06:30:00,Resolved,INC-02036,Incident Closed
2025-05-04 06:30:00,Incident Created,INC-02040,OVER_GENERATION_INCIDENT
2025-05-04 06:30:00,Escalated,INC-02040,Operator
2025-05-04 07:00:00,Resolved,INC-02037,Incident Closed
2025-05-04 07:00:00,Escalated,INC-02041,Operator
2025-05-04 07:00:00,Incident Created,INC-02041,OVER_GENERATION_INCIDENT
2025-05-04 07:30:00,Resolved,INC-02038,Incident Closed
2025-05-04 07:30:00,Escalated,INC-02042,Operator
2025-05-04 07:30:00,Incident Created,INC-02042,OVER_GENERATION_INCIDENT
2025-05-04 08:00:00,Resolved,INC-02039,Incident Closed
2025-05-04 08:00:00,Escalated,INC-02043,Operator
2025-05-04 08:00:00,Incident Created,INC-02043,OVER_GENERATION_INCIDENT
2025-05-04 08:30:00,Resolved,INC-02040,Incident Closed
2025-05-04 08:30:00,Incident Created,INC-02044,OVER_GENERATION_INCIDENT
2025-05-04 08:30:00,Escalated,INC-02044,Operator
2025-05-04 09:00:00,Resolved,INC-02041,Incident Closed
2025-05-04 09:00:00,Incident Created,INC-02045,OVER_GENERATION_INCIDENT
2025-05-04 09:00:00,Escalated,INC-02045,Operator
2025-05-04 09:30:00,Resolved,INC-02042,Incident Closed
2025-05-04 09:30:00,Incident Created,INC-02046,OVER_GENERATION_INCIDENT
2025-05-04 09:30:00,Escalated,INC-02046,Operator
2025-05-04 10:00:00,Resolved,INC-02043,Incident Closed
2025-05-04 10:00:00,Escalated,INC-02047,Operator
2025-05-04 10:00:00,Incident Created,INC-02047,OVER_GENERATION_INCIDENT
2025-05-04 10:30:00,Resolved,INC-02044,Incident Closed
2025-05-04 10:30:00,Escalated,INC-02048,Operator
2025-05-04 10:30:00,Incident Created,INC-02048,OVER_GENERATION_INCIDENT
2025-05-04 11:00:00,Resolved,INC-02045,Incident Closed
2025-05-04 11:00:00,Escalated,INC-02049,Operator
2025-05-04 11:00:00,Incident Created,INC-02049,OVER_GENERATION_INCIDENT
2025-05-04 11:30:00,Resolved,INC-02046,Incident Closed
2025-05-04 11:30:00,Escalated,INC-02050,Operator
2025-05-04 11:30:00,Incident Created,INC-02050,OVER_GENERATION_INCIDENT
2025-05-04 12:00:00,Resolved,INC-02047,Incident Closed
2025-05-04 12:00:00,Escalated,INC-02051,Operator
2025-05-04 12:00:00,Incident Created,INC-02051,OVER_GENERATION_INCIDENT
2025-05-04 12:30:00,Resolved,INC-02048,Incident Closed
2025-05-04 12:30:00,Incident Created,INC-02052,OVER_GENERATION_INCIDENT
2025-05-04 12:30:00,Escalated,INC-02052,Operator
2025-05-04 13:00:00,Resolved,INC-02049,Incident Closed
2025-05-04 13:00:00,Incident Created,INC-02053,OVER_GENERATION_INCIDENT
2025-05-04 13:00:00,Escalated,INC-02053,Operator
2025-05-04 13:30:00,Resolved,INC-02050,Incident Closed
2025-05-04 13:30:00,Incident Created,INC-02054,OVER_GENERATION_INCIDENT
2025-05-04 13:30:00,Escalated,INC-02054,Operator
2025-05-04 14:00:00,Resolved,INC-02051,Incident Closed
2025-05-04 14:00:00,Incident Created,INC-02055,OVER_GENERATION_INCIDENT
2025-05-04 14:00:00,Escalated,INC-02055,Operator
2025-05-04 14:30:00,Resolved,INC-02052,Incident Closed
2025-05-04 14:30:00,Incident Created,INC-02056,OVER_GENERATION_INCIDENT
2025-05-04 14:30:00,Escalated,INC-02056,Operator
2025-05-04 15:00:00,Resolved,INC-02053,Incident Closed
2025-05-04 15:00:00,Incident Created,INC-02057,OVER_GENERATION_INCIDENT
2025-05-04 15:00:00,Escalated,INC-02057,Operator
2025-05-04 15:30:00,Resolved,INC-02054,Incident Closed
2025-05-04 16:00:00,Resolved,INC-02055,Incident Closed
2025-05-04 16:30:00,Resolved,INC-02056,Incident Closed
2025-05-04 17:00:00,Resolved,INC-02057,Incident Closed
2025-05-05 03:00:00,Incident Created,INC-02058,OVER_GENERATION_INCIDENT
2025-05-05 03:00:00,Escalated,INC-02058,Operator
2025-05-05 03:30:00,Incident Created,INC-02059,OVER_GENERATION_INCIDENT
2025-05-05 03:30:00,Escalated,INC-02059,Operator
2025-05-05 04:00:00,Incident Created,INC-02060,OVER_GENERATION_INCIDENT
2025-05-05 04:00:00,Escalated,INC-02060,Operator
2025-05-05 04:30:00,Incident Created,INC-02061,OVER_GENERATION_INCIDENT
2025-05-05 04:30:00,Escalated,INC-02061,Operator
2025-05-05 05:00:00,Resolved,INC-02058,Incident Closed
2025-05-05 05:00:00,Escalated,INC-02062,Operator
2025-05-05 05:00:00,Incident Created,INC-02062,OVER_GENERATION_INCIDENT
2025-05-05 05:30:00,Resolved,INC-02059,Incident Closed
2025-05-05 05:30:00,Escalated,INC-02063,Operator
2025-05-05 05:30:00,Incident Created,INC-02063,OVER_GENERATION_INCIDENT
2025-05-05 06:00:00,Resolved,INC-02060,Incident Closed
2025-05-05 06:00:00,Escalated,INC-02064,Operator
2025-05-05 06:00:00,Incident Created,INC-02064,OVER_GENERATION_INCIDENT
2025-05-05 06:30:00,Resolved,INC-02061,Incident Closed
2025-05-05 06:30:00,Escalated,INC-02065,Operator
2025-05-05 06:30:00,Incident Created,INC-02065,OVER_GENERATION_INCIDENT
2025-05-05 07:00:00,Resolved,INC-02062,Incident Closed
2025-05-05 07:30:00,Resolved,INC-02063,Incident Closed
2025-05-05 08:00:00,Resolved,INC-02064,Incident Closed
2025-05-05 08:30:00,Resolved,INC-02065,Incident Closed
2025-05-06 18:30:00,Incident Created,INC-02066,SUSTAINABILITY_INCIDENT
2025-05-06 18:30:00,Escalated,INC-02066,Supervisor
2025-05-06 19:00:00,Escalated,INC-02067,Supervisor
2025-05-06 19:00:00,Incident Created,INC-02067,SUSTAINABILITY_INCIDENT
2025-05-06 19:30:00,Incident Created,INC-02068,SUSTAINABILITY_INCIDENT
2025-05-06 19:30:00,Escalated,INC-02068,Supervisor
2025-05-06 20:00:00,Incident Created,INC-02069,SUSTAINABILITY_INCIDENT
2025-05-06 20:00:00,Escalated,INC-02069,Supervisor
2025-05-06 20:30:00,Resolved,INC-02066,Incident Closed
2025-05-06 20:30:00,Incident Created,INC-02070,SUSTAINABILITY_INCIDENT
2025-05-06 20:30:00,Escalated,INC-02070,Supervisor
2025-05-06 21:00:00,Resolved,INC-02067,Incident Closed
2025-05-06 21:00:00,Incident Created,INC-02071,SUSTAINABILITY_INCIDENT
2025-05-06 21:00:00,Escalated,INC-02071,Supervisor
2025-05-06 21:30:00,Resolved,INC-02068,Incident Closed
2025-05-06 21:30:00,Escalated,INC-02072,Supervisor
2025-05-06 21:30:00,Incident Created,INC-02072,SUSTAINABILITY_INCIDENT
2025-05-06 22:00:00,Resolved,INC-02069,Incident Closed
2025-05-06 22:30:00,Resolved,INC-02070,Incident Closed
2025-05-06 23:00:00,Resolved,INC-02071,Incident Closed
2025-05-06 23:30:00,Resolved,INC-02072,Incident Closed
2025-05-07 03:30:00,Escalated,INC-02073,Supervisor
2025-05-07 03:30:00,Incident Created,INC-02073,SUSTAINABILITY_INCIDENT
2025-05-07 04:00:00,Incident Created,INC-02074,SUSTAINABILITY_INCIDENT
2025-05-07 04:00:00,Escalated,INC-02074,Supervisor
2025-05-07 04:30:00,Escalated,INC-02075,Supervisor
2025-05-07 04:30:00,Incident Created,INC-02075,SUSTAINABILITY_INCIDENT
2025-05-07 05:00:00,Incident Created,INC-02076,SUSTAINABILITY_INCIDENT
2025-05-07 05:00:00,Escalated,INC-02076,Supervisor
2025-05-07 05:30:00,Resolved,INC-02073,Incident Closed
2025-05-07 05:30:00,Escalated,INC-02077,Supervisor
2025-05-07 05:30:00,Incident Created,INC-02077,SUSTAINABILITY_INCIDENT
2025-05-07 06:00:00,Resolved,INC-02074,Incident Closed
2025-05-07 06:30:00,Resolved,INC-02075,Incident Closed
2025-05-07 07:00:00,Resolved,INC-02076,Incident Closed
2025-05-07 07:30:00,Resolved,INC-02077,Incident Closed
2025-05-07 17:00:00,Escalated,INC-02078,Supervisor
2025-05-07 17:00:00,Incident Created,INC-02078,SUSTAINABILITY_INCIDENT
2025-05-07 17:30:00,Incident Created,INC-02079,SUSTAINABILITY_INCIDENT
2025-05-07 17:30:00,Escalated,INC-02079,Supervisor
2025-05-07 18:00:00,Incident Created,INC-02080,SUSTAINABILITY_INCIDENT
2025-05-07 18:00:00,Escalated,INC-02080,Supervisor
2025-05-07 18:30:00,Incident Created,INC-02081,SUSTAINABILITY_INCIDENT
2025-05-07 18:30:00,Escalated,INC-02081,Supervisor
2025-05-07 19:00:00,Resolved,INC-02078,Incident Closed
2025-05-07 19:00:00,Incident Created,INC-02082,SUSTAINABILITY_INCIDENT
2025-05-07 19:00:00,Escalated,INC-02082,Supervisor
2025-05-07 19:30:00,Resolved,INC-02079,Incident Closed
2025-05-07 19:30:00,Escalated,INC-02083,Supervisor
2025-05-07 19:30:00,Incident Created,INC-02083,SUSTAINABILITY_INCIDENT
2025-05-07 20:00:00,Resolved,INC-02080,Incident Closed
2025-05-07 20:00:00,Escalated,INC-02084,Supervisor
2025-05-07 20:00:00,Incident Created,INC-02084,SUSTAINABILITY_INCIDENT
2025-05-07 20:30:00,Resolved,INC-02081,Incident Closed
2025-05-07 20:30:00,Escalated,INC-02085,Supervisor
2025-05-07 20:30:00,Incident Created,INC-02085,SUSTAINABILITY_INCIDENT
2025-05-07 21:00:00,Resolved,INC-02082,Incident Closed
2025-05-07 21:30:00,Resolved,INC-02083,Incident Closed
2025-05-07 22:00:00,Resolved,INC-02084,Incident Closed
2025-05-07 22:30:00,Resolved,INC-02085,Incident Closed
2025-05-08 17:00:00,Escalated,INC-02086,Supervisor
2025-05-08 17:00:00,Incident Created,INC-02086,SUSTAINABILITY_INCIDENT
2025-05-08 17:30:00,Escalated,INC-02087,Supervisor
2025-05-08 17:30:00,Incident Created,INC-02087,SUSTAINABILITY_INCIDENT
2025-05-08 18:00:00,Escalated,INC-02088,Supervisor
2025-05-08 18:00:00,Incident Created,INC-02088,SUSTAINABILITY_INCIDENT
2025-05-08 18:30:00,Incident Created,INC-02089,SUSTAINABILITY_INCIDENT
2025-05-08 18:30:00,Escalated,INC-02089,Supervisor
2025-05-08 19:00:00,Resolved,INC-02086,Incident Closed
2025-05-08 19:00:00,Incident Created,INC-02090,SUSTAINABILITY_INCIDENT
2025-05-08 19:00:00,Escalated,INC-02090,Supervisor
2025-05-08 19:30:00,Resolved,INC-02087,Incident Closed
2025-05-08 19:30:00,Escalated,INC-02091,Supervisor
2025-05-08 19:30:00,Incident Created,INC-02091,SUSTAINABILITY_INCIDENT
2025-05-08 20:00:00,Resolved,INC-02088,Incident Closed
2025-05-08 20:00:00,Incident Created,INC-02092,SUSTAINABILITY_INCIDENT
2025-05-08 20:00:00,Escalated,INC-02092,Supervisor
2025-05-08 20:30:00,Resolved,INC-02089,Incident Closed
2025-05-08 20:30:00,Escalated,INC-02093,Supervisor
2025-05-08 20:30:00,Incident Created,INC-02093,SUSTAINABILITY_INCIDENT
2025-05-08 21:00:00,Resolved,INC-02090,Incident Closed
2025-05-08 21:00:00,Escalated,INC-02094,Supervisor
2025-05-08 21:00:00,Incident Created,INC-02094,SUSTAINABILITY_INCIDENT
2025-05-08 21:30:00,Resolved,INC-02091,Incident Closed
2025-05-08 21:30:00,Escalated,INC-02095,Supervisor
2025-05-08 21:30:00,Incident Created,INC-02095,SUSTAINABILITY_INCIDENT
2025-05-08 22:00:00,Resolved,INC-02092,Incident Closed
2025-05-08 22:00:00,Escalated,INC-02096,Supervisor
2025-05-08 22:00:00,Incident Created,INC-02096,SUSTAINABILITY_INCIDENT
2025-05-08 22:30:00,Resolved,INC-02093,Incident Closed
2025-05-08 23:00:00,Resolved,INC-02094,Incident Closed
2025-05-08 23:30:00,Resolved,INC-02095,Incident Closed
2025-05-09 00:00:00,Resolved,INC-02096,Incident Closed
2025-05-09 11:30:00,Escalated,INC-02097,Operator
2025-05-09 11:30:00,Incident Created,INC-02097,OVER_GENERATION_INCIDENT
2025-05-09 12:00:00,Incident Created,INC-02098,OVER_GENERATION_INCIDENT
2025-05-09 12:00:00,Escalated,INC-02098,Operator
2025-05-09 12:30:00,Incident Created,INC-02099,OVER_GENERATION_INCIDENT
2025-05-09 12:30:00,Escalated,INC-02099,Operator
2025-05-09 13:00:00,Escalated,INC-02100,Operator
2025-05-09 13:00:00,Incident Created,INC-02100,OVER_GENERATION_INCIDENT
2025-05-09 13:30:00,Resolved,INC-02097,Incident Closed
2025-05-09 13:30:00,Incident Created,INC-02101,OVER_GENERATION_INCIDENT
2025-05-09 13:30:00,Escalated,INC-02101,Operator
2025-05-09 14:00:00,Resolved,INC-02098,Incident Closed
2025-05-09 14:00:00,Incident Created,INC-02102,OVER_GENERATION_INCIDENT
2025-05-09 14:00:00,Escalated,INC-02102,Operator
2025-05-09 14:30:00,Resolved,INC-02099,Incident Closed
2025-05-09 14:30:00,Incident Created,INC-02103,OVER_GENERATION_INCIDENT
2025-05-09 14:30:00,Escalated,INC-02103,Operator
2025-05-09 15:00:00,Resolved,INC-02100,Incident Closed
2025-05-09 15:00:00,Escalated,INC-02104,Operator
2025-05-09 15:00:00,Incident Created,INC-02104,OVER_GENERATION_INCIDENT
2025-05-09 15:30:00,Resolved,INC-02101,Incident Closed
2025-05-09 16:00:00,Resolved,INC-02102,Incident Closed
2025-05-09 16:30:00,Resolved,INC-02103,Incident Closed
2025-05-09 17:00:00,Resolved,INC-02104,Incident Closed
2025-05-10 05:00:00,Escalated,INC-02105,Operator
2025-05-10 05:00:00,Incident Created,INC-02105,OVER_GENERATION_INCIDENT
2025-05-10 05:30:00,Escalated,INC-02106,Operator
2025-05-10 05:30:00,Incident Created,INC-02106,OVER_GENERATION_INCIDENT
2025-05-10 07:00:00,Resolved,INC-02105,Incident Closed
2025-05-10 07:30:00,Resolved,INC-02106,Incident Closed
2025-05-10 09:00:00,Escalated,INC-02107,Operator
2025-05-10 09:00:00,Incident Created,INC-02107,OVER_GENERATION_INCIDENT
2025-05-10 09:30:00,Incident Created,INC-02108,OVER_GENERATION_INCIDENT
2025-05-10 09:30:00,Escalated,INC-02108,Operator
2025-05-10 10:00:00,Incident Created,INC-02109,OVER_GENERATION_INCIDENT
2025-05-10 10:00:00,Escalated,INC-02109,Operator
2025-05-10 10:30:00,Incident Created,INC-02110,OVER_GENERATION_INCIDENT
2025-05-10 10:30:00,Escalated,INC-02110,Operator
2025-05-10 11:00:00,Resolved,INC-02107,Incident Closed
2025-05-10 11:00:00,Escalated,INC-02111,Operator
2025-05-10 11:00:00,Incident Created,INC-02111,OVER_GENERATION_INCIDENT
2025-05-10 11:30:00,Resolved,INC-02108,Incident Closed
2025-05-10 11:30:00,Escalated,INC-02112,Operator
2025-05-10 11:30:00,Incident Created,INC-02112,OVER_GENERATION_INCIDENT
2025-05-10 12:00:00,Resolved,INC-02109,Incident Closed
2025-05-10 12:00:00,Escalated,INC-02113,Operator
2025-05-10 12:00:00,Incident Created,INC-02113,OVER_GENERATION_INCIDENT
2025-05-10 12:30:00,Resolved,INC-02110,Incident Closed
2025-05-10 12:30:00,Escalated,INC-02114,Operator
2025-05-10 12:30:00,Incident Created,INC-02114,OVER_GENERATION_INCIDENT
2025-05-10 13:00:00,Resolved,INC-02111,Incident Closed
2025-05-10 13:00:00,Escalated,INC-02115,Operator
2025-05-10 13:00:00,Incident Created,INC-02115,OVER_GENERATION_INCIDENT
2025-05-10 13:30:00,Resolved,INC-02112,Incident Closed
2025-05-10 13:30:00,Incident Created,INC-02116,OVER_GENERATION_INCIDENT
2025-05-10 13:30:00,Escalated,INC-02116,Operator
2025-05-10 14:00:00,Resolved,INC-02113,Incident Closed
2025-05-10 14:00:00,Incident Created,INC-02117,OVER_GENERATION_INCIDENT
2025-05-10 14:00:00,Escalated,INC-02117,Operator
2025-05-10 14:30:00,Resolved,INC-02114,Incident Closed
2025-05-10 14:30:00,Incident Created,INC-02118,OVER_GENERATION_INCIDENT
2025-05-10 14:30:00,Escalated,INC-02118,Operator
2025-05-10 15:00:00,Resolved,INC-02115,Incident Closed
2025-05-10 15:00:00,Incident Created,INC-02119,OVER_GENERATION_INCIDENT
2025-05-10 15:00:00,Escalated,INC-02119,Operator
2025-05-10 15:30:00,Resolved,INC-02116,Incident Closed
2025-05-10 15:30:00,Escalated,INC-02120,Operator
2025-05-10 15:30:00,Incident Created,INC-02120,OVER_GENERATION_INCIDENT
2025-05-10 16:00:00,Resolved,INC-02117,Incident Closed
2025-05-10 16:00:00,Incident Created,INC-02121,OVER_GENERATION_INCIDENT
2025-05-10 16:00:00,Escalated,INC-02121,Operator
2025-05-10 16:30:00,Resolved,INC-02118,Incident Closed
2025-05-10 16:30:00,Incident Created,INC-02122,OVER_GENERATION_INCIDENT
2025-05-10 16:30:00,Escalated,INC-02122,Operator
2025-05-10 17:00:00,Resolved,INC-02119,Incident Closed
2025-05-10 17:30:00,Resolved,INC-02120,Incident Closed
2025-05-10 18:00:00,Resolved,INC-02121,Incident Closed
2025-05-10 18:30:00,Resolved,INC-02122,Incident Closed
2025-05-11 05:00:00,Incident Created,INC-02123,OVER_GENERATION_INCIDENT
2025-05-11 05:00:00,Escalated,INC-02123,Operator
2025-05-11 05:30:00,Incident Created,INC-02124,OVER_GENERATION_INCIDENT
2025-05-11 05:30:00,Escalated,INC-02124,Operator
2025-05-11 06:00:00,Escalated,INC-02125,Operator
2025-05-11 06:00:00,Incident Created,INC-02125,OVER_GENERATION_INCIDENT
2025-05-11 06:30:00,Escalated,INC-02126,Operator
2025-05-11 06:30:00,Incident Created,INC-02126,OVER_GENERATION_INCIDENT
2025-05-11 07:00:00,Resolved,INC-02123,Incident Closed
2025-05-11 07:00:00,Escalated,INC-02127,Operator
2025-05-11 07:00:00,Incident Created,INC-02127,OVER_GENERATION_INCIDENT
2025-05-11 07:30:00,Resolved,INC-02124,Incident Closed
2025-05-11 07:30:00,Escalated,INC-02128,Operator
2025-05-11 07:30:00,Incident Created,INC-02128,OVER_GENERATION_INCIDENT
2025-05-11 08:00:00,Resolved,INC-02125,Incident Closed
2025-05-11 08:00:00,Incident Created,INC-02129,OVER_GENERATION_INCIDENT
2025-05-11 08:00:00,Escalated,INC-02129,Operator
2025-05-11 08:30:00,Resolved,INC-02126,Incident Closed
2025-05-11 08:30:00,Escalated,INC-02130,Operator
2025-05-11 08:30:00,Incident Created,INC-02130,OVER_GENERATION_INCIDENT
2025-05-11 09:00:00,Resolved,INC-02127,Incident Closed
2025-05-11 09:00:00,Escalated,INC-02131,Operator
2025-05-11 09:00:00,Incident Created,INC-02131,OVER_GENERATION_INCIDENT
2025-05-11 09:30:00,Resolved,INC-02128,Incident Closed
2025-05-11 09:30:00,Incident Created,INC-02132,OVER_GENERATION_INCIDENT
2025-05-11 09:30:00,Escalated,INC-02132,Operator
2025-05-11 10:00:00,Resolved,INC-02129,Incident Closed
2025-05-11 10:00:00,Incident Created,INC-02133,OVER_GENERATION_INCIDENT
2025-05-11 10:00:00,Escalated,INC-02133,Operator
2025-05-11 10:30:00,Resolved,INC-02130,Incident Closed
2025-05-11 10:30:00,Escalated,INC-02134,Operator
2025-05-11 10:30:00,Incident Created,INC-02134,OVER_GENERATION_INCIDENT
2025-05-11 11:00:00,Resolved,INC-02131,Incident Closed
2025-05-11 11:00:00,Incident Created,INC-02135,OVER_GENERATION_INCIDENT
2025-05-11 11:00:00,Escalated,INC-02135,Operator
2025-05-11 11:30:00,Resolved,INC-02132,Incident Closed
2025-05-11 11:30:00,Escalated,INC-02136,Operator
2025-05-11 11:30:00,Incident Created,INC-02136,OVER_GENERATION_INCIDENT
2025-05-11 12:00:00,Resolved,INC-02133,Incident Closed
2025-05-11 12:00:00,Escalated,INC-02137,Operator
2025-05-11 12:00:00,Incident Created,INC-02137,OVER_GENERATION_INCIDENT
2025-05-11 12:30:00,Resolved,INC-02134,Incident Closed
2025-05-11 12:30:00,Incident Created,INC-02138,OVER_GENERATION_INCIDENT
2025-05-11 12:30:00,Escalated,INC-02138,Operator
2025-05-11 13:00:00,Resolved,INC-02135,Incident Closed
2025-05-11 13:00:00,Incident Created,INC-02139,OVER_GENERATION_INCIDENT
2025-05-11 13:00:00,Escalated,INC-02139,Operator
2025-05-11 13:30:00,Resolved,INC-02136,Incident Closed
2025-05-11 13:30:00,Incident Created,INC-02140,OVER_GENERATION_INCIDENT
2025-05-11 13:30:00,Escalated,INC-02140,Operator
2025-05-11 14:00:00,Resolved,INC-02137,Incident Closed
2025-05-11 14:00:00,Incident Created,INC-02141,OVER_GENERATION_INCIDENT
2025-05-11 14:00:00,Escalated,INC-02141,Operator
2025-05-11 14:30:00,Resolved,INC-02138,Incident Closed
2025-05-11 14:30:00,Incident Created,INC-02142,OVER_GENERATION_INCIDENT
2025-05-11 14:30:00,Escalated,INC-02142,Operator
2025-05-11 15:00:00,Resolved,INC-02139,Incident Closed
2025-05-11 15:00:00,Incident Created,INC-02143,OVER_GENERATION_INCIDENT
2025-05-11 15:00:00,Escalated,INC-02143,Operator
2025-05-11 15:30:00,Resolved,INC-02140,Incident Closed
2025-05-11 15:30:00,Escalated,INC-02144,Operator
2025-05-11 15:30:00,Incident Created,INC-02144,OVER_GENERATION_INCIDENT
2025-05-11 16:00:00,Resolved,INC-02141,Incident Closed
2025-05-11 16:00:00,Escalated,INC-02145,Operator
2025-05-11 16:00:00,Incident Created,INC-02145,OVER_GENERATION_INCIDENT
2025-05-11 16:30:00,Resolved,INC-02142,Incident Closed
2025-05-11 17:00:00,Resolved,INC-02143,Incident Closed
2025-05-11 17:30:00,Resolved,INC-02144,Incident Closed
2025-05-11 18:00:00,Resolved,INC-02145,Incident Closed
2025-05-12 04:30:00,Escalated,INC-02146,Operator
2025-05-12 04:30:00,Incident Created,INC-02146,OVER_GENERATION_INCIDENT
2025-05-12 05:00:00,Incident Created,INC-02147,OVER_GENERATION_INCIDENT
2025-05-12 05:00:00,Escalated,INC-02147,Operator
2025-05-12 06:30:00,Resolved,INC-02146,Incident Closed
2025-05-12 07:00:00,Resolved,INC-02147,Incident Closed
2025-05-13 12:30:00,Incident Created,INC-02148,OVER_GENERATION_INCIDENT
2025-05-13 12:30:00,Escalated,INC-02148,Operator
2025-05-13 13:00:00,Incident Created,INC-02149,OVER_GENERATION_INCIDENT
2025-05-13 13:00:00,Escalated,INC-02149,Operator
2025-05-13 13:30:00,Incident Created,INC-02150,OVER_GENERATION_INCIDENT
2025-05-13 13:30:00,Escalated,INC-02150,Operator
2025-05-13 14:00:00,Escalated,INC-02151,Operator
2025-05-13 14:00:00,Incident Created,INC-02151,OVER_GENERATION_INCIDENT
2025-05-13 14:30:00,Resolved,INC-02148,Incident Closed
2025-05-13 14:30:00,Escalated,INC-02152,Operator
2025-05-13 14:30:00,Incident Created,INC-02152,OVER_GENERATION_INCIDENT
2025-05-13 15:00:00,Resolved,INC-02149,Incident Closed
2025-05-13 15:00:00,Escalated,INC-02153,Operator
2025-05-13 15:00:00,Incident Created,INC-02153,OVER_GENERATION_INCIDENT
2025-05-13 15:30:00,Resolved,INC-02150,Incident Closed
2025-05-13 16:00:00,Resolved,INC-02151,Incident Closed
2025-05-13 16:30:00,Resolved,INC-02152,Incident Closed
2025-05-13 17:00:00,Resolved,INC-02153,Incident Closed
2025-05-14 03:30:00,Incident Created,INC-02154,OVER_GENERATION_INCIDENT
2025-05-14 03:30:00,Escalated,INC-02154,Operator
2025-05-14 04:00:00,Incident Created,INC-02155,OVER_GENERATION_INCIDENT
2025-05-14 04:00:00,Escalated,INC-02155,Operator
2025-05-14 04:30:00,Incident Created,INC-02156,OVER_GENERATION_INCIDENT
2025-05-14 04:30:00,Escalated,INC-02156,Operator
2025-05-14 05:00:00,Incident Created,INC-02157,OVER_GENERATION_INCIDENT
2025-05-14 05:00:00,Escalated,INC-02157,Operator
2025-05-14 05:30:00,Resolved,INC-02154,Incident Closed
2025-05-14 06:00:00,Resolved,INC-02155,Incident Closed
2025-05-14 06:30:00,Resolved,INC-02156,Incident Closed
2025-05-14 07:00:00,Resolved,INC-02157,Incident Closed
2025-05-14 11:00:00,Escalated,INC-02158,Operator
2025-05-14 11:00:00,Incident Created,INC-02158,OVER_GENERATION_INCIDENT
2025-05-14 11:30:00,Escalated,INC-02159,Operator
2025-05-14 11:30:00,Incident Created,INC-02159,OVER_GENERATION_INCIDENT
2025-05-14 12:00:00,Escalated,INC-02160,Operator
2025-05-14 12:00:00,Incident Created,INC-02160,OVER_GENERATION_INCIDENT
2025-05-14 12:30:00,Escalated,INC-02161,Operator
2025-05-14 12:30:00,Incident Created,INC-02161,OVER_GENERATION_INCIDENT
2025-05-14 13:00:00,Resolved,INC-02158,Incident Closed
2025-05-14 13:00:00,Escalated,INC-02162,Operator
2025-05-14 13:00:00,Incident Created,INC-02162,OVER_GENERATION_INCIDENT
2025-05-14 13:30:00,Resolved,INC-02159,Incident Closed
2025-05-14 13:30:00,Escalated,INC-02163,Operator
2025-05-14 13:30:00,Incident Created,INC-02163,OVER_GENERATION_INCIDENT
2025-05-14 14:00:00,Resolved,INC-02160,Incident Closed
2025-05-14 14:00:00,Incident Created,INC-02164,OVER_GENERATION_INCIDENT
2025-05-14 14:00:00,Escalated,INC-02164,Operator
2025-05-14 14:30:00,Resolved,INC-02161,Incident Closed
2025-05-14 14:30:00,Incident Created,INC-02165,OVER_GENERATION_INCIDENT
2025-05-14 14:30:00,Escalated,INC-02165,Operator
2025-05-14 15:00:00,Resolved,INC-02162,Incident Closed
2025-05-14 15:00:00,Incident Created,INC-02166,OVER_GENERATION_INCIDENT
2025-05-14 15:00:00,Escalated,INC-02166,Operator
2025-05-14 15:30:00,Resolved,INC-02163,Incident Closed
2025-05-14 15:30:00,Incident Created,INC-02167,OVER_GENERATION_INCIDENT
2025-05-14 15:30:00,Escalated,INC-02167,Operator
2025-05-14 16:00:00,Resolved,INC-02164,Incident Closed
2025-05-14 16:30:00,Resolved,INC-02165,Incident Closed
2025-05-14 17:00:00,Resolved,INC-02166,Incident Closed
2025-05-14 17:30:00,Resolved,INC-02167,Incident Closed
2025-05-15 04:00:00,Incident Created,INC-02168,OVER_GENERATION_INCIDENT
2025-05-15 04:00:00,Escalated,INC-02168,Operator
2025-05-15 04:30:00,Incident Created,INC-02169,OVER_GENERATION_INCIDENT
2025-05-15 04:30:00,Escalated,INC-02169,Operator
2025-05-15 06:00:00,Resolved,INC-02168,Incident Closed
2025-05-15 06:30:00,Resolved,INC-02169,Incident Closed
2025-05-16 10:30:00,Incident Created,INC-02170,CURTAILMENT_RISK_INCIDENT
2025-05-16 10:30:00,Escalated,INC-02170,Supervisor
2025-05-16 11:00:00,Incident Created,INC-02171,OVER_GENERATION_INCIDENT
2025-05-16 11:00:00,Escalated,INC-02171,Operator
2025-05-16 11:00:00,Incident Created,INC-02172,CURTAILMENT_RISK_INCIDENT
2025-05-16 11:00:00,Escalated,INC-02172,Supervisor
2025-05-16 11:30:00,Incident Created,INC-02173,OVER_GENERATION_INCIDENT
2025-05-16 11:30:00,Escalated,INC-02173,Operator
2025-05-16 11:30:00,Escalated,INC-02174,Supervisor
2025-05-16 11:30:00,Incident Created,INC-02174,CURTAILMENT_RISK_INCIDENT
2025-05-16 12:00:00,Escalated,INC-02175,Operator
2025-05-16 12:00:00,Incident Created,INC-02175,OVER_GENERATION_INCIDENT
2025-05-16 12:00:00,Escalated,INC-02176,Supervisor
2025-05-16 12:00:00,Incident Created,INC-02176,CURTAILMENT_RISK_INCIDENT
2025-05-16 12:30:00,Resolved,INC-02170,Incident Closed
2025-05-16 12:30:00,Escalated,INC-02177,Operator
2025-05-16 12:30:00,Incident Created,INC-02177,OVER_GENERATION_INCIDENT
2025-05-16 12:30:00,Incident Created,INC-02178,CURTAILMENT_RISK_INCIDENT
2025-05-16 12:30:00,Escalated,INC-02178,Supervisor
2025-05-16 13:00:00,Resolved,INC-02171,Incident Closed
2025-05-16 13:00:00,Resolved,INC-02172,Incident Closed
2025-05-16 13:00:00,Escalated,INC-02179,Operator
2025-05-16 13:00:00,Incident Created,INC-02179,OVER_GENERATION_INCIDENT
2025-05-16 13:00:00,Escalated,INC-02180,Supervisor
2025-05-16 13:00:00,Incident Created,INC-02180,CURTAILMENT_RISK_INCIDENT
2025-05-16 13:30:00,Resolved,INC-02173,Incident Closed
2025-05-16 13:30:00,Resolved,INC-02174,Incident Closed
2025-05-16 13:30:00,Escalated,INC-02181,Operator
2025-05-16 13:30:00,Incident Created,INC-02181,OVER_GENERATION_INCIDENT
2025-05-16 13:30:00,Incident Created,INC-02182,CURTAILMENT_RISK_INCIDENT
2025-05-16 13:30:00,Escalated,INC-02182,Supervisor
2025-05-16 14:00:00,Resolved,INC-02175,Incident Closed
2025-05-16 14:00:00,Resolved,INC-02176,Incident Closed
2025-05-16 14:00:00,Incident Created,INC-02183,OVER_GENERATION_INCIDENT
2025-05-16 14:00:00,Escalated,INC-02183,Operator
2025-05-16 14:30:00,Resolved,INC-02177,Incident Closed
2025-05-16 14:30:00,Resolved,INC-02178,Incident Closed
2025-05-16 14:30:00,Escalated,INC-02184,Operator
2025-05-16 14:30:00,Incident Created,INC-02184,OVER_GENERATION_INCIDENT
2025-05-16 15:00:00,Resolved,INC-02179,Incident Closed
2025-05-16 15:00:00,Resolved,INC-02180,Incident Closed
2025-05-16 15:00:00,Escalated,INC-02185,Operator
2025-05-16 15:00:00,Incident Created,INC-02185,OVER_GENERATION_INCIDENT
2025-05-16 15:30:00,Resolved,INC-02181,Incident Closed
2025-05-16 15:30:00,Resolved,INC-02182,Incident Closed
2025-05-16 15:30:00,Escalated,INC-02186,Operator
2025-05-16 15:30:00,Incident Created,INC-02186,OVER_GENERATION_INCIDENT
2025-05-16 16:00:00,Resolved,INC-02183,Incident Closed
2025-05-16 16:00:00,Incident Created,INC-02187,OVER_GENERATION_INCIDENT
2025-05-16 16:00:00,Escalated,INC-02187,Operator
2025-05-16 16:30:00,Resolved,INC-02184,Incident Closed
2025-05-16 17:00:00,Resolved,INC-02185,Incident Closed
2025-05-16 17:30:00,Resolved,INC-02186,Incident Closed
2025-05-16 18:00:00,Resolved,INC-02187,Incident Closed
2025-05-17 04:30:00,Incident Created,INC-02188,OVER_GENERATION_INCIDENT
2025-05-17 04:30:00,Escalated,INC-02188,Operator
2025-05-17 05:00:00,Incident Created,INC-02189,OVER_GENERATION_INCIDENT
2025-05-17 05:00:00,Escalated,INC-02189,Operator
2025-05-17 05:30:00,Escalated,INC-02190,Operator
2025-05-17 05:30:00,Incident Created,INC-02190,OVER_GENERATION_INCIDENT
2025-05-17 06:00:00,Escalated,INC-02191,Operator
2025-05-17 06:00:00,Incident Created,INC-02191,OVER_GENERATION_INCIDENT
2025-05-17 06:30:00,Resolved,INC-02188,Incident Closed
2025-05-17 07:00:00,Resolved,INC-02189,Incident Closed
2025-05-17 07:30:00,Resolved,INC-02190,Incident Closed
2025-05-17 08:00:00,Resolved,INC-02191,Incident Closed
2025-05-17 10:30:00,Escalated,INC-02192,Operator
2025-05-17 10:30:00,Incident Created,INC-02192,OVER_GENERATION_INCIDENT
2025-05-17 11:00:00,Escalated,INC-02193,Operator
2025-05-17 11:00:00,Incident Created,INC-02193,OVER_GENERATION_INCIDENT
2025-05-17 11:30:00,Incident Created,INC-02194,OVER_GENERATION_INCIDENT
2025-05-17 11:30:00,Escalated,INC-02194,Operator
2025-05-17 12:00:00,Escalated,INC-02195,Operator
2025-05-17 12:00:00,Incident Created,INC-02195,OVER_GENERATION_INCIDENT
2025-05-17 12:30:00,Resolved,INC-02192,Incident Closed
2025-05-17 12:30:00,Escalated,INC-02196,Operator
2025-05-17 12:30:00,Incident Created,INC-02196,OVER_GENERATION_INCIDENT
2025-05-17 13:00:00,Resolved,INC-02193,Incident Closed
2025-05-17 13:00:00,Incident Created,INC-02197,OVER_GENERATION_INCIDENT
2025-05-17 13:00:00,Escalated,INC-02197,Operator
2025-05-17 13:30:00,Resolved,INC-02194,Incident Closed
2025-05-17 13:30:00,Incident Created,INC-02198,OVER_GENERATION_INCIDENT
2025-05-17 13:30:00,Escalated,INC-02198,Operator
2025-05-17 14:00:00,Resolved,INC-02195,Incident Closed
2025-05-17 14:00:00,Incident Created,INC-02199,OVER_GENERATION_INCIDENT
2025-05-17 14:00:00,Escalated,INC-02199,Operator
2025-05-17 14:30:00,Resolved,INC-02196,Incident Closed
2025-05-17 14:30:00,Incident Created,INC-02200,OVER_GENERATION_INCIDENT
2025-05-17 14:30:00,Escalated,INC-02200,Operator
2025-05-17 15:00:00,Resolved,INC-02197,Incident Closed
2025-05-17 15:00:00,Incident Created,INC-02201,OVER_GENERATION_INCIDENT
2025-05-17 15:00:00,Escalated,INC-02201,Operator
2025-05-17 15:30:00,Resolved,INC-02198,Incident Closed
2025-05-17 15:30:00,Incident Created,INC-02202,OVER_GENERATION_INCIDENT
2025-05-17 15:30:00,Escalated,INC-02202,Operator
2025-05-17 16:00:00,Resolved,INC-02199,Incident Closed
2025-05-17 16:00:00,Escalated,INC-02203,Operator
2025-05-17 16:00:00,Incident Created,INC-02203,OVER_GENERATION_INCIDENT
2025-05-17 16:30:00,Resolved,INC-02200,Incident Closed
2025-05-17 16:30:00,Incident Created,INC-02204,OVER_GENERATION_INCIDENT
2025-05-17 16:30:00,Escalated,INC-02204,Operator
2025-05-17 17:00:00,Resolved,INC-02201,Incident Closed
2025-05-17 17:30:00,Resolved,INC-02202,Incident Closed
2025-05-17 18:00:00,Resolved,INC-02203,Incident Closed
2025-05-17 18:30:00,Resolved,INC-02204,Incident Closed
2025-05-18 03:00:00,Escalated,INC-02205,Operator
2025-05-18 03:00:00,Incident Created,INC-02205,OVER_GENERATION_INCIDENT
2025-05-18 03:30:00,Incident Created,INC-02206,OVER_GENERATION_INCIDENT
2025-05-18 03:30:00,Escalated,INC-02206,Operator
2025-05-18 04:00:00,Escalated,INC-02207,Operator
2025-05-18 04:00:00,Incident Created,INC-02207,OVER_GENERATION_INCIDENT
2025-05-18 04:30:00,Escalated,INC-02208,Operator
2025-05-18 04:30:00,Incident Created,INC-02208,OVER_GENERATION_INCIDENT
2025-05-18 05:00:00,Resolved,INC-02205,Incident Closed
2025-05-18 05:00:00,Escalated,INC-02209,Operator
2025-05-18 05:00:00,Incident Created,INC-02209,OVER_GENERATION_INCIDENT
2025-05-18 05:30:00,Resolved,INC-02206,Incident Closed
2025-05-18 05:30:00,Escalated,INC-02210,Operator
2025-05-18 05:30:00,Incident Created,INC-02210,OVER_GENERATION_INCIDENT
2025-05-18 06:00:00,Resolved,INC-02207,Incident Closed
2025-05-18 06:00:00,Incident Created,INC-02211,OVER_GENERATION_INCIDENT
2025-05-18 06:00:00,Escalated,INC-02211,Operator
2025-05-18 06:30:00,Resolved,INC-02208,Incident Closed
2025-05-18 06:30:00,Incident Created,INC-02212,OVER_GENERATION_INCIDENT
2025-05-18 06:30:00,Escalated,INC-02212,Operator
2025-05-18 07:00:00,Resolved,INC-02209,Incident Closed
2025-05-18 07:00:00,Escalated,INC-02213,Operator
2025-05-18 07:00:00,Incident Created,INC-02213,OVER_GENERATION_INCIDENT
2025-05-18 07:30:00,Resolved,INC-02210,Incident Closed
2025-05-18 07:30:00,Incident Created,INC-02214,OVER_GENERATION_INCIDENT
2025-05-18 07:30:00,Escalated,INC-02214,Operator
2025-05-18 08:00:00,Resolved,INC-02211,Incident Closed
2025-05-18 08:00:00,Incident Created,INC-02215,OVER_GENERATION_INCIDENT
2025-05-18 08:00:00,Escalated,INC-02215,Operator
2025-05-18 08:30:00,Resolved,INC-02212,Incident Closed
2025-05-18 08:30:00,Escalated,INC-02216,Operator
2025-05-18 08:30:00,Incident Created,INC-02216,OVER_GENERATION_INCIDENT
2025-05-18 09:00:00,Resolved,INC-02213,Incident Closed
2025-05-18 09:00:00,Escalated,INC-02217,Operator
2025-05-18 09:00:00,Incident Created,INC-02217,OVER_GENERATION_INCIDENT
2025-05-18 09:30:00,Resolved,INC-02214,Incident Closed
2025-05-18 09:30:00,Incident Created,INC-02218,OVER_GENERATION_INCIDENT
2025-05-18 09:30:00,Escalated,INC-02218,Operator
2025-05-18 10:00:00,Resolved,INC-02215,Incident Closed
2025-05-18 10:00:00,Escalated,INC-02219,Operator
2025-05-18 10:00:00,Incident Created,INC-02219,OVER_GENERATION_INCIDENT
2025-05-18 10:30:00,Resolved,INC-02216,Incident Closed
2025-05-18 10:30:00,Incident Created,INC-02220,OVER_GENERATION_INCIDENT
2025-05-18 10:30:00,Escalated,INC-02220,Operator
2025-05-18 11:00:00,Resolved,INC-02217,Incident Closed
2025-05-18 11:00:00,Escalated,INC-02221,Operator
2025-05-18 11:00:00,Incident Created,INC-02221,OVER_GENERATION_INCIDENT
2025-05-18 11:30:00,Resolved,INC-02218,Incident Closed
2025-05-18 11:30:00,Escalated,INC-02222,Operator
2025-05-18 11:30:00,Incident Created,INC-02222,OVER_GENERATION_INCIDENT
2025-05-18 12:00:00,Resolved,INC-02219,Incident Closed
2025-05-18 12:00:00,Escalated,INC-02223,Operator
2025-05-18 12:00:00,Incident Created,INC-02223,OVER_GENERATION_INCIDENT
2025-05-18 12:30:00,Resolved,INC-02220,Incident Closed
2025-05-18 12:30:00,Escalated,INC-02224,Operator
2025-05-18 12:30:00,Incident Created,INC-02224,OVER_GENERATION_INCIDENT
2025-05-18 13:00:00,Resolved,INC-02221,Incident Closed
2025-05-18 13:00:00,Incident Created,INC-02225,OVER_GENERATION_INCIDENT
2025-05-18 13:00:00,Escalated,INC-02225,Operator
2025-05-18 13:30:00,Resolved,INC-02222,Incident Closed
2025-05-18 13:30:00,Incident Created,INC-02226,OVER_GENERATION_INCIDENT
2025-05-18 13:30:00,Escalated,INC-02226,Operator
2025-05-18 14:00:00,Resolved,INC-02223,Incident Closed
2025-05-18 14:00:00,Incident Created,INC-02227,OVER_GENERATION_INCIDENT
2025-05-18 14:00:00,Escalated,INC-02227,Operator
2025-05-18 14:30:00,Resolved,INC-02224,Incident Closed
2025-05-18 14:30:00,Escalated,INC-02228,Operator
2025-05-18 14:30:00,Incident Created,INC-02228,OVER_GENERATION_INCIDENT
2025-05-18 15:00:00,Resolved,INC-02225,Incident Closed
2025-05-18 15:00:00,Escalated,INC-02229,Operator
2025-05-18 15:00:00,Incident Created,INC-02229,OVER_GENERATION_INCIDENT
2025-05-18 15:30:00,Resolved,INC-02226,Incident Closed
2025-05-18 15:30:00,Escalated,INC-02230,Operator
2025-05-18 15:30:00,Incident Created,INC-02230,OVER_GENERATION_INCIDENT
2025-05-18 16:00:00,Resolved,INC-02227,Incident Closed
2025-05-18 16:00:00,Escalated,INC-02231,Operator
2025-05-18 16:00:00,Incident Created,INC-02231,OVER_GENERATION_INCIDENT
2025-05-18 16:30:00,Resolved,INC-02228,Incident Closed
2025-05-18 17:00:00,Resolved,INC-02229,Incident Closed
2025-05-18 17:30:00,Resolved,INC-02230,Incident Closed
2025-05-18 18:00:00,Resolved,INC-02231,Incident Closed
2025-05-19 02:00:00,Incident Created,INC-02232,OVER_GENERATION_INCIDENT
2025-05-19 02:00:00,Escalated,INC-02232,Operator
2025-05-19 02:00:00,Incident Created,INC-02233,DEMAND_ANOMALY_INCIDENT
2025-05-19 02:00:00,Escalated,INC-02233,Supervisor
2025-05-19 02:30:00,Incident Created,INC-02234,OVER_GENERATION_INCIDENT
2025-05-19 02:30:00,Escalated,INC-02234,Operator
2025-05-19 02:30:00,Incident Created,INC-02235,DEMAND_ANOMALY_INCIDENT
2025-05-19 02:30:00,Escalated,INC-02235,Supervisor
2025-05-19 03:00:00,Escalated,INC-02236,Operator
2025-05-19 03:00:00,Incident Created,INC-02236,OVER_GENERATION_INCIDENT
2025-05-19 03:00:00,Escalated,INC-02237,Supervisor
2025-05-19 03:00:00,Incident Created,INC-02237,DEMAND_ANOMALY_INCIDENT
2025-05-19 03:30:00,Escalated,INC-02238,Operator
2025-05-19 03:30:00,Incident Created,INC-02238,OVER_GENERATION_INCIDENT
2025-05-19 03:30:00,Escalated,INC-02239,Supervisor
2025-05-19 03:30:00,Incident Created,INC-02239,DEMAND_ANOMALY_INCIDENT
2025-05-19 04:00:00,Resolved,INC-02232,Incident Closed
2025-05-19 04:00:00,Resolved,INC-02233,Incident Closed
2025-05-19 04:00:00,Incident Created,INC-02240,OVER_GENERATION_INCIDENT
2025-05-19 04:00:00,Escalated,INC-02240,Operator
2025-05-19 04:00:00,Escalated,INC-02241,Supervisor
2025-05-19 04:00:00,Incident Created,INC-02241,DEMAND_ANOMALY_INCIDENT
2025-05-19 04:30:00,Resolved,INC-02234,Incident Closed
2025-05-19 04:30:00,Resolved,INC-02235,Incident Closed
2025-05-19 04:30:00,Escalated,INC-02242,Operator
2025-05-19 04:30:00,Incident Created,INC-02242,OVER_GENERATION_INCIDENT
2025-05-19 04:30:00,Escalated,INC-02243,Supervisor
2025-05-19 04:30:00,Incident Created,INC-02243,DEMAND_ANOMALY_INCIDENT
2025-05-19 05:00:00,Resolved,INC-02236,Incident Closed
2025-05-19 05:00:00,Resolved,INC-02237,Incident Closed
2025-05-19 05:00:00,Escalated,INC-02244,Operator
2025-05-19 05:00:00,Incident Created,INC-02244,OVER_GENERATION_INCIDENT
2025-05-19 05:00:00,Escalated,INC-02245,Supervisor
2025-05-19 05:00:00,Incident Created,INC-02245,DEMAND_ANOMALY_INCIDENT
2025-05-19 05:30:00,Resolved,INC-02238,Incident Closed
2025-05-19 05:30:00,Resolved,INC-02239,Incident Closed
2025-05-19 06:00:00,Resolved,INC-02240,Incident Closed
2025-05-19 06:00:00,Resolved,INC-02241,Incident Closed
2025-05-19 06:30:00,Resolved,INC-02242,Incident Closed
2025-05-19 06:30:00,Resolved,INC-02243,Incident Closed
2025-05-19 07:00:00,Resolved,INC-02244,Incident Closed
2025-05-19 07:00:00,Resolved,INC-02245,Incident Closed
2025-05-20 13:00:00,Incident Created,INC-02246,OVER_GENERATION_INCIDENT
2025-05-20 13:00:00,Escalated,INC-02246,Operator
2025-05-20 13:30:00,Escalated,INC-02247,Operator
2025-05-20 13:30:00,Incident Created,INC-02247,OVER_GENERATION_INCIDENT
2025-05-20 14:00:00,Escalated,INC-02248,Operator
2025-05-20 14:00:00,Incident Created,INC-02248,OVER_GENERATION_INCIDENT
2025-05-20 15:00:00,Resolved,INC-02246,Incident Closed
2025-05-20 15:30:00,Resolved,INC-02247,Incident Closed
2025-05-20 16:00:00,Resolved,INC-02248,Incident Closed
2025-05-20 18:00:00,Escalated,INC-02249,Supervisor
2025-05-20 18:00:00,Incident Created,INC-02249,SUSTAINABILITY_INCIDENT
2025-05-20 18:30:00,Escalated,INC-02250,Supervisor
2025-05-20 18:30:00,Incident Created,INC-02250,SUSTAINABILITY_INCIDENT
2025-05-20 19:00:00,Escalated,INC-02251,Supervisor
2025-05-20 19:00:00,Incident Created,INC-02251,SUSTAINABILITY_INCIDENT
2025-05-20 19:30:00,Incident Created,INC-02252,SUSTAINABILITY_INCIDENT
2025-05-20 19:30:00,Escalated,INC-02252,Supervisor
2025-05-20 20:00:00,Resolved,INC-02249,Incident Closed
2025-05-20 20:00:00,Escalated,INC-02253,Supervisor
2025-05-20 20:00:00,Incident Created,INC-02253,SUSTAINABILITY_INCIDENT
2025-05-20 20:30:00,Resolved,INC-02250,Incident Closed
2025-05-20 20:30:00,Escalated,INC-02254,Supervisor
2025-05-20 20:30:00,Incident Created,INC-02254,SUSTAINABILITY_INCIDENT
2025-05-20 21:00:00,Resolved,INC-02251,Incident Closed
2025-05-20 21:30:00,Resolved,INC-02252,Incident Closed
2025-05-20 22:00:00,Resolved,INC-02253,Incident Closed
2025-05-20 22:30:00,Resolved,INC-02254,Incident Closed
2025-05-23 14:30:00,Escalated,INC-02255,Operator
2025-05-23 14:30:00,Incident Created,INC-02255,OVER_GENERATION_INCIDENT
2025-05-23 15:00:00,Escalated,INC-02256,Operator
2025-05-23 15:00:00,Incident Created,INC-02256,OVER_GENERATION_INCIDENT
2025-05-23 16:30:00,Resolved,INC-02255,Incident Closed
2025-05-23 17:00:00,Resolved,INC-02256,Incident Closed
2025-05-24 02:00:00,Escalated,INC-02257,Operator
2025-05-24 02:00:00,Incident Created,INC-02257,OVER_GENERATION_INCIDENT
2025-05-24 02:30:00,Incident Created,INC-02258,OVER_GENERATION_INCIDENT
2025-05-24 02:30:00,Escalated,INC-02258,Operator
2025-05-24 03:00:00,Escalated,INC-02259,Operator
2025-05-24 03:00:00,Incident Created,INC-02259,OVER_GENERATION_INCIDENT
2025-05-24 03:30:00,Incident Created,INC-02260,OVER_GENERATION_INCIDENT
2025-05-24 03:30:00,Escalated,INC-02260,Operator
2025-05-24 04:00:00,Resolved,INC-02257,Incident Closed
2025-05-24 04:00:00,Incident Created,INC-02261,OVER_GENERATION_INCIDENT
2025-05-24 04:00:00,Escalated,INC-02261,Operator
2025-05-24 04:30:00,Resolved,INC-02258,Incident Closed
2025-05-24 04:30:00,Incident Created,INC-02262,OVER_GENERATION_INCIDENT
2025-05-24 04:30:00,Escalated,INC-02262,Operator
2025-05-24 05:00:00,Resolved,INC-02259,Incident Closed
2025-05-24 05:00:00,Escalated,INC-02263,Operator
2025-05-24 05:00:00,Incident Created,INC-02263,OVER_GENERATION_INCIDENT
2025-05-24 05:30:00,Resolved,INC-02260,Incident Closed
2025-05-24 05:30:00,Escalated,INC-02264,Operator
2025-05-24 05:30:00,Incident Created,INC-02264,OVER_GENERATION_INCIDENT
2025-05-24 06:00:00,Resolved,INC-02261,Incident Closed
2025-05-24 06:00:00,Escalated,INC-02265,Operator
2025-05-24 06:00:00,Incident Created,INC-02265,OVER_GENERATION_INCIDENT
2025-05-24 06:30:00,Resolved,INC-02262,Incident Closed
2025-05-24 06:30:00,Incident Created,INC-02266,OVER_GENERATION_INCIDENT
2025-05-24 06:30:00,Escalated,INC-02266,Operator
2025-05-24 07:00:00,Resolved,INC-02263,Incident Closed
2025-05-24 07:00:00,Escalated,INC-02267,Operator
2025-05-24 07:00:00,Incident Created,INC-02267,OVER_GENERATION_INCIDENT
2025-05-24 07:30:00,Resolved,INC-02264,Incident Closed
2025-05-24 08:00:00,Resolved,INC-02265,Incident Closed
2025-05-24 08:30:00,Resolved,INC-02266,Incident Closed
2025-05-24 09:00:00,Resolved,INC-02267,Incident Closed
2025-05-24 12:30:00,Escalated,INC-02268,Supervisor
2025-05-24 12:30:00,Incident Created,INC-02268,CURTAILMENT_RISK_INCIDENT
2025-05-24 13:00:00,Escalated,INC-02269,Supervisor
2025-05-24 13:00:00,Incident Created,INC-02269,CURTAILMENT_RISK_INCIDENT
2025-05-24 14:30:00,Resolved,INC-02268,Incident Closed
2025-05-24 15:00:00,Resolved,INC-02269,Incident Closed
2025-05-24 23:30:00,Incident Created,INC-02270,OVER_GENERATION_INCIDENT
2025-05-24 23:30:00,Escalated,INC-02270,Operator
2025-05-25 00:00:00,Escalated,INC-02271,Operator
2025-05-25 00:00:00,Incident Created,INC-02271,OVER_GENERATION_INCIDENT
2025-05-25 00:30:00,Incident Created,INC-02272,OVER_GENERATION_INCIDENT
2025-05-25 00:30:00,Escalated,INC-02272,Operator
2025-05-25 01:00:00,Incident Created,INC-02273,OVER_GENERATION_INCIDENT
2025-05-25 01:00:00,Escalated,INC-02273,Operator
2025-05-25 01:30:00,Resolved,INC-02270,Incident Closed
2025-05-25 01:30:00,Escalated,INC-02274,Operator
2025-05-25 01:30:00,Incident Created,INC-02274,OVER_GENERATION_INCIDENT
2025-05-25 02:00:00,Resolved,INC-02271,Incident Closed
2025-05-25 02:00:00,Incident Created,INC-02275,OVER_GENERATION_INCIDENT
2025-05-25 02:00:00,Escalated,INC-02275,Operator
2025-05-25 02:30:00,Resolved,INC-02272,Incident Closed
2025-05-25 02:30:00,Incident Created,INC-02276,OVER_GENERATION_INCIDENT
2025-05-25 02:30:00,Escalated,INC-02276,Operator
2025-05-25 03:00:00,Resolved,INC-02273,Incident Closed
2025-05-25 03:00:00,Escalated,INC-02277,Operator
2025-05-25 03:00:00,Incident Created,INC-02277,OVER_GENERATION_INCIDENT
2025-05-25 03:30:00,Resolved,INC-02274,Incident Closed
2025-05-25 03:30:00,Escalated,INC-02278,Operator
2025-05-25 03:30:00,Incident Created,INC-02278,OVER_GENERATION_INCIDENT
2025-05-25 04:00:00,Resolved,INC-02275,Incident Closed
2025-05-25 04:00:00,Incident Created,INC-02279,OVER_GENERATION_INCIDENT
2025-05-25 04:00:00,Escalated,INC-02279,Operator
2025-05-25 04:30:00,Resolved,INC-02276,Incident Closed
2025-05-25 04:30:00,Incident Created,INC-02280,OVER_GENERATION_INCIDENT
2025-05-25 04:30:00,Escalated,INC-02280,Operator
2025-05-25 05:00:00,Resolved,INC-02277,Incident Closed
2025-05-25 05:00:00,Escalated,INC-02281,Operator
2025-05-25 05:00:00,Incident Created,INC-02281,OVER_GENERATION_INCIDENT
2025-05-25 05:30:00,Resolved,INC-02278,Incident Closed
2025-05-25 05:30:00,Incident Created,INC-02282,OVER_GENERATION_INCIDENT
2025-05-25 05:30:00,Escalated,INC-02282,Operator
2025-05-25 06:00:00,Resolved,INC-02279,Incident Closed
2025-05-25 06:00:00,Incident Created,INC-02283,OVER_GENERATION_INCIDENT
2025-05-25 06:00:00,Escalated,INC-02283,Operator
2025-05-25 06:30:00,Resolved,INC-02280,Incident Closed
2025-05-25 06:30:00,Incident Created,INC-02284,OVER_GENERATION_INCIDENT
2025-05-25 06:30:00,Escalated,INC-02284,Operator
2025-05-25 07:00:00,Resolved,INC-02281,Incident Closed
2025-05-25 07:00:00,Escalated,INC-02285,Operator
2025-05-25 07:00:00,Incident Created,INC-02285,OVER_GENERATION_INCIDENT
2025-05-25 07:30:00,Resolved,INC-02282,Incident Closed
2025-05-25 07:30:00,Escalated,INC-02286,Operator
2025-05-25 07:30:00,Incident Created,INC-02286,OVER_GENERATION_INCIDENT
2025-05-25 07:30:00,Escalated,INC-02287,Supervisor
2025-05-25 07:30:00,Incident Created,INC-02287,CURTAILMENT_RISK_INCIDENT
2025-05-25 08:00:00,Resolved,INC-02283,Incident Closed
2025-05-25 08:00:00,Incident Created,INC-02288,OVER_GENERATION_INCIDENT
2025-05-25 08:00:00,Escalated,INC-02288,Operator
2025-05-25 08:00:00,Incident Created,INC-02289,CURTAILMENT_RISK_INCIDENT
2025-05-25 08:00:00,Escalated,INC-02289,Supervisor
2025-05-25 08:30:00,Resolved,INC-02284,Incident Closed
2025-05-25 08:30:00,Escalated,INC-02290,Operator
2025-05-25 08:30:00,Incident Created,INC-02290,OVER_GENERATION_INCIDENT
2025-05-25 08:30:00,Incident Created,INC-02291,CURTAILMENT_RISK_INCIDENT
2025-05-25 08:30:00,Escalated,INC-02291,Supervisor
2025-05-25 09:00:00,Resolved,INC-02285,Incident Closed
2025-05-25 09:00:00,Escalated,INC-02292,Operator
2025-05-25 09:00:00,Incident Created,INC-02292,OVER_GENERATION_INCIDENT
2025-05-25 09:00:00,Escalated,INC-02293,Supervisor
2025-05-25 09:00:00,Incident Created,INC-02293,CURTAILMENT_RISK_INCIDENT
2025-05-25 09:30:00,Resolved,INC-02286,Incident Closed
2025-05-25 09:30:00,Resolved,INC-02287,Incident Closed
2025-05-25 09:30:00,Incident Created,INC-02294,OVER_GENERATION_INCIDENT
2025-05-25 09:30:00,Escalated,INC-02294,Operator
2025-05-25 09:30:00,Incident Created,INC-02295,CURTAILMENT_RISK_INCIDENT
2025-05-25 09:30:00,Escalated,INC-02295,Supervisor
2025-05-25 10:00:00,Resolved,INC-02288,Incident Closed
2025-05-25 10:00:00,Resolved,INC-02289,Incident Closed
2025-05-25 10:00:00,Incident Created,INC-02296,OVER_GENERATION_INCIDENT
2025-05-25 10:00:00,Escalated,INC-02296,Operator
2025-05-25 10:00:00,Incident Created,INC-02297,CURTAILMENT_RISK_INCIDENT
2025-05-25 10:00:00,Escalated,INC-02297,Supervisor
2025-05-25 10:30:00,Resolved,INC-02290,Incident Closed
2025-05-25 10:30:00,Resolved,INC-02291,Incident Closed
2025-05-25 10:30:00,Escalated,INC-02298,Operator
2025-05-25 10:30:00,Incident Created,INC-02298,OVER_GENERATION_INCIDENT
2025-05-25 10:30:00,Incident Created,INC-02299,CURTAILMENT_RISK_INCIDENT
2025-05-25 10:30:00,Escalated,INC-02299,Supervisor
2025-05-25 11:00:00,Resolved,INC-02292,Incident Closed
2025-05-25 11:00:00,Resolved,INC-02293,Incident Closed
2025-05-25 11:00:00,Incident Created,INC-02300,OVER_GENERATION_INCIDENT
2025-05-25 11:00:00,Escalated,INC-02300,Operator
2025-05-25 11:00:00,Incident Created,INC-02301,CURTAILMENT_RISK_INCIDENT
2025-05-25 11:00:00,Escalated,INC-02301,Supervisor
2025-05-25 11:30:00,Resolved,INC-02294,Incident Closed
2025-05-25 11:30:00,Resolved,INC-02295,Incident Closed
2025-05-25 11:30:00,Escalated,INC-02302,Operator
2025-05-25 11:30:00,Incident Created,INC-02302,OVER_GENERATION_INCIDENT
2025-05-25 11:30:00,Escalated,INC-02303,Supervisor
2025-05-25 11:30:00,Incident Created,INC-02303,CURTAILMENT_RISK_INCIDENT
2025-05-25 12:00:00,Resolved,INC-02296,Incident Closed
2025-05-25 12:00:00,Resolved,INC-02297,Incident Closed
2025-05-25 12:00:00,Escalated,INC-02304,Operator
2025-05-25 12:00:00,Incident Created,INC-02304,OVER_GENERATION_INCIDENT
2025-05-25 12:00:00,Incident Created,INC-02305,CURTAILMENT_RISK_INCIDENT
2025-05-25 12:00:00,Escalated,INC-02305,Supervisor
2025-05-25 12:30:00,Resolved,INC-02298,Incident Closed
2025-05-25 12:30:00,Resolved,INC-02299,Incident Closed
2025-05-25 12:30:00,Incident Created,INC-02306,OVER_GENERATION_INCIDENT
2025-05-25 12:30:00,Escalated,INC-02306,Operator
2025-05-25 12:30:00,Incident Created,INC-02307,CURTAILMENT_RISK_INCIDENT
2025-05-25 12:30:00,Escalated,INC-02307,Supervisor
2025-05-25 13:00:00,Resolved,INC-02300,Incident Closed
2025-05-25 13:00:00,Resolved,INC-02301,Incident Closed
2025-05-25 13:00:00,Escalated,INC-02308,Operator
2025-05-25 13:00:00,Incident Created,INC-02308,OVER_GENERATION_INCIDENT
2025-05-25 13:00:00,Escalated,INC-02309,Supervisor
2025-05-25 13:00:00,Incident Created,INC-02309,CURTAILMENT_RISK_INCIDENT
2025-05-25 13:30:00,Resolved,INC-02302,Incident Closed
2025-05-25 13:30:00,Resolved,INC-02303,Incident Closed
2025-05-25 13:30:00,Escalated,INC-02310,Operator
2025-05-25 13:30:00,Incident Created,INC-02310,OVER_GENERATION_INCIDENT
2025-05-25 13:30:00,Escalated,INC-02311,Supervisor
2025-05-25 13:30:00,Incident Created,INC-02311,CURTAILMENT_RISK_INCIDENT
2025-05-25 14:00:00,Resolved,INC-02304,Incident Closed
2025-05-25 14:00:00,Resolved,INC-02305,Incident Closed
2025-05-25 14:00:00,Escalated,INC-02312,Operator
2025-05-25 14:00:00,Incident Created,INC-02312,OVER_GENERATION_INCIDENT
2025-05-25 14:00:00,Escalated,INC-02313,Supervisor
2025-05-25 14:00:00,Incident Created,INC-02313,CURTAILMENT_RISK_INCIDENT
2025-05-25 14:30:00,Resolved,INC-02306,Incident Closed
2025-05-25 14:30:00,Resolved,INC-02307,Incident Closed
2025-05-25 14:30:00,Escalated,INC-02314,Operator
2025-05-25 14:30:00,Incident Created,INC-02314,OVER_GENERATION_INCIDENT
2025-05-25 14:30:00,Escalated,INC-02315,Supervisor
2025-05-25 14:30:00,Incident Created,INC-02315,CURTAILMENT_RISK_INCIDENT
2025-05-25 15:00:00,Resolved,INC-02308,Incident Closed
2025-05-25 15:00:00,Resolved,INC-02309,Incident Closed
2025-05-25 15:00:00,Incident Created,INC-02316,OVER_GENERATION_INCIDENT
2025-05-25 15:00:00,Escalated,INC-02316,Operator
2025-05-25 15:00:00,Escalated,INC-02317,Supervisor
2025-05-25 15:00:00,Incident Created,INC-02317,CURTAILMENT_RISK_INCIDENT
2025-05-25 15:30:00,Resolved,INC-02310,Incident Closed
2025-05-25 15:30:00,Resolved,INC-02311,Incident Closed
2025-05-25 15:30:00,Incident Created,INC-02318,OVER_GENERATION_INCIDENT
2025-05-25 15:30:00,Escalated,INC-02318,Operator
2025-05-25 15:30:00,Escalated,INC-02319,Supervisor
2025-05-25 15:30:00,Incident Created,INC-02319,CURTAILMENT_RISK_INCIDENT
2025-05-25 16:00:00,Resolved,INC-02312,Incident Closed
2025-05-25 16:00:00,Resolved,INC-02313,Incident Closed
2025-05-25 16:00:00,Escalated,INC-02320,Operator
2025-05-25 16:00:00,Incident Created,INC-02320,OVER_GENERATION_INCIDENT
2025-05-25 16:00:00,Escalated,INC-02321,Supervisor
2025-05-25 16:00:00,Incident Created,INC-02321,CURTAILMENT_RISK_INCIDENT
2025-05-25 16:30:00,Resolved,INC-02314,Incident Closed
2025-05-25 16:30:00,Resolved,INC-02315,Incident Closed
2025-05-25 16:30:00,Incident Created,INC-02322,OVER_GENERATION_INCIDENT
2025-05-25 16:30:00,Escalated,INC-02322,Operator
2025-05-25 16:30:00,Incident Created,INC-02323,CURTAILMENT_RISK_INCIDENT
2025-05-25 16:30:00,Escalated,INC-02323,Supervisor
2025-05-25 17:00:00,Resolved,INC-02316,Incident Closed
2025-05-25 17:00:00,Resolved,INC-02317,Incident Closed
2025-05-25 17:00:00,Incident Created,INC-02324,OVER_GENERATION_INCIDENT
2025-05-25 17:00:00,Escalated,INC-02324,Operator
2025-05-25 17:00:00,Incident Created,INC-02325,CURTAILMENT_RISK_INCIDENT
2025-05-25 17:00:00,Escalated,INC-02325,Supervisor
2025-05-25 17:30:00,Resolved,INC-02318,Incident Closed
2025-05-25 17:30:00,Resolved,INC-02319,Incident Closed
2025-05-25 17:30:00,Escalated,INC-02326,Operator
2025-05-25 17:30:00,Incident Created,INC-02326,OVER_GENERATION_INCIDENT
2025-05-25 18:00:00,Resolved,INC-02320,Incident Closed
2025-05-25 18:00:00,Resolved,INC-02321,Incident Closed
2025-05-25 18:30:00,Resolved,INC-02322,Incident Closed
2025-05-25 18:30:00,Resolved,INC-02323,Incident Closed
2025-05-25 19:00:00,Resolved,INC-02324,Incident Closed
2025-05-25 19:00:00,Resolved,INC-02325,Incident Closed
2025-05-25 19:30:00,Resolved,INC-02326,Incident Closed
2025-05-25 23:30:00,Escalated,INC-02327,Operator
2025-05-25 23:30:00,Incident Created,INC-02327,OVER_GENERATION_INCIDENT
2025-05-26 00:00:00,Escalated,INC-02328,Operator
2025-05-26 00:00:00,Incident Created,INC-02328,OVER_GENERATION_INCIDENT
2025-05-26 00:30:00,Incident Created,INC-02329,OVER_GENERATION_INCIDENT
2025-05-26 00:30:00,Escalated,INC-02329,Operator
2025-05-26 01:00:00,Escalated,INC-02330,Operator
2025-05-26 01:00:00,Incident Created,INC-02330,OVER_GENERATION_INCIDENT
2025-05-26 01:30:00,Resolved,INC-02327,Incident Closed
2025-05-26 01:30:00,Incident Created,INC-02331,OVER_GENERATION_INCIDENT
2025-05-26 01:30:00,Escalated,INC-02331,Operator
2025-05-26 02:00:00,Resolved,INC-02328,Incident Closed
2025-05-26 02:00:00,Incident Created,INC-02332,OVER_GENERATION_INCIDENT
2025-05-26 02:00:00,Escalated,INC-02332,Operator
2025-05-26 02:30:00,Resolved,INC-02329,Incident Closed
2025-05-26 02:30:00,Incident Created,INC-02333,OVER_GENERATION_INCIDENT
2025-05-26 02:30:00,Escalated,INC-02333,Operator
2025-05-26 03:00:00,Resolved,INC-02330,Incident Closed
2025-05-26 03:00:00,Incident Created,INC-02334,OVER_GENERATION_INCIDENT
2025-05-26 03:00:00,Escalated,INC-02334,Operator
2025-05-26 03:30:00,Resolved,INC-02331,Incident Closed
2025-05-26 03:30:00,Escalated,INC-02335,Operator
2025-05-26 03:30:00,Incident Created,INC-02335,OVER_GENERATION_INCIDENT
2025-05-26 04:00:00,Resolved,INC-02332,Incident Closed
2025-05-26 04:00:00,Escalated,INC-02336,Operator
2025-05-26 04:00:00,Incident Created,INC-02336,OVER_GENERATION_INCIDENT
2025-05-26 04:30:00,Resolved,INC-02333,Incident Closed
2025-05-26 04:30:00,Escalated,INC-02337,Operator
2025-05-26 04:30:00,Incident Created,INC-02337,OVER_GENERATION_INCIDENT
2025-05-26 05:00:00,Resolved,INC-02334,Incident Closed
2025-05-26 05:00:00,Incident Created,INC-02338,OVER_GENERATION_INCIDENT
2025-05-26 05:00:00,Escalated,INC-02338,Operator
2025-05-26 05:30:00,Resolved,INC-02335,Incident Closed
2025-05-26 05:30:00,Incident Created,INC-02339,OVER_GENERATION_INCIDENT
2025-05-26 05:30:00,Escalated,INC-02339,Operator
2025-05-26 06:00:00,Resolved,INC-02336,Incident Closed
2025-05-26 06:00:00,Incident Created,INC-02340,OVER_GENERATION_INCIDENT
2025-05-26 06:00:00,Escalated,INC-02340,Operator
2025-05-26 06:30:00,Resolved,INC-02337,Incident Closed
2025-05-26 06:30:00,Escalated,INC-02341,Operator
2025-05-26 06:30:00,Incident Created,INC-02341,OVER_GENERATION_INCIDENT
2025-05-26 06:30:00,Escalated,INC-02342,Supervisor
2025-05-26 06:30:00,Incident Created,INC-02342,CURTAILMENT_RISK_INCIDENT
2025-05-26 07:00:00,Resolved,INC-02338,Incident Closed
2025-05-26 07:00:00,Escalated,INC-02343,Operator
2025-05-26 07:00:00,Incident Created,INC-02343,OVER_GENERATION_INCIDENT
2025-05-26 07:00:00,Escalated,INC-02344,Supervisor
2025-05-26 07:00:00,Incident Created,INC-02344,CURTAILMENT_RISK_INCIDENT
2025-05-26 07:30:00,Resolved,INC-02339,Incident Closed
2025-05-26 07:30:00,Escalated,INC-02345,Operator
2025-05-26 07:30:00,Incident Created,INC-02345,OVER_GENERATION_INCIDENT
2025-05-26 07:30:00,Escalated,INC-02346,Supervisor
2025-05-26 07:30:00,Incident Created,INC-02346,CURTAILMENT_RISK_INCIDENT
2025-05-26 08:00:00,Resolved,INC-02340,Incident Closed
2025-05-26 08:00:00,Incident Created,INC-02347,OVER_GENERATION_INCIDENT
2025-05-26 08:00:00,Escalated,INC-02347,Operator
2025-05-26 08:00:00,Escalated,INC-02348,Supervisor
2025-05-26 08:00:00,Incident Created,INC-02348,CURTAILMENT_RISK_INCIDENT
2025-05-26 08:30:00,Resolved,INC-02341,Incident Closed
2025-05-26 08:30:00,Resolved,INC-02342,Incident Closed
2025-05-26 08:30:00,Incident Created,INC-02349,OVER_GENERATION_INCIDENT
2025-05-26 08:30:00,Escalated,INC-02349,Operator
2025-05-26 08:30:00,Incident Created,INC-02350,CURTAILMENT_RISK_INCIDENT
2025-05-26 08:30:00,Escalated,INC-02350,Supervisor
2025-05-26 09:00:00,Resolved,INC-02343,Incident Closed
2025-05-26 09:00:00,Resolved,INC-02344,Incident Closed
2025-05-26 09:00:00,Escalated,INC-02351,Operator
2025-05-26 09:00:00,Incident Created,INC-02351,OVER_GENERATION_INCIDENT
2025-05-26 09:00:00,Escalated,INC-02352,Supervisor
2025-05-26 09:00:00,Incident Created,INC-02352,CURTAILMENT_RISK_INCIDENT
2025-05-26 09:30:00,Resolved,INC-02345,Incident Closed
2025-05-26 09:30:00,Resolved,INC-02346,Incident Closed
2025-05-26 09:30:00,Incident Created,INC-02353,OVER_GENERATION_INCIDENT
2025-05-26 09:30:00,Escalated,INC-02353,Operator
2025-05-26 09:30:00,Incident Created,INC-02354,CURTAILMENT_RISK_INCIDENT
2025-05-26 09:30:00,Escalated,INC-02354,Supervisor
2025-05-26 10:00:00,Resolved,INC-02347,Incident Closed
2025-05-26 10:00:00,Resolved,INC-02348,Incident Closed
2025-05-26 10:00:00,Escalated,INC-02355,Operator
2025-05-26 10:00:00,Incident Created,INC-02355,OVER_GENERATION_INCIDENT
2025-05-26 10:00:00,Incident Created,INC-02356,CURTAILMENT_RISK_INCIDENT
2025-05-26 10:00:00,Escalated,INC-02356,Supervisor
2025-05-26 10:30:00,Resolved,INC-02349,Incident Closed
2025-05-26 10:30:00,Resolved,INC-02350,Incident Closed
2025-05-26 10:30:00,Escalated,INC-02357,Operator
2025-05-26 10:30:00,Incident Created,INC-02357,OVER_GENERATION_INCIDENT
2025-05-26 10:30:00,Escalated,INC-02358,Supervisor
2025-05-26 10:30:00,Incident Created,INC-02358,CURTAILMENT_RISK_INCIDENT
2025-05-26 11:00:00,Resolved,INC-02351,Incident Closed
2025-05-26 11:00:00,Resolved,INC-02352,Incident Closed
2025-05-26 11:00:00,Escalated,INC-02359,Operator
2025-05-26 11:00:00,Incident Created,INC-02359,OVER_GENERATION_INCIDENT
2025-05-26 11:00:00,Escalated,INC-02360,Supervisor
2025-05-26 11:00:00,Incident Created,INC-02360,CURTAILMENT_RISK_INCIDENT
2025-05-26 11:30:00,Resolved,INC-02353,Incident Closed
2025-05-26 11:30:00,Resolved,INC-02354,Incident Closed
2025-05-26 11:30:00,Escalated,INC-02361,Operator
2025-05-26 11:30:00,Incident Created,INC-02361,OVER_GENERATION_INCIDENT
2025-05-26 11:30:00,Escalated,INC-02362,Supervisor
2025-05-26 11:30:00,Incident Created,INC-02362,CURTAILMENT_RISK_INCIDENT
2025-05-26 12:00:00,Resolved,INC-02355,Incident Closed
2025-05-26 12:00:00,Resolved,INC-02356,Incident Closed
2025-05-26 12:00:00,Incident Created,INC-02363,OVER_GENERATION_INCIDENT
2025-05-26 12:00:00,Escalated,INC-02363,Operator
2025-05-26 12:00:00,Incident Created,INC-02364,CURTAILMENT_RISK_INCIDENT
2025-05-26 12:00:00,Escalated,INC-02364,Supervisor
2025-05-26 12:30:00,Resolved,INC-02357,Incident Closed
2025-05-26 12:30:00,Resolved,INC-02358,Incident Closed
2025-05-26 12:30:00,Escalated,INC-02365,Operator
2025-05-26 12:30:00,Incident Created,INC-02365,OVER_GENERATION_INCIDENT
2025-05-26 12:30:00,Escalated,INC-02366,Supervisor
2025-05-26 12:30:00,Incident Created,INC-02366,CURTAILMENT_RISK_INCIDENT
2025-05-26 13:00:00,Resolved,INC-02359,Incident Closed
2025-05-26 13:00:00,Resolved,INC-02360,Incident Closed
2025-05-26 13:00:00,Incident Created,INC-02367,OVER_GENERATION_INCIDENT
2025-05-26 13:00:00,Escalated,INC-02367,Operator
2025-05-26 13:00:00,Incident Created,INC-02368,CURTAILMENT_RISK_INCIDENT
2025-05-26 13:00:00,Escalated,INC-02368,Supervisor
2025-05-26 13:30:00,Resolved,INC-02361,Incident Closed
2025-05-26 13:30:00,Resolved,INC-02362,Incident Closed
2025-05-26 13:30:00,Escalated,INC-02369,Operator
2025-05-26 13:30:00,Incident Created,INC-02369,OVER_GENERATION_INCIDENT
2025-05-26 13:30:00,Escalated,INC-02370,Supervisor
2025-05-26 13:30:00,Incident Created,INC-02370,CURTAILMENT_RISK_INCIDENT
2025-05-26 14:00:00,Resolved,INC-02363,Incident Closed
2025-05-26 14:00:00,Resolved,INC-02364,Incident Closed
2025-05-26 14:00:00,Escalated,INC-02371,Operator
2025-05-26 14:00:00,Incident Created,INC-02371,OVER_GENERATION_INCIDENT
2025-05-26 14:00:00,Escalated,INC-02372,Supervisor
2025-05-26 14:00:00,Incident Created,INC-02372,CURTAILMENT_RISK_INCIDENT
2025-05-26 14:30:00,Resolved,INC-02365,Incident Closed
2025-05-26 14:30:00,Resolved,INC-02366,Incident Closed
2025-05-26 14:30:00,Escalated,INC-02373,Operator
2025-05-26 14:30:00,Incident Created,INC-02373,OVER_GENERATION_INCIDENT
2025-05-26 14:30:00,Escalated,INC-02374,Supervisor
2025-05-26 14:30:00,Incident Created,INC-02374,CURTAILMENT_RISK_INCIDENT
2025-05-26 15:00:00,Resolved,INC-02367,Incident Closed
2025-05-26 15:00:00,Resolved,INC-02368,Incident Closed
2025-05-26 15:00:00,Escalated,INC-02375,Operator
2025-05-26 15:00:00,Incident Created,INC-02375,OVER_GENERATION_INCIDENT
2025-05-26 15:00:00,Escalated,INC-02376,Supervisor
2025-05-26 15:00:00,Incident Created,INC-02376,CURTAILMENT_RISK_INCIDENT
2025-05-26 15:30:00,Resolved,INC-02369,Incident Closed
2025-05-26 15:30:00,Resolved,INC-02370,Incident Closed
2025-05-26 15:30:00,Escalated,INC-02377,Supervisor
2025-05-26 15:30:00,Incident Created,INC-02377,CURTAILMENT_RISK_INCIDENT
2025-05-26 16:00:00,Resolved,INC-02371,Incident Closed
2025-05-26 16:00:00,Resolved,INC-02372,Incident Closed
2025-05-26 16:30:00,Resolved,INC-02373,Incident Closed
2025-05-26 16:30:00,Resolved,INC-02374,Incident Closed
2025-05-26 17:00:00,Resolved,INC-02375,Incident Closed
2025-05-26 17:00:00,Resolved,INC-02376,Incident Closed
2025-05-26 17:30:00,Resolved,INC-02377,Incident Closed
2025-05-26 23:00:00,Incident Created,INC-02378,OVER_GENERATION_INCIDENT
2025-05-26 23:00:00,Escalated,INC-02378,Operator
2025-05-26 23:30:00,Incident Created,INC-02379,OVER_GENERATION_INCIDENT
2025-05-26 23:30:00,Escalated,INC-02379,Operator
2025-05-27 00:00:00,Escalated,INC-02380,Operator
2025-05-27 00:00:00,Incident Created,INC-02380,OVER_GENERATION_INCIDENT
2025-05-27 00:30:00,Escalated,INC-02381,Operator
2025-05-27 00:30:00,Incident Created,INC-02381,OVER_GENERATION_INCIDENT
2025-05-27 01:00:00,Resolved,INC-02378,Incident Closed
2025-05-27 01:00:00,Escalated,INC-02382,Operator
2025-05-27 01:00:00,Incident Created,INC-02382,OVER_GENERATION_INCIDENT
2025-05-27 01:30:00,Resolved,INC-02379,Incident Closed
2025-05-27 01:30:00,Incident Created,INC-02383,OVER_GENERATION_INCIDENT
2025-05-27 01:30:00,Escalated,INC-02383,Operator
2025-05-27 02:00:00,Resolved,INC-02380,Incident Closed
2025-05-27 02:00:00,Incident Created,INC-02384,OVER_GENERATION_INCIDENT
2025-05-27 02:00:00,Escalated,INC-02384,Operator
2025-05-27 02:30:00,Resolved,INC-02381,Incident Closed
2025-05-27 02:30:00,Escalated,INC-02385,Operator
2025-05-27 02:30:00,Incident Created,INC-02385,OVER_GENERATION_INCIDENT
2025-05-27 03:00:00,Resolved,INC-02382,Incident Closed
2025-05-27 03:00:00,Incident Created,INC-02386,OVER_GENERATION_INCIDENT
2025-05-27 03:00:00,Escalated,INC-02386,Operator
2025-05-27 03:30:00,Resolved,INC-02383,Incident Closed
2025-05-27 03:30:00,Escalated,INC-02387,Operator
2025-05-27 03:30:00,Incident Created,INC-02387,OVER_GENERATION_INCIDENT
2025-05-27 04:00:00,Resolved,INC-02384,Incident Closed
2025-05-27 04:00:00,Escalated,INC-02388,Operator
2025-05-27 04:00:00,Incident Created,INC-02388,OVER_GENERATION_INCIDENT
2025-05-27 04:30:00,Resolved,INC-02385,Incident Closed
2025-05-27 04:30:00,Incident Created,INC-02389,OVER_GENERATION_INCIDENT
2025-05-27 04:30:00,Escalated,INC-02389,Operator
2025-05-27 05:00:00,Resolved,INC-02386,Incident Closed
2025-05-27 05:00:00,Incident Created,INC-02390,OVER_GENERATION_INCIDENT
2025-05-27 05:00:00,Escalated,INC-02390,Operator
2025-05-27 05:30:00,Resolved,INC-02387,Incident Closed
2025-05-27 05:30:00,Incident Created,INC-02391,OVER_GENERATION_INCIDENT
2025-05-27 05:30:00,Escalated,INC-02391,Operator
2025-05-27 06:00:00,Resolved,INC-02388,Incident Closed
2025-05-27 06:00:00,Incident Created,INC-02392,OVER_GENERATION_INCIDENT
2025-05-27 06:00:00,Escalated,INC-02392,Operator
2025-05-27 06:30:00,Resolved,INC-02389,Incident Closed
2025-05-27 07:00:00,Resolved,INC-02390,Incident Closed
2025-05-27 07:30:00,Resolved,INC-02391,Incident Closed
2025-05-27 08:00:00,Resolved,INC-02392,Incident Closed
2025-05-28 03:30:00,Incident Created,INC-02393,OVER_GENERATION_INCIDENT
2025-05-28 03:30:00,Escalated,INC-02393,Operator
2025-05-28 04:00:00,Incident Created,INC-02394,OVER_GENERATION_INCIDENT
2025-05-28 04:00:00,Escalated,INC-02394,Operator
2025-05-28 04:30:00,Incident Created,INC-02395,OVER_GENERATION_INCIDENT
2025-05-28 04:30:00,Escalated,INC-02395,Operator
2025-05-28 05:00:00,Incident Created,INC-02396,OVER_GENERATION_INCIDENT
2025-05-28 05:00:00,Escalated,INC-02396,Operator
2025-05-28 05:30:00,Resolved,INC-02393,Incident Closed
2025-05-28 06:00:00,Resolved,INC-02394,Incident Closed
2025-05-28 06:30:00,Resolved,INC-02395,Incident Closed
2025-05-28 07:00:00,Resolved,INC-02396,Incident Closed
2025-05-29 02:30:00,Incident Created,INC-02397,OVER_GENERATION_INCIDENT
2025-05-29 02:30:00,Escalated,INC-02397,Operator
2025-05-29 03:00:00,Escalated,INC-02398,Operator
2025-05-29 03:00:00,Incident Created,INC-02398,OVER_GENERATION_INCIDENT
2025-05-29 03:30:00,Escalated,INC-02399,Operator
2025-05-29 03:30:00,Incident Created,INC-02399,OVER_GENERATION_INCIDENT
2025-05-29 04:00:00,Incident Created,INC-02400,OVER_GENERATION_INCIDENT
2025-05-29 04:00:00,Escalated,INC-02400,Operator
2025-05-29 04:30:00,Resolved,INC-02397,Incident Closed
2025-05-29 04:30:00,Incident Created,INC-02401,OVER_GENERATION_INCIDENT
2025-05-29 04:30:00,Escalated,INC-02401,Operator
2025-05-29 05:00:00,Resolved,INC-02398,Incident Closed
2025-05-29 05:00:00,Incident Created,INC-02402,OVER_GENERATION_INCIDENT
2025-05-29 05:00:00,Escalated,INC-02402,Operator
2025-05-29 05:30:00,Resolved,INC-02399,Incident Closed
2025-05-29 05:30:00,Incident Created,INC-02403,OVER_GENERATION_INCIDENT
2025-05-29 05:30:00,Escalated,INC-02403,Operator
2025-05-29 06:00:00,Resolved,INC-02400,Incident Closed
2025-05-29 06:30:00,Resolved,INC-02401,Incident Closed
2025-05-29 07:00:00,Resolved,INC-02402,Incident Closed
2025-05-29 07:30:00,Resolved,INC-02403,Incident Closed
2025-05-29 07:30:00,Incident Created,INC-02404,CURTAILMENT_RISK_INCIDENT
2025-05-29 07:30:00,Escalated,INC-02404,Supervisor
2025-05-29 08:00:00,Incident Created,INC-02405,CURTAILMENT_RISK_INCIDENT
2025-05-29 08:00:00,Escalated,INC-02405,Supervisor
2025-05-29 08:30:00,Escalated,INC-02406,Supervisor
2025-05-29 08:30:00,Incident Created,INC-02406,CURTAILMENT_RISK_INCIDENT
2025-05-29 09:00:00,Escalated,INC-02407,Supervisor
2025-05-29 09:00:00,Incident Created,INC-02407,CURTAILMENT_RISK_INCIDENT
2025-05-29 09:30:00,Resolved,INC-02404,Incident Closed
2025-05-29 09:30:00,Incident Created,INC-02408,CURTAILMENT_RISK_INCIDENT
2025-05-29 09:30:00,Escalated,INC-02408,Supervisor
2025-05-29 10:00:00,Resolved,INC-02405,Incident Closed
2025-05-29 10:00:00,Incident Created,INC-02409,CURTAILMENT_RISK_INCIDENT
2025-05-29 10:00:00,Escalated,INC-02409,Supervisor
2025-05-29 10:30:00,Resolved,INC-02406,Incident Closed
2025-05-29 10:30:00,Incident Created,INC-02410,CURTAILMENT_RISK_INCIDENT
2025-05-29 10:30:00,Escalated,INC-02410,Supervisor
2025-05-29 11:00:00,Resolved,INC-02407,Incident Closed
2025-05-29 11:00:00,Incident Created,INC-02411,CURTAILMENT_RISK_INCIDENT
2025-05-29 11:00:00,Escalated,INC-02411,Supervisor
2025-05-29 11:30:00,Resolved,INC-02408,Incident Closed
2025-05-29 11:30:00,Escalated,INC-02412,Supervisor
2025-05-29 11:30:00,Incident Created,INC-02412,CURTAILMENT_RISK_INCIDENT
2025-05-29 12:00:00,Resolved,INC-02409,Incident Closed
2025-05-29 12:00:00,Escalated,INC-02413,Supervisor
2025-05-29 12:00:00,Incident Created,INC-02413,CURTAILMENT_RISK_INCIDENT
2025-05-29 12:30:00,Resolved,INC-02410,Incident Closed
2025-05-29 12:30:00,Escalated,INC-02414,Supervisor
2025-05-29 12:30:00,Incident Created,INC-02414,CURTAILMENT_RISK_INCIDENT
2025-05-29 13:00:00,Resolved,INC-02411,Incident Closed
2025-05-29 13:00:00,Incident Created,INC-02415,CURTAILMENT_RISK_INCIDENT
2025-05-29 13:00:00,Escalated,INC-02415,Supervisor
2025-05-29 13:30:00,Resolved,INC-02412,Incident Closed
2025-05-29 13:30:00,Escalated,INC-02416,Supervisor
2025-05-29 13:30:00,Incident Created,INC-02416,CURTAILMENT_RISK_INCIDENT
2025-05-29 14:00:00,Resolved,INC-02413,Incident Closed
2025-05-29 14:00:00,Incident Created,INC-02417,CURTAILMENT_RISK_INCIDENT
2025-05-29 14:00:00,Escalated,INC-02417,Supervisor
2025-05-29 14:30:00,Resolved,INC-02414,Incident Closed
2025-05-29 14:30:00,Incident Created,INC-02418,CURTAILMENT_RISK_INCIDENT
2025-05-29 14:30:00,Escalated,INC-02418,Supervisor
2025-05-29 15:00:00,Resolved,INC-02415,Incident Closed
2025-05-29 15:00:00,Escalated,INC-02419,Supervisor
2025-05-29 15:00:00,Incident Created,INC-02419,CURTAILMENT_RISK_INCIDENT
2025-05-29 15:30:00,Resolved,INC-02416,Incident Closed
2025-05-29 15:30:00,Incident Created,INC-02420,CURTAILMENT_RISK_INCIDENT
2025-05-29 15:30:00,Escalated,INC-02420,Supervisor
2025-05-29 16:00:00,Resolved,INC-02417,Incident Closed
2025-05-29 16:00:00,Incident Created,INC-02421,CURTAILMENT_RISK_INCIDENT
2025-05-29 16:00:00,Escalated,INC-02421,Supervisor
2025-05-29 16:30:00,Resolved,INC-02418,Incident Closed
2025-05-29 16:30:00,Escalated,INC-02422,Supervisor
2025-05-29 16:30:00,Incident Created,INC-02422,CURTAILMENT_RISK_INCIDENT
2025-05-29 17:00:00,Resolved,INC-02419,Incident Closed
2025-05-29 17:00:00,Escalated,INC-02423,Supervisor
2025-05-29 17:00:00,Incident Created,INC-02423,CURTAILMENT_RISK_INCIDENT
2025-05-29 17:30:00,Resolved,INC-02420,Incident Closed
2025-05-29 17:30:00,Escalated,INC-02424,Supervisor
2025-05-29 17:30:00,Incident Created,INC-02424,CURTAILMENT_RISK_INCIDENT
2025-05-29 18:00:00,Resolved,INC-02421,Incident Closed
2025-05-29 18:30:00,Resolved,INC-02422,Incident Closed
2025-05-29 19:00:00,Resolved,INC-02423,Incident Closed
2025-05-29 19:30:00,Resolved,INC-02424,Incident Closed
2025-05-30 02:30:00,Incident Created,INC-02425,OVER_GENERATION_INCIDENT
2025-05-30 02:30:00,Escalated,INC-02425,Operator
2025-05-30 03:00:00,Incident Created,INC-02426,OVER_GENERATION_INCIDENT
2025-05-30 03:00:00,Escalated,INC-02426,Operator
2025-05-30 03:30:00,Incident Created,INC-02427,OVER_GENERATION_INCIDENT
2025-05-30 03:30:00,Escalated,INC-02427,Operator
2025-05-30 04:00:00,Incident Created,INC-02428,OVER_GENERATION_INCIDENT
2025-05-30 04:00:00,Escalated,INC-02428,Operator
2025-05-30 04:30:00,Resolved,INC-02425,Incident Closed
2025-05-30 04:30:00,Incident Created,INC-02429,OVER_GENERATION_INCIDENT
2025-05-30 04:30:00,Escalated,INC-02429,Operator
2025-05-30 05:00:00,Resolved,INC-02426,Incident Closed
2025-05-30 05:00:00,Incident Created,INC-02430,OVER_GENERATION_INCIDENT
2025-05-30 05:00:00,Escalated,INC-02430,Operator
2025-05-30 05:30:00,Resolved,INC-02427,Incident Closed
2025-05-30 05:30:00,Escalated,INC-02431,Operator
2025-05-30 05:30:00,Incident Created,INC-02431,OVER_GENERATION_INCIDENT
2025-05-30 06:00:00,Resolved,INC-02428,Incident Closed
2025-05-30 06:30:00,Resolved,INC-02429,Incident Closed
2025-05-30 07:00:00,Resolved,INC-02430,Incident Closed
2025-05-30 07:30:00,Resolved,INC-02431,Incident Closed
2025-05-31 05:30:00,Escalated,INC-02432,Operator
2025-05-31 05:30:00,Incident Created,INC-02432,OVER_GENERATION_INCIDENT
2025-05-31 06:00:00,Escalated,INC-02433,Operator
2025-05-31 06:00:00,Incident Created,INC-02433,OVER_GENERATION_INCIDENT
2025-05-31 06:30:00,Incident Created,INC-02434,OVER_GENERATION_INCIDENT
2025-05-31 06:30:00,Escalated,INC-02434,Operator
2025-05-31 07:00:00,Escalated,INC-02435,Operator
2025-05-31 07:00:00,Incident Created,INC-02435,OVER_GENERATION_INCIDENT
2025-05-31 07:30:00,Resolved,INC-02432,Incident Closed
2025-05-31 07:30:00,Escalated,INC-02436,Operator
2025-05-31 07:30:00,Incident Created,INC-02436,OVER_GENERATION_INCIDENT
2025-05-31 08:00:00,Resolved,INC-02433,Incident Closed
2025-05-31 08:30:00,Resolved,INC-02434,Incident Closed
2025-05-31 09:00:00,Resolved,INC-02435,Incident Closed
2025-05-31 09:30:00,Resolved,INC-02436,Incident Closed
2025-05-31 10:00:00,Incident Created,INC-02437,OVER_GENERATION_INCIDENT
2025-05-31 10:00:00,Escalated,INC-02437,Operator
2025-05-31 10:30:00,Incident Created,INC-02438,OVER_GENERATION_INCIDENT
2025-05-31 10:30:00,Escalated,INC-02438,Operator
2025-05-31 11:00:00,Incident Created,INC-02439,OVER_GENERATION_INCIDENT
2025-05-31 11:00:00,Escalated,INC-02439,Operator
2025-05-31 11:00:00,Incident Created,INC-02440,CURTAILMENT_RISK_INCIDENT
2025-05-31 11:00:00,Escalated,INC-02440,Supervisor
2025-05-31 11:30:00,Escalated,INC-02441,Operator
2025-05-31 11:30:00,Incident Created,INC-02441,OVER_GENERATION_INCIDENT
2025-05-31 11:30:00,Escalated,INC-02442,Supervisor
2025-05-31 11:30:00,Incident Created,INC-02442,CURTAILMENT_RISK_INCIDENT
2025-05-31 12:00:00,Resolved,INC-02437,Incident Closed
2025-05-31 12:00:00,Escalated,INC-02443,Operator
2025-05-31 12:00:00,Incident Created,INC-02443,OVER_GENERATION_INCIDENT
2025-05-31 12:00:00,Incident Created,INC-02444,CURTAILMENT_RISK_INCIDENT
2025-05-31 12:00:00,Escalated,INC-02444,Supervisor
2025-05-31 12:30:00,Resolved,INC-02438,Incident Closed
2025-05-31 12:30:00,Incident Created,INC-02445,OVER_GENERATION_INCIDENT
2025-05-31 12:30:00,Escalated,INC-02445,Operator
2025-05-31 12:30:00,Incident Created,INC-02446,CURTAILMENT_RISK_INCIDENT
2025-05-31 12:30:00,Escalated,INC-02446,Supervisor
2025-05-31 13:00:00,Resolved,INC-02439,Incident Closed
2025-05-31 13:00:00,Resolved,INC-02440,Incident Closed
2025-05-31 13:00:00,Escalated,INC-02447,Operator
2025-05-31 13:00:00,Incident Created,INC-02447,OVER_GENERATION_INCIDENT
2025-05-31 13:00:00,Escalated,INC-02448,Supervisor
2025-05-31 13:00:00,Incident Created,INC-02448,CURTAILMENT_RISK_INCIDENT
2025-05-31 13:30:00,Resolved,INC-02441,Incident Closed
2025-05-31 13:30:00,Resolved,INC-02442,Incident Closed
2025-05-31 13:30:00,Incident Created,INC-02449,OVER_GENERATION_INCIDENT
2025-05-31 13:30:00,Escalated,INC-02449,Operator
2025-05-31 13:30:00,Incident Created,INC-02450,CURTAILMENT_RISK_INCIDENT
2025-05-31 13:30:00,Escalated,INC-02450,Supervisor
2025-05-31 14:00:00,Resolved,INC-02443,Incident Closed
2025-05-31 14:00:00,Resolved,INC-02444,Incident Closed
2025-05-31 14:00:00,Incident Created,INC-02451,OVER_GENERATION_INCIDENT
2025-05-31 14:00:00,Escalated,INC-02451,Operator
2025-05-31 14:00:00,Incident Created,INC-02452,CURTAILMENT_RISK_INCIDENT
2025-05-31 14:00:00,Escalated,INC-02452,Supervisor
2025-05-31 14:30:00,Resolved,INC-02445,Incident Closed
2025-05-31 14:30:00,Resolved,INC-02446,Incident Closed
2025-05-31 14:30:00,Incident Created,INC-02453,OVER_GENERATION_INCIDENT
2025-05-31 14:30:00,Escalated,INC-02453,Operator
2025-05-31 15:00:00,Resolved,INC-02447,Incident Closed
2025-05-31 15:00:00,Resolved,INC-02448,Incident Closed
2025-05-31 15:00:00,Escalated,INC-02454,Operator
2025-05-31 15:00:00,Incident Created,INC-02454,OVER_GENERATION_INCIDENT
2025-05-31 15:30:00,Resolved,INC-02449,Incident Closed
2025-05-31 15:30:00,Resolved,INC-02450,Incident Closed
2025-05-31 15:30:00,Escalated,INC-02455,Operator
2025-05-31 15:30:00,Incident Created,INC-02455,OVER_GENERATION_INCIDENT
2025-05-31 16:00:00,Resolved,INC-02451,Incident Closed
2025-05-31 16:00:00,Resolved,INC-02452,Incident Closed
2025-05-31 16:00:00,Incident Created,INC-02456,OVER_GENERATION_INCIDENT
2025-05-31 16:00:00,Escalated,INC-02456,Operator
2025-05-31 16:30:00,Resolved,INC-02453,Incident Closed
2025-05-31 16:30:00,Incident Created,INC-02457,OVER_GENERATION_INCIDENT
2025-05-31 16:30:00,Escalated,INC-02457,Operator
2025-05-31 17:00:00,Resolved,INC-02454,Incident Closed
2025-05-31 17:30:00,Resolved,INC-02455,Incident Closed
2025-05-31 18:00:00,Resolved,INC-02456,Incident Closed
2025-05-31 18:30:00,Resolved,INC-02457,Incident Closed
2025-06-01 01:00:00,Incident Created,INC-02458,OVER_GENERATION_INCIDENT
2025-06-01 01:00:00,Escalated,INC-02458,Operator
2025-06-01 01:30:00,Incident Created,INC-02459,OVER_GENERATION_INCIDENT
2025-06-01 01:30:00,Escalated,INC-02459,Operator
2025-06-01 02:00:00,Incident Created,INC-02460,OVER_GENERATION_INCIDENT
2025-06-01 02:00:00,Escalated,INC-02460,Operator
2025-06-01 02:30:00,Incident Created,INC-02461,OVER_GENERATION_INCIDENT
2025-06-01 02:30:00,Escalated,INC-02461,Operator
2025-06-01 03:00:00,Resolved,INC-02458,Incident Closed
2025-06-01 03:00:00,Incident Created,INC-02462,OVER_GENERATION_INCIDENT
2025-06-01 03:00:00,Escalated,INC-02462,Operator
2025-06-01 03:30:00,Resolved,INC-02459,Incident Closed
2025-06-01 03:30:00,Escalated,INC-02463,Operator
2025-06-01 03:30:00,Incident Created,INC-02463,OVER_GENERATION_INCIDENT
2025-06-01 04:00:00,Resolved,INC-02460,Incident Closed
2025-06-01 04:00:00,Escalated,INC-02464,Operator
2025-06-01 04:00:00,Incident Created,INC-02464,OVER_GENERATION_INCIDENT
2025-06-01 04:30:00,Resolved,INC-02461,Incident Closed
2025-06-01 04:30:00,Escalated,INC-02465,Operator
2025-06-01 04:30:00,Incident Created,INC-02465,OVER_GENERATION_INCIDENT
2025-06-01 05:00:00,Resolved,INC-02462,Incident Closed
2025-06-01 05:00:00,Escalated,INC-02466,Operator
2025-06-01 05:00:00,Incident Created,INC-02466,OVER_GENERATION_INCIDENT
2025-06-01 05:30:00,Resolved,INC-02463,Incident Closed
2025-06-01 05:30:00,Escalated,INC-02467,Operator
2025-06-01 05:30:00,Incident Created,INC-02467,OVER_GENERATION_INCIDENT
2025-06-01 06:00:00,Resolved,INC-02464,Incident Closed
2025-06-01 06:00:00,Incident Created,INC-02468,OVER_GENERATION_INCIDENT
2025-06-01 06:00:00,Escalated,INC-02468,Operator
2025-06-01 06:30:00,Resolved,INC-02465,Incident Closed
2025-06-01 06:30:00,Incident Created,INC-02469,OVER_GENERATION_INCIDENT
2025-06-01 06:30:00,Escalated,INC-02469,Operator
2025-06-01 07:00:00,Resolved,INC-02466,Incident Closed
2025-06-01 07:00:00,Escalated,INC-02470,Operator
2025-06-01 07:00:00,Incident Created,INC-02470,OVER_GENERATION_INCIDENT
2025-06-01 07:30:00,Resolved,INC-02467,Incident Closed
2025-06-01 07:30:00,Escalated,INC-02471,Operator
2025-06-01 07:30:00,Incident Created,INC-02471,OVER_GENERATION_INCIDENT
2025-06-01 08:00:00,Resolved,INC-02468,Incident Closed
2025-06-01 08:00:00,Escalated,INC-02472,Operator
2025-06-01 08:00:00,Incident Created,INC-02472,OVER_GENERATION_INCIDENT
2025-06-01 08:30:00,Resolved,INC-02469,Incident Closed
2025-06-01 08:30:00,Escalated,INC-02473,Operator
2025-06-01 08:30:00,Incident Created,INC-02473,OVER_GENERATION_INCIDENT
2025-06-01 09:00:00,Resolved,INC-02470,Incident Closed
2025-06-01 09:00:00,Escalated,INC-02474,Operator
2025-06-01 09:00:00,Incident Created,INC-02474,OVER_GENERATION_INCIDENT
2025-06-01 09:30:00,Resolved,INC-02471,Incident Closed
2025-06-01 09:30:00,Escalated,INC-02475,Operator
2025-06-01 09:30:00,Incident Created,INC-02475,OVER_GENERATION_INCIDENT
2025-06-01 10:00:00,Resolved,INC-02472,Incident Closed
2025-06-01 10:00:00,Escalated,INC-02476,Operator
2025-06-01 10:00:00,Incident Created,INC-02476,OVER_GENERATION_INCIDENT
2025-06-01 10:00:00,Escalated,INC-02477,Supervisor
2025-06-01 10:00:00,Incident Created,INC-02477,CURTAILMENT_RISK_INCIDENT
2025-06-01 10:30:00,Resolved,INC-02473,Incident Closed
2025-06-01 10:30:00,Incident Created,INC-02478,OVER_GENERATION_INCIDENT
2025-06-01 10:30:00,Escalated,INC-02478,Operator
2025-06-01 10:30:00,Incident Created,INC-02479,CURTAILMENT_RISK_INCIDENT
2025-06-01 10:30:00,Escalated,INC-02479,Supervisor
2025-06-01 11:00:00,Resolved,INC-02474,Incident Closed
2025-06-01 11:00:00,Escalated,INC-02480,Operator
2025-06-01 11:00:00,Incident Created,INC-02480,OVER_GENERATION_INCIDENT
2025-06-01 11:00:00,Escalated,INC-02481,Supervisor
2025-06-01 11:00:00,Incident Created,INC-02481,CURTAILMENT_RISK_INCIDENT
2025-06-01 11:30:00,Resolved,INC-02475,Incident Closed
2025-06-01 11:30:00,Escalated,INC-02482,Operator
2025-06-01 11:30:00,Incident Created,INC-02482,OVER_GENERATION_INCIDENT
2025-06-01 11:30:00,Escalated,INC-02483,Supervisor
2025-06-01 11:30:00,Incident Created,INC-02483,CURTAILMENT_RISK_INCIDENT
2025-06-01 12:00:00,Resolved,INC-02476,Incident Closed
2025-06-01 12:00:00,Resolved,INC-02477,Incident Closed
2025-06-01 12:00:00,Incident Created,INC-02484,OVER_GENERATION_INCIDENT
2025-06-01 12:00:00,Escalated,INC-02484,Operator
2025-06-01 12:00:00,Escalated,INC-02485,Supervisor
2025-06-01 12:00:00,Incident Created,INC-02485,CURTAILMENT_RISK_INCIDENT
2025-06-01 12:30:00,Resolved,INC-02478,Incident Closed
2025-06-01 12:30:00,Resolved,INC-02479,Incident Closed
2025-06-01 12:30:00,Escalated,INC-02486,Operator
2025-06-01 12:30:00,Incident Created,INC-02486,OVER_GENERATION_INCIDENT
2025-06-01 12:30:00,Escalated,INC-02487,Supervisor
2025-06-01 12:30:00,Incident Created,INC-02487,CURTAILMENT_RISK_INCIDENT
2025-06-01 13:00:00,Resolved,INC-02480,Incident Closed
2025-06-01 13:00:00,Resolved,INC-02481,Incident Closed
2025-06-01 13:00:00,Escalated,INC-02488,Operator
2025-06-01 13:00:00,Incident Created,INC-02488,OVER_GENERATION_INCIDENT
2025-06-01 13:00:00,Incident Created,INC-02489,CURTAILMENT_RISK_INCIDENT
2025-06-01 13:00:00,Escalated,INC-02489,Supervisor
2025-06-01 13:30:00,Resolved,INC-02482,Incident Closed
2025-06-01 13:30:00,Resolved,INC-02483,Incident Closed
2025-06-01 13:30:00,Incident Created,INC-02490,OVER_GENERATION_INCIDENT
2025-06-01 13:30:00,Escalated,INC-02490,Operator
2025-06-01 13:30:00,Incident Created,INC-02491,CURTAILMENT_RISK_INCIDENT
2025-06-01 13:30:00,Escalated,INC-02491,Supervisor
2025-06-01 14:00:00,Resolved,INC-02484,Incident Closed
2025-06-01 14:00:00,Resolved,INC-02485,Incident Closed
2025-06-01 14:00:00,Escalated,INC-02492,Operator
2025-06-01 14:00:00,Incident Created,INC-02492,OVER_GENERATION_INCIDENT
2025-06-01 14:00:00,Escalated,INC-02493,Supervisor
2025-06-01 14:00:00,Incident Created,INC-02493,CURTAILMENT_RISK_INCIDENT
2025-06-01 14:30:00,Resolved,INC-02486,Incident Closed
2025-06-01 14:30:00,Resolved,INC-02487,Incident Closed
2025-06-01 14:30:00,Escalated,INC-02494,Operator
2025-06-01 14:30:00,Incident Created,INC-02494,OVER_GENERATION_INCIDENT
2025-06-01 14:30:00,Escalated,INC-02495,Supervisor
2025-06-01 14:30:00,Incident Created,INC-02495,CURTAILMENT_RISK_INCIDENT
2025-06-01 15:00:00,Resolved,INC-02488,Incident Closed
2025-06-01 15:00:00,Resolved,INC-02489,Incident Closed
2025-06-01 15:00:00,Incident Created,INC-02496,OVER_GENERATION_INCIDENT
2025-06-01 15:00:00,Escalated,INC-02496,Operator
2025-06-01 15:00:00,Escalated,INC-02497,Supervisor
2025-06-01 15:00:00,Incident Created,INC-02497,CURTAILMENT_RISK_INCIDENT
2025-06-01 15:30:00,Resolved,INC-02490,Incident Closed
2025-06-01 15:30:00,Resolved,INC-02491,Incident Closed
2025-06-01 15:30:00,Incident Created,INC-02498,OVER_GENERATION_INCIDENT
2025-06-01 15:30:00,Escalated,INC-02498,Operator
2025-06-01 15:30:00,Incident Created,INC-02499,CURTAILMENT_RISK_INCIDENT
2025-06-01 15:30:00,Escalated,INC-02499,Supervisor
2025-06-01 16:00:00,Resolved,INC-02492,Incident Closed
2025-06-01 16:00:00,Resolved,INC-02493,Incident Closed
2025-06-01 16:00:00,Incident Created,INC-02500,OVER_GENERATION_INCIDENT
2025-06-01 16:00:00,Escalated,INC-02500,Operator
2025-06-01 16:00:00,Incident Created,INC-02501,CURTAILMENT_RISK_INCIDENT
2025-06-01 16:00:00,Escalated,INC-02501,Supervisor
2025-06-01 16:30:00,Resolved,INC-02494,Incident Closed
2025-06-01 16:30:00,Resolved,INC-02495,Incident Closed
2025-06-01 16:30:00,Escalated,INC-02502,Supervisor
2025-06-01 16:30:00,Incident Created,INC-02502,CURTAILMENT_RISK_INCIDENT
2025-06-01 17:00:00,Resolved,INC-02496,Incident Closed
2025-06-01 17:00:00,Resolved,INC-02497,Incident Closed
2025-06-01 17:30:00,Resolved,INC-02498,Incident Closed
2025-06-01 17:30:00,Resolved,INC-02499,Incident Closed
2025-06-01 18:00:00,Resolved,INC-02500,Incident Closed
2025-06-01 18:00:00,Resolved,INC-02501,Incident Closed
2025-06-01 18:30:00,Resolved,INC-02502,Incident Closed
2025-06-02 01:30:00,Escalated,INC-02503,Operator
2025-06-02 01:30:00,Incident Created,INC-02503,OVER_GENERATION_INCIDENT
2025-06-02 02:00:00,Escalated,INC-02504,Operator
2025-06-02 02:00:00,Incident Created,INC-02504,OVER_GENERATION_INCIDENT
2025-06-02 02:30:00,Incident Created,INC-02505,OVER_GENERATION_INCIDENT
2025-06-02 02:30:00,Escalated,INC-02505,Operator
2025-06-02 03:00:00,Incident Created,INC-02506,OVER_GENERATION_INCIDENT
2025-06-02 03:00:00,Escalated,INC-02506,Operator
2025-06-02 03:30:00,Resolved,INC-02503,Incident Closed
2025-06-02 03:30:00,Incident Created,INC-02507,OVER_GENERATION_INCIDENT
2025-06-02 03:30:00,Escalated,INC-02507,Operator
2025-06-02 04:00:00,Resolved,INC-02504,Incident Closed
2025-06-02 04:00:00,Escalated,INC-02508,Operator
2025-06-02 04:00:00,Incident Created,INC-02508,OVER_GENERATION_INCIDENT
2025-06-02 04:30:00,Resolved,INC-02505,Incident Closed
2025-06-02 04:30:00,Incident Created,INC-02509,OVER_GENERATION_INCIDENT
2025-06-02 04:30:00,Escalated,INC-02509,Operator
2025-06-02 05:00:00,Resolved,INC-02506,Incident Closed
2025-06-02 05:00:00,Incident Created,INC-02510,OVER_GENERATION_INCIDENT
2025-06-02 05:00:00,Escalated,INC-02510,Operator
2025-06-02 05:30:00,Resolved,INC-02507,Incident Closed
2025-06-02 05:30:00,Incident Created,INC-02511,OVER_GENERATION_INCIDENT
2025-06-02 05:30:00,Escalated,INC-02511,Operator
2025-06-02 06:00:00,Resolved,INC-02508,Incident Closed
2025-06-02 06:30:00,Resolved,INC-02509,Incident Closed
2025-06-02 07:00:00,Resolved,INC-02510,Incident Closed
2025-06-02 07:30:00,Resolved,INC-02511,Incident Closed
2025-06-02 23:30:00,Escalated,INC-02512,Operator
2025-06-02 23:30:00,Incident Created,INC-02512,OVER_GENERATION_INCIDENT
2025-06-03 00:00:00,Incident Created,INC-02513,OVER_GENERATION_INCIDENT
2025-06-03 00:00:00,Escalated,INC-02513,Operator
2025-06-03 00:30:00,Incident Created,INC-02514,OVER_GENERATION_INCIDENT
2025-06-03 00:30:00,Escalated,INC-02514,Operator
2025-06-03 01:00:00,Incident Created,INC-02515,OVER_GENERATION_INCIDENT
2025-06-03 01:00:00,Escalated,INC-02515,Operator
2025-06-03 01:30:00,Resolved,INC-02512,Incident Closed
2025-06-03 01:30:00,Escalated,INC-02516,Operator
2025-06-03 01:30:00,Incident Created,INC-02516,OVER_GENERATION_INCIDENT
2025-06-03 02:00:00,Resolved,INC-02513,Incident Closed
2025-06-03 02:00:00,Incident Created,INC-02517,OVER_GENERATION_INCIDENT
2025-06-03 02:00:00,Escalated,INC-02517,Operator
2025-06-03 02:30:00,Resolved,INC-02514,Incident Closed
2025-06-03 02:30:00,Escalated,INC-02518,Operator
2025-06-03 02:30:00,Incident Created,INC-02518,OVER_GENERATION_INCIDENT
2025-06-03 03:00:00,Resolved,INC-02515,Incident Closed
2025-06-03 03:00:00,Incident Created,INC-02519,OVER_GENERATION_INCIDENT
2025-06-03 03:00:00,Escalated,INC-02519,Operator
2025-06-03 03:30:00,Resolved,INC-02516,Incident Closed
2025-06-03 03:30:00,Incident Created,INC-02520,OVER_GENERATION_INCIDENT
2025-06-03 03:30:00,Escalated,INC-02520,Operator
2025-06-03 04:00:00,Resolved,INC-02517,Incident Closed
2025-06-03 04:00:00,Incident Created,INC-02521,OVER_GENERATION_INCIDENT
2025-06-03 04:00:00,Escalated,INC-02521,Operator
2025-06-03 04:30:00,Resolved,INC-02518,Incident Closed
2025-06-03 04:30:00,Incident Created,INC-02522,OVER_GENERATION_INCIDENT
2025-06-03 04:30:00,Escalated,INC-02522,Operator
2025-06-03 05:00:00,Resolved,INC-02519,Incident Closed
2025-06-03 05:00:00,Incident Created,INC-02523,OVER_GENERATION_INCIDENT
2025-06-03 05:00:00,Escalated,INC-02523,Operator
2025-06-03 05:30:00,Resolved,INC-02520,Incident Closed
2025-06-03 05:30:00,Incident Created,INC-02524,OVER_GENERATION_INCIDENT
2025-06-03 05:30:00,Escalated,INC-02524,Operator
2025-06-03 06:00:00,Resolved,INC-02521,Incident Closed
2025-06-03 06:00:00,Incident Created,INC-02525,OVER_GENERATION_INCIDENT
2025-06-03 06:00:00,Escalated,INC-02525,Operator
2025-06-03 06:30:00,Resolved,INC-02522,Incident Closed
2025-06-03 06:30:00,Incident Created,INC-02526,CURTAILMENT_RISK_INCIDENT
2025-06-03 06:30:00,Escalated,INC-02526,Supervisor
2025-06-03 07:00:00,Resolved,INC-02523,Incident Closed
2025-06-03 07:00:00,Incident Created,INC-02527,CURTAILMENT_RISK_INCIDENT
2025-06-03 07:00:00,Escalated,INC-02527,Supervisor
2025-06-03 07:30:00,Resolved,INC-02524,Incident Closed
2025-06-03 07:30:00,Incident Created,INC-02528,CURTAILMENT_RISK_INCIDENT
2025-06-03 07:30:00,Escalated,INC-02528,Supervisor
2025-06-03 08:00:00,Resolved,INC-02525,Incident Closed
2025-06-03 08:00:00,Incident Created,INC-02529,CURTAILMENT_RISK_INCIDENT
2025-06-03 08:00:00,Escalated,INC-02529,Supervisor
2025-06-03 08:30:00,Resolved,INC-02526,Incident Closed
2025-06-03 08:30:00,Incident Created,INC-02530,CURTAILMENT_RISK_INCIDENT
2025-06-03 08:30:00,Escalated,INC-02530,Supervisor
2025-06-03 09:00:00,Resolved,INC-02527,Incident Closed
2025-06-03 09:00:00,Escalated,INC-02531,Supervisor
2025-06-03 09:00:00,Incident Created,INC-02531,CURTAILMENT_RISK_INCIDENT
2025-06-03 09:30:00,Resolved,INC-02528,Incident Closed
2025-06-03 09:30:00,Escalated,INC-02532,Supervisor
2025-06-03 09:30:00,Incident Created,INC-02532,CURTAILMENT_RISK_INCIDENT
2025-06-03 10:00:00,Resolved,INC-02529,Incident Closed
2025-06-03 10:00:00,Incident Created,INC-02533,CURTAILMENT_RISK_INCIDENT
2025-06-03 10:00:00,Escalated,INC-02533,Supervisor
2025-06-03 10:30:00,Resolved,INC-02530,Incident Closed
2025-06-03 10:30:00,Escalated,INC-02534,Supervisor
2025-06-03 10:30:00,Incident Created,INC-02534,CURTAILMENT_RISK_INCIDENT
2025-06-03 11:00:00,Resolved,INC-02531,Incident Closed
2025-06-03 11:00:00,Escalated,INC-02535,Supervisor
2025-06-03 11:00:00,Incident Created,INC-02535,CURTAILMENT_RISK_INCIDENT
2025-06-03 11:30:00,Resolved,INC-02532,Incident Closed
2025-06-03 11:30:00,Incident Created,INC-02536,CURTAILMENT_RISK_INCIDENT
2025-06-03 11:30:00,Escalated,INC-02536,Supervisor
2025-06-03 12:00:00,Resolved,INC-02533,Incident Closed
2025-06-03 12:00:00,Incident Created,INC-02537,CURTAILMENT_RISK_INCIDENT
2025-06-03 12:00:00,Escalated,INC-02537,Supervisor
2025-06-03 12:30:00,Resolved,INC-02534,Incident Closed
2025-06-03 12:30:00,Incident Created,INC-02538,CURTAILMENT_RISK_INCIDENT
2025-06-03 12:30:00,Escalated,INC-02538,Supervisor
2025-06-03 13:00:00,Resolved,INC-02535,Incident Closed
2025-06-03 13:00:00,Escalated,INC-02539,Supervisor
2025-06-03 13:00:00,Incident Created,INC-02539,CURTAILMENT_RISK_INCIDENT
2025-06-03 13:30:00,Resolved,INC-02536,Incident Closed
2025-06-03 13:30:00,Incident Created,INC-02540,CURTAILMENT_RISK_INCIDENT
2025-06-03 13:30:00,Escalated,INC-02540,Supervisor
2025-06-03 14:00:00,Resolved,INC-02537,Incident Closed
2025-06-03 14:00:00,Incident Created,INC-02541,CURTAILMENT_RISK_INCIDENT
2025-06-03 14:00:00,Escalated,INC-02541,Supervisor
2025-06-03 14:30:00,Resolved,INC-02538,Incident Closed
2025-06-03 14:30:00,Incident Created,INC-02542,OVER_GENERATION_INCIDENT
2025-06-03 14:30:00,Escalated,INC-02542,Operator
2025-06-03 14:30:00,Escalated,INC-02543,Supervisor
2025-06-03 14:30:00,Incident Created,INC-02543,CURTAILMENT_RISK_INCIDENT
2025-06-03 15:00:00,Resolved,INC-02539,Incident Closed
2025-06-03 15:00:00,Incident Created,INC-02544,OVER_GENERATION_INCIDENT
2025-06-03 15:00:00,Escalated,INC-02544,Operator
2025-06-03 15:00:00,Escalated,INC-02545,Supervisor
2025-06-03 15:00:00,Incident Created,INC-02545,CURTAILMENT_RISK_INCIDENT
2025-06-03 15:30:00,Resolved,INC-02540,Incident Closed
2025-06-03 15:30:00,Incident Created,INC-02546,CURTAILMENT_RISK_INCIDENT
2025-06-03 15:30:00,Escalated,INC-02546,Supervisor
2025-06-03 16:00:00,Resolved,INC-02541,Incident Closed
2025-06-03 16:00:00,Incident Created,INC-02547,CURTAILMENT_RISK_INCIDENT
2025-06-03 16:00:00,Escalated,INC-02547,Supervisor
2025-06-03 16:30:00,Resolved,INC-02542,Incident Closed
2025-06-03 16:30:00,Resolved,INC-02543,Incident Closed
2025-06-03 16:30:00,Incident Created,INC-02548,CURTAILMENT_RISK_INCIDENT
2025-06-03 16:30:00,Escalated,INC-02548,Supervisor
2025-06-03 17:00:00,Resolved,INC-02544,Incident Closed
2025-06-03 17:00:00,Resolved,INC-02545,Incident Closed
2025-06-03 17:00:00,Escalated,INC-02549,Supervisor
2025-06-03 17:00:00,Incident Created,INC-02549,CURTAILMENT_RISK_INCIDENT
2025-06-03 17:30:00,Resolved,INC-02546,Incident Closed
2025-06-03 18:00:00,Resolved,INC-02547,Incident Closed
2025-06-03 18:30:00,Resolved,INC-02548,Incident Closed
2025-06-03 19:00:00,Resolved,INC-02549,Incident Closed
2025-06-04 02:00:00,Escalated,INC-02550,Operator
2025-06-04 02:00:00,Incident Created,INC-02550,OVER_GENERATION_INCIDENT
2025-06-04 02:30:00,Incident Created,INC-02551,OVER_GENERATION_INCIDENT
2025-06-04 02:30:00,Escalated,INC-02551,Operator
2025-06-04 03:00:00,Incident Created,INC-02552,OVER_GENERATION_INCIDENT
2025-06-04 03:00:00,Escalated,INC-02552,Operator
2025-06-04 03:30:00,Incident Created,INC-02553,OVER_GENERATION_INCIDENT
2025-06-04 03:30:00,Escalated,INC-02553,Operator
2025-06-04 04:00:00,Resolved,INC-02550,Incident Closed
2025-06-04 04:00:00,Incident Created,INC-02554,OVER_GENERATION_INCIDENT
2025-06-04 04:00:00,Escalated,INC-02554,Operator
2025-06-04 04:30:00,Resolved,INC-02551,Incident Closed
2025-06-04 04:30:00,Incident Created,INC-02555,OVER_GENERATION_INCIDENT
2025-06-04 04:30:00,Escalated,INC-02555,Operator
2025-06-04 05:00:00,Resolved,INC-02552,Incident Closed
2025-06-04 05:00:00,Escalated,INC-02556,Operator
2025-06-04 05:00:00,Incident Created,INC-02556,OVER_GENERATION_INCIDENT
2025-06-04 05:30:00,Resolved,INC-02553,Incident Closed
2025-06-04 05:30:00,Escalated,INC-02557,Operator
2025-06-04 05:30:00,Incident Created,INC-02557,OVER_GENERATION_INCIDENT
2025-06-04 06:00:00,Resolved,INC-02554,Incident Closed
2025-06-04 06:30:00,Resolved,INC-02555,Incident Closed
2025-06-04 07:00:00,Resolved,INC-02556,Incident Closed
2025-06-04 07:30:00,Resolved,INC-02557,Incident Closed
2025-06-04 08:30:00,Incident Created,INC-02558,CURTAILMENT_RISK_INCIDENT
2025-06-04 08:30:00,Escalated,INC-02558,Supervisor
2025-06-04 09:00:00,Escalated,INC-02559,Supervisor
2025-06-04 09:00:00,Incident Created,INC-02559,CURTAILMENT_RISK_INCIDENT
2025-06-04 09:30:00,Escalated,INC-02560,Supervisor
2025-06-04 09:30:00,Incident Created,INC-02560,CURTAILMENT_RISK_INCIDENT
2025-06-04 10:00:00,Incident Created,INC-02561,CURTAILMENT_RISK_INCIDENT
2025-06-04 10:00:00,Escalated,INC-02561,Supervisor
2025-06-04 10:30:00,Resolved,INC-02558,Incident Closed
2025-06-04 10:30:00,Incident Created,INC-02562,CURTAILMENT_RISK_INCIDENT
2025-06-04 10:30:00,Escalated,INC-02562,Supervisor
2025-06-04 11:00:00,Resolved,INC-02559,Incident Closed
2025-06-04 11:00:00,Incident Created,INC-02563,CURTAILMENT_RISK_INCIDENT
2025-06-04 11:00:00,Escalated,INC-02563,Supervisor
2025-06-04 11:30:00,Resolved,INC-02560,Incident Closed
2025-06-04 11:30:00,Escalated,INC-02564,Supervisor
2025-06-04 11:30:00,Incident Created,INC-02564,CURTAILMENT_RISK_INCIDENT
2025-06-04 12:00:00,Resolved,INC-02561,Incident Closed
2025-06-04 12:00:00,Incident Created,INC-02565,CURTAILMENT_RISK_INCIDENT
2025-06-04 12:00:00,Escalated,INC-02565,Supervisor
2025-06-04 12:30:00,Resolved,INC-02562,Incident Closed
2025-06-04 12:30:00,Incident Created,INC-02566,CURTAILMENT_RISK_INCIDENT
2025-06-04 12:30:00,Escalated,INC-02566,Supervisor
2025-06-04 13:00:00,Resolved,INC-02563,Incident Closed
2025-06-04 13:00:00,Incident Created,INC-02567,CURTAILMENT_RISK_INCIDENT
2025-06-04 13:00:00,Escalated,INC-02567,Supervisor
2025-06-04 13:30:00,Resolved,INC-02564,Incident Closed
2025-06-04 13:30:00,Escalated,INC-02568,Supervisor
2025-06-04 13:30:00,Incident Created,INC-02568,CURTAILMENT_RISK_INCIDENT
2025-06-04 14:00:00,Resolved,INC-02565,Incident Closed
2025-06-04 14:00:00,Incident Created,INC-02569,OVER_GENERATION_INCIDENT
2025-06-04 14:00:00,Escalated,INC-02569,Operator
2025-06-04 14:00:00,Incident Created,INC-02570,CURTAILMENT_RISK_INCIDENT
2025-06-04 14:00:00,Escalated,INC-02570,Supervisor
2025-06-04 14:30:00,Resolved,INC-02566,Incident Closed
2025-06-04 14:30:00,Incident Created,INC-02571,OVER_GENERATION_INCIDENT
2025-06-04 14:30:00,Escalated,INC-02571,Operator
2025-06-04 14:30:00,Incident Created,INC-02572,CURTAILMENT_RISK_INCIDENT
2025-06-04 14:30:00,Escalated,INC-02572,Supervisor
2025-06-04 15:00:00,Resolved,INC-02567,Incident Closed
2025-06-04 15:00:00,Escalated,INC-02573,Operator
2025-06-04 15:00:00,Incident Created,INC-02573,OVER_GENERATION_INCIDENT
2025-06-04 15:00:00,Escalated,INC-02574,Supervisor
2025-06-04 15:00:00,Incident Created,INC-02574,CURTAILMENT_RISK_INCIDENT
2025-06-04 15:30:00,Resolved,INC-02568,Incident Closed
2025-06-04 15:30:00,Incident Created,INC-02575,CURTAILMENT_RISK_INCIDENT
2025-06-04 15:30:00,Escalated,INC-02575,Supervisor
2025-06-04 16:00:00,Resolved,INC-02569,Incident Closed
2025-06-04 16:00:00,Resolved,INC-02570,Incident Closed
2025-06-04 16:30:00,Resolved,INC-02571,Incident Closed
2025-06-04 16:30:00,Resolved,INC-02572,Incident Closed
2025-06-04 17:00:00,Resolved,INC-02573,Incident Closed
2025-06-04 17:00:00,Resolved,INC-02574,Incident Closed
2025-06-04 17:30:00,Resolved,INC-02575,Incident Closed
2025-06-05 02:30:00,Escalated,INC-02576,Operator
2025-06-05 02:30:00,Incident Created,INC-02576,OVER_GENERATION_INCIDENT
2025-06-05 03:00:00,Escalated,INC-02577,Operator
2025-06-05 03:00:00,Incident Created,INC-02577,OVER_GENERATION_INCIDENT
2025-06-05 03:30:00,Escalated,INC-02578,Operator
2025-06-05 03:30:00,Incident Created,INC-02578,OVER_GENERATION_INCIDENT
2025-06-05 04:00:00,Incident Created,INC-02579,OVER_GENERATION_INCIDENT
2025-06-05 04:00:00,Escalated,INC-02579,Operator
2025-06-05 04:30:00,Resolved,INC-02576,Incident Closed
2025-06-05 04:30:00,Incident Created,INC-02580,OVER_GENERATION_INCIDENT
2025-06-05 04:30:00,Escalated,INC-02580,Operator
2025-06-05 05:00:00,Resolved,INC-02577,Incident Closed
2025-06-05 05:00:00,Incident Created,INC-02581,OVER_GENERATION_INCIDENT
2025-06-05 05:00:00,Escalated,INC-02581,Operator
2025-06-05 05:30:00,Resolved,INC-02578,Incident Closed
2025-06-05 06:00:00,Resolved,INC-02579,Incident Closed
2025-06-05 06:30:00,Resolved,INC-02580,Incident Closed
2025-06-05 07:00:00,Resolved,INC-02581,Incident Closed
2025-06-06 04:30:00,Escalated,INC-02582,Operator
2025-06-06 04:30:00,Incident Created,INC-02582,OVER_GENERATION_INCIDENT
2025-06-06 06:30:00,Resolved,INC-02582,Incident Closed
2025-06-06 15:00:00,Incident Created,INC-02583,OVER_GENERATION_INCIDENT
2025-06-06 15:00:00,Escalated,INC-02583,Operator
2025-06-06 17:00:00,Resolved,INC-02583,Incident Closed
2025-06-07 03:30:00,Escalated,INC-02584,Supervisor
2025-06-07 03:30:00,Incident Created,INC-02584,DEMAND_ANOMALY_INCIDENT
2025-06-07 04:00:00,Escalated,INC-02585,Supervisor
2025-06-07 04:00:00,Incident Created,INC-02585,DEMAND_ANOMALY_INCIDENT
2025-06-07 04:30:00,Escalated,INC-02586,Supervisor
2025-06-07 04:30:00,Incident Created,INC-02586,DEMAND_ANOMALY_INCIDENT
2025-06-07 05:00:00,Incident Created,INC-02587,OVER_GENERATION_INCIDENT
2025-06-07 05:00:00,Escalated,INC-02587,Operator
2025-06-07 05:00:00,Incident Created,INC-02588,DEMAND_ANOMALY_INCIDENT
2025-06-07 05:00:00,Escalated,INC-02588,Supervisor
2025-06-07 05:30:00,Resolved,INC-02584,Incident Closed
2025-06-07 05:30:00,Incident Created,INC-02589,OVER_GENERATION_INCIDENT
2025-06-07 05:30:00,Escalated,INC-02589,Operator
2025-06-07 05:30:00,Incident Created,INC-02590,DEMAND_ANOMALY_INCIDENT
2025-06-07 05:30:00,Escalated,INC-02590,Supervisor
2025-06-07 06:00:00,Resolved,INC-02585,Incident Closed
2025-06-07 06:00:00,Incident Created,INC-02591,OVER_GENERATION_INCIDENT
2025-06-07 06:00:00,Escalated,INC-02591,Operator
2025-06-07 06:00:00,Incident Created,INC-02592,DEMAND_ANOMALY_INCIDENT
2025-06-07 06:00:00,Escalated,INC-02592,Supervisor
2025-06-07 06:30:00,Resolved,INC-02586,Incident Closed
2025-06-07 06:30:00,Escalated,INC-02593,Operator
2025-06-07 06:30:00,Incident Created,INC-02593,OVER_GENERATION_INCIDENT
2025-06-07 06:30:00,Escalated,INC-02594,Supervisor
2025-06-07 06:30:00,Incident Created,INC-02594,DEMAND_ANOMALY_INCIDENT
2025-06-07 07:00:00,Resolved,INC-02587,Incident Closed
2025-06-07 07:00:00,Resolved,INC-02588,Incident Closed
2025-06-07 07:30:00,Resolved,INC-02589,Incident Closed
2025-06-07 07:30:00,Resolved,INC-02590,Incident Closed
2025-06-07 08:00:00,Resolved,INC-02591,Incident Closed
2025-06-07 08:00:00,Resolved,INC-02592,Incident Closed
2025-06-07 08:30:00,Resolved,INC-02593,Incident Closed
2025-06-07 08:30:00,Resolved,INC-02594,Incident Closed
2025-06-08 01:00:00,Incident Created,INC-02595,OVER_GENERATION_INCIDENT
2025-06-08 01:00:00,Escalated,INC-02595,Operator
2025-06-08 01:30:00,Escalated,INC-02596,Operator
2025-06-08 01:30:00,Incident Created,INC-02596,OVER_GENERATION_INCIDENT
2025-06-08 02:00:00,Escalated,INC-02597,Operator
2025-06-08 02:00:00,Incident Created,INC-02597,OVER_GENERATION_INCIDENT
2025-06-08 02:30:00,Incident Created,INC-02598,OVER_GENERATION_INCIDENT
2025-06-08 02:30:00,Escalated,INC-02598,Operator
2025-06-08 03:00:00,Resolved,INC-02595,Incident Closed
2025-06-08 03:00:00,Incident Created,INC-02599,OVER_GENERATION_INCIDENT
2025-06-08 03:00:00,Escalated,INC-02599,Operator
2025-06-08 03:30:00,Resolved,INC-02596,Incident Closed
2025-06-08 03:30:00,Incident Created,INC-02600,OVER_GENERATION_INCIDENT
2025-06-08 03:30:00,Escalated,INC-02600,Operator
2025-06-08 04:00:00,Resolved,INC-02597,Incident Closed
2025-06-08 04:00:00,Incident Created,INC-02601,OVER_GENERATION_INCIDENT
2025-06-08 04:00:00,Escalated,INC-02601,Operator
2025-06-08 04:30:00,Resolved,INC-02598,Incident Closed
2025-06-08 04:30:00,Escalated,INC-02602,Operator
2025-06-08 04:30:00,Incident Created,INC-02602,OVER_GENERATION_INCIDENT
2025-06-08 05:00:00,Resolved,INC-02599,Incident Closed
2025-06-08 05:00:00,Escalated,INC-02603,Operator
2025-06-08 05:00:00,Incident Created,INC-02603,OVER_GENERATION_INCIDENT
2025-06-08 05:30:00,Resolved,INC-02600,Incident Closed
2025-06-08 05:30:00,Escalated,INC-02604,Operator
2025-06-08 05:30:00,Incident Created,INC-02604,OVER_GENERATION_INCIDENT
2025-06-08 06:00:00,Resolved,INC-02601,Incident Closed
2025-06-08 06:00:00,Escalated,INC-02605,Operator
2025-06-08 06:00:00,Incident Created,INC-02605,OVER_GENERATION_INCIDENT
2025-06-08 06:30:00,Resolved,INC-02602,Incident Closed
2025-06-08 06:30:00,Incident Created,INC-02606,OVER_GENERATION_INCIDENT
2025-06-08 06:30:00,Escalated,INC-02606,Operator
2025-06-08 07:00:00,Resolved,INC-02603,Incident Closed
2025-06-08 07:00:00,Incident Created,INC-02607,OVER_GENERATION_INCIDENT
2025-06-08 07:00:00,Escalated,INC-02607,Operator
2025-06-08 07:30:00,Resolved,INC-02604,Incident Closed
2025-06-08 07:30:00,Incident Created,INC-02608,OVER_GENERATION_INCIDENT
2025-06-08 07:30:00,Escalated,INC-02608,Operator
2025-06-08 08:00:00,Resolved,INC-02605,Incident Closed
2025-06-08 08:00:00,Incident Created,INC-02609,OVER_GENERATION_INCIDENT
2025-06-08 08:00:00,Escalated,INC-02609,Operator
2025-06-08 08:30:00,Resolved,INC-02606,Incident Closed
2025-06-08 08:30:00,Escalated,INC-02610,Operator
2025-06-08 08:30:00,Incident Created,INC-02610,OVER_GENERATION_INCIDENT
2025-06-08 09:00:00,Resolved,INC-02607,Incident Closed
2025-06-08 09:00:00,Escalated,INC-02611,Operator
2025-06-08 09:00:00,Incident Created,INC-02611,OVER_GENERATION_INCIDENT
2025-06-08 09:30:00,Resolved,INC-02608,Incident Closed
2025-06-08 09:30:00,Escalated,INC-02612,Operator
2025-06-08 09:30:00,Incident Created,INC-02612,OVER_GENERATION_INCIDENT
2025-06-08 10:00:00,Resolved,INC-02609,Incident Closed
2025-06-08 10:00:00,Escalated,INC-02613,Operator
2025-06-08 10:00:00,Incident Created,INC-02613,OVER_GENERATION_INCIDENT
2025-06-08 10:30:00,Resolved,INC-02610,Incident Closed
2025-06-08 10:30:00,Escalated,INC-02614,Operator
2025-06-08 10:30:00,Incident Created,INC-02614,OVER_GENERATION_INCIDENT
2025-06-08 11:00:00,Resolved,INC-02611,Incident Closed
2025-06-08 11:00:00,Incident Created,INC-02615,OVER_GENERATION_INCIDENT
2025-06-08 11:00:00,Escalated,INC-02615,Operator
2025-06-08 11:30:00,Resolved,INC-02612,Incident Closed
2025-06-08 11:30:00,Incident Created,INC-02616,OVER_GENERATION_INCIDENT
2025-06-08 11:30:00,Escalated,INC-02616,Operator
2025-06-08 12:00:00,Resolved,INC-02613,Incident Closed
2025-06-08 12:00:00,Incident Created,INC-02617,OVER_GENERATION_INCIDENT
2025-06-08 12:00:00,Escalated,INC-02617,Operator
2025-06-08 12:30:00,Resolved,INC-02614,Incident Closed
2025-06-08 12:30:00,Incident Created,INC-02618,OVER_GENERATION_INCIDENT
2025-06-08 12:30:00,Escalated,INC-02618,Operator
2025-06-08 13:00:00,Resolved,INC-02615,Incident Closed
2025-06-08 13:00:00,Incident Created,INC-02619,OVER_GENERATION_INCIDENT
2025-06-08 13:00:00,Escalated,INC-02619,Operator
2025-06-08 13:30:00,Resolved,INC-02616,Incident Closed
2025-06-08 13:30:00,Escalated,INC-02620,Operator
2025-06-08 13:30:00,Incident Created,INC-02620,OVER_GENERATION_INCIDENT
2025-06-08 14:00:00,Resolved,INC-02617,Incident Closed
2025-06-08 14:00:00,Escalated,INC-02621,Operator
2025-06-08 14:00:00,Incident Created,INC-02621,OVER_GENERATION_INCIDENT
2025-06-08 14:30:00,Resolved,INC-02618,Incident Closed
2025-06-08 14:30:00,Escalated,INC-02622,Operator
2025-06-08 14:30:00,Incident Created,INC-02622,OVER_GENERATION_INCIDENT
2025-06-08 15:00:00,Resolved,INC-02619,Incident Closed
2025-06-08 15:00:00,Incident Created,INC-02623,OVER_GENERATION_INCIDENT
2025-06-08 15:00:00,Escalated,INC-02623,Operator
2025-06-08 15:30:00,Resolved,INC-02620,Incident Closed
2025-06-08 16:00:00,Resolved,INC-02621,Incident Closed
2025-06-08 16:30:00,Resolved,INC-02622,Incident Closed
2025-06-08 17:00:00,Resolved,INC-02623,Incident Closed
2025-06-09 04:00:00,Escalated,INC-02624,Operator
2025-06-09 04:00:00,Incident Created,INC-02624,OVER_GENERATION_INCIDENT
2025-06-09 04:30:00,Escalated,INC-02625,Operator
2025-06-09 04:30:00,Incident Created,INC-02625,OVER_GENERATION_INCIDENT
2025-06-09 05:00:00,Incident Created,INC-02626,OVER_GENERATION_INCIDENT
2025-06-09 05:00:00,Escalated,INC-02626,Operator
2025-06-09 06:00:00,Resolved,INC-02624,Incident Closed
2025-06-09 06:30:00,Resolved,INC-02625,Incident Closed
2025-06-09 07:00:00,Resolved,INC-02626,Incident Closed
2025-06-10 01:00:00,Escalated,INC-02627,Operator
2025-06-10 01:00:00,Incident Created,INC-02627,OVER_GENERATION_INCIDENT
2025-06-10 01:30:00,Escalated,INC-02628,Operator
2025-06-10 01:30:00,Incident Created,INC-02628,OVER_GENERATION_INCIDENT
2025-06-10 02:00:00,Escalated,INC-02629,Operator
2025-06-10 02:00:00,Incident Created,INC-02629,OVER_GENERATION_INCIDENT
2025-06-10 02:30:00,Escalated,INC-02630,Operator
2025-06-10 02:30:00,Incident Created,INC-02630,OVER_GENERATION_INCIDENT
2025-06-10 03:00:00,Resolved,INC-02627,Incident Closed
2025-06-10 03:00:00,Escalated,INC-02631,Operator
2025-06-10 03:00:00,Incident Created,INC-02631,OVER_GENERATION_INCIDENT
2025-06-10 03:30:00,Resolved,INC-02628,Incident Closed
2025-06-10 03:30:00,Incident Created,INC-02632,OVER_GENERATION_INCIDENT
2025-06-10 03:30:00,Escalated,INC-02632,Operator
2025-06-10 04:00:00,Resolved,INC-02629,Incident Closed
2025-06-10 04:00:00,Incident Created,INC-02633,OVER_GENERATION_INCIDENT
2025-06-10 04:00:00,Escalated,INC-02633,Operator
2025-06-10 04:30:00,Resolved,INC-02630,Incident Closed
2025-06-10 04:30:00,Incident Created,INC-02634,OVER_GENERATION_INCIDENT
2025-06-10 04:30:00,Escalated,INC-02634,Operator
2025-06-10 05:00:00,Resolved,INC-02631,Incident Closed
2025-06-10 05:00:00,Incident Created,INC-02635,OVER_GENERATION_INCIDENT
2025-06-10 05:00:00,Escalated,INC-02635,Operator
2025-06-10 05:30:00,Resolved,INC-02632,Incident Closed
2025-06-10 05:30:00,Escalated,INC-02636,Operator
2025-06-10 05:30:00,Incident Created,INC-02636,OVER_GENERATION_INCIDENT
2025-06-10 06:00:00,Resolved,INC-02633,Incident Closed
2025-06-10 06:30:00,Resolved,INC-02634,Incident Closed
2025-06-10 07:00:00,Resolved,INC-02635,Incident Closed
2025-06-10 07:30:00,Resolved,INC-02636,Incident Closed
2025-06-10 08:00:00,Incident Created,INC-02637,CURTAILMENT_RISK_INCIDENT
2025-06-10 08:00:00,Escalated,INC-02637,Supervisor
2025-06-10 08:30:00,Incident Created,INC-02638,CURTAILMENT_RISK_INCIDENT
2025-06-10 08:30:00,Escalated,INC-02638,Supervisor
2025-06-10 09:00:00,Incident Created,INC-02639,CURTAILMENT_RISK_INCIDENT
2025-06-10 09:00:00,Escalated,INC-02639,Supervisor
2025-06-10 09:30:00,Incident Created,INC-02640,CURTAILMENT_RISK_INCIDENT
2025-06-10 09:30:00,Escalated,INC-02640,Supervisor
2025-06-10 10:00:00,Resolved,INC-02637,Incident Closed
2025-06-10 10:00:00,Escalated,INC-02641,Supervisor
2025-06-10 10:00:00,Incident Created,INC-02641,CURTAILMENT_RISK_INCIDENT
2025-06-10 10:30:00,Resolved,INC-02638,Incident Closed
2025-06-10 10:30:00,Escalated,INC-02642,Supervisor
2025-06-10 10:30:00,Incident Created,INC-02642,CURTAILMENT_RISK_INCIDENT
2025-06-10 11:00:00,Resolved,INC-02639,Incident Closed
2025-06-10 11:00:00,Escalated,INC-02643,Supervisor
2025-06-10 11:00:00,Incident Created,INC-02643,CURTAILMENT_RISK_INCIDENT
2025-06-10 11:30:00,Resolved,INC-02640,Incident Closed
2025-06-10 12:00:00,Resolved,INC-02641,Incident Closed
2025-06-10 12:30:00,Resolved,INC-02642,Incident Closed
2025-06-10 13:00:00,Resolved,INC-02643,Incident Closed
2025-06-10 19:00:00,Incident Created,INC-02644,SUSTAINABILITY_INCIDENT
2025-06-10 19:00:00,Escalated,INC-02644,Supervisor
2025-06-10 19:30:00,Incident Created,INC-02645,SUSTAINABILITY_INCIDENT
2025-06-10 19:30:00,Escalated,INC-02645,Supervisor
2025-06-10 20:00:00,Escalated,INC-02646,Supervisor
2025-06-10 20:00:00,Incident Created,INC-02646,SUSTAINABILITY_INCIDENT
2025-06-10 20:30:00,Incident Created,INC-02647,SUSTAINABILITY_INCIDENT
2025-06-10 20:30:00,Escalated,INC-02647,Supervisor
2025-06-10 21:00:00,Resolved,INC-02644,Incident Closed
2025-06-10 21:00:00,Incident Created,INC-02648,SUSTAINABILITY_INCIDENT
2025-06-10 21:00:00,Escalated,INC-02648,Supervisor
2025-06-10 21:30:00,Resolved,INC-02645,Incident Closed
2025-06-10 21:30:00,Incident Created,INC-02649,SUSTAINABILITY_INCIDENT
2025-06-10 21:30:00,Escalated,INC-02649,Supervisor
2025-06-10 22:00:00,Resolved,INC-02646,Incident Closed
2025-06-10 22:30:00,Resolved,INC-02647,Incident Closed
2025-06-10 23:00:00,Resolved,INC-02648,Incident Closed
2025-06-10 23:30:00,Resolved,INC-02649,Incident Closed
2025-06-11 04:30:00,Incident Created,INC-02650,OVER_GENERATION_INCIDENT
2025-06-11 04:30:00,Escalated,INC-02650,Operator
2025-06-11 04:30:00,Incident Created,INC-02651,DEMAND_ANOMALY_INCIDENT
2025-06-11 04:30:00,Escalated,INC-02651,Supervisor
2025-06-11 06:30:00,Resolved,INC-02650,Incident Closed
2025-06-11 06:30:00,Resolved,INC-02651,Incident Closed
2025-06-12 03:00:00,Incident Created,INC-02652,OVER_GENERATION_INCIDENT
2025-06-12 03:00:00,Escalated,INC-02652,Operator
2025-06-12 03:30:00,Incident Created,INC-02653,OVER_GENERATION_INCIDENT
2025-06-12 03:30:00,Escalated,INC-02653,Operator
2025-06-12 04:00:00,Incident Created,INC-02654,OVER_GENERATION_INCIDENT
2025-06-12 04:00:00,Escalated,INC-02654,Operator
2025-06-12 04:30:00,Incident Created,INC-02655,OVER_GENERATION_INCIDENT
2025-06-12 04:30:00,Escalated,INC-02655,Operator
2025-06-12 05:00:00,Resolved,INC-02652,Incident Closed
2025-06-12 05:00:00,Escalated,INC-02656,Operator
2025-06-12 05:00:00,Incident Created,INC-02656,OVER_GENERATION_INCIDENT
2025-06-12 05:30:00,Resolved,INC-02653,Incident Closed
2025-06-12 05:30:00,Incident Created,INC-02657,OVER_GENERATION_INCIDENT
2025-06-12 05:30:00,Escalated,INC-02657,Operator
2025-06-12 06:00:00,Resolved,INC-02654,Incident Closed
2025-06-12 06:30:00,Resolved,INC-02655,Incident Closed
2025-06-12 07:00:00,Resolved,INC-02656,Incident Closed
2025-06-12 07:30:00,Resolved,INC-02657,Incident Closed
2025-06-12 08:00:00,Escalated,INC-02658,Supervisor
2025-06-12 08:00:00,Incident Created,INC-02658,CURTAILMENT_RISK_INCIDENT
2025-06-12 08:30:00,Escalated,INC-02659,Supervisor
2025-06-12 08:30:00,Incident Created,INC-02659,CURTAILMENT_RISK_INCIDENT
2025-06-12 09:00:00,Escalated,INC-02660,Supervisor
2025-06-12 09:00:00,Incident Created,INC-02660,CURTAILMENT_RISK_INCIDENT
2025-06-12 09:30:00,Escalated,INC-02661,Supervisor
2025-06-12 09:30:00,Incident Created,INC-02661,CURTAILMENT_RISK_INCIDENT
2025-06-12 10:00:00,Resolved,INC-02658,Incident Closed
2025-06-12 10:00:00,Incident Created,INC-02662,CURTAILMENT_RISK_INCIDENT
2025-06-12 10:00:00,Escalated,INC-02662,Supervisor
2025-06-12 10:30:00,Resolved,INC-02659,Incident Closed
2025-06-12 10:30:00,Incident Created,INC-02663,CURTAILMENT_RISK_INCIDENT
2025-06-12 10:30:00,Escalated,INC-02663,Supervisor
2025-06-12 11:00:00,Resolved,INC-02660,Incident Closed
2025-06-12 11:00:00,Incident Created,INC-02664,CURTAILMENT_RISK_INCIDENT
2025-06-12 11:00:00,Escalated,INC-02664,Supervisor
2025-06-12 11:30:00,Resolved,INC-02661,Incident Closed
2025-06-12 11:30:00,Escalated,INC-02665,Supervisor
2025-06-12 11:30:00,Incident Created,INC-02665,CURTAILMENT_RISK_INCIDENT
2025-06-12 12:00:00,Resolved,INC-02662,Incident Closed
2025-06-12 12:00:00,Incident Created,INC-02666,CURTAILMENT_RISK_INCIDENT
2025-06-12 12:00:00,Escalated,INC-02666,Supervisor
2025-06-12 12:30:00,Resolved,INC-02663,Incident Closed
2025-06-12 12:30:00,Escalated,INC-02667,Supervisor
2025-06-12 12:30:00,Incident Created,INC-02667,CURTAILMENT_RISK_INCIDENT
2025-06-12 13:00:00,Resolved,INC-02664,Incident Closed
2025-06-12 13:00:00,Incident Created,INC-02668,CURTAILMENT_RISK_INCIDENT
2025-06-12 13:00:00,Escalated,INC-02668,Supervisor
2025-06-12 13:30:00,Resolved,INC-02665,Incident Closed
2025-06-12 13:30:00,Escalated,INC-02669,Supervisor
2025-06-12 13:30:00,Incident Created,INC-02669,CURTAILMENT_RISK_INCIDENT
2025-06-12 14:00:00,Resolved,INC-02666,Incident Closed
2025-06-12 14:00:00,Escalated,INC-02670,Supervisor
2025-06-12 14:00:00,Incident Created,INC-02670,CURTAILMENT_RISK_INCIDENT
2025-06-12 14:30:00,Resolved,INC-02667,Incident Closed
2025-06-12 14:30:00,Escalated,INC-02671,Supervisor
2025-06-12 14:30:00,Incident Created,INC-02671,CURTAILMENT_RISK_INCIDENT
2025-06-12 15:00:00,Resolved,INC-02668,Incident Closed
2025-06-12 15:00:00,Incident Created,INC-02672,CURTAILMENT_RISK_INCIDENT
2025-06-12 15:00:00,Escalated,INC-02672,Supervisor
2025-06-12 15:30:00,Resolved,INC-02669,Incident Closed
2025-06-12 15:30:00,Escalated,INC-02673,Supervisor
2025-06-12 15:30:00,Incident Created,INC-02673,CURTAILMENT_RISK_INCIDENT
2025-06-12 16:00:00,Resolved,INC-02670,Incident Closed
2025-06-12 16:00:00,Incident Created,INC-02674,CURTAILMENT_RISK_INCIDENT
2025-06-12 16:00:00,Escalated,INC-02674,Supervisor
2025-06-12 16:30:00,Resolved,INC-02671,Incident Closed
2025-06-12 17:00:00,Resolved,INC-02672,Incident Closed
2025-06-12 17:30:00,Resolved,INC-02673,Incident Closed
2025-06-12 18:00:00,Resolved,INC-02674,Incident Closed
2025-06-13 03:00:00,Incident Created,INC-02675,OVER_GENERATION_INCIDENT
2025-06-13 03:00:00,Escalated,INC-02675,Operator
2025-06-13 04:00:00,Incident Created,INC-02676,OVER_GENERATION_INCIDENT
2025-06-13 04:00:00,Escalated,INC-02676,Operator
2025-06-13 04:30:00,Escalated,INC-02677,Operator
2025-06-13 04:30:00,Incident Created,INC-02677,OVER_GENERATION_INCIDENT
2025-06-13 05:00:00,Resolved,INC-02675,Incident Closed
2025-06-13 05:00:00,Escalated,INC-02678,Operator
2025-06-13 05:00:00,Incident Created,INC-02678,OVER_GENERATION_INCIDENT
2025-06-13 05:30:00,Escalated,INC-02679,Operator
2025-06-13 05:30:00,Incident Created,INC-02679,OVER_GENERATION_INCIDENT
2025-06-13 06:00:00,Resolved,INC-02676,Incident Closed
2025-06-13 06:30:00,Resolved,INC-02677,Incident Closed
2025-06-13 07:00:00,Resolved,INC-02678,Incident Closed
2025-06-13 07:30:00,Resolved,INC-02679,Incident Closed
2025-06-13 10:00:00,Incident Created,INC-02680,CURTAILMENT_RISK_INCIDENT
2025-06-13 10:00:00,Escalated,INC-02680,Supervisor
2025-06-13 10:30:00,Incident Created,INC-02681,CURTAILMENT_RISK_INCIDENT
2025-06-13 10:30:00,Escalated,INC-02681,Supervisor
2025-06-13 11:00:00,Incident Created,INC-02682,CURTAILMENT_RISK_INCIDENT
2025-06-13 11:00:00,Escalated,INC-02682,Supervisor
2025-06-13 11:30:00,Incident Created,INC-02683,CURTAILMENT_RISK_INCIDENT
2025-06-13 11:30:00,Escalated,INC-02683,Supervisor
2025-06-13 12:00:00,Resolved,INC-02680,Incident Closed
2025-06-13 12:30:00,Resolved,INC-02681,Incident Closed
2025-06-13 13:00:00,Resolved,INC-02682,Incident Closed
2025-06-13 13:30:00,Resolved,INC-02683,Incident Closed
2025-06-13 13:30:00,Incident Created,INC-02684,OVER_GENERATION_INCIDENT
2025-06-13 13:30:00,Escalated,INC-02684,Operator
2025-06-13 14:00:00,Incident Created,INC-02685,OVER_GENERATION_INCIDENT
2025-06-13 14:00:00,Escalated,INC-02685,Operator
2025-06-13 14:30:00,Incident Created,INC-02686,OVER_GENERATION_INCIDENT
2025-06-13 14:30:00,Escalated,INC-02686,Operator
2025-06-13 15:30:00,Resolved,INC-02684,Incident Closed
2025-06-13 16:00:00,Resolved,INC-02685,Incident Closed
2025-06-13 16:30:00,Resolved,INC-02686,Incident Closed
2025-06-14 05:00:00,Incident Created,INC-02687,OVER_GENERATION_INCIDENT
2025-06-14 05:00:00,Escalated,INC-02687,Operator
2025-06-14 05:30:00,Incident Created,INC-02688,OVER_GENERATION_INCIDENT
2025-06-14 05:30:00,Escalated,INC-02688,Operator
2025-06-14 06:00:00,Escalated,INC-02689,Operator
2025-06-14 06:00:00,Incident Created,INC-02689,OVER_GENERATION_INCIDENT
2025-06-14 06:30:00,Escalated,INC-02690,Operator
2025-06-14 06:30:00,Incident Created,INC-02690,OVER_GENERATION_INCIDENT
2025-06-14 07:00:00,Resolved,INC-02687,Incident Closed
2025-06-14 07:30:00,Resolved,INC-02688,Incident Closed
2025-06-14 08:00:00,Resolved,INC-02689,Incident Closed
2025-06-14 08:30:00,Resolved,INC-02690,Incident Closed
2025-06-14 10:30:00,Escalated,INC-02691,Operator
2025-06-14 10:30:00,Incident Created,INC-02691,OVER_GENERATION_INCIDENT
2025-06-14 11:00:00,Incident Created,INC-02692,OVER_GENERATION_INCIDENT
2025-06-14 11:00:00,Escalated,INC-02692,Operator
2025-06-14 11:30:00,Escalated,INC-02693,Operator
2025-06-14 11:30:00,Incident Created,INC-02693,OVER_GENERATION_INCIDENT
2025-06-14 11:30:00,Incident Created,INC-02694,CURTAILMENT_RISK_INCIDENT
2025-06-14 11:30:00,Escalated,INC-02694,Supervisor
2025-06-14 12:00:00,Escalated,INC-02695,Operator
2025-06-14 12:00:00,Incident Created,INC-02695,OVER_GENERATION_INCIDENT
2025-06-14 12:00:00,Escalated,INC-02696,Supervisor
2025-06-14 12:00:00,Incident Created,INC-02696,CURTAILMENT_RISK_INCIDENT
2025-06-14 12:30:00,Resolved,INC-02691,Incident Closed
2025-06-14 12:30:00,Escalated,INC-02697,Operator
2025-06-14 12:30:00,Incident Created,INC-02697,OVER_GENERATION_INCIDENT
2025-06-14 12:30:00,Incident Created,INC-02698,CURTAILMENT_RISK_INCIDENT
2025-06-14 12:30:00,Escalated,INC-02698,Supervisor
2025-06-14 13:00:00,Resolved,INC-02692,Incident Closed
2025-06-14 13:00:00,Incident Created,INC-02699,OVER_GENERATION_INCIDENT
2025-06-14 13:00:00,Escalated,INC-02699,Operator
2025-06-14 13:00:00,Incident Created,INC-02700,CURTAILMENT_RISK_INCIDENT
2025-06-14 13:00:00,Escalated,INC-02700,Supervisor
2025-06-14 13:30:00,Resolved,INC-02693,Incident Closed
2025-06-14 13:30:00,Resolved,INC-02694,Incident Closed
2025-06-14 13:30:00,Escalated,INC-02701,Operator
2025-06-14 13:30:00,Incident Created,INC-02701,OVER_GENERATION_INCIDENT
2025-06-14 13:30:00,Incident Created,INC-02702,CURTAILMENT_RISK_INCIDENT
2025-06-14 13:30:00,Escalated,INC-02702,Supervisor
2025-06-14 14:00:00,Resolved,INC-02695,Incident Closed
2025-06-14 14:00:00,Resolved,INC-02696,Incident Closed
2025-06-14 14:00:00,Incident Created,INC-02703,OVER_GENERATION_INCIDENT
2025-06-14 14:00:00,Escalated,INC-02703,Operator
2025-06-14 14:00:00,Incident Created,INC-02704,CURTAILMENT_RISK_INCIDENT
2025-06-14 14:00:00,Escalated,INC-02704,Supervisor
2025-06-14 14:30:00,Resolved,INC-02697,Incident Closed
2025-06-14 14:30:00,Resolved,INC-02698,Incident Closed
2025-06-14 14:30:00,Incident Created,INC-02705,OVER_GENERATION_INCIDENT
2025-06-14 14:30:00,Escalated,INC-02705,Operator
2025-06-14 15:00:00,Resolved,INC-02699,Incident Closed
2025-06-14 15:00:00,Resolved,INC-02700,Incident Closed
2025-06-14 15:00:00,Escalated,INC-02706,Operator
2025-06-14 15:00:00,Incident Created,INC-02706,OVER_GENERATION_INCIDENT
2025-06-14 15:30:00,Resolved,INC-02701,Incident Closed
2025-06-14 15:30:00,Resolved,INC-02702,Incident Closed
2025-06-14 15:30:00,Incident Created,INC-02707,OVER_GENERATION_INCIDENT
2025-06-14 15:30:00,Escalated,INC-02707,Operator
2025-06-14 16:00:00,Resolved,INC-02703,Incident Closed
2025-06-14 16:00:00,Resolved,INC-02704,Incident Closed
2025-06-14 16:00:00,Incident Created,INC-02708,OVER_GENERATION_INCIDENT
2025-06-14 16:00:00,Escalated,INC-02708,Operator
2025-06-14 16:30:00,Resolved,INC-02705,Incident Closed
2025-06-14 16:30:00,Incident Created,INC-02709,OVER_GENERATION_INCIDENT
2025-06-14 16:30:00,Escalated,INC-02709,Operator
2025-06-14 17:00:00,Resolved,INC-02706,Incident Closed
2025-06-14 17:30:00,Resolved,INC-02707,Incident Closed
2025-06-14 18:00:00,Resolved,INC-02708,Incident Closed
2025-06-14 18:30:00,Resolved,INC-02709,Incident Closed
2025-06-15 02:30:00,Escalated,INC-02710,Operator
2025-06-15 02:30:00,Incident Created,INC-02710,OVER_GENERATION_INCIDENT
2025-06-15 03:00:00,Incident Created,INC-02711,OVER_GENERATION_INCIDENT
2025-06-15 03:00:00,Escalated,INC-02711,Operator
2025-06-15 03:30:00,Escalated,INC-02712,Operator
2025-06-15 03:30:00,Incident Created,INC-02712,OVER_GENERATION_INCIDENT
2025-06-15 04:00:00,Escalated,INC-02713,Operator
2025-06-15 04:00:00,Incident Created,INC-02713,OVER_GENERATION_INCIDENT
2025-06-15 04:30:00,Resolved,INC-02710,Incident Closed
2025-06-15 04:30:00,Escalated,INC-02714,Operator
2025-06-15 04:30:00,Incident Created,INC-02714,OVER_GENERATION_INCIDENT
2025-06-15 05:00:00,Resolved,INC-02711,Incident Closed
2025-06-15 05:00:00,Escalated,INC-02715,Operator
2025-06-15 05:00:00,Incident Created,INC-02715,OVER_GENERATION_INCIDENT
2025-06-15 05:30:00,Resolved,INC-02712,Incident Closed
2025-06-15 05:30:00,Incident Created,INC-02716,OVER_GENERATION_INCIDENT
2025-06-15 05:30:00,Escalated,INC-02716,Operator
2025-06-15 06:00:00,Resolved,INC-02713,Incident Closed
2025-06-15 06:00:00,Escalated,INC-02717,Operator
2025-06-15 06:00:00,Incident Created,INC-02717,OVER_GENERATION_INCIDENT
2025-06-15 06:30:00,Resolved,INC-02714,Incident Closed
2025-06-15 06:30:00,Incident Created,INC-02718,OVER_GENERATION_INCIDENT
2025-06-15 06:30:00,Escalated,INC-02718,Operator
2025-06-15 07:00:00,Resolved,INC-02715,Incident Closed
2025-06-15 07:00:00,Escalated,INC-02719,Operator
2025-06-15 07:00:00,Incident Created,INC-02719,OVER_GENERATION_INCIDENT
2025-06-15 07:30:00,Resolved,INC-02716,Incident Closed
2025-06-15 07:30:00,Incident Created,INC-02720,OVER_GENERATION_INCIDENT
2025-06-15 07:30:00,Escalated,INC-02720,Operator
2025-06-15 08:00:00,Resolved,INC-02717,Incident Closed
2025-06-15 08:00:00,Incident Created,INC-02721,OVER_GENERATION_INCIDENT
2025-06-15 08:00:00,Escalated,INC-02721,Operator
2025-06-15 08:30:00,Resolved,INC-02718,Incident Closed
2025-06-15 08:30:00,Escalated,INC-02722,Operator
2025-06-15 08:30:00,Incident Created,INC-02722,OVER_GENERATION_INCIDENT
2025-06-15 09:00:00,Resolved,INC-02719,Incident Closed
2025-06-15 09:00:00,Escalated,INC-02723,Operator
2025-06-15 09:00:00,Incident Created,INC-02723,OVER_GENERATION_INCIDENT
2025-06-15 09:30:00,Resolved,INC-02720,Incident Closed
2025-06-15 09:30:00,Escalated,INC-02724,Operator
2025-06-15 09:30:00,Incident Created,INC-02724,OVER_GENERATION_INCIDENT
2025-06-15 10:00:00,Resolved,INC-02721,Incident Closed
2025-06-15 10:00:00,Escalated,INC-02725,Operator
2025-06-15 10:00:00,Incident Created,INC-02725,OVER_GENERATION_INCIDENT
2025-06-15 10:30:00,Resolved,INC-02722,Incident Closed
2025-06-15 10:30:00,Escalated,INC-02726,Operator
2025-06-15 10:30:00,Incident Created,INC-02726,OVER_GENERATION_INCIDENT
2025-06-15 11:00:00,Resolved,INC-02723,Incident Closed
2025-06-15 11:00:00,Incident Created,INC-02727,OVER_GENERATION_INCIDENT
2025-06-15 11:00:00,Escalated,INC-02727,Operator
2025-06-15 11:30:00,Resolved,INC-02724,Incident Closed
2025-06-15 11:30:00,Incident Created,INC-02728,OVER_GENERATION_INCIDENT
2025-06-15 11:30:00,Escalated,INC-02728,Operator
2025-06-15 12:00:00,Resolved,INC-02725,Incident Closed
2025-06-15 12:00:00,Incident Created,INC-02729,OVER_GENERATION_INCIDENT
2025-06-15 12:00:00,Escalated,INC-02729,Operator
2025-06-15 12:30:00,Resolved,INC-02726,Incident Closed
2025-06-15 12:30:00,Incident Created,INC-02730,OVER_GENERATION_INCIDENT
2025-06-15 12:30:00,Escalated,INC-02730,Operator
2025-06-15 13:00:00,Resolved,INC-02727,Incident Closed
2025-06-15 13:00:00,Escalated,INC-02731,Operator
2025-06-15 13:00:00,Incident Created,INC-02731,OVER_GENERATION_INCIDENT
2025-06-15 13:30:00,Resolved,INC-02728,Incident Closed
2025-06-15 13:30:00,Incident Created,INC-02732,OVER_GENERATION_INCIDENT
2025-06-15 13:30:00,Escalated,INC-02732,Operator
2025-06-15 14:00:00,Resolved,INC-02729,Incident Closed
2025-06-15 14:00:00,Incident Created,INC-02733,OVER_GENERATION_INCIDENT
2025-06-15 14:00:00,Escalated,INC-02733,Operator
2025-06-15 14:30:00,Resolved,INC-02730,Incident Closed
2025-06-15 14:30:00,Incident Created,INC-02734,OVER_GENERATION_INCIDENT
2025-06-15 14:30:00,Escalated,INC-02734,Operator
2025-06-15 15:00:00,Resolved,INC-02731,Incident Closed
2025-06-15 15:00:00,Escalated,INC-02735,Operator
2025-06-15 15:00:00,Incident Created,INC-02735,OVER_GENERATION_INCIDENT
2025-06-15 15:30:00,Resolved,INC-02732,Incident Closed
2025-06-15 15:30:00,Escalated,INC-02736,Operator
2025-06-15 15:30:00,Incident Created,INC-02736,OVER_GENERATION_INCIDENT
2025-06-15 16:00:00,Resolved,INC-02733,Incident Closed
2025-06-15 16:00:00,Escalated,INC-02737,Operator
2025-06-15 16:00:00,Incident Created,INC-02737,OVER_GENERATION_INCIDENT
2025-06-15 16:30:00,Resolved,INC-02734,Incident Closed
2025-06-15 17:00:00,Resolved,INC-02735,Incident Closed
2025-06-15 17:30:00,Resolved,INC-02736,Incident Closed
2025-06-15 18:00:00,Resolved,INC-02737,Incident Closed
2025-06-16 02:00:00,Incident Created,INC-02738,OVER_GENERATION_INCIDENT
2025-06-16 02:00:00,Escalated,INC-02738,Operator
2025-06-16 02:30:00,Incident Created,INC-02739,OVER_GENERATION_INCIDENT
2025-06-16 02:30:00,Escalated,INC-02739,Operator
2025-06-16 03:00:00,Incident Created,INC-02740,OVER_GENERATION_INCIDENT
2025-06-16 03:00:00,Escalated,INC-02740,Operator
2025-06-16 03:30:00,Incident Created,INC-02741,OVER_GENERATION_INCIDENT
2025-06-16 03:30:00,Escalated,INC-02741,Operator
2025-06-16 04:00:00,Resolved,INC-02738,Incident Closed
2025-06-16 04:00:00,Escalated,INC-02742,Operator
2025-06-16 04:00:00,Incident Created,INC-02742,OVER_GENERATION_INCIDENT
2025-06-16 04:30:00,Resolved,INC-02739,Incident Closed
2025-06-16 04:30:00,Escalated,INC-02743,Operator
2025-06-16 04:30:00,Incident Created,INC-02743,OVER_GENERATION_INCIDENT
2025-06-16 05:00:00,Resolved,INC-02740,Incident Closed
2025-06-16 05:00:00,Escalated,INC-02744,Operator
2025-06-16 05:00:00,Incident Created,INC-02744,OVER_GENERATION_INCIDENT
2025-06-16 05:30:00,Resolved,INC-02741,Incident Closed
2025-06-16 05:30:00,Escalated,INC-02745,Operator
2025-06-16 05:30:00,Incident Created,INC-02745,OVER_GENERATION_INCIDENT
2025-06-16 06:00:00,Resolved,INC-02742,Incident Closed
2025-06-16 06:30:00,Resolved,INC-02743,Incident Closed
2025-06-16 07:00:00,Resolved,INC-02744,Incident Closed
2025-06-16 07:30:00,Resolved,INC-02745,Incident Closed
2025-06-17 03:00:00,Incident Created,INC-02746,OVER_GENERATION_INCIDENT
2025-06-17 03:00:00,Escalated,INC-02746,Operator
2025-06-17 03:30:00,Incident Created,INC-02747,OVER_GENERATION_INCIDENT
2025-06-17 03:30:00,Escalated,INC-02747,Operator
2025-06-17 04:00:00,Escalated,INC-02748,Operator
2025-06-17 04:00:00,Incident Created,INC-02748,OVER_GENERATION_INCIDENT
2025-06-17 04:30:00,Escalated,INC-02749,Operator
2025-06-17 04:30:00,Incident Created,INC-02749,OVER_GENERATION_INCIDENT
2025-06-17 05:00:00,Resolved,INC-02746,Incident Closed
2025-06-17 05:00:00,Incident Created,INC-02750,OVER_GENERATION_INCIDENT
2025-06-17 05:00:00,Escalated,INC-02750,Operator
2025-06-17 05:30:00,Resolved,INC-02747,Incident Closed
2025-06-17 05:30:00,Incident Created,INC-02751,OVER_GENERATION_INCIDENT
2025-06-17 05:30:00,Escalated,INC-02751,Operator
2025-06-17 06:00:00,Resolved,INC-02748,Incident Closed
2025-06-17 06:30:00,Resolved,INC-02749,Incident Closed
2025-06-17 07:00:00,Resolved,INC-02750,Incident Closed
2025-06-17 07:30:00,Resolved,INC-02751,Incident Closed
2025-06-17 10:30:00,Incident Created,INC-02752,CURTAILMENT_RISK_INCIDENT
2025-06-17 10:30:00,Escalated,INC-02752,Supervisor
2025-06-17 11:00:00,Incident Created,INC-02753,CURTAILMENT_RISK_INCIDENT
2025-06-17 11:00:00,Escalated,INC-02753,Supervisor
2025-06-17 11:30:00,Escalated,INC-02754,Supervisor
2025-06-17 11:30:00,Incident Created,INC-02754,CURTAILMENT_RISK_INCIDENT
2025-06-17 12:00:00,Escalated,INC-02755,Supervisor
2025-06-17 12:00:00,Incident Created,INC-02755,CURTAILMENT_RISK_INCIDENT
2025-06-17 12:30:00,Resolved,INC-02752,Incident Closed
2025-06-17 12:30:00,Incident Created,INC-02756,CURTAILMENT_RISK_INCIDENT
2025-06-17 12:30:00,Escalated,INC-02756,Supervisor
2025-06-17 13:00:00,Resolved,INC-02753,Incident Closed
2025-06-17 13:30:00,Resolved,INC-02754,Incident Closed
2025-06-17 14:00:00,Resolved,INC-02755,Incident Closed
2025-06-17 14:30:00,Resolved,INC-02756,Incident Closed
2025-06-18 19:30:00,Escalated,INC-02757,Supervisor
2025-06-18 19:30:00,Incident Created,INC-02757,SUSTAINABILITY_INCIDENT
2025-06-18 20:00:00,Incident Created,INC-02758,SUSTAINABILITY_INCIDENT
2025-06-18 20:00:00,Escalated,INC-02758,Supervisor
2025-06-18 20:30:00,Incident Created,INC-02759,SUSTAINABILITY_INCIDENT
2025-06-18 20:30:00,Escalated,INC-02759,Supervisor
2025-06-18 21:00:00,Incident Created,INC-02760,SUSTAINABILITY_INCIDENT
2025-06-18 21:00:00,Escalated,INC-02760,Supervisor
2025-06-18 21:30:00,Resolved,INC-02757,Incident Closed
2025-06-18 21:30:00,Incident Created,INC-02761,SUSTAINABILITY_INCIDENT
2025-06-18 21:30:00,Escalated,INC-02761,Supervisor
2025-06-18 22:00:00,Resolved,INC-02758,Incident Closed
2025-06-18 22:00:00,Incident Created,INC-02762,SUSTAINABILITY_INCIDENT
2025-06-18 22:00:00,Escalated,INC-02762,Supervisor
2025-06-18 22:30:00,Resolved,INC-02759,Incident Closed
2025-06-18 23:00:00,Resolved,INC-02760,Incident Closed
2025-06-18 23:30:00,Resolved,INC-02761,Incident Closed
2025-06-19 00:00:00,Resolved,INC-02762,Incident Closed
2025-06-21 05:00:00,Escalated,INC-02763,Operator
2025-06-21 05:00:00,Incident Created,INC-02763,OVER_GENERATION_INCIDENT
2025-06-21 05:30:00,Escalated,INC-02764,Operator
2025-06-21 05:30:00,Incident Created,INC-02764,OVER_GENERATION_INCIDENT
2025-06-21 07:00:00,Resolved,INC-02763,Incident Closed
2025-06-21 07:30:00,Resolved,INC-02764,Incident Closed
2025-06-22 02:30:00,Escalated,INC-02765,Operator
2025-06-22 02:30:00,Incident Created,INC-02765,OVER_GENERATION_INCIDENT
2025-06-22 03:00:00,Escalated,INC-02766,Operator
2025-06-22 03:00:00,Incident Created,INC-02766,OVER_GENERATION_INCIDENT
2025-06-22 03:30:00,Escalated,INC-02767,Operator
2025-06-22 03:30:00,Incident Created,INC-02767,OVER_GENERATION_INCIDENT
2025-06-22 04:00:00,Incident Created,INC-02768,OVER_GENERATION_INCIDENT
2025-06-22 04:00:00,Escalated,INC-02768,Operator
2025-06-22 04:30:00,Resolved,INC-02765,Incident Closed
2025-06-22 04:30:00,Escalated,INC-02769,Operator
2025-06-22 04:30:00,Incident Created,INC-02769,OVER_GENERATION_INCIDENT
2025-06-22 05:00:00,Resolved,INC-02766,Incident Closed
2025-06-22 05:00:00,Escalated,INC-02770,Operator
2025-06-22 05:00:00,Incident Created,INC-02770,OVER_GENERATION_INCIDENT
2025-06-22 05:30:00,Resolved,INC-02767,Incident Closed
2025-06-22 05:30:00,Incident Created,INC-02771,OVER_GENERATION_INCIDENT
2025-06-22 05:30:00,Escalated,INC-02771,Operator
2025-06-22 06:00:00,Resolved,INC-02768,Incident Closed
2025-06-22 06:00:00,Escalated,INC-02772,Operator
2025-06-22 06:00:00,Incident Created,INC-02772,OVER_GENERATION_INCIDENT
2025-06-22 06:30:00,Resolved,INC-02769,Incident Closed
2025-06-22 06:30:00,Incident Created,INC-02773,OVER_GENERATION_INCIDENT
2025-06-22 06:30:00,Escalated,INC-02773,Operator
2025-06-22 07:00:00,Resolved,INC-02770,Incident Closed
2025-06-22 07:00:00,Incident Created,INC-02774,OVER_GENERATION_INCIDENT
2025-06-22 07:00:00,Escalated,INC-02774,Operator
2025-06-22 07:30:00,Resolved,INC-02771,Incident Closed
2025-06-22 07:30:00,Escalated,INC-02775,Operator
2025-06-22 07:30:00,Incident Created,INC-02775,OVER_GENERATION_INCIDENT
2025-06-22 08:00:00,Resolved,INC-02772,Incident Closed
2025-06-22 08:00:00,Incident Created,INC-02776,OVER_GENERATION_INCIDENT
2025-06-22 08:00:00,Escalated,INC-02776,Operator
2025-06-22 08:30:00,Resolved,INC-02773,Incident Closed
2025-06-22 08:30:00,Escalated,INC-02777,Operator
2025-06-22 08:30:00,Incident Created,INC-02777,OVER_GENERATION_INCIDENT
2025-06-22 09:00:00,Resolved,INC-02774,Incident Closed
2025-06-22 09:00:00,Escalated,INC-02778,Operator
2025-06-22 09:00:00,Incident Created,INC-02778,OVER_GENERATION_INCIDENT
2025-06-22 09:30:00,Resolved,INC-02775,Incident Closed
2025-06-22 09:30:00,Incident Created,INC-02779,OVER_GENERATION_INCIDENT
2025-06-22 09:30:00,Escalated,INC-02779,Operator
2025-06-22 09:30:00,Escalated,INC-02780,Supervisor
2025-06-22 09:30:00,Incident Created,INC-02780,CURTAILMENT_RISK_INCIDENT
2025-06-22 10:00:00,Resolved,INC-02776,Incident Closed
2025-06-22 10:00:00,Incident Created,INC-02781,OVER_GENERATION_INCIDENT
2025-06-22 10:00:00,Escalated,INC-02781,Operator
2025-06-22 10:00:00,Incident Created,INC-02782,CURTAILMENT_RISK_INCIDENT
2025-06-22 10:00:00,Escalated,INC-02782,Supervisor
2025-06-22 10:30:00,Resolved,INC-02777,Incident Closed
2025-06-22 10:30:00,Escalated,INC-02783,Operator
2025-06-22 10:30:00,Incident Created,INC-02783,OVER_GENERATION_INCIDENT
2025-06-22 10:30:00,Escalated,INC-02784,Supervisor
2025-06-22 10:30:00,Incident Created,INC-02784,CURTAILMENT_RISK_INCIDENT
2025-06-22 11:00:00,Resolved,INC-02778,Incident Closed
2025-06-22 11:00:00,Incident Created,INC-02785,OVER_GENERATION_INCIDENT
2025-06-22 11:00:00,Escalated,INC-02785,Operator
2025-06-22 11:00:00,Escalated,INC-02786,Supervisor
2025-06-22 11:00:00,Incident Created,INC-02786,CURTAILMENT_RISK_INCIDENT
2025-06-22 11:30:00,Resolved,INC-02779,Incident Closed
2025-06-22 11:30:00,Resolved,INC-02780,Incident Closed
2025-06-22 11:30:00,Escalated,INC-02787,Operator
2025-06-22 11:30:00,Incident Created,INC-02787,OVER_GENERATION_INCIDENT
2025-06-22 11:30:00,Incident Created,INC-02788,CURTAILMENT_RISK_INCIDENT
2025-06-22 11:30:00,Escalated,INC-02788,Supervisor
2025-06-22 12:00:00,Resolved,INC-02781,Incident Closed
2025-06-22 12:00:00,Resolved,INC-02782,Incident Closed
2025-06-22 12:00:00,Incident Created,INC-02789,OVER_GENERATION_INCIDENT
2025-06-22 12:00:00,Escalated,INC-02789,Operator
2025-06-22 12:00:00,Incident Created,INC-02790,CURTAILMENT_RISK_INCIDENT
2025-06-22 12:00:00,Escalated,INC-02790,Supervisor
2025-06-22 12:30:00,Resolved,INC-02783,Incident Closed
2025-06-22 12:30:00,Resolved,INC-02784,Incident Closed
2025-06-22 12:30:00,Incident Created,INC-02791,OVER_GENERATION_INCIDENT
2025-06-22 12:30:00,Escalated,INC-02791,Operator
2025-06-22 12:30:00,Incident Created,INC-02792,CURTAILMENT_RISK_INCIDENT
2025-06-22 12:30:00,Escalated,INC-02792,Supervisor
2025-06-22 13:00:00,Resolved,INC-02785,Incident Closed
2025-06-22 13:00:00,Resolved,INC-02786,Incident Closed
2025-06-22 13:00:00,Incident Created,INC-02793,OVER_GENERATION_INCIDENT
2025-06-22 13:00:00,Escalated,INC-02793,Operator
2025-06-22 13:00:00,Incident Created,INC-02794,CURTAILMENT_RISK_INCIDENT
2025-06-22 13:00:00,Escalated,INC-02794,Supervisor
2025-06-22 13:30:00,Resolved,INC-02787,Incident Closed
2025-06-22 13:30:00,Resolved,INC-02788,Incident Closed
2025-06-22 13:30:00,Incident Created,INC-02795,OVER_GENERATION_INCIDENT
2025-06-22 13:30:00,Escalated,INC-02795,Operator
2025-06-22 13:30:00,Incident Created,INC-02796,CURTAILMENT_RISK_INCIDENT
2025-06-22 13:30:00,Escalated,INC-02796,Supervisor
2025-06-22 14:00:00,Resolved,INC-02789,Incident Closed
2025-06-22 14:00:00,Resolved,INC-02790,Incident Closed
2025-06-22 14:00:00,Escalated,INC-02797,Operator
2025-06-22 14:00:00,Incident Created,INC-02797,OVER_GENERATION_INCIDENT
2025-06-22 14:00:00,Escalated,INC-02798,Supervisor
2025-06-22 14:00:00,Incident Created,INC-02798,CURTAILMENT_RISK_INCIDENT
2025-06-22 14:30:00,Resolved,INC-02791,Incident Closed
2025-06-22 14:30:00,Resolved,INC-02792,Incident Closed
2025-06-22 14:30:00,Escalated,INC-02799,Operator
2025-06-22 14:30:00,Incident Created,INC-02799,OVER_GENERATION_INCIDENT
2025-06-22 14:30:00,Incident Created,INC-02800,CURTAILMENT_RISK_INCIDENT
2025-06-22 14:30:00,Escalated,INC-02800,Supervisor
2025-06-22 15:00:00,Resolved,INC-02793,Incident Closed
2025-06-22 15:00:00,Resolved,INC-02794,Incident Closed
2025-06-22 15:00:00,Escalated,INC-02801,Operator
2025-06-22 15:00:00,Incident Created,INC-02801,OVER_GENERATION_INCIDENT
2025-06-22 15:00:00,Incident Created,INC-02802,CURTAILMENT_RISK_INCIDENT
2025-06-22 15:00:00,Escalated,INC-02802,Supervisor
2025-06-22 15:30:00,Resolved,INC-02795,Incident Closed
2025-06-22 15:30:00,Resolved,INC-02796,Incident Closed
2025-06-22 15:30:00,Escalated,INC-02803,Operator
2025-06-22 15:30:00,Incident Created,INC-02803,OVER_GENERATION_INCIDENT
2025-06-22 15:30:00,Incident Created,INC-02804,CURTAILMENT_RISK_INCIDENT
2025-06-22 15:30:00,Escalated,INC-02804,Supervisor
2025-06-22 16:00:00,Resolved,INC-02797,Incident Closed
2025-06-22 16:00:00,Resolved,INC-02798,Incident Closed
2025-06-22 16:00:00,Incident Created,INC-02805,CURTAILMENT_RISK_INCIDENT
2025-06-22 16:00:00,Escalated,INC-02805,Supervisor
2025-06-22 16:30:00,Resolved,INC-02799,Incident Closed
2025-06-22 16:30:00,Resolved,INC-02800,Incident Closed
2025-06-22 17:00:00,Resolved,INC-02801,Incident Closed
2025-06-22 17:00:00,Resolved,INC-02802,Incident Closed
2025-06-22 17:30:00,Resolved,INC-02803,Incident Closed
2025-06-22 17:30:00,Resolved,INC-02804,Incident Closed
2025-06-22 18:00:00,Resolved,INC-02805,Incident Closed
2025-06-23 00:30:00,Incident Created,INC-02806,OVER_GENERATION_INCIDENT
2025-06-23 00:30:00,Escalated,INC-02806,Operator
2025-06-23 01:00:00,Incident Created,INC-02807,OVER_GENERATION_INCIDENT
2025-06-23 01:00:00,Escalated,INC-02807,Operator
2025-06-23 01:30:00,Escalated,INC-02808,Operator
2025-06-23 01:30:00,Incident Created,INC-02808,OVER_GENERATION_INCIDENT
2025-06-23 02:00:00,Escalated,INC-02809,Operator
2025-06-23 02:00:00,Incident Created,INC-02809,OVER_GENERATION_INCIDENT
2025-06-23 02:30:00,Resolved,INC-02806,Incident Closed
2025-06-23 02:30:00,Incident Created,INC-02810,OVER_GENERATION_INCIDENT
2025-06-23 02:30:00,Escalated,INC-02810,Operator
2025-06-23 03:00:00,Resolved,INC-02807,Incident Closed
2025-06-23 03:00:00,Escalated,INC-02811,Operator
2025-06-23 03:00:00,Incident Created,INC-02811,OVER_GENERATION_INCIDENT
2025-06-23 03:30:00,Resolved,INC-02808,Incident Closed
2025-06-23 03:30:00,Escalated,INC-02812,Operator
2025-06-23 03:30:00,Incident Created,INC-02812,OVER_GENERATION_INCIDENT
2025-06-23 04:00:00,Resolved,INC-02809,Incident Closed
2025-06-23 04:00:00,Escalated,INC-02813,Operator
2025-06-23 04:00:00,Incident Created,INC-02813,OVER_GENERATION_INCIDENT
2025-06-23 04:30:00,Resolved,INC-02810,Incident Closed
2025-06-23 04:30:00,Incident Created,INC-02814,OVER_GENERATION_INCIDENT
2025-06-23 04:30:00,Escalated,INC-02814,Operator
2025-06-23 05:00:00,Resolved,INC-02811,Incident Closed
2025-06-23 05:00:00,Escalated,INC-02815,Operator
2025-06-23 05:00:00,Incident Created,INC-02815,OVER_GENERATION_INCIDENT
2025-06-23 05:30:00,Resolved,INC-02812,Incident Closed
2025-06-23 05:30:00,Incident Created,INC-02816,OVER_GENERATION_INCIDENT
2025-06-23 05:30:00,Escalated,INC-02816,Operator
2025-06-23 06:00:00,Resolved,INC-02813,Incident Closed
2025-06-23 06:00:00,Incident Created,INC-02817,OVER_GENERATION_INCIDENT
2025-06-23 06:00:00,Escalated,INC-02817,Operator
2025-06-23 06:00:00,Incident Created,INC-02818,CURTAILMENT_RISK_INCIDENT
2025-06-23 06:00:00,Escalated,INC-02818,Supervisor
2025-06-23 06:30:00,Resolved,INC-02814,Incident Closed
2025-06-23 06:30:00,Incident Created,INC-02819,CURTAILMENT_RISK_INCIDENT
2025-06-23 06:30:00,Escalated,INC-02819,Supervisor
2025-06-23 07:00:00,Resolved,INC-02815,Incident Closed
2025-06-23 07:00:00,Escalated,INC-02820,Supervisor
2025-06-23 07:00:00,Incident Created,INC-02820,CURTAILMENT_RISK_INCIDENT
2025-06-23 07:30:00,Resolved,INC-02816,Incident Closed
2025-06-23 07:30:00,Escalated,INC-02821,Supervisor
2025-06-23 07:30:00,Incident Created,INC-02821,CURTAILMENT_RISK_INCIDENT
2025-06-23 08:00:00,Resolved,INC-02817,Incident Closed
2025-06-23 08:00:00,Resolved,INC-02818,Incident Closed
2025-06-23 08:00:00,Escalated,INC-02822,Supervisor
2025-06-23 08:00:00,Incident Created,INC-02822,CURTAILMENT_RISK_INCIDENT
2025-06-23 08:30:00,Resolved,INC-02819,Incident Closed
2025-06-23 08:30:00,Escalated,INC-02823,Supervisor
2025-06-23 08:30:00,Incident Created,INC-02823,CURTAILMENT_RISK_INCIDENT
2025-06-23 09:00:00,Resolved,INC-02820,Incident Closed
2025-06-23 09:00:00,Escalated,INC-02824,Supervisor
2025-06-23 09:00:00,Incident Created,INC-02824,CURTAILMENT_RISK_INCIDENT
2025-06-23 09:30:00,Resolved,INC-02821,Incident Closed
2025-06-23 09:30:00,Escalated,INC-02825,Supervisor
2025-06-23 09:30:00,Incident Created,INC-02825,CURTAILMENT_RISK_INCIDENT
2025-06-23 10:00:00,Resolved,INC-02822,Incident Closed
2025-06-23 10:00:00,Incident Created,INC-02826,CURTAILMENT_RISK_INCIDENT
2025-06-23 10:00:00,Escalated,INC-02826,Supervisor
2025-06-23 10:30:00,Resolved,INC-02823,Incident Closed
2025-06-23 10:30:00,Incident Created,INC-02827,CURTAILMENT_RISK_INCIDENT
2025-06-23 10:30:00,Escalated,INC-02827,Supervisor
2025-06-23 11:00:00,Resolved,INC-02824,Incident Closed
2025-06-23 11:00:00,Escalated,INC-02828,Supervisor
2025-06-23 11:00:00,Incident Created,INC-02828,CURTAILMENT_RISK_INCIDENT
2025-06-23 11:30:00,Resolved,INC-02825,Incident Closed
2025-06-23 11:30:00,Escalated,INC-02829,Supervisor
2025-06-23 11:30:00,Incident Created,INC-02829,CURTAILMENT_RISK_INCIDENT
2025-06-23 12:00:00,Resolved,INC-02826,Incident Closed
2025-06-23 12:00:00,Escalated,INC-02830,Supervisor
2025-06-23 12:00:00,Incident Created,INC-02830,CURTAILMENT_RISK_INCIDENT
2025-06-23 12:30:00,Resolved,INC-02827,Incident Closed
2025-06-23 12:30:00,Escalated,INC-02831,Supervisor
2025-06-23 12:30:00,Incident Created,INC-02831,CURTAILMENT_RISK_INCIDENT
2025-06-23 13:00:00,Resolved,INC-02828,Incident Closed
2025-06-23 13:00:00,Escalated,INC-02832,Supervisor
2025-06-23 13:00:00,Incident Created,INC-02832,CURTAILMENT_RISK_INCIDENT
2025-06-23 13:30:00,Resolved,INC-02829,Incident Closed
2025-06-23 13:30:00,Incident Created,INC-02833,OVER_GENERATION_INCIDENT
2025-06-23 13:30:00,Escalated,INC-02833,Operator
2025-06-23 13:30:00,Escalated,INC-02834,Supervisor
2025-06-23 13:30:00,Incident Created,INC-02834,CURTAILMENT_RISK_INCIDENT
2025-06-23 14:00:00,Resolved,INC-02830,Incident Closed
2025-06-23 14:00:00,Escalated,INC-02835,Operator
2025-06-23 14:00:00,Incident Created,INC-02835,OVER_GENERATION_INCIDENT
2025-06-23 14:00:00,Incident Created,INC-02836,CURTAILMENT_RISK_INCIDENT
2025-06-23 14:00:00,Escalated,INC-02836,Supervisor
2025-06-23 14:30:00,Resolved,INC-02831,Incident Closed
2025-06-23 14:30:00,Escalated,INC-02837,Operator
2025-06-23 14:30:00,Incident Created,INC-02837,OVER_GENERATION_INCIDENT
2025-06-23 14:30:00,Escalated,INC-02838,Supervisor
2025-06-23 14:30:00,Incident Created,INC-02838,CURTAILMENT_RISK_INCIDENT
2025-06-23 15:00:00,Resolved,INC-02832,Incident Closed
2025-06-23 15:00:00,Escalated,INC-02839,Operator
2025-06-23 15:00:00,Incident Created,INC-02839,OVER_GENERATION_INCIDENT
2025-06-23 15:00:00,Escalated,INC-02840,Supervisor
2025-06-23 15:00:00,Incident Created,INC-02840,CURTAILMENT_RISK_INCIDENT
2025-06-23 15:30:00,Resolved,INC-02833,Incident Closed
2025-06-23 15:30:00,Resolved,INC-02834,Incident Closed
2025-06-23 15:30:00,Incident Created,INC-02841,OVER_GENERATION_INCIDENT
2025-06-23 15:30:00,Escalated,INC-02841,Operator
2025-06-23 15:30:00,Escalated,INC-02842,Supervisor
2025-06-23 15:30:00,Incident Created,INC-02842,CURTAILMENT_RISK_INCIDENT
2025-06-23 16:00:00,Resolved,INC-02835,Incident Closed
2025-06-23 16:00:00,Resolved,INC-02836,Incident Closed
2025-06-23 16:00:00,Incident Created,INC-02843,CURTAILMENT_RISK_INCIDENT
2025-06-23 16:00:00,Escalated,INC-02843,Supervisor
2025-06-23 16:30:00,Resolved,INC-02837,Incident Closed
2025-06-23 16:30:00,Resolved,INC-02838,Incident Closed
2025-06-23 16:30:00,Incident Created,INC-02844,CURTAILMENT_RISK_INCIDENT
2025-06-23 16:30:00,Escalated,INC-02844,Supervisor
2025-06-23 17:00:00,Resolved,INC-02839,Incident Closed
2025-06-23 17:00:00,Resolved,INC-02840,Incident Closed
2025-06-23 17:00:00,Incident Created,INC-02845,CURTAILMENT_RISK_INCIDENT
2025-06-23 17:00:00,Escalated,INC-02845,Supervisor
2025-06-23 17:30:00,Resolved,INC-02841,Incident Closed
2025-06-23 17:30:00,Resolved,INC-02842,Incident Closed
2025-06-23 18:00:00,Resolved,INC-02843,Incident Closed
2025-06-23 18:30:00,Resolved,INC-02844,Incident Closed
2025-06-23 19:00:00,Resolved,INC-02845,Incident Closed
2025-06-24 01:00:00,Escalated,INC-02846,Operator
2025-06-24 01:00:00,Incident Created,INC-02846,OVER_GENERATION_INCIDENT
2025-06-24 01:30:00,Incident Created,INC-02847,OVER_GENERATION_INCIDENT
2025-06-24 01:30:00,Escalated,INC-02847,Operator
2025-06-24 02:00:00,Incident Created,INC-02848,OVER_GENERATION_INCIDENT
2025-06-24 02:00:00,Escalated,INC-02848,Operator
2025-06-24 02:30:00,Incident Created,INC-02849,OVER_GENERATION_INCIDENT
2025-06-24 02:30:00,Escalated,INC-02849,Operator
2025-06-24 03:00:00,Resolved,INC-02846,Incident Closed
2025-06-24 03:00:00,Incident Created,INC-02850,OVER_GENERATION_INCIDENT
2025-06-24 03:00:00,Escalated,INC-02850,Operator
2025-06-24 03:30:00,Resolved,INC-02847,Incident Closed
2025-06-24 03:30:00,Escalated,INC-02851,Operator
2025-06-24 03:30:00,Incident Created,INC-02851,OVER_GENERATION_INCIDENT
2025-06-24 04:00:00,Resolved,INC-02848,Incident Closed
2025-06-24 04:00:00,Incident Created,INC-02852,OVER_GENERATION_INCIDENT
2025-06-24 04:00:00,Escalated,INC-02852,Operator
2025-06-24 04:30:00,Resolved,INC-02849,Incident Closed
2025-06-24 04:30:00,Escalated,INC-02853,Operator
2025-06-24 04:30:00,Incident Created,INC-02853,OVER_GENERATION_INCIDENT
2025-06-24 05:00:00,Resolved,INC-02850,Incident Closed
2025-06-24 05:00:00,Incident Created,INC-02854,OVER_GENERATION_INCIDENT
2025-06-24 05:00:00,Escalated,INC-02854,Operator
2025-06-24 05:30:00,Resolved,INC-02851,Incident Closed
2025-06-24 05:30:00,Escalated,INC-02855,Operator
2025-06-24 05:30:00,Incident Created,INC-02855,OVER_GENERATION_INCIDENT
2025-06-24 06:00:00,Resolved,INC-02852,Incident Closed
2025-06-24 06:30:00,Resolved,INC-02853,Incident Closed
2025-06-24 07:00:00,Resolved,INC-02854,Incident Closed
2025-06-24 07:30:00,Resolved,INC-02855,Incident Closed
2025-06-24 08:30:00,Incident Created,INC-02856,CURTAILMENT_RISK_INCIDENT
2025-06-24 08:30:00,Escalated,INC-02856,Supervisor
2025-06-24 09:00:00,Incident Created,INC-02857,CURTAILMENT_RISK_INCIDENT
2025-06-24 09:00:00,Escalated,INC-02857,Supervisor
2025-06-24 09:30:00,Escalated,INC-02858,Supervisor
2025-06-24 09:30:00,Incident Created,INC-02858,CURTAILMENT_RISK_INCIDENT
2025-06-24 10:00:00,Escalated,INC-02859,Supervisor
2025-06-24 10:00:00,Incident Created,INC-02859,CURTAILMENT_RISK_INCIDENT
2025-06-24 10:30:00,Resolved,INC-02856,Incident Closed
2025-06-24 10:30:00,Incident Created,INC-02860,CURTAILMENT_RISK_INCIDENT
2025-06-24 10:30:00,Escalated,INC-02860,Supervisor
2025-06-24 11:00:00,Resolved,INC-02857,Incident Closed
2025-06-24 11:00:00,Escalated,INC-02861,Supervisor
2025-06-24 11:00:00,Incident Created,INC-02861,CURTAILMENT_RISK_INCIDENT
2025-06-24 11:30:00,Resolved,INC-02858,Incident Closed
2025-06-24 11:30:00,Escalated,INC-02862,Supervisor
2025-06-24 11:30:00,Incident Created,INC-02862,CURTAILMENT_RISK_INCIDENT
2025-06-24 12:00:00,Resolved,INC-02859,Incident Closed
2025-06-24 12:00:00,Escalated,INC-02863,Supervisor
2025-06-24 12:00:00,Incident Created,INC-02863,CURTAILMENT_RISK_INCIDENT
2025-06-24 12:30:00,Resolved,INC-02860,Incident Closed
2025-06-24 12:30:00,Incident Created,INC-02864,CURTAILMENT_RISK_INCIDENT
2025-06-24 12:30:00,Escalated,INC-02864,Supervisor
2025-06-24 13:00:00,Resolved,INC-02861,Incident Closed
2025-06-24 13:00:00,Escalated,INC-02865,Supervisor
2025-06-24 13:00:00,Incident Created,INC-02865,CURTAILMENT_RISK_INCIDENT
2025-06-24 13:30:00,Resolved,INC-02862,Incident Closed
2025-06-24 13:30:00,Incident Created,INC-02866,CURTAILMENT_RISK_INCIDENT
2025-06-24 13:30:00,Escalated,INC-02866,Supervisor
2025-06-24 14:00:00,Resolved,INC-02863,Incident Closed
2025-06-24 14:00:00,Incident Created,INC-02867,CURTAILMENT_RISK_INCIDENT
2025-06-24 14:00:00,Escalated,INC-02867,Supervisor
2025-06-24 14:30:00,Resolved,INC-02864,Incident Closed
2025-06-24 14:30:00,Escalated,INC-02868,Supervisor
2025-06-24 14:30:00,Incident Created,INC-02868,CURTAILMENT_RISK_INCIDENT
2025-06-24 15:00:00,Resolved,INC-02865,Incident Closed
2025-06-24 15:00:00,Escalated,INC-02869,Supervisor
2025-06-24 15:00:00,Incident Created,INC-02869,CURTAILMENT_RISK_INCIDENT
2025-06-24 15:30:00,Resolved,INC-02866,Incident Closed
2025-06-24 15:30:00,Escalated,INC-02870,Supervisor
2025-06-24 15:30:00,Incident Created,INC-02870,CURTAILMENT_RISK_INCIDENT
2025-06-24 16:00:00,Resolved,INC-02867,Incident Closed
2025-06-24 16:00:00,Escalated,INC-02871,Supervisor
2025-06-24 16:00:00,Incident Created,INC-02871,CURTAILMENT_RISK_INCIDENT
2025-06-24 16:30:00,Resolved,INC-02868,Incident Closed
2025-06-24 17:00:00,Resolved,INC-02869,Incident Closed
2025-06-24 17:30:00,Resolved,INC-02870,Incident Closed
2025-06-24 18:00:00,Resolved,INC-02871,Incident Closed
2025-06-26 09:30:00,Escalated,INC-02872,Supervisor
2025-06-26 09:30:00,Incident Created,INC-02872,CURTAILMENT_RISK_INCIDENT
2025-06-26 10:00:00,Incident Created,INC-02873,CURTAILMENT_RISK_INCIDENT
2025-06-26 10:00:00,Escalated,INC-02873,Supervisor
2025-06-26 10:30:00,Incident Created,INC-02874,CURTAILMENT_RISK_INCIDENT
2025-06-26 10:30:00,Escalated,INC-02874,Supervisor
2025-06-26 11:00:00,Incident Created,INC-02875,CURTAILMENT_RISK_INCIDENT
2025-06-26 11:00:00,Escalated,INC-02875,Supervisor
2025-06-26 11:30:00,Resolved,INC-02872,Incident Closed
2025-06-26 11:30:00,Incident Created,INC-02876,CURTAILMENT_RISK_INCIDENT
2025-06-26 11:30:00,Escalated,INC-02876,Supervisor
2025-06-26 12:00:00,Resolved,INC-02873,Incident Closed
2025-06-26 12:00:00,Incident Created,INC-02877,CURTAILMENT_RISK_INCIDENT
2025-06-26 12:00:00,Escalated,INC-02877,Supervisor
2025-06-26 12:30:00,Resolved,INC-02874,Incident Closed
2025-06-26 12:30:00,Escalated,INC-02878,Supervisor
2025-06-26 12:30:00,Incident Created,INC-02878,CURTAILMENT_RISK_INCIDENT
2025-06-26 13:00:00,Resolved,INC-02875,Incident Closed
2025-06-26 13:00:00,Escalated,INC-02879,Supervisor
2025-06-26 13:00:00,Incident Created,INC-02879,CURTAILMENT_RISK_INCIDENT
2025-06-26 13:30:00,Resolved,INC-02876,Incident Closed
2025-06-26 13:30:00,Escalated,INC-02880,Operator
2025-06-26 13:30:00,Incident Created,INC-02880,OVER_GENERATION_INCIDENT
2025-06-26 13:30:00,Incident Created,INC-02881,CURTAILMENT_RISK_INCIDENT
2025-06-26 13:30:00,Escalated,INC-02881,Supervisor
2025-06-26 14:00:00,Resolved,INC-02877,Incident Closed
2025-06-26 14:00:00,Escalated,INC-02882,Operator
2025-06-26 14:00:00,Incident Created,INC-02882,OVER_GENERATION_INCIDENT
2025-06-26 14:00:00,Escalated,INC-02883,Supervisor
2025-06-26 14:00:00,Incident Created,INC-02883,CURTAILMENT_RISK_INCIDENT
2025-06-26 14:30:00,Resolved,INC-02878,Incident Closed
2025-06-26 14:30:00,Incident Created,INC-02884,OVER_GENERATION_INCIDENT
2025-06-26 14:30:00,Escalated,INC-02884,Operator
2025-06-26 14:30:00,Incident Created,INC-02885,CURTAILMENT_RISK_INCIDENT
2025-06-26 14:30:00,Escalated,INC-02885,Supervisor
2025-06-26 15:00:00,Resolved,INC-02879,Incident Closed
2025-06-26 15:00:00,Incident Created,INC-02886,OVER_GENERATION_INCIDENT
2025-06-26 15:00:00,Escalated,INC-02886,Operator
2025-06-26 15:00:00,Incident Created,INC-02887,CURTAILMENT_RISK_INCIDENT
2025-06-26 15:00:00,Escalated,INC-02887,Supervisor
2025-06-26 15:30:00,Resolved,INC-02880,Incident Closed
2025-06-26 15:30:00,Resolved,INC-02881,Incident Closed
2025-06-26 15:30:00,Incident Created,INC-02888,OVER_GENERATION_INCIDENT
2025-06-26 15:30:00,Escalated,INC-02888,Operator
2025-06-26 15:30:00,Escalated,INC-02889,Supervisor
2025-06-26 15:30:00,Incident Created,INC-02889,CURTAILMENT_RISK_INCIDENT
2025-06-26 16:00:00,Resolved,INC-02882,Incident Closed
2025-06-26 16:00:00,Resolved,INC-02883,Incident Closed
2025-06-26 16:00:00,Escalated,INC-02890,Supervisor
2025-06-26 16:00:00,Incident Created,INC-02890,CURTAILMENT_RISK_INCIDENT
2025-06-26 16:30:00,Resolved,INC-02884,Incident Closed
2025-06-26 16:30:00,Resolved,INC-02885,Incident Closed
2025-06-26 16:30:00,Incident Created,INC-02891,CURTAILMENT_RISK_INCIDENT
2025-06-26 16:30:00,Escalated,INC-02891,Supervisor
2025-06-26 17:00:00,Resolved,INC-02886,Incident Closed
2025-06-26 17:00:00,Resolved,INC-02887,Incident Closed
2025-06-26 17:00:00,Incident Created,INC-02892,CURTAILMENT_RISK_INCIDENT
2025-06-26 17:00:00,Escalated,INC-02892,Supervisor
2025-06-26 17:30:00,Resolved,INC-02888,Incident Closed
2025-06-26 17:30:00,Resolved,INC-02889,Incident Closed
2025-06-26 18:00:00,Resolved,INC-02890,Incident Closed
2025-06-26 18:30:00,Resolved,INC-02891,Incident Closed
2025-06-26 19:00:00,Resolved,INC-02892,Incident Closed
2025-06-27 03:30:00,Escalated,INC-02893,Operator
2025-06-27 03:30:00,Incident Created,INC-02893,OVER_GENERATION_INCIDENT
2025-06-27 04:00:00,Incident Created,INC-02894,OVER_GENERATION_INCIDENT
2025-06-27 04:00:00,Escalated,INC-02894,Operator
2025-06-27 04:30:00,Escalated,INC-02895,Operator
2025-06-27 04:30:00,Incident Created,INC-02895,OVER_GENERATION_INCIDENT
2025-06-27 05:00:00,Escalated,INC-02896,Operator
2025-06-27 05:00:00,Incident Created,INC-02896,OVER_GENERATION_INCIDENT
2025-06-27 05:30:00,Resolved,INC-02893,Incident Closed
2025-06-27 05:30:00,Escalated,INC-02897,Operator
2025-06-27 05:30:00,Incident Created,INC-02897,OVER_GENERATION_INCIDENT
2025-06-27 06:00:00,Resolved,INC-02894,Incident Closed
2025-06-27 06:30:00,Resolved,INC-02895,Incident Closed
2025-06-27 07:00:00,Resolved,INC-02896,Incident Closed
2025-06-27 07:30:00,Resolved,INC-02897,Incident Closed
2025-06-27 09:00:00,Escalated,INC-02898,Supervisor
2025-06-27 09:00:00,Incident Created,INC-02898,CURTAILMENT_RISK_INCIDENT
2025-06-27 09:30:00,Incident Created,INC-02899,CURTAILMENT_RISK_INCIDENT
2025-06-27 09:30:00,Escalated,INC-02899,Supervisor
2025-06-27 10:00:00,Incident Created,INC-02900,CURTAILMENT_RISK_INCIDENT
2025-06-27 10:00:00,Escalated,INC-02900,Supervisor
2025-06-27 10:30:00,Incident Created,INC-02901,CURTAILMENT_RISK_INCIDENT
2025-06-27 10:30:00,Escalated,INC-02901,Supervisor
2025-06-27 11:00:00,Resolved,INC-02898,Incident Closed
2025-06-27 11:00:00,Escalated,INC-02902,Supervisor
2025-06-27 11:00:00,Incident Created,INC-02902,CURTAILMENT_RISK_INCIDENT
2025-06-27 11:30:00,Resolved,INC-02899,Incident Closed
2025-06-27 11:30:00,Incident Created,INC-02903,CURTAILMENT_RISK_INCIDENT
2025-06-27 11:30:00,Escalated,INC-02903,Supervisor
2025-06-27 12:00:00,Resolved,INC-02900,Incident Closed
2025-06-27 12:00:00,Escalated,INC-02904,Supervisor
2025-06-27 12:00:00,Incident Created,INC-02904,CURTAILMENT_RISK_INCIDENT
2025-06-27 12:30:00,Resolved,INC-02901,Incident Closed
2025-06-27 12:30:00,Escalated,INC-02905,Supervisor
2025-06-27 12:30:00,Incident Created,INC-02905,CURTAILMENT_RISK_INCIDENT
2025-06-27 13:00:00,Resolved,INC-02902,Incident Closed
2025-06-27 13:00:00,Escalated,INC-02906,Supervisor
2025-06-27 13:00:00,Incident Created,INC-02906,CURTAILMENT_RISK_INCIDENT
2025-06-27 13:30:00,Resolved,INC-02903,Incident Closed
2025-06-27 13:30:00,Incident Created,INC-02907,OVER_GENERATION_INCIDENT
2025-06-27 13:30:00,Escalated,INC-02907,Operator
2025-06-27 13:30:00,Incident Created,INC-02908,CURTAILMENT_RISK_INCIDENT
2025-06-27 13:30:00,Escalated,INC-02908,Supervisor
2025-06-27 14:00:00,Resolved,INC-02904,Incident Closed
2025-06-27 14:00:00,Escalated,INC-02909,Operator
2025-06-27 14:00:00,Incident Created,INC-02909,OVER_GENERATION_INCIDENT
2025-06-27 14:00:00,Escalated,INC-02910,Supervisor
2025-06-27 14:00:00,Incident Created,INC-02910,CURTAILMENT_RISK_INCIDENT
2025-06-27 14:30:00,Resolved,INC-02905,Incident Closed
2025-06-27 14:30:00,Incident Created,INC-02911,OVER_GENERATION_INCIDENT
2025-06-27 14:30:00,Escalated,INC-02911,Operator
2025-06-27 14:30:00,Incident Created,INC-02912,CURTAILMENT_RISK_INCIDENT
2025-06-27 14:30:00,Escalated,INC-02912,Supervisor
2025-06-27 15:00:00,Resolved,INC-02906,Incident Closed
2025-06-27 15:00:00,Incident Created,INC-02913,OVER_GENERATION_INCIDENT
2025-06-27 15:00:00,Escalated,INC-02913,Operator
2025-06-27 15:00:00,Incident Created,INC-02914,CURTAILMENT_RISK_INCIDENT
2025-06-27 15:00:00,Escalated,INC-02914,Supervisor
2025-06-27 15:30:00,Resolved,INC-02907,Incident Closed
2025-06-27 15:30:00,Resolved,INC-02908,Incident Closed
2025-06-27 15:30:00,Escalated,INC-02915,Supervisor
2025-06-27 15:30:00,Incident Created,INC-02915,CURTAILMENT_RISK_INCIDENT
2025-06-27 16:00:00,Resolved,INC-02909,Incident Closed
2025-06-27 16:00:00,Resolved,INC-02910,Incident Closed
2025-06-27 16:00:00,Escalated,INC-02916,Supervisor
2025-06-27 16:00:00,Incident Created,INC-02916,CURTAILMENT_RISK_INCIDENT
2025-06-27 16:30:00,Resolved,INC-02911,Incident Closed
2025-06-27 16:30:00,Resolved,INC-02912,Incident Closed
2025-06-27 16:30:00,Escalated,INC-02917,Supervisor
2025-06-27 16:30:00,Incident Created,INC-02917,CURTAILMENT_RISK_INCIDENT
2025-06-27 17:00:00,Resolved,INC-02913,Incident Closed
2025-06-27 17:00:00,Resolved,INC-02914,Incident Closed
2025-06-27 17:30:00,Resolved,INC-02915,Incident Closed
2025-06-27 18:00:00,Resolved,INC-02916,Incident Closed
2025-06-27 18:30:00,Resolved,INC-02917,Incident Closed
2025-06-28 01:30:00,Escalated,INC-02918,Operator
2025-06-28 01:30:00,Incident Created,INC-02918,OVER_GENERATION_INCIDENT
2025-06-28 02:00:00,Incident Created,INC-02919,OVER_GENERATION_INCIDENT
2025-06-28 02:00:00,Escalated,INC-02919,Operator
2025-06-28 02:30:00,Escalated,INC-02920,Operator
2025-06-28 02:30:00,Incident Created,INC-02920,OVER_GENERATION_INCIDENT
2025-06-28 03:00:00,Incident Created,INC-02921,OVER_GENERATION_INCIDENT
2025-06-28 03:00:00,Escalated,INC-02921,Operator
2025-06-28 03:30:00,Resolved,INC-02918,Incident Closed
2025-06-28 03:30:00,Incident Created,INC-02922,OVER_GENERATION_INCIDENT
2025-06-28 03:30:00,Escalated,INC-02922,Operator
2025-06-28 04:00:00,Resolved,INC-02919,Incident Closed
2025-06-28 04:00:00,Incident Created,INC-02923,OVER_GENERATION_INCIDENT
2025-06-28 04:00:00,Escalated,INC-02923,Operator
2025-06-28 04:30:00,Resolved,INC-02920,Incident Closed
2025-06-28 04:30:00,Escalated,INC-02924,Operator
2025-06-28 04:30:00,Incident Created,INC-02924,OVER_GENERATION_INCIDENT
2025-06-28 05:00:00,Resolved,INC-02921,Incident Closed
2025-06-28 05:00:00,Escalated,INC-02925,Operator
2025-06-28 05:00:00,Incident Created,INC-02925,OVER_GENERATION_INCIDENT
2025-06-28 05:30:00,Resolved,INC-02922,Incident Closed
2025-06-28 05:30:00,Escalated,INC-02926,Operator
2025-06-28 05:30:00,Incident Created,INC-02926,OVER_GENERATION_INCIDENT
2025-06-28 06:00:00,Resolved,INC-02923,Incident Closed
2025-06-28 06:00:00,Escalated,INC-02927,Operator
2025-06-28 06:00:00,Incident Created,INC-02927,OVER_GENERATION_INCIDENT
2025-06-28 06:30:00,Resolved,INC-02924,Incident Closed
2025-06-28 06:30:00,Escalated,INC-02928,Operator
2025-06-28 06:30:00,Incident Created,INC-02928,OVER_GENERATION_INCIDENT
2025-06-28 07:00:00,Resolved,INC-02925,Incident Closed
2025-06-28 07:00:00,Escalated,INC-02929,Operator
2025-06-28 07:00:00,Incident Created,INC-02929,OVER_GENERATION_INCIDENT
2025-06-28 07:30:00,Resolved,INC-02926,Incident Closed
2025-06-28 08:00:00,Resolved,INC-02927,Incident Closed
2025-06-28 08:00:00,Escalated,INC-02930,Supervisor
2025-06-28 08:00:00,Incident Created,INC-02930,CURTAILMENT_RISK_INCIDENT
2025-06-28 08:30:00,Resolved,INC-02928,Incident Closed
2025-06-28 08:30:00,Escalated,INC-02931,Supervisor
2025-06-28 08:30:00,Incident Created,INC-02931,CURTAILMENT_RISK_INCIDENT
2025-06-28 09:00:00,Resolved,INC-02929,Incident Closed
2025-06-28 09:00:00,Incident Created,INC-02932,CURTAILMENT_RISK_INCIDENT
2025-06-28 09:00:00,Escalated,INC-02932,Supervisor
2025-06-28 09:30:00,Escalated,INC-02933,Supervisor
2025-06-28 09:30:00,Incident Created,INC-02933,CURTAILMENT_RISK_INCIDENT
2025-06-28 10:00:00,Resolved,INC-02930,Incident Closed
2025-06-28 10:00:00,Escalated,INC-02934,Supervisor
2025-06-28 10:00:00,Incident Created,INC-02934,CURTAILMENT_RISK_INCIDENT
2025-06-28 10:30:00,Resolved,INC-02931,Incident Closed
2025-06-28 10:30:00,Incident Created,INC-02935,CURTAILMENT_RISK_INCIDENT
2025-06-28 10:30:00,Escalated,INC-02935,Supervisor
2025-06-28 11:00:00,Resolved,INC-02932,Incident Closed
2025-06-28 11:00:00,Incident Created,INC-02936,OVER_GENERATION_INCIDENT
2025-06-28 11:00:00,Escalated,INC-02936,Operator
2025-06-28 11:00:00,Escalated,INC-02937,Supervisor
2025-06-28 11:00:00,Incident Created,INC-02937,CURTAILMENT_RISK_INCIDENT
2025-06-28 11:30:00,Resolved,INC-02933,Incident Closed
2025-06-28 11:30:00,Incident Created,INC-02938,OVER_GENERATION_INCIDENT
2025-06-28 11:30:00,Escalated,INC-02938,Operator
2025-06-28 11:30:00,Escalated,INC-02939,Supervisor
2025-06-28 11:30:00,Incident Created,INC-02939,CURTAILMENT_RISK_INCIDENT
2025-06-28 12:00:00,Resolved,INC-02934,Incident Closed
2025-06-28 12:00:00,Escalated,INC-02940,Operator
2025-06-28 12:00:00,Incident Created,INC-02940,OVER_GENERATION_INCIDENT
2025-06-28 12:00:00,Incident Created,INC-02941,CURTAILMENT_RISK_INCIDENT
2025-06-28 12:00:00,Escalated,INC-02941,Supervisor
2025-06-28 12:30:00,Resolved,INC-02935,Incident Closed
2025-06-28 12:30:00,Escalated,INC-02942,Operator
2025-06-28 12:30:00,Incident Created,INC-02942,OVER_GENERATION_INCIDENT
2025-06-28 12:30:00,Incident Created,INC-02943,CURTAILMENT_RISK_INCIDENT
2025-06-28 12:30:00,Escalated,INC-02943,Supervisor
2025-06-28 13:00:00,Resolved,INC-02936,Incident Closed
2025-06-28 13:00:00,Resolved,INC-02937,Incident Closed
2025-06-28 13:00:00,Incident Created,INC-02944,OVER_GENERATION_INCIDENT
2025-06-28 13:00:00,Escalated,INC-02944,Operator
2025-06-28 13:00:00,Incident Created,INC-02945,CURTAILMENT_RISK_INCIDENT
2025-06-28 13:00:00,Escalated,INC-02945,Supervisor
2025-06-28 13:30:00,Resolved,INC-02938,Incident Closed
2025-06-28 13:30:00,Resolved,INC-02939,Incident Closed
2025-06-28 13:30:00,Escalated,INC-02946,Operator
2025-06-28 13:30:00,Incident Created,INC-02946,OVER_GENERATION_INCIDENT
2025-06-28 13:30:00,Escalated,INC-02947,Supervisor
2025-06-28 13:30:00,Incident Created,INC-02947,CURTAILMENT_RISK_INCIDENT
2025-06-28 14:00:00,Resolved,INC-02940,Incident Closed
2025-06-28 14:00:00,Resolved,INC-02941,Incident Closed
2025-06-28 14:00:00,Incident Created,INC-02948,OVER_GENERATION_INCIDENT
2025-06-28 14:00:00,Escalated,INC-02948,Operator
2025-06-28 14:00:00,Incident Created,INC-02949,CURTAILMENT_RISK_INCIDENT
2025-06-28 14:00:00,Escalated,INC-02949,Supervisor
2025-06-28 14:30:00,Resolved,INC-02942,Incident Closed
2025-06-28 14:30:00,Resolved,INC-02943,Incident Closed
2025-06-28 14:30:00,Incident Created,INC-02950,OVER_GENERATION_INCIDENT
2025-06-28 14:30:00,Escalated,INC-02950,Operator
2025-06-28 14:30:00,Incident Created,INC-02951,CURTAILMENT_RISK_INCIDENT
2025-06-28 14:30:00,Escalated,INC-02951,Supervisor
2025-06-28 15:00:00,Resolved,INC-02944,Incident Closed
2025-06-28 15:00:00,Resolved,INC-02945,Incident Closed
2025-06-28 15:00:00,Incident Created,INC-02952,OVER_GENERATION_INCIDENT
2025-06-28 15:00:00,Escalated,INC-02952,Operator
2025-06-28 15:00:00,Incident Created,INC-02953,CURTAILMENT_RISK_INCIDENT
2025-06-28 15:00:00,Escalated,INC-02953,Supervisor
2025-06-28 15:30:00,Resolved,INC-02946,Incident Closed
2025-06-28 15:30:00,Resolved,INC-02947,Incident Closed
2025-06-28 15:30:00,Incident Created,INC-02954,OVER_GENERATION_INCIDENT
2025-06-28 15:30:00,Escalated,INC-02954,Operator
2025-06-28 15:30:00,Escalated,INC-02955,Supervisor
2025-06-28 15:30:00,Incident Created,INC-02955,CURTAILMENT_RISK_INCIDENT
2025-06-28 16:00:00,Resolved,INC-02948,Incident Closed
2025-06-28 16:00:00,Resolved,INC-02949,Incident Closed
2025-06-28 16:00:00,Escalated,INC-02956,Operator
2025-06-28 16:00:00,Incident Created,INC-02956,OVER_GENERATION_INCIDENT
2025-06-28 16:30:00,Resolved,INC-02950,Incident Closed
2025-06-28 16:30:00,Resolved,INC-02951,Incident Closed
2025-06-28 16:30:00,Escalated,INC-02957,Operator
2025-06-28 16:30:00,Incident Created,INC-02957,OVER_GENERATION_INCIDENT
2025-06-28 17:00:00,Resolved,INC-02952,Incident Closed
2025-06-28 17:00:00,Resolved,INC-02953,Incident Closed
2025-06-28 17:30:00,Resolved,INC-02954,Incident Closed
2025-06-28 17:30:00,Resolved,INC-02955,Incident Closed
2025-06-28 18:00:00,Resolved,INC-02956,Incident Closed
2025-06-28 18:30:00,Resolved,INC-02957,Incident Closed
2025-06-29 06:00:00,Escalated,INC-02958,Operator
2025-06-29 06:00:00,Incident Created,INC-02958,OVER_GENERATION_INCIDENT
2025-06-29 06:30:00,Escalated,INC-02959,Operator
2025-06-29 06:30:00,Incident Created,INC-02959,OVER_GENERATION_INCIDENT
2025-06-29 07:00:00,Escalated,INC-02960,Operator
2025-06-29 07:00:00,Incident Created,INC-02960,OVER_GENERATION_INCIDENT
2025-06-29 07:30:00,Incident Created,INC-02961,OVER_GENERATION_INCIDENT
2025-06-29 07:30:00,Escalated,INC-02961,Operator
2025-06-29 08:00:00,Resolved,INC-02958,Incident Closed
2025-06-29 08:30:00,Resolved,INC-02959,Incident Closed
2025-06-29 09:00:00,Resolved,INC-02960,Incident Closed
2025-06-29 09:30:00,Resolved,INC-02961,Incident Closed
2025-06-29 14:00:00,Escalated,INC-02962,Operator
2025-06-29 14:00:00,Incident Created,INC-02962,OVER_GENERATION_INCIDENT
2025-06-29 14:30:00,Escalated,INC-02963,Operator
2025-06-29 14:30:00,Incident Created,INC-02963,OVER_GENERATION_INCIDENT
2025-06-29 16:00:00,Resolved,INC-02962,Incident Closed
2025-06-29 16:30:00,Resolved,INC-02963,Incident Closed
2025-06-30 04:00:00,Escalated,INC-02964,Operator
2025-06-30 04:00:00,Incident Created,INC-02964,OVER_GENERATION_INCIDENT
2025-06-30 04:30:00,Incident Created,INC-02965,OVER_GENERATION_INCIDENT
2025-06-30 04:30:00,Escalated,INC-02965,Operator
2025-06-30 05:00:00,Incident Created,INC-02966,OVER_GENERATION_INCIDENT
2025-06-30 05:00:00,Escalated,INC-02966,Operator
2025-06-30 06:00:00,Resolved,INC-02964,Incident Closed
2025-06-30 06:30:00,Resolved,INC-02965,Incident Closed
2025-06-30 07:00:00,Resolved,INC-02966,Incident Closed
2025-06-30 12:30:00,Escalated,INC-02967,Supervisor
2025-06-30 12:30:00,Incident Created,INC-02967,CURTAILMENT_RISK_INCIDENT
2025-06-30 13:00:00,Incident Created,INC-02968,CURTAILMENT_RISK_INCIDENT
2025-06-30 13:00:00,Escalated,INC-02968,Supervisor
2025-06-30 13:30:00,Incident Created,INC-02969,CURTAILMENT_RISK_INCIDENT
2025-06-30 13:30:00,Escalated,INC-02969,Supervisor
2025-06-30 14:30:00,Resolved,INC-02967,Incident Closed
2025-06-30 15:00:00,Resolved,INC-02968,Incident Closed
2025-06-30 15:30:00,Resolved,INC-02969,Incident Closed
2025-07-01 04:00:00,Escalated,INC-02970,Supervisor
2025-07-01 04:00:00,Incident Created,INC-02970,SUSTAINABILITY_INCIDENT
2025-07-01 04:30:00,Escalated,INC-02971,Supervisor
2025-07-01 04:30:00,Incident Created,INC-02971,SUSTAINABILITY_INCIDENT
2025-07-01 05:00:00,Escalated,INC-02972,Supervisor
2025-07-01 05:00:00,Incident Created,INC-02972,SUSTAINABILITY_INCIDENT
2025-07-01 06:00:00,Resolved,INC-02970,Incident Closed
2025-07-01 06:30:00,Resolved,INC-02971,Incident Closed
2025-07-01 07:00:00,Resolved,INC-02972,Incident Closed
2025-07-01 18:30:00,Incident Created,INC-02973,SUSTAINABILITY_INCIDENT
2025-07-01 18:30:00,Escalated,INC-02973,Supervisor
2025-07-01 19:00:00,Incident Created,INC-02974,SUSTAINABILITY_INCIDENT
2025-07-01 19:00:00,Escalated,INC-02974,Supervisor
2025-07-01 19:30:00,Escalated,INC-02975,Supervisor
2025-07-01 19:30:00,Incident Created,INC-02975,SUSTAINABILITY_INCIDENT
2025-07-01 20:00:00,Incident Created,INC-02976,SUSTAINABILITY_INCIDENT
2025-07-01 20:00:00,Escalated,INC-02976,Supervisor
2025-07-01 20:30:00,Resolved,INC-02973,Incident Closed
2025-07-01 20:30:00,Incident Created,INC-02977,SUSTAINABILITY_INCIDENT
2025-07-01 20:30:00,Escalated,INC-02977,Supervisor
2025-07-01 21:00:00,Resolved,INC-02974,Incident Closed
2025-07-01 21:00:00,Incident Created,INC-02978,SUSTAINABILITY_INCIDENT
2025-07-01 21:00:00,Escalated,INC-02978,Supervisor
2025-07-01 21:30:00,Resolved,INC-02975,Incident Closed
2025-07-01 21:30:00,Escalated,INC-02979,Supervisor
2025-07-01 21:30:00,Incident Created,INC-02979,SUSTAINABILITY_INCIDENT
2025-07-01 22:00:00,Resolved,INC-02976,Incident Closed
2025-07-01 22:00:00,Escalated,INC-02980,Supervisor
2025-07-01 22:00:00,Incident Created,INC-02980,SUSTAINABILITY_INCIDENT
2025-07-01 22:30:00,Resolved,INC-02977,Incident Closed
2025-07-01 22:30:00,Escalated,INC-02981,Supervisor
2025-07-01 22:30:00,Incident Created,INC-02981,SUSTAINABILITY_INCIDENT
2025-07-01 23:00:00,Resolved,INC-02978,Incident Closed
2025-07-01 23:00:00,Escalated,INC-02982,Supervisor
2025-07-01 23:00:00,Incident Created,INC-02982,SUSTAINABILITY_INCIDENT
2025-07-01 23:30:00,Resolved,INC-02979,Incident Closed
2025-07-01 23:30:00,Escalated,INC-02983,Supervisor
2025-07-01 23:30:00,Incident Created,INC-02983,SUSTAINABILITY_INCIDENT
2025-07-02 00:00:00,Resolved,INC-02980,Incident Closed
2025-07-02 00:00:00,Escalated,INC-02984,Supervisor
2025-07-02 00:00:00,Incident Created,INC-02984,SUSTAINABILITY_INCIDENT
2025-07-02 00:30:00,Resolved,INC-02981,Incident Closed
2025-07-02 00:30:00,Escalated,INC-02985,Supervisor
2025-07-02 00:30:00,Incident Created,INC-02985,SUSTAINABILITY_INCIDENT
2025-07-02 01:00:00,Resolved,INC-02982,Incident Closed
2025-07-02 01:00:00,Incident Created,INC-02986,SUSTAINABILITY_INCIDENT
2025-07-02 01:00:00,Escalated,INC-02986,Supervisor
2025-07-02 01:30:00,Resolved,INC-02983,Incident Closed
2025-07-02 01:30:00,Escalated,INC-02987,Supervisor
2025-07-02 01:30:00,Incident Created,INC-02987,SUSTAINABILITY_INCIDENT
2025-07-02 02:00:00,Resolved,INC-02984,Incident Closed
2025-07-02 02:00:00,Escalated,INC-02988,Supervisor
2025-07-02 02:00:00,Incident Created,INC-02988,SUSTAINABILITY_INCIDENT
2025-07-02 02:30:00,Resolved,INC-02985,Incident Closed
2025-07-02 02:30:00,Incident Created,INC-02989,SUSTAINABILITY_INCIDENT
2025-07-02 02:30:00,Escalated,INC-02989,Supervisor
2025-07-02 03:00:00,Resolved,INC-02986,Incident Closed
2025-07-02 03:00:00,Escalated,INC-02990,Supervisor
2025-07-02 03:00:00,Incident Created,INC-02990,SUSTAINABILITY_INCIDENT
2025-07-02 03:30:00,Resolved,INC-02987,Incident Closed
2025-07-02 03:30:00,Escalated,INC-02991,Supervisor
2025-07-02 03:30:00,Incident Created,INC-02991,SUSTAINABILITY_INCIDENT
2025-07-02 04:00:00,Resolved,INC-02988,Incident Closed
2025-07-02 04:00:00,Incident Created,INC-02992,SUSTAINABILITY_INCIDENT
2025-07-02 04:00:00,Escalated,INC-02992,Supervisor
2025-07-02 04:30:00,Resolved,INC-02989,Incident Closed
2025-07-02 04:30:00,Escalated,INC-02993,Supervisor
2025-07-02 04:30:00,Incident Created,INC-02993,SUSTAINABILITY_INCIDENT
2025-07-02 05:00:00,Resolved,INC-02990,Incident Closed
2025-07-02 05:00:00,Escalated,INC-02994,Supervisor
2025-07-02 05:00:00,Incident Created,INC-02994,SUSTAINABILITY_INCIDENT
2025-07-02 05:30:00,Resolved,INC-02991,Incident Closed
2025-07-02 05:30:00,Escalated,INC-02995,Supervisor
2025-07-02 05:30:00,Incident Created,INC-02995,SUSTAINABILITY_INCIDENT
2025-07-02 06:00:00,Resolved,INC-02992,Incident Closed
2025-07-02 06:00:00,Incident Created,INC-02996,SUSTAINABILITY_INCIDENT
2025-07-02 06:00:00,Escalated,INC-02996,Supervisor
2025-07-02 06:30:00,Resolved,INC-02993,Incident Closed
2025-07-02 07:00:00,Resolved,INC-02994,Incident Closed
2025-07-02 07:30:00,Resolved,INC-02995,Incident Closed
2025-07-02 08:00:00,Resolved,INC-02996,Incident Closed
2025-07-03 05:00:00,Incident Created,INC-02997,OVER_GENERATION_INCIDENT
2025-07-03 05:00:00,Escalated,INC-02997,Operator
2025-07-03 05:30:00,Incident Created,INC-02998,OVER_GENERATION_INCIDENT
2025-07-03 05:30:00,Escalated,INC-02998,Operator
2025-07-03 07:00:00,Resolved,INC-02997,Incident Closed
2025-07-03 07:30:00,Resolved,INC-02998,Incident Closed
2025-07-04 03:00:00,Incident Created,INC-02999,OVER_GENERATION_INCIDENT
2025-07-04 03:00:00,Escalated,INC-02999,Operator
2025-07-04 03:30:00,Incident Created,INC-03000,OVER_GENERATION_INCIDENT
2025-07-04 03:30:00,Escalated,INC-03000,Operator
2025-07-04 04:00:00,Escalated,INC-03001,Operator
2025-07-04 04:00:00,Incident Created,INC-03001,OVER_GENERATION_INCIDENT
2025-07-04 04:30:00,Escalated,INC-03002,Operator
2025-07-04 04:30:00,Incident Created,INC-03002,OVER_GENERATION_INCIDENT
2025-07-04 05:00:00,Resolved,INC-02999,Incident Closed
2025-07-04 05:00:00,Incident Created,INC-03003,OVER_GENERATION_INCIDENT
2025-07-04 05:00:00,Escalated,INC-03003,Operator
2025-07-04 05:30:00,Resolved,INC-03000,Incident Closed
2025-07-04 05:30:00,Incident Created,INC-03004,OVER_GENERATION_INCIDENT
2025-07-04 05:30:00,Escalated,INC-03004,Operator
2025-07-04 06:00:00,Resolved,INC-03001,Incident Closed
2025-07-04 06:30:00,Resolved,INC-03002,Incident Closed
2025-07-04 07:00:00,Resolved,INC-03003,Incident Closed
2025-07-04 07:30:00,Resolved,INC-03004,Incident Closed
2025-07-04 09:30:00,Incident Created,INC-03005,CURTAILMENT_RISK_INCIDENT
2025-07-04 09:30:00,Escalated,INC-03005,Supervisor
2025-07-04 10:00:00,Escalated,INC-03006,Supervisor
2025-07-04 10:00:00,Incident Created,INC-03006,CURTAILMENT_RISK_INCIDENT
2025-07-04 10:30:00,Incident Created,INC-03007,CURTAILMENT_RISK_INCIDENT
2025-07-04 10:30:00,Escalated,INC-03007,Supervisor
2025-07-04 11:00:00,Escalated,INC-03008,Operator
2025-07-04 11:00:00,Incident Created,INC-03008,OVER_GENERATION_INCIDENT
2025-07-04 11:00:00,Escalated,INC-03009,Supervisor
2025-07-04 11:00:00,Incident Created,INC-03009,CURTAILMENT_RISK_INCIDENT
2025-07-04 11:30:00,Resolved,INC-03005,Incident Closed
2025-07-04 11:30:00,Incident Created,INC-03010,OVER_GENERATION_INCIDENT
2025-07-04 11:30:00,Escalated,INC-03010,Operator
2025-07-04 11:30:00,Incident Created,INC-03011,CURTAILMENT_RISK_INCIDENT
2025-07-04 11:30:00,Escalated,INC-03011,Supervisor
2025-07-04 12:00:00,Resolved,INC-03006,Incident Closed
2025-07-04 12:00:00,Incident Created,INC-03012,OVER_GENERATION_INCIDENT
2025-07-04 12:00:00,Escalated,INC-03012,Operator
2025-07-04 12:00:00,Incident Created,INC-03013,CURTAILMENT_RISK_INCIDENT
2025-07-04 12:00:00,Escalated,INC-03013,Supervisor
2025-07-04 12:30:00,Resolved,INC-03007,Incident Closed
2025-07-04 12:30:00,Escalated,INC-03014,Operator
2025-07-04 12:30:00,Incident Created,INC-03014,OVER_GENERATION_INCIDENT
2025-07-04 12:30:00,Incident Created,INC-03015,CURTAILMENT_RISK_INCIDENT
2025-07-04 12:30:00,Escalated,INC-03015,Supervisor
2025-07-04 13:00:00,Resolved,INC-03008,Incident Closed
2025-07-04 13:00:00,Resolved,INC-03009,Incident Closed
2025-07-04 13:00:00,Incident Created,INC-03016,OVER_GENERATION_INCIDENT
2025-07-04 13:00:00,Escalated,INC-03016,Operator
2025-07-04 13:00:00,Escalated,INC-03017,Supervisor
2025-07-04 13:00:00,Incident Created,INC-03017,CURTAILMENT_RISK_INCIDENT
2025-07-04 13:30:00,Resolved,INC-03010,Incident Closed
2025-07-04 13:30:00,Resolved,INC-03011,Incident Closed
2025-07-04 13:30:00,Incident Created,INC-03018,OVER_GENERATION_INCIDENT
2025-07-04 13:30:00,Escalated,INC-03018,Operator
2025-07-04 13:30:00,Escalated,INC-03019,Supervisor
2025-07-04 13:30:00,Incident Created,INC-03019,CURTAILMENT_RISK_INCIDENT
2025-07-04 14:00:00,Resolved,INC-03012,Incident Closed
2025-07-04 14:00:00,Resolved,INC-03013,Incident Closed
2025-07-04 14:00:00,Incident Created,INC-03020,OVER_GENERATION_INCIDENT
2025-07-04 14:00:00,Escalated,INC-03020,Operator
2025-07-04 14:00:00,Incident Created,INC-03021,CURTAILMENT_RISK_INCIDENT
2025-07-04 14:00:00,Escalated,INC-03021,Supervisor
2025-07-04 14:30:00,Resolved,INC-03014,Incident Closed
2025-07-04 14:30:00,Resolved,INC-03015,Incident Closed
2025-07-04 14:30:00,Escalated,INC-03022,Operator
2025-07-04 14:30:00,Incident Created,INC-03022,OVER_GENERATION_INCIDENT
2025-07-04 14:30:00,Escalated,INC-03023,Supervisor
2025-07-04 14:30:00,Incident Created,INC-03023,CURTAILMENT_RISK_INCIDENT
2025-07-04 15:00:00,Resolved,INC-03016,Incident Closed
2025-07-04 15:00:00,Resolved,INC-03017,Incident Closed
2025-07-04 15:00:00,Incident Created,INC-03024,OVER_GENERATION_INCIDENT
2025-07-04 15:00:00,Escalated,INC-03024,Operator
2025-07-04 15:00:00,Incident Created,INC-03025,CURTAILMENT_RISK_INCIDENT
2025-07-04 15:00:00,Escalated,INC-03025,Supervisor
2025-07-04 15:30:00,Resolved,INC-03018,Incident Closed
2025-07-04 15:30:00,Resolved,INC-03019,Incident Closed
2025-07-04 15:30:00,Incident Created,INC-03026,OVER_GENERATION_INCIDENT
2025-07-04 15:30:00,Escalated,INC-03026,Operator
2025-07-04 15:30:00,Escalated,INC-03027,Supervisor
2025-07-04 15:30:00,Incident Created,INC-03027,CURTAILMENT_RISK_INCIDENT
2025-07-04 16:00:00,Resolved,INC-03020,Incident Closed
2025-07-04 16:00:00,Resolved,INC-03021,Incident Closed
2025-07-04 16:00:00,Escalated,INC-03028,Operator
2025-07-04 16:00:00,Incident Created,INC-03028,OVER_GENERATION_INCIDENT
2025-07-04 16:00:00,Escalated,INC-03029,Supervisor
2025-07-04 16:00:00,Incident Created,INC-03029,CURTAILMENT_RISK_INCIDENT
2025-07-04 16:30:00,Resolved,INC-03022,Incident Closed
2025-07-04 16:30:00,Resolved,INC-03023,Incident Closed
2025-07-04 16:30:00,Incident Created,INC-03030,CURTAILMENT_RISK_INCIDENT
2025-07-04 16:30:00,Escalated,INC-03030,Supervisor
2025-07-04 17:00:00,Resolved,INC-03024,Incident Closed
2025-07-04 17:00:00,Resolved,INC-03025,Incident Closed
2025-07-04 17:30:00,Resolved,INC-03026,Incident Closed
2025-07-04 17:30:00,Resolved,INC-03027,Incident Closed
2025-07-04 18:00:00,Resolved,INC-03028,Incident Closed
2025-07-04 18:00:00,Resolved,INC-03029,Incident Closed
2025-07-04 18:30:00,Resolved,INC-03030,Incident Closed
2025-07-05 00:00:00,Escalated,INC-03031,Operator
2025-07-05 00:00:00,Incident Created,INC-03031,OVER_GENERATION_INCIDENT
2025-07-05 00:30:00,Escalated,INC-03032,Operator
2025-07-05 00:30:00,Incident Created,INC-03032,OVER_GENERATION_INCIDENT
2025-07-05 01:00:00,Incident Created,INC-03033,OVER_GENERATION_INCIDENT
2025-07-05 01:00:00,Escalated,INC-03033,Operator
2025-07-05 01:30:00,Incident Created,INC-03034,OVER_GENERATION_INCIDENT
2025-07-05 01:30:00,Escalated,INC-03034,Operator
2025-07-05 02:00:00,Resolved,INC-03031,Incident Closed
2025-07-05 02:00:00,Incident Created,INC-03035,OVER_GENERATION_INCIDENT
2025-07-05 02:00:00,Escalated,INC-03035,Operator
2025-07-05 02:30:00,Resolved,INC-03032,Incident Closed
2025-07-05 02:30:00,Escalated,INC-03036,Operator
2025-07-05 02:30:00,Incident Created,INC-03036,OVER_GENERATION_INCIDENT
2025-07-05 03:00:00,Resolved,INC-03033,Incident Closed
2025-07-05 03:00:00,Escalated,INC-03037,Operator
2025-07-05 03:00:00,Incident Created,INC-03037,OVER_GENERATION_INCIDENT
2025-07-05 03:30:00,Resolved,INC-03034,Incident Closed
2025-07-05 03:30:00,Incident Created,INC-03038,OVER_GENERATION_INCIDENT
2025-07-05 03:30:00,Escalated,INC-03038,Operator
2025-07-05 04:00:00,Resolved,INC-03035,Incident Closed
2025-07-05 04:00:00,Incident Created,INC-03039,OVER_GENERATION_INCIDENT
2025-07-05 04:00:00,Escalated,INC-03039,Operator
2025-07-05 04:30:00,Resolved,INC-03036,Incident Closed
2025-07-05 04:30:00,Escalated,INC-03040,Operator
2025-07-05 04:30:00,Incident Created,INC-03040,OVER_GENERATION_INCIDENT
2025-07-05 05:00:00,Resolved,INC-03037,Incident Closed
2025-07-05 05:00:00,Incident Created,INC-03041,OVER_GENERATION_INCIDENT
2025-07-05 05:00:00,Escalated,INC-03041,Operator
2025-07-05 05:30:00,Resolved,INC-03038,Incident Closed
2025-07-05 05:30:00,Incident Created,INC-03042,OVER_GENERATION_INCIDENT
2025-07-05 05:30:00,Escalated,INC-03042,Operator
2025-07-05 06:00:00,Resolved,INC-03039,Incident Closed
2025-07-05 06:00:00,Incident Created,INC-03043,OVER_GENERATION_INCIDENT
2025-07-05 06:00:00,Escalated,INC-03043,Operator
2025-07-05 06:30:00,Resolved,INC-03040,Incident Closed
2025-07-05 06:30:00,Escalated,INC-03044,Operator
2025-07-05 06:30:00,Incident Created,INC-03044,OVER_GENERATION_INCIDENT
2025-07-05 07:00:00,Resolved,INC-03041,Incident Closed
2025-07-05 07:00:00,Escalated,INC-03045,Operator
2025-07-05 07:00:00,Incident Created,INC-03045,OVER_GENERATION_INCIDENT
2025-07-05 07:30:00,Resolved,INC-03042,Incident Closed
2025-07-05 07:30:00,Incident Created,INC-03046,OVER_GENERATION_INCIDENT
2025-07-05 07:30:00,Escalated,INC-03046,Operator
2025-07-05 08:00:00,Resolved,INC-03043,Incident Closed
2025-07-05 08:00:00,Incident Created,INC-03047,CURTAILMENT_RISK_INCIDENT
2025-07-05 08:00:00,Escalated,INC-03047,Supervisor
2025-07-05 08:30:00,Resolved,INC-03044,Incident Closed
2025-07-05 08:30:00,Escalated,INC-03048,Supervisor
2025-07-05 08:30:00,Incident Created,INC-03048,CURTAILMENT_RISK_INCIDENT
2025-07-05 09:00:00,Resolved,INC-03045,Incident Closed
2025-07-05 09:00:00,Escalated,INC-03049,Supervisor
2025-07-05 09:00:00,Incident Created,INC-03049,CURTAILMENT_RISK_INCIDENT
2025-07-05 09:30:00,Resolved,INC-03046,Incident Closed
2025-07-05 09:30:00,Escalated,INC-03050,Supervisor
2025-07-05 09:30:00,Incident Created,INC-03050,CURTAILMENT_RISK_INCIDENT
2025-07-05 10:00:00,Resolved,INC-03047,Incident Closed
2025-07-05 10:30:00,Resolved,INC-03048,Incident Closed
2025-07-05 11:00:00,Resolved,INC-03049,Incident Closed
2025-07-05 11:30:00,Resolved,INC-03050,Incident Closed
2025-07-05 13:00:00,Incident Created,INC-03051,CURTAILMENT_RISK_INCIDENT
2025-07-05 13:00:00,Escalated,INC-03051,Supervisor
2025-07-05 15:00:00,Resolved,INC-03051,Incident Closed
2025-07-05 15:00:00,Incident Created,INC-03052,OVER_GENERATION_INCIDENT
2025-07-05 15:00:00,Escalated,INC-03052,Operator
2025-07-05 15:30:00,Incident Created,INC-03053,OVER_GENERATION_INCIDENT
2025-07-05 15:30:00,Escalated,INC-03053,Operator
2025-07-05 16:00:00,Escalated,INC-03054,Operator
2025-07-05 16:00:00,Incident Created,INC-03054,OVER_GENERATION_INCIDENT
2025-07-05 17:00:00,Resolved,INC-03052,Incident Closed
2025-07-05 17:30:00,Resolved,INC-03053,Incident Closed
2025-07-05 18:00:00,Resolved,INC-03054,Incident Closed
2025-07-06 04:30:00,Escalated,INC-03055,Operator
2025-07-06 04:30:00,Incident Created,INC-03055,OVER_GENERATION_INCIDENT
2025-07-06 05:00:00,Incident Created,INC-03056,OVER_GENERATION_INCIDENT
2025-07-06 05:00:00,Escalated,INC-03056,Operator
2025-07-06 05:30:00,Incident Created,INC-03057,OVER_GENERATION_INCIDENT
2025-07-06 05:30:00,Escalated,INC-03057,Operator
2025-07-06 06:00:00,Incident Created,INC-03058,OVER_GENERATION_INCIDENT
2025-07-06 06:00:00,Escalated,INC-03058,Operator
2025-07-06 06:30:00,Resolved,INC-03055,Incident Closed
2025-07-06 06:30:00,Escalated,INC-03059,Operator
2025-07-06 06:30:00,Incident Created,INC-03059,OVER_GENERATION_INCIDENT
2025-07-06 07:00:00,Resolved,INC-03056,Incident Closed
2025-07-06 07:00:00,Escalated,INC-03060,Operator
2025-07-06 07:00:00,Incident Created,INC-03060,OVER_GENERATION_INCIDENT
2025-07-06 07:30:00,Resolved,INC-03057,Incident Closed
2025-07-06 07:30:00,Incident Created,INC-03061,OVER_GENERATION_INCIDENT
2025-07-06 07:30:00,Escalated,INC-03061,Operator
2025-07-06 08:00:00,Resolved,INC-03058,Incident Closed
2025-07-06 08:30:00,Resolved,INC-03059,Incident Closed
2025-07-06 09:00:00,Resolved,INC-03060,Incident Closed
2025-07-06 09:30:00,Resolved,INC-03061,Incident Closed
2025-07-07 01:00:00,Incident Created,INC-03062,OVER_GENERATION_INCIDENT
2025-07-07 01:00:00,Escalated,INC-03062,Operator
2025-07-07 01:30:00,Incident Created,INC-03063,OVER_GENERATION_INCIDENT
2025-07-07 01:30:00,Escalated,INC-03063,Operator
2025-07-07 02:00:00,Incident Created,INC-03064,OVER_GENERATION_INCIDENT
2025-07-07 02:00:00,Escalated,INC-03064,Operator
2025-07-07 02:30:00,Escalated,INC-03065,Operator
2025-07-07 02:30:00,Incident Created,INC-03065,OVER_GENERATION_INCIDENT
2025-07-07 03:00:00,Resolved,INC-03062,Incident Closed
2025-07-07 03:00:00,Escalated,INC-03066,Operator
2025-07-07 03:00:00,Incident Created,INC-03066,OVER_GENERATION_INCIDENT
2025-07-07 03:30:00,Resolved,INC-03063,Incident Closed
2025-07-07 03:30:00,Escalated,INC-03067,Operator
2025-07-07 03:30:00,Incident Created,INC-03067,OVER_GENERATION_INCIDENT
2025-07-07 04:00:00,Resolved,INC-03064,Incident Closed
2025-07-07 04:00:00,Escalated,INC-03068,Operator
2025-07-07 04:00:00,Incident Created,INC-03068,OVER_GENERATION_INCIDENT
2025-07-07 04:30:00,Resolved,INC-03065,Incident Closed
2025-07-07 04:30:00,Escalated,INC-03069,Operator
2025-07-07 04:30:00,Incident Created,INC-03069,OVER_GENERATION_INCIDENT
2025-07-07 05:00:00,Resolved,INC-03066,Incident Closed
2025-07-07 05:00:00,Incident Created,INC-03070,OVER_GENERATION_INCIDENT
2025-07-07 05:00:00,Escalated,INC-03070,Operator
2025-07-07 05:30:00,Resolved,INC-03067,Incident Closed
2025-07-07 05:30:00,Incident Created,INC-03071,OVER_GENERATION_INCIDENT
2025-07-07 05:30:00,Escalated,INC-03071,Operator
2025-07-07 06:00:00,Resolved,INC-03068,Incident Closed
2025-07-07 06:30:00,Resolved,INC-03069,Incident Closed
2025-07-07 07:00:00,Resolved,INC-03070,Incident Closed
2025-07-07 07:30:00,Resolved,INC-03071,Incident Closed
2025-07-07 07:30:00,Incident Created,INC-03072,CURTAILMENT_RISK_INCIDENT
2025-07-07 07:30:00,Escalated,INC-03072,Supervisor
2025-07-07 08:00:00,Incident Created,INC-03073,CURTAILMENT_RISK_INCIDENT
2025-07-07 08:00:00,Escalated,INC-03073,Supervisor
2025-07-07 08:30:00,Incident Created,INC-03074,CURTAILMENT_RISK_INCIDENT
2025-07-07 08:30:00,Escalated,INC-03074,Supervisor
2025-07-07 09:00:00,Incident Created,INC-03075,CURTAILMENT_RISK_INCIDENT
2025-07-07 09:00:00,Escalated,INC-03075,Supervisor
2025-07-07 09:30:00,Resolved,INC-03072,Incident Closed
2025-07-07 09:30:00,Incident Created,INC-03076,CURTAILMENT_RISK_INCIDENT
2025-07-07 09:30:00,Escalated,INC-03076,Supervisor
2025-07-07 10:00:00,Resolved,INC-03073,Incident Closed
2025-07-07 10:00:00,Incident Created,INC-03077,CURTAILMENT_RISK_INCIDENT
2025-07-07 10:00:00,Escalated,INC-03077,Supervisor
2025-07-07 10:30:00,Resolved,INC-03074,Incident Closed
2025-07-07 10:30:00,Incident Created,INC-03078,CURTAILMENT_RISK_INCIDENT
2025-07-07 10:30:00,Escalated,INC-03078,Supervisor
2025-07-07 11:00:00,Resolved,INC-03075,Incident Closed
2025-07-07 11:00:00,Escalated,INC-03079,Supervisor
2025-07-07 11:00:00,Incident Created,INC-03079,CURTAILMENT_RISK_INCIDENT
2025-07-07 11:30:00,Resolved,INC-03076,Incident Closed
2025-07-07 11:30:00,Escalated,INC-03080,Supervisor
2025-07-07 11:30:00,Incident Created,INC-03080,CURTAILMENT_RISK_INCIDENT
2025-07-07 12:00:00,Resolved,INC-03077,Incident Closed
2025-07-07 12:00:00,Escalated,INC-03081,Supervisor
2025-07-07 12:00:00,Incident Created,INC-03081,CURTAILMENT_RISK_INCIDENT
2025-07-07 12:30:00,Resolved,INC-03078,Incident Closed
2025-07-07 12:30:00,Escalated,INC-03082,Supervisor
2025-07-07 12:30:00,Incident Created,INC-03082,CURTAILMENT_RISK_INCIDENT
2025-07-07 13:00:00,Resolved,INC-03079,Incident Closed
2025-07-07 13:00:00,Escalated,INC-03083,Supervisor
2025-07-07 13:00:00,Incident Created,INC-03083,CURTAILMENT_RISK_INCIDENT
2025-07-07 13:30:00,Resolved,INC-03080,Incident Closed
2025-07-07 13:30:00,Incident Created,INC-03084,CURTAILMENT_RISK_INCIDENT
2025-07-07 13:30:00,Escalated,INC-03084,Supervisor
2025-07-07 14:00:00,Resolved,INC-03081,Incident Closed
2025-07-07 14:00:00,Incident Created,INC-03085,CURTAILMENT_RISK_INCIDENT
2025-07-07 14:00:00,Escalated,INC-03085,Supervisor
2025-07-07 14:30:00,Resolved,INC-03082,Incident Closed
2025-07-07 14:30:00,Incident Created,INC-03086,CURTAILMENT_RISK_INCIDENT
2025-07-07 14:30:00,Escalated,INC-03086,Supervisor
2025-07-07 15:00:00,Resolved,INC-03083,Incident Closed
2025-07-07 15:00:00,Escalated,INC-03087,Supervisor
2025-07-07 15:00:00,Incident Created,INC-03087,CURTAILMENT_RISK_INCIDENT
2025-07-07 15:30:00,Resolved,INC-03084,Incident Closed
2025-07-07 15:30:00,Incident Created,INC-03088,CURTAILMENT_RISK_INCIDENT
2025-07-07 15:30:00,Escalated,INC-03088,Supervisor
2025-07-07 16:00:00,Resolved,INC-03085,Incident Closed
2025-07-07 16:30:00,Resolved,INC-03086,Incident Closed
2025-07-07 17:00:00,Resolved,INC-03087,Incident Closed
2025-07-07 17:30:00,Resolved,INC-03088,Incident Closed
2025-07-08 02:30:00,Escalated,INC-03089,Operator
2025-07-08 02:30:00,Incident Created,INC-03089,OVER_GENERATION_INCIDENT
2025-07-08 03:30:00,Escalated,INC-03090,Operator
2025-07-08 03:30:00,Incident Created,INC-03090,OVER_GENERATION_INCIDENT
2025-07-08 04:00:00,Escalated,INC-03091,Operator
2025-07-08 04:00:00,Incident Created,INC-03091,OVER_GENERATION_INCIDENT
2025-07-08 04:30:00,Resolved,INC-03089,Incident Closed
2025-07-08 04:30:00,Incident Created,INC-03092,OVER_GENERATION_INCIDENT
2025-07-08 04:30:00,Escalated,INC-03092,Operator
2025-07-08 05:00:00,Incident Created,INC-03093,OVER_GENERATION_INCIDENT
2025-07-08 05:00:00,Escalated,INC-03093,Operator
2025-07-08 05:30:00,Resolved,INC-03090,Incident Closed
2025-07-08 06:00:00,Resolved,INC-03091,Incident Closed
2025-07-08 06:30:00,Resolved,INC-03092,Incident Closed
2025-07-08 07:00:00,Resolved,INC-03093,Incident Closed
2025-07-08 12:30:00,Incident Created,INC-03094,OVER_GENERATION_INCIDENT
2025-07-08 12:30:00,Escalated,INC-03094,Operator
2025-07-08 13:00:00,Incident Created,INC-03095,OVER_GENERATION_INCIDENT
2025-07-08 13:00:00,Escalated,INC-03095,Operator
2025-07-08 13:30:00,Incident Created,INC-03096,OVER_GENERATION_INCIDENT
2025-07-08 13:30:00,Escalated,INC-03096,Operator
2025-07-08 14:00:00,Incident Created,INC-03097,OVER_GENERATION_INCIDENT
2025-07-08 14:00:00,Escalated,INC-03097,Operator
2025-07-08 14:30:00,Resolved,INC-03094,Incident Closed
2025-07-08 14:30:00,Incident Created,INC-03098,OVER_GENERATION_INCIDENT
2025-07-08 14:30:00,Escalated,INC-03098,Operator
2025-07-08 15:00:00,Resolved,INC-03095,Incident Closed
2025-07-08 15:00:00,Escalated,INC-03099,Operator
2025-07-08 15:00:00,Incident Created,INC-03099,OVER_GENERATION_INCIDENT
2025-07-08 15:30:00,Resolved,INC-03096,Incident Closed
2025-07-08 15:30:00,Escalated,INC-03100,Operator
2025-07-08 15:30:00,Incident Created,INC-03100,OVER_GENERATION_INCIDENT
2025-07-08 16:00:00,Resolved,INC-03097,Incident Closed
2025-07-08 16:30:00,Resolved,INC-03098,Incident Closed
2025-07-08 17:00:00,Resolved,INC-03099,Incident Closed
2025-07-08 17:30:00,Resolved,INC-03100,Incident Closed
2025-07-09 04:30:00,Escalated,INC-03101,Operator
2025-07-09 04:30:00,Incident Created,INC-03101,OVER_GENERATION_INCIDENT
2025-07-09 04:30:00,Escalated,INC-03102,Supervisor
2025-07-09 04:30:00,Incident Created,INC-03102,DEMAND_ANOMALY_INCIDENT
2025-07-09 05:00:00,Incident Created,INC-03103,OVER_GENERATION_INCIDENT
2025-07-09 05:00:00,Escalated,INC-03103,Operator
2025-07-09 05:00:00,Incident Created,INC-03104,DEMAND_ANOMALY_INCIDENT
2025-07-09 05:00:00,Escalated,INC-03104,Supervisor
2025-07-09 06:30:00,Resolved,INC-03101,Incident Closed
2025-07-09 06:30:00,Resolved,INC-03102,Incident Closed
2025-07-09 07:00:00,Resolved,INC-03103,Incident Closed
2025-07-09 07:00:00,Resolved,INC-03104,Incident Closed
2025-07-09 19:30:00,Incident Created,INC-03105,SUSTAINABILITY_INCIDENT
2025-07-09 19:30:00,Escalated,INC-03105,Supervisor
2025-07-09 20:00:00,Escalated,INC-03106,Supervisor
2025-07-09 20:00:00,Incident Created,INC-03106,SUSTAINABILITY_INCIDENT
2025-07-09 20:30:00,Escalated,INC-03107,Supervisor
2025-07-09 20:30:00,Incident Created,INC-03107,SUSTAINABILITY_INCIDENT
2025-07-09 21:30:00,Resolved,INC-03105,Incident Closed
2025-07-09 22:00:00,Resolved,INC-03106,Incident Closed
2025-07-09 22:30:00,Resolved,INC-03107,Incident Closed
2025-07-10 19:00:00,Incident Created,INC-03108,SUSTAINABILITY_INCIDENT
2025-07-10 19:00:00,Escalated,INC-03108,Supervisor
2025-07-10 19:30:00,Escalated,INC-03109,Supervisor
2025-07-10 19:30:00,Incident Created,INC-03109,SUSTAINABILITY_INCIDENT
2025-07-10 20:00:00,Incident Created,INC-03110,SUSTAINABILITY_INCIDENT
2025-07-10 20:00:00,Escalated,INC-03110,Supervisor
2025-07-10 20:30:00,Escalated,INC-03111,Supervisor
2025-07-10 20:30:00,Incident Created,INC-03111,SUSTAINABILITY_INCIDENT
2025-07-10 21:00:00,Resolved,INC-03108,Incident Closed
2025-07-10 21:00:00,Incident Created,INC-03112,SUSTAINABILITY_INCIDENT
2025-07-10 21:00:00,Escalated,INC-03112,Supervisor
2025-07-10 21:30:00,Resolved,INC-03109,Incident Closed
2025-07-10 21:30:00,Incident Created,INC-03113,SUSTAINABILITY_INCIDENT
2025-07-10 21:30:00,Escalated,INC-03113,Supervisor
2025-07-10 22:00:00,Resolved,INC-03110,Incident Closed
2025-07-10 22:30:00,Resolved,INC-03111,Incident Closed
2025-07-10 23:00:00,Resolved,INC-03112,Incident Closed
2025-07-10 23:30:00,Resolved,INC-03113,Incident Closed
2025-07-12 05:30:00,Incident Created,INC-03114,OVER_GENERATION_INCIDENT
2025-07-12 05:30:00,Escalated,INC-03114,Operator
2025-07-12 05:30:00,Incident Created,INC-03115,DEMAND_ANOMALY_INCIDENT
2025-07-12 05:30:00,Escalated,INC-03115,Supervisor
2025-07-12 07:30:00,Resolved,INC-03114,Incident Closed
2025-07-12 07:30:00,Resolved,INC-03115,Incident Closed
2025-07-12 10:00:00,Escalated,INC-03116,Operator
2025-07-12 10:00:00,Incident Created,INC-03116,OVER_GENERATION_INCIDENT
2025-07-12 10:30:00,Escalated,INC-03117,Operator
2025-07-12 10:30:00,Incident Created,INC-03117,OVER_GENERATION_INCIDENT
2025-07-12 11:00:00,Escalated,INC-03118,Operator
2025-07-12 11:00:00,Incident Created,INC-03118,OVER_GENERATION_INCIDENT
2025-07-12 11:30:00,Escalated,INC-03119,Operator
2025-07-12 11:30:00,Incident Created,INC-03119,OVER_GENERATION_INCIDENT
2025-07-12 12:00:00,Resolved,INC-03116,Incident Closed
2025-07-12 12:00:00,Escalated,INC-03120,Operator
2025-07-12 12:00:00,Incident Created,INC-03120,OVER_GENERATION_INCIDENT
2025-07-12 12:30:00,Resolved,INC-03117,Incident Closed
2025-07-12 12:30:00,Escalated,INC-03121,Operator
2025-07-12 12:30:00,Incident Created,INC-03121,OVER_GENERATION_INCIDENT
2025-07-12 13:00:00,Resolved,INC-03118,Incident Closed
2025-07-12 13:00:00,Escalated,INC-03122,Operator
2025-07-12 13:00:00,Incident Created,INC-03122,OVER_GENERATION_INCIDENT
2025-07-12 13:30:00,Resolved,INC-03119,Incident Closed
2025-07-12 13:30:00,Escalated,INC-03123,Operator
2025-07-12 13:30:00,Incident Created,INC-03123,OVER_GENERATION_INCIDENT
2025-07-12 14:00:00,Resolved,INC-03120,Incident Closed
2025-07-12 14:00:00,Incident Created,INC-03124,OVER_GENERATION_INCIDENT
2025-07-12 14:00:00,Escalated,INC-03124,Operator
2025-07-12 14:30:00,Resolved,INC-03121,Incident Closed
2025-07-12 14:30:00,Escalated,INC-03125,Operator
2025-07-12 14:30:00,Incident Created,INC-03125,OVER_GENERATION_INCIDENT
2025-07-12 15:00:00,Resolved,INC-03122,Incident Closed
2025-07-12 15:00:00,Escalated,INC-03126,Operator
2025-07-12 15:00:00,Incident Created,INC-03126,OVER_GENERATION_INCIDENT
2025-07-12 15:30:00,Resolved,INC-03123,Incident Closed
2025-07-12 15:30:00,Incident Created,INC-03127,OVER_GENERATION_INCIDENT
2025-07-12 15:30:00,Escalated,INC-03127,Operator
2025-07-12 16:00:00,Resolved,INC-03124,Incident Closed
2025-07-12 16:00:00,Escalated,INC-03128,Operator
2025-07-12 16:00:00,Incident Created,INC-03128,OVER_GENERATION_INCIDENT
2025-07-12 16:30:00,Resolved,INC-03125,Incident Closed
2025-07-12 17:00:00,Resolved,INC-03126,Incident Closed
2025-07-12 17:30:00,Resolved,INC-03127,Incident Closed
2025-07-12 18:00:00,Resolved,INC-03128,Incident Closed
2025-07-13 05:00:00,Incident Created,INC-03129,OVER_GENERATION_INCIDENT
2025-07-13 05:00:00,Escalated,INC-03129,Operator
2025-07-13 05:30:00,Escalated,INC-03130,Operator
2025-07-13 05:30:00,Incident Created,INC-03130,OVER_GENERATION_INCIDENT
2025-07-13 06:00:00,Escalated,INC-03131,Operator
2025-07-13 06:00:00,Incident Created,INC-03131,OVER_GENERATION_INCIDENT
2025-07-13 06:30:00,Incident Created,INC-03132,OVER_GENERATION_INCIDENT
2025-07-13 06:30:00,Escalated,INC-03132,Operator
2025-07-13 07:00:00,Resolved,INC-03129,Incident Closed
2025-07-13 07:00:00,Incident Created,INC-03133,OVER_GENERATION_INCIDENT
2025-07-13 07:00:00,Escalated,INC-03133,Operator
2025-07-13 07:30:00,Resolved,INC-03130,Incident Closed
2025-07-13 07:30:00,Escalated,INC-03134,Operator
2025-07-13 07:30:00,Incident Created,INC-03134,OVER_GENERATION_INCIDENT
2025-07-13 08:00:00,Resolved,INC-03131,Incident Closed
2025-07-13 08:00:00,Escalated,INC-03135,Operator
2025-07-13 08:00:00,Incident Created,INC-03135,OVER_GENERATION_INCIDENT
2025-07-13 08:30:00,Resolved,INC-03132,Incident Closed
2025-07-13 08:30:00,Escalated,INC-03136,Operator
2025-07-13 08:30:00,Incident Created,INC-03136,OVER_GENERATION_INCIDENT
2025-07-13 09:00:00,Resolved,INC-03133,Incident Closed
2025-07-13 09:00:00,Escalated,INC-03137,Operator
2025-07-13 09:00:00,Incident Created,INC-03137,OVER_GENERATION_INCIDENT
2025-07-13 09:30:00,Resolved,INC-03134,Incident Closed
2025-07-13 09:30:00,Escalated,INC-03138,Operator
2025-07-13 09:30:00,Incident Created,INC-03138,OVER_GENERATION_INCIDENT
2025-07-13 10:00:00,Resolved,INC-03135,Incident Closed
2025-07-13 10:00:00,Incident Created,INC-03139,OVER_GENERATION_INCIDENT
2025-07-13 10:00:00,Escalated,INC-03139,Operator
2025-07-13 10:30:00,Resolved,INC-03136,Incident Closed
2025-07-13 10:30:00,Escalated,INC-03140,Operator
2025-07-13 10:30:00,Incident Created,INC-03140,OVER_GENERATION_INCIDENT
2025-07-13 11:00:00,Resolved,INC-03137,Incident Closed
2025-07-13 11:00:00,Incident Created,INC-03141,OVER_GENERATION_INCIDENT
2025-07-13 11:00:00,Escalated,INC-03141,Operator
2025-07-13 11:30:00,Resolved,INC-03138,Incident Closed
2025-07-13 11:30:00,Incident Created,INC-03142,OVER_GENERATION_INCIDENT
2025-07-13 11:30:00,Escalated,INC-03142,Operator
2025-07-13 12:00:00,Resolved,INC-03139,Incident Closed
2025-07-13 12:00:00,Escalated,INC-03143,Operator
2025-07-13 12:00:00,Incident Created,INC-03143,OVER_GENERATION_INCIDENT
2025-07-13 12:30:00,Resolved,INC-03140,Incident Closed
2025-07-13 12:30:00,Incident Created,INC-03144,OVER_GENERATION_INCIDENT
2025-07-13 12:30:00,Escalated,INC-03144,Operator
2025-07-13 13:00:00,Resolved,INC-03141,Incident Closed
2025-07-13 13:00:00,Incident Created,INC-03145,OVER_GENERATION_INCIDENT
2025-07-13 13:00:00,Escalated,INC-03145,Operator
2025-07-13 13:30:00,Resolved,INC-03142,Incident Closed
2025-07-13 13:30:00,Escalated,INC-03146,Operator
2025-07-13 13:30:00,Incident Created,INC-03146,OVER_GENERATION_INCIDENT
2025-07-13 14:00:00,Resolved,INC-03143,Incident Closed
2025-07-13 14:00:00,Escalated,INC-03147,Operator
2025-07-13 14:00:00,Incident Created,INC-03147,OVER_GENERATION_INCIDENT
2025-07-13 14:30:00,Resolved,INC-03144,Incident Closed
2025-07-13 14:30:00,Escalated,INC-03148,Operator
2025-07-13 14:30:00,Incident Created,INC-03148,OVER_GENERATION_INCIDENT
2025-07-13 15:00:00,Resolved,INC-03145,Incident Closed
2025-07-13 15:00:00,Escalated,INC-03149,Operator
2025-07-13 15:00:00,Incident Created,INC-03149,OVER_GENERATION_INCIDENT
2025-07-13 15:30:00,Resolved,INC-03146,Incident Closed
2025-07-13 16:00:00,Resolved,INC-03147,Incident Closed
2025-07-13 16:30:00,Resolved,INC-03148,Incident Closed
2025-07-13 17:00:00,Resolved,INC-03149,Incident Closed
2025-07-14 03:30:00,Incident Created,INC-03150,OVER_GENERATION_INCIDENT
2025-07-14 03:30:00,Escalated,INC-03150,Operator
2025-07-14 04:00:00,Incident Created,INC-03151,OVER_GENERATION_INCIDENT
2025-07-14 04:00:00,Escalated,INC-03151,Operator
2025-07-14 04:30:00,Incident Created,INC-03152,OVER_GENERATION_INCIDENT
2025-07-14 04:30:00,Escalated,INC-03152,Operator
2025-07-14 05:30:00,Resolved,INC-03150,Incident Closed
2025-07-14 06:00:00,Resolved,INC-03151,Incident Closed
2025-07-14 06:30:00,Resolved,INC-03152,Incident Closed
2025-07-14 11:30:00,Incident Created,INC-03153,CURTAILMENT_RISK_INCIDENT
2025-07-14 11:30:00,Escalated,INC-03153,Supervisor
2025-07-14 12:00:00,Escalated,INC-03154,Supervisor
2025-07-14 12:00:00,Incident Created,INC-03154,CURTAILMENT_RISK_INCIDENT
2025-07-14 12:30:00,Escalated,INC-03155,Supervisor
2025-07-14 12:30:00,Incident Created,INC-03155,CURTAILMENT_RISK_INCIDENT
2025-07-14 13:00:00,Escalated,INC-03156,Supervisor
2025-07-14 13:00:00,Incident Created,INC-03156,CURTAILMENT_RISK_INCIDENT
2025-07-14 13:30:00,Resolved,INC-03153,Incident Closed
2025-07-14 13:30:00,Escalated,INC-03157,Supervisor
2025-07-14 13:30:00,Incident Created,INC-03157,CURTAILMENT_RISK_INCIDENT
2025-07-14 14:00:00,Resolved,INC-03154,Incident Closed
2025-07-14 14:00:00,Escalated,INC-03158,Supervisor
2025-07-14 14:00:00,Incident Created,INC-03158,CURTAILMENT_RISK_INCIDENT
2025-07-14 14:30:00,Resolved,INC-03155,Incident Closed
2025-07-14 14:30:00,Escalated,INC-03159,Supervisor
2025-07-14 14:30:00,Incident Created,INC-03159,CURTAILMENT_RISK_INCIDENT
2025-07-14 15:00:00,Resolved,INC-03156,Incident Closed
2025-07-14 15:00:00,Escalated,INC-03160,Supervisor
2025-07-14 15:00:00,Incident Created,INC-03160,CURTAILMENT_RISK_INCIDENT
2025-07-14 15:30:00,Resolved,INC-03157,Incident Closed
2025-07-14 16:00:00,Resolved,INC-03158,Incident Closed
2025-07-14 16:30:00,Resolved,INC-03159,Incident Closed
2025-07-14 17:00:00,Resolved,INC-03160,Incident Closed
2025-07-15 03:00:00,Escalated,INC-03161,Operator
2025-07-15 03:00:00,Incident Created,INC-03161,OVER_GENERATION_INCIDENT
2025-07-15 03:30:00,Escalated,INC-03162,Operator
2025-07-15 03:30:00,Incident Created,INC-03162,OVER_GENERATION_INCIDENT
2025-07-15 04:00:00,Escalated,INC-03163,Operator
2025-07-15 04:00:00,Incident Created,INC-03163,OVER_GENERATION_INCIDENT
2025-07-15 04:30:00,Escalated,INC-03164,Operator
2025-07-15 04:30:00,Incident Created,INC-03164,OVER_GENERATION_INCIDENT
2025-07-15 05:00:00,Resolved,INC-03161,Incident Closed
2025-07-15 05:00:00,Escalated,INC-03165,Operator
2025-07-15 05:00:00,Incident Created,INC-03165,OVER_GENERATION_INCIDENT
2025-07-15 05:30:00,Resolved,INC-03162,Incident Closed
2025-07-15 05:30:00,Escalated,INC-03166,Operator
2025-07-15 05:30:00,Incident Created,INC-03166,OVER_GENERATION_INCIDENT
2025-07-15 06:00:00,Resolved,INC-03163,Incident Closed
2025-07-15 06:30:00,Resolved,INC-03164,Incident Closed
2025-07-15 07:00:00,Resolved,INC-03165,Incident Closed
2025-07-15 07:30:00,Resolved,INC-03166,Incident Closed
2025-07-16 03:00:00,Incident Created,INC-03167,OVER_GENERATION_INCIDENT
2025-07-16 03:00:00,Escalated,INC-03167,Operator
2025-07-16 03:30:00,Incident Created,INC-03168,OVER_GENERATION_INCIDENT
2025-07-16 03:30:00,Escalated,INC-03168,Operator
2025-07-16 04:00:00,Escalated,INC-03169,Operator
2025-07-16 04:00:00,Incident Created,INC-03169,OVER_GENERATION_INCIDENT
2025-07-16 04:30:00,Escalated,INC-03170,Operator
2025-07-16 04:30:00,Incident Created,INC-03170,OVER_GENERATION_INCIDENT
2025-07-16 05:00:00,Resolved,INC-03167,Incident Closed
2025-07-16 05:00:00,Incident Created,INC-03171,OVER_GENERATION_INCIDENT
2025-07-16 05:00:00,Escalated,INC-03171,Operator
2025-07-16 05:30:00,Resolved,INC-03168,Incident Closed
2025-07-16 05:30:00,Incident Created,INC-03172,OVER_GENERATION_INCIDENT
2025-07-16 05:30:00,Escalated,INC-03172,Operator
2025-07-16 06:00:00,Resolved,INC-03169,Incident Closed
2025-07-16 06:30:00,Resolved,INC-03170,Incident Closed
2025-07-16 07:00:00,Resolved,INC-03171,Incident Closed
2025-07-16 07:30:00,Resolved,INC-03172,Incident Closed
2025-07-16 19:00:00,Incident Created,INC-03173,SUSTAINABILITY_INCIDENT
2025-07-16 19:00:00,Escalated,INC-03173,Supervisor
2025-07-16 19:30:00,Incident Created,INC-03174,SUSTAINABILITY_INCIDENT
2025-07-16 19:30:00,Escalated,INC-03174,Supervisor
2025-07-16 20:00:00,Escalated,INC-03175,Supervisor
2025-07-16 20:00:00,Incident Created,INC-03175,SUSTAINABILITY_INCIDENT
2025-07-16 20:30:00,Incident Created,INC-03176,SUSTAINABILITY_INCIDENT
2025-07-16 20:30:00,Escalated,INC-03176,Supervisor
2025-07-16 21:00:00,Resolved,INC-03173,Incident Closed
2025-07-16 21:00:00,Incident Created,INC-03177,SUSTAINABILITY_INCIDENT
2025-07-16 21:00:00,Escalated,INC-03177,Supervisor
2025-07-16 21:30:00,Resolved,INC-03174,Incident Closed
2025-07-16 21:30:00,Escalated,INC-03178,Supervisor
2025-07-16 21:30:00,Incident Created,INC-03178,SUSTAINABILITY_INCIDENT
2025-07-16 22:00:00,Resolved,INC-03175,Incident Closed
2025-07-16 22:00:00,Incident Created,INC-03179,SUSTAINABILITY_INCIDENT
2025-07-16 22:00:00,Escalated,INC-03179,Supervisor
2025-07-16 22:30:00,Resolved,INC-03176,Incident Closed
2025-07-16 23:00:00,Resolved,INC-03177,Incident Closed
2025-07-16 23:30:00,Resolved,INC-03178,Incident Closed
2025-07-17 00:00:00,Resolved,INC-03179,Incident Closed
2025-07-19 05:00:00,Incident Created,INC-03180,OVER_GENERATION_INCIDENT
2025-07-19 05:00:00,Escalated,INC-03180,Operator
2025-07-19 05:00:00,Escalated,INC-03181,Supervisor
2025-07-19 05:00:00,Incident Created,INC-03181,DEMAND_ANOMALY_INCIDENT
2025-07-19 05:30:00,Incident Created,INC-03182,OVER_GENERATION_INCIDENT
2025-07-19 05:30:00,Escalated,INC-03182,Operator
2025-07-19 05:30:00,Incident Created,INC-03183,DEMAND_ANOMALY_INCIDENT
2025-07-19 05:30:00,Escalated,INC-03183,Supervisor
2025-07-19 07:00:00,Resolved,INC-03180,Incident Closed
2025-07-19 07:00:00,Resolved,INC-03181,Incident Closed
2025-07-19 07:30:00,Resolved,INC-03182,Incident Closed
2025-07-19 07:30:00,Resolved,INC-03183,Incident Closed
2025-07-20 05:30:00,Incident Created,INC-03184,OVER_GENERATION_INCIDENT
2025-07-20 05:30:00,Escalated,INC-03184,Operator
2025-07-20 06:00:00,Incident Created,INC-03185,OVER_GENERATION_INCIDENT
2025-07-20 06:00:00,Escalated,INC-03185,Operator
2025-07-20 06:30:00,Incident Created,INC-03186,OVER_GENERATION_INCIDENT
2025-07-20 06:30:00,Escalated,INC-03186,Operator
2025-07-20 07:00:00,Incident Created,INC-03187,OVER_GENERATION_INCIDENT
2025-07-20 07:00:00,Escalated,INC-03187,Operator
2025-07-20 07:30:00,Resolved,INC-03184,Incident Closed
2025-07-20 07:30:00,Incident Created,INC-03188,OVER_GENERATION_INCIDENT
2025-07-20 07:30:00,Escalated,INC-03188,Operator
2025-07-20 08:00:00,Resolved,INC-03185,Incident Closed
2025-07-20 08:00:00,Incident Created,INC-03189,OVER_GENERATION_INCIDENT
2025-07-20 08:00:00,Escalated,INC-03189,Operator
2025-07-20 08:30:00,Resolved,INC-03186,Incident Closed
2025-07-20 09:00:00,Resolved,INC-03187,Incident Closed
2025-07-20 09:30:00,Resolved,INC-03188,Incident Closed
2025-07-20 10:00:00,Resolved,INC-03189,Incident Closed
2025-07-21 03:30:00,Escalated,INC-03190,Supervisor
2025-07-21 03:30:00,Incident Created,INC-03190,DEMAND_ANOMALY_INCIDENT
2025-07-21 04:00:00,Incident Created,INC-03191,DEMAND_ANOMALY_INCIDENT
2025-07-21 04:00:00,Escalated,INC-03191,Supervisor
2025-07-21 04:30:00,Escalated,INC-03192,Operator
2025-07-21 04:30:00,Incident Created,INC-03192,OVER_GENERATION_INCIDENT
2025-07-21 04:30:00,Escalated,INC-03193,Supervisor
2025-07-21 04:30:00,Incident Created,INC-03193,DEMAND_ANOMALY_INCIDENT
2025-07-21 05:30:00,Resolved,INC-03190,Incident Closed
2025-07-21 06:00:00,Resolved,INC-03191,Incident Closed
2025-07-21 06:30:00,Resolved,INC-03192,Incident Closed
2025-07-21 06:30:00,Resolved,INC-03193,Incident Closed
2025-07-22 03:30:00,Escalated,INC-03194,Operator
2025-07-22 03:30:00,Incident Created,INC-03194,OVER_GENERATION_INCIDENT
2025-07-22 04:00:00,Incident Created,INC-03195,OVER_GENERATION_INCIDENT
2025-07-22 04:00:00,Escalated,INC-03195,Operator
2025-07-22 04:30:00,Incident Created,INC-03196,OVER_GENERATION_INCIDENT
2025-07-22 04:30:00,Escalated,INC-03196,Operator
2025-07-22 05:00:00,Escalated,INC-03197,Operator
2025-07-22 05:00:00,Incident Created,INC-03197,OVER_GENERATION_INCIDENT
2025-07-22 05:30:00,Resolved,INC-03194,Incident Closed
2025-07-22 05:30:00,Escalated,INC-03198,Operator
2025-07-22 05:30:00,Incident Created,INC-03198,OVER_GENERATION_INCIDENT
2025-07-22 06:00:00,Resolved,INC-03195,Incident Closed
2025-07-22 06:30:00,Resolved,INC-03196,Incident Closed
2025-07-22 07:00:00,Resolved,INC-03197,Incident Closed
2025-07-22 07:30:00,Resolved,INC-03198,Incident Closed
2025-07-23 03:30:00,Escalated,INC-03199,Supervisor
2025-07-23 03:30:00,Incident Created,INC-03199,DEMAND_ANOMALY_INCIDENT
2025-07-23 04:00:00,Incident Created,INC-03200,DEMAND_ANOMALY_INCIDENT
2025-07-23 04:00:00,Escalated,INC-03200,Supervisor
2025-07-23 04:30:00,Incident Created,INC-03201,DEMAND_ANOMALY_INCIDENT
2025-07-23 04:30:00,Escalated,INC-03201,Supervisor
2025-07-23 05:00:00,Incident Created,INC-03202,OVER_GENERATION_INCIDENT
2025-07-23 05:00:00,Escalated,INC-03202,Operator
2025-07-23 05:00:00,Escalated,INC-03203,Supervisor
2025-07-23 05:00:00,Incident Created,INC-03203,DEMAND_ANOMALY_INCIDENT
2025-07-23 05:30:00,Resolved,INC-03199,Incident Closed
2025-07-23 06:00:00,Resolved,INC-03200,Incident Closed
2025-07-23 06:30:00,Resolved,INC-03201,Incident Closed
2025-07-23 07:00:00,Resolved,INC-03202,Incident Closed
2025-07-23 07:00:00,Resolved,INC-03203,Incident Closed
2025-07-24 04:00:00,Escalated,INC-03204,Operator
2025-07-24 04:00:00,Incident Created,INC-03204,OVER_GENERATION_INCIDENT
2025-07-24 04:30:00,Incident Created,INC-03205,OVER_GENERATION_INCIDENT
2025-07-24 04:30:00,Escalated,INC-03205,Operator
2025-07-24 05:00:00,Escalated,INC-03206,Operator
2025-07-24 05:00:00,Incident Created,INC-03206,OVER_GENERATION_INCIDENT
2025-07-24 06:00:00,Resolved,INC-03204,Incident Closed
2025-07-24 06:30:00,Resolved,INC-03205,Incident Closed
2025-07-24 07:00:00,Resolved,INC-03206,Incident Closed
2025-07-25 04:00:00,Escalated,INC-03207,Operator
2025-07-25 04:00:00,Incident Created,INC-03207,OVER_GENERATION_INCIDENT
2025-07-25 04:00:00,Incident Created,INC-03208,DEMAND_ANOMALY_INCIDENT
2025-07-25 04:00:00,Escalated,INC-03208,Supervisor
2025-07-25 04:30:00,Incident Created,INC-03209,OVER_GENERATION_INCIDENT
2025-07-25 04:30:00,Escalated,INC-03209,Operator
2025-07-25 04:30:00,Escalated,INC-03210,Supervisor
2025-07-25 04:30:00,Incident Created,INC-03210,DEMAND_ANOMALY_INCIDENT
2025-07-25 05:00:00,Escalated,INC-03211,Operator
2025-07-25 05:00:00,Incident Created,INC-03211,OVER_GENERATION_INCIDENT
2025-07-25 05:00:00,Escalated,INC-03212,Supervisor
2025-07-25 05:00:00,Incident Created,INC-03212,DEMAND_ANOMALY_INCIDENT
2025-07-25 06:00:00,Resolved,INC-03207,Incident Closed
2025-07-25 06:00:00,Resolved,INC-03208,Incident Closed
2025-07-25 06:30:00,Resolved,INC-03209,Incident Closed
2025-07-25 06:30:00,Resolved,INC-03210,Incident Closed
2025-07-25 07:00:00,Resolved,INC-03211,Incident Closed
2025-07-25 07:00:00,Resolved,INC-03212,Incident Closed
2025-07-26 03:00:00,Incident Created,INC-03213,DEMAND_ANOMALY_INCIDENT
2025-07-26 03:00:00,Escalated,INC-03213,Supervisor
2025-07-26 03:30:00,Incident Created,INC-03214,DEMAND_ANOMALY_INCIDENT
2025-07-26 03:30:00,Escalated,INC-03214,Supervisor
2025-07-26 04:00:00,Incident Created,INC-03215,DEMAND_ANOMALY_INCIDENT
2025-07-26 04:00:00,Escalated,INC-03215,Supervisor
2025-07-26 04:30:00,Incident Created,INC-03216,DEMAND_ANOMALY_INCIDENT
2025-07-26 04:30:00,Escalated,INC-03216,Supervisor
2025-07-26 05:00:00,Resolved,INC-03213,Incident Closed
2025-07-26 05:00:00,Escalated,INC-03217,Operator
2025-07-26 05:00:00,Incident Created,INC-03217,OVER_GENERATION_INCIDENT
2025-07-26 05:00:00,Escalated,INC-03218,Supervisor
2025-07-26 05:00:00,Incident Created,INC-03218,DEMAND_ANOMALY_INCIDENT
2025-07-26 05:30:00,Resolved,INC-03214,Incident Closed
2025-07-26 05:30:00,Incident Created,INC-03219,OVER_GENERATION_INCIDENT
2025-07-26 05:30:00,Escalated,INC-03219,Operator
2025-07-26 05:30:00,Incident Created,INC-03220,DEMAND_ANOMALY_INCIDENT
2025-07-26 05:30:00,Escalated,INC-03220,Supervisor
2025-07-26 06:00:00,Resolved,INC-03215,Incident Closed
2025-07-26 06:00:00,Incident Created,INC-03221,OVER_GENERATION_INCIDENT
2025-07-26 06:00:00,Escalated,INC-03221,Operator
2025-07-26 06:30:00,Resolved,INC-03216,Incident Closed
2025-07-26 07:00:00,Resolved,INC-03217,Incident Closed
2025-07-26 07:00:00,Resolved,INC-03218,Incident Closed
2025-07-26 07:30:00,Resolved,INC-03219,Incident Closed
2025-07-26 07:30:00,Resolved,INC-03220,Incident Closed
2025-07-26 08:00:00,Resolved,INC-03221,Incident Closed
2025-07-26 15:00:00,Escalated,INC-03222,Operator
2025-07-26 15:00:00,Incident Created,INC-03222,OVER_GENERATION_INCIDENT
2025-07-26 15:30:00,Escalated,INC-03223,Operator
2025-07-26 15:30:00,Incident Created,INC-03223,OVER_GENERATION_INCIDENT
2025-07-26 17:00:00,Resolved,INC-03222,Incident Closed
2025-07-26 17:30:00,Resolved,INC-03223,Incident Closed
2025-07-27 01:00:00,Escalated,INC-03224,Operator
2025-07-27 01:00:00,Incident Created,INC-03224,OVER_GENERATION_INCIDENT
2025-07-27 01:30:00,Escalated,INC-03225,Operator
2025-07-27 01:30:00,Incident Created,INC-03225,OVER_GENERATION_INCIDENT
2025-07-27 02:00:00,Escalated,INC-03226,Operator
2025-07-27 02:00:00,Incident Created,INC-03226,OVER_GENERATION_INCIDENT
2025-07-27 02:30:00,Incident Created,INC-03227,OVER_GENERATION_INCIDENT
2025-07-27 02:30:00,Escalated,INC-03227,Operator
2025-07-27 03:00:00,Resolved,INC-03224,Incident Closed
2025-07-27 03:00:00,Incident Created,INC-03228,OVER_GENERATION_INCIDENT
2025-07-27 03:00:00,Escalated,INC-03228,Operator
2025-07-27 03:30:00,Resolved,INC-03225,Incident Closed
2025-07-27 03:30:00,Incident Created,INC-03229,OVER_GENERATION_INCIDENT
2025-07-27 03:30:00,Escalated,INC-03229,Operator
2025-07-27 04:00:00,Resolved,INC-03226,Incident Closed
2025-07-27 04:00:00,Incident Created,INC-03230,OVER_GENERATION_INCIDENT
2025-07-27 04:00:00,Escalated,INC-03230,Operator
2025-07-27 04:30:00,Resolved,INC-03227,Incident Closed
2025-07-27 04:30:00,Incident Created,INC-03231,OVER_GENERATION_INCIDENT
2025-07-27 04:30:00,Escalated,INC-03231,Operator
2025-07-27 05:00:00,Resolved,INC-03228,Incident Closed
2025-07-27 05:00:00,Escalated,INC-03232,Operator
2025-07-27 05:00:00,Incident Created,INC-03232,OVER_GENERATION_INCIDENT
2025-07-27 05:30:00,Resolved,INC-03229,Incident Closed
2025-07-27 05:30:00,Incident Created,INC-03233,OVER_GENERATION_INCIDENT
2025-07-27 05:30:00,Escalated,INC-03233,Operator
2025-07-27 06:00:00,Resolved,INC-03230,Incident Closed
2025-07-27 06:00:00,Incident Created,INC-03234,OVER_GENERATION_INCIDENT
2025-07-27 06:00:00,Escalated,INC-03234,Operator
2025-07-27 06:30:00,Resolved,INC-03231,Incident Closed
2025-07-27 06:30:00,Escalated,INC-03235,Operator
2025-07-27 06:30:00,Incident Created,INC-03235,OVER_GENERATION_INCIDENT
2025-07-27 07:00:00,Resolved,INC-03232,Incident Closed
2025-07-27 07:00:00,Incident Created,INC-03236,OVER_GENERATION_INCIDENT
2025-07-27 07:00:00,Escalated,INC-03236,Operator
2025-07-27 07:30:00,Resolved,INC-03233,Incident Closed
2025-07-27 07:30:00,Incident Created,INC-03237,OVER_GENERATION_INCIDENT
2025-07-27 07:30:00,Escalated,INC-03237,Operator
2025-07-27 08:00:00,Resolved,INC-03234,Incident Closed
2025-07-27 08:00:00,Incident Created,INC-03238,OVER_GENERATION_INCIDENT
2025-07-27 08:00:00,Escalated,INC-03238,Operator
2025-07-27 08:30:00,Resolved,INC-03235,Incident Closed
2025-07-27 08:30:00,Incident Created,INC-03239,OVER_GENERATION_INCIDENT
2025-07-27 08:30:00,Escalated,INC-03239,Operator
2025-07-27 09:00:00,Resolved,INC-03236,Incident Closed
2025-07-27 09:30:00,Resolved,INC-03237,Incident Closed
2025-07-27 10:00:00,Resolved,INC-03238,Incident Closed
2025-07-27 10:30:00,Resolved,INC-03239,Incident Closed
2025-07-28 03:00:00,Incident Created,INC-03240,OVER_GENERATION_INCIDENT
2025-07-28 03:00:00,Escalated,INC-03240,Operator
2025-07-28 03:30:00,Incident Created,INC-03241,OVER_GENERATION_INCIDENT
2025-07-28 03:30:00,Escalated,INC-03241,Operator
2025-07-28 04:00:00,Incident Created,INC-03242,OVER_GENERATION_INCIDENT
2025-07-28 04:00:00,Escalated,INC-03242,Operator
2025-07-28 04:30:00,Escalated,INC-03243,Operator
2025-07-28 04:30:00,Incident Created,INC-03243,OVER_GENERATION_INCIDENT
2025-07-28 05:00:00,Resolved,INC-03240,Incident Closed
2025-07-28 05:00:00,Escalated,INC-03244,Operator
2025-07-28 05:00:00,Incident Created,INC-03244,OVER_GENERATION_INCIDENT
2025-07-28 05:30:00,Resolved,INC-03241,Incident Closed
2025-07-28 05:30:00,Incident Created,INC-03245,OVER_GENERATION_INCIDENT
2025-07-28 05:30:00,Escalated,INC-03245,Operator
2025-07-28 06:00:00,Resolved,INC-03242,Incident Closed
2025-07-28 06:30:00,Resolved,INC-03243,Incident Closed
2025-07-28 07:00:00,Resolved,INC-03244,Incident Closed
2025-07-28 07:30:00,Resolved,INC-03245,Incident Closed
2025-07-29 03:30:00,Incident Created,INC-03246,DEMAND_ANOMALY_INCIDENT
2025-07-29 03:30:00,Escalated,INC-03246,Supervisor
2025-07-29 04:00:00,Escalated,INC-03247,Supervisor
2025-07-29 04:00:00,Incident Created,INC-03247,DEMAND_ANOMALY_INCIDENT
2025-07-29 04:30:00,Escalated,INC-03248,Supervisor
2025-07-29 04:30:00,Incident Created,INC-03248,DEMAND_ANOMALY_INCIDENT
2025-07-29 05:00:00,Incident Created,INC-03249,OVER_GENERATION_INCIDENT
2025-07-29 05:00:00,Escalated,INC-03249,Operator
2025-07-29 05:00:00,Incident Created,INC-03250,DEMAND_ANOMALY_INCIDENT
2025-07-29 05:00:00,Escalated,INC-03250,Supervisor
2025-07-29 05:30:00,Resolved,INC-03246,Incident Closed
2025-07-29 05:30:00,Incident Created,INC-03251,OVER_GENERATION_INCIDENT
2025-07-29 05:30:00,Escalated,INC-03251,Operator
2025-07-29 05:30:00,Escalated,INC-03252,Supervisor
2025-07-29 05:30:00,Incident Created,INC-03252,DEMAND_ANOMALY_INCIDENT
2025-07-29 06:00:00,Resolved,INC-03247,Incident Closed
2025-07-29 06:30:00,Resolved,INC-03248,Incident Closed
2025-07-29 07:00:00,Resolved,INC-03249,Incident Closed
2025-07-29 07:00:00,Resolved,INC-03250,Incident Closed
2025-07-29 07:30:00,Resolved,INC-03251,Incident Closed
2025-07-29 07:30:00,Resolved,INC-03252,Incident Closed
2025-07-30 03:30:00,Incident Created,INC-03253,DEMAND_ANOMALY_INCIDENT
2025-07-30 03:30:00,Escalated,INC-03253,Supervisor
2025-07-30 04:00:00,Incident Created,INC-03254,DEMAND_ANOMALY_INCIDENT
2025-07-30 04:00:00,Escalated,INC-03254,Supervisor
2025-07-30 04:30:00,Incident Created,INC-03255,OVER_GENERATION_INCIDENT
2025-07-30 04:30:00,Escalated,INC-03255,Operator
2025-07-30 04:30:00,Incident Created,INC-03256,DEMAND_ANOMALY_INCIDENT
2025-07-30 04:30:00,Escalated,INC-03256,Supervisor
2025-07-30 05:00:00,Escalated,INC-03257,Operator
2025-07-30 05:00:00,Incident Created,INC-03257,OVER_GENERATION_INCIDENT
2025-07-30 05:00:00,Escalated,INC-03258,Supervisor
2025-07-30 05:00:00,Incident Created,INC-03258,DEMAND_ANOMALY_INCIDENT
2025-07-30 05:30:00,Resolved,INC-03253,Incident Closed
2025-07-30 05:30:00,Incident Created,INC-03259,OVER_GENERATION_INCIDENT
2025-07-30 05:30:00,Escalated,INC-03259,Operator
2025-07-30 05:30:00,Incident Created,INC-03260,DEMAND_ANOMALY_INCIDENT
2025-07-30 05:30:00,Escalated,INC-03260,Supervisor
2025-07-30 06:00:00,Resolved,INC-03254,Incident Closed
2025-07-30 06:30:00,Resolved,INC-03255,Incident Closed
2025-07-30 06:30:00,Resolved,INC-03256,Incident Closed
2025-07-30 07:00:00,Resolved,INC-03257,Incident Closed
2025-07-30 07:00:00,Resolved,INC-03258,Incident Closed
2025-07-30 07:30:00,Resolved,INC-03259,Incident Closed
2025-07-30 07:30:00,Resolved,INC-03260,Incident Closed
2025-07-31 03:30:00,Incident Created,INC-03261,OVER_GENERATION_INCIDENT
2025-07-31 03:30:00,Escalated,INC-03261,Operator
2025-07-31 04:00:00,Incident Created,INC-03262,OVER_GENERATION_INCIDENT
2025-07-31 04:00:00,Escalated,INC-03262,Operator
2025-07-31 04:30:00,Escalated,INC-03263,Operator
2025-07-31 04:30:00,Incident Created,INC-03263,OVER_GENERATION_INCIDENT
2025-07-31 05:00:00,Escalated,INC-03264,Operator
2025-07-31 05:00:00,Incident Created,INC-03264,OVER_GENERATION_INCIDENT
2025-07-31 05:30:00,Resolved,INC-03261,Incident Closed
2025-07-31 05:30:00,Escalated,INC-03265,Operator
2025-07-31 05:30:00,Incident Created,INC-03265,OVER_GENERATION_INCIDENT
2025-07-31 06:00:00,Resolved,INC-03262,Incident Closed
2025-07-31 06:30:00,Resolved,INC-03263,Incident Closed
2025-07-31 07:00:00,Resolved,INC-03264,Incident Closed
2025-07-31 07:30:00,Resolved,INC-03265,Incident Closed
2025-08-01 02:00:00,Escalated,INC-03266,Operator
2025-08-01 02:00:00,Incident Created,INC-03266,OVER_GENERATION_INCIDENT
2025-08-01 02:30:00,Incident Created,INC-03267,OVER_GENERATION_INCIDENT
2025-08-01 02:30:00,Escalated,INC-03267,Operator
2025-08-01 03:00:00,Incident Created,INC-03268,OVER_GENERATION_INCIDENT
2025-08-01 03:00:00,Escalated,INC-03268,Operator
2025-08-01 03:30:00,Incident Created,INC-03269,OVER_GENERATION_INCIDENT
2025-08-01 03:30:00,Escalated,INC-03269,Operator
2025-08-01 04:00:00,Resolved,INC-03266,Incident Closed
2025-08-01 04:00:00,Escalated,INC-03270,Operator
2025-08-01 04:00:00,Incident Created,INC-03270,OVER_GENERATION_INCIDENT
2025-08-01 04:30:00,Resolved,INC-03267,Incident Closed
2025-08-01 04:30:00,Escalated,INC-03271,Operator
2025-08-01 04:30:00,Incident Created,INC-03271,OVER_GENERATION_INCIDENT
2025-08-01 05:00:00,Resolved,INC-03268,Incident Closed
2025-08-01 05:00:00,Escalated,INC-03272,Operator
2025-08-01 05:00:00,Incident Created,INC-03272,OVER_GENERATION_INCIDENT
2025-08-01 05:30:00,Resolved,INC-03269,Incident Closed
2025-08-01 05:30:00,Escalated,INC-03273,Operator
2025-08-01 05:30:00,Incident Created,INC-03273,OVER_GENERATION_INCIDENT
2025-08-01 06:00:00,Resolved,INC-03270,Incident Closed
2025-08-01 06:30:00,Resolved,INC-03271,Incident Closed
2025-08-01 07:00:00,Resolved,INC-03272,Incident Closed
2025-08-01 07:30:00,Resolved,INC-03273,Incident Closed
2025-08-02 02:30:00,Incident Created,INC-03274,OVER_GENERATION_INCIDENT
2025-08-02 02:30:00,Escalated,INC-03274,Operator
2025-08-02 03:00:00,Escalated,INC-03275,Operator
2025-08-02 03:00:00,Incident Created,INC-03275,OVER_GENERATION_INCIDENT
2025-08-02 03:30:00,Incident Created,INC-03276,OVER_GENERATION_INCIDENT
2025-08-02 03:30:00,Escalated,INC-03276,Operator
2025-08-02 04:00:00,Incident Created,INC-03277,OVER_GENERATION_INCIDENT
2025-08-02 04:00:00,Escalated,INC-03277,Operator
2025-08-02 04:30:00,Resolved,INC-03274,Incident Closed
2025-08-02 04:30:00,Incident Created,INC-03278,OVER_GENERATION_INCIDENT
2025-08-02 04:30:00,Escalated,INC-03278,Operator
2025-08-02 05:00:00,Resolved,INC-03275,Incident Closed
2025-08-02 05:00:00,Escalated,INC-03279,Operator
2025-08-02 05:00:00,Incident Created,INC-03279,OVER_GENERATION_INCIDENT
2025-08-02 05:30:00,Resolved,INC-03276,Incident Closed
2025-08-02 05:30:00,Escalated,INC-03280,Operator
2025-08-02 05:30:00,Incident Created,INC-03280,OVER_GENERATION_INCIDENT
2025-08-02 06:00:00,Resolved,INC-03277,Incident Closed
2025-08-02 06:00:00,Escalated,INC-03281,Operator
2025-08-02 06:00:00,Incident Created,INC-03281,OVER_GENERATION_INCIDENT
2025-08-02 06:30:00,Resolved,INC-03278,Incident Closed
2025-08-02 06:30:00,Incident Created,INC-03282,OVER_GENERATION_INCIDENT
2025-08-02 06:30:00,Escalated,INC-03282,Operator
2025-08-02 07:00:00,Resolved,INC-03279,Incident Closed
2025-08-02 07:00:00,Incident Created,INC-03283,OVER_GENERATION_INCIDENT
2025-08-02 07:00:00,Escalated,INC-03283,Operator
2025-08-02 07:30:00,Resolved,INC-03280,Incident Closed
2025-08-02 08:00:00,Resolved,INC-03281,Incident Closed
2025-08-02 08:30:00,Resolved,INC-03282,Incident Closed
2025-08-02 09:00:00,Resolved,INC-03283,Incident Closed
2025-08-02 13:00:00,Incident Created,INC-03284,OVER_GENERATION_INCIDENT
2025-08-02 13:00:00,Escalated,INC-03284,Operator
2025-08-02 13:30:00,Escalated,INC-03285,Operator
2025-08-02 13:30:00,Incident Created,INC-03285,OVER_GENERATION_INCIDENT
2025-08-02 14:00:00,Escalated,INC-03286,Operator
2025-08-02 14:00:00,Incident Created,INC-03286,OVER_GENERATION_INCIDENT
2025-08-02 14:30:00,Escalated,INC-03287,Operator
2025-08-02 14:30:00,Incident Created,INC-03287,OVER_GENERATION_INCIDENT
2025-08-02 15:00:00,Resolved,INC-03284,Incident Closed
2025-08-02 15:00:00,Escalated,INC-03288,Operator
2025-08-02 15:00:00,Incident Created,INC-03288,OVER_GENERATION_INCIDENT
2025-08-02 15:30:00,Resolved,INC-03285,Incident Closed
2025-08-02 15:30:00,Incident Created,INC-03289,OVER_GENERATION_INCIDENT
2025-08-02 15:30:00,Escalated,INC-03289,Operator
2025-08-02 16:00:00,Resolved,INC-03286,Incident Closed
2025-08-02 16:00:00,Incident Created,INC-03290,OVER_GENERATION_INCIDENT
2025-08-02 16:00:00,Escalated,INC-03290,Operator
2025-08-02 16:30:00,Resolved,INC-03287,Incident Closed
2025-08-02 16:30:00,Escalated,INC-03291,Operator
2025-08-02 16:30:00,Incident Created,INC-03291,OVER_GENERATION_INCIDENT
2025-08-02 17:00:00,Resolved,INC-03288,Incident Closed
2025-08-02 17:30:00,Resolved,INC-03289,Incident Closed
2025-08-02 18:00:00,Resolved,INC-03290,Incident Closed
2025-08-02 18:30:00,Resolved,INC-03291,Incident Closed
2025-08-03 03:00:00,Escalated,INC-03292,Operator
2025-08-03 03:00:00,Incident Created,INC-03292,OVER_GENERATION_INCIDENT
2025-08-03 03:30:00,Escalated,INC-03293,Operator
2025-08-03 03:30:00,Incident Created,INC-03293,OVER_GENERATION_INCIDENT
2025-08-03 04:00:00,Escalated,INC-03294,Operator
2025-08-03 04:00:00,Incident Created,INC-03294,OVER_GENERATION_INCIDENT
2025-08-03 04:30:00,Escalated,INC-03295,Operator
2025-08-03 04:30:00,Incident Created,INC-03295,OVER_GENERATION_INCIDENT
2025-08-03 05:00:00,Resolved,INC-03292,Incident Closed
2025-08-03 05:00:00,Escalated,INC-03296,Operator
2025-08-03 05:00:00,Incident Created,INC-03296,OVER_GENERATION_INCIDENT
2025-08-03 05:30:00,Resolved,INC-03293,Incident Closed
2025-08-03 05:30:00,Incident Created,INC-03297,OVER_GENERATION_INCIDENT
2025-08-03 05:30:00,Escalated,INC-03297,Operator
2025-08-03 06:00:00,Resolved,INC-03294,Incident Closed
2025-08-03 06:00:00,Incident Created,INC-03298,OVER_GENERATION_INCIDENT
2025-08-03 06:00:00,Escalated,INC-03298,Operator
2025-08-03 06:30:00,Resolved,INC-03295,Incident Closed
2025-08-03 06:30:00,Incident Created,INC-03299,OVER_GENERATION_INCIDENT
2025-08-03 06:30:00,Escalated,INC-03299,Operator
2025-08-03 07:00:00,Resolved,INC-03296,Incident Closed
2025-08-03 07:00:00,Incident Created,INC-03300,OVER_GENERATION_INCIDENT
2025-08-03 07:00:00,Escalated,INC-03300,Operator
2025-08-03 07:30:00,Resolved,INC-03297,Incident Closed
2025-08-03 07:30:00,Incident Created,INC-03301,OVER_GENERATION_INCIDENT
2025-08-03 07:30:00,Escalated,INC-03301,Operator
2025-08-03 08:00:00,Resolved,INC-03298,Incident Closed
2025-08-03 08:00:00,Escalated,INC-03302,Operator
2025-08-03 08:00:00,Incident Created,INC-03302,OVER_GENERATION_INCIDENT
2025-08-03 08:30:00,Resolved,INC-03299,Incident Closed
2025-08-03 08:30:00,Incident Created,INC-03303,OVER_GENERATION_INCIDENT
2025-08-03 08:30:00,Escalated,INC-03303,Operator
2025-08-03 09:00:00,Resolved,INC-03300,Incident Closed
2025-08-03 09:00:00,Escalated,INC-03304,Operator
2025-08-03 09:00:00,Incident Created,INC-03304,OVER_GENERATION_INCIDENT
2025-08-03 09:30:00,Resolved,INC-03301,Incident Closed
2025-08-03 10:00:00,Resolved,INC-03302,Incident Closed
2025-08-03 10:30:00,Resolved,INC-03303,Incident Closed
2025-08-03 11:00:00,Resolved,INC-03304,Incident Closed
2025-08-03 14:00:00,Incident Created,INC-03305,OVER_GENERATION_INCIDENT
2025-08-03 14:00:00,Escalated,INC-03305,Operator
2025-08-03 14:30:00,Incident Created,INC-03306,OVER_GENERATION_INCIDENT
2025-08-03 14:30:00,Escalated,INC-03306,Operator
2025-08-03 15:00:00,Escalated,INC-03307,Operator
2025-08-03 15:00:00,Incident Created,INC-03307,OVER_GENERATION_INCIDENT
2025-08-03 15:30:00,Escalated,INC-03308,Operator
2025-08-03 15:30:00,Incident Created,INC-03308,OVER_GENERATION_INCIDENT
2025-08-03 16:00:00,Resolved,INC-03305,Incident Closed
2025-08-03 16:00:00,Escalated,INC-03309,Operator
2025-08-03 16:00:00,Incident Created,INC-03309,OVER_GENERATION_INCIDENT
2025-08-03 16:30:00,Resolved,INC-03306,Incident Closed
2025-08-03 17:00:00,Resolved,INC-03307,Incident Closed
2025-08-03 17:30:00,Resolved,INC-03308,Incident Closed
2025-08-03 18:00:00,Resolved,INC-03309,Incident Closed
2025-08-04 03:00:00,Escalated,INC-03310,Operator
2025-08-04 03:00:00,Incident Created,INC-03310,OVER_GENERATION_INCIDENT
2025-08-04 03:30:00,Incident Created,INC-03311,OVER_GENERATION_INCIDENT
2025-08-04 03:30:00,Escalated,INC-03311,Operator
2025-08-04 04:00:00,Escalated,INC-03312,Operator
2025-08-04 04:00:00,Incident Created,INC-03312,OVER_GENERATION_INCIDENT
2025-08-04 04:30:00,Incident Created,INC-03313,OVER_GENERATION_INCIDENT
2025-08-04 04:30:00,Escalated,INC-03313,Operator
2025-08-04 05:00:00,Resolved,INC-03310,Incident Closed
2025-08-04 05:00:00,Incident Created,INC-03314,OVER_GENERATION_INCIDENT
2025-08-04 05:00:00,Escalated,INC-03314,Operator
2025-08-04 05:30:00,Resolved,INC-03311,Incident Closed
2025-08-04 05:30:00,Incident Created,INC-03315,OVER_GENERATION_INCIDENT
2025-08-04 05:30:00,Escalated,INC-03315,Operator
2025-08-04 06:00:00,Resolved,INC-03312,Incident Closed
2025-08-04 06:00:00,Incident Created,INC-03316,OVER_GENERATION_INCIDENT
2025-08-04 06:00:00,Escalated,INC-03316,Operator
2025-08-04 06:30:00,Resolved,INC-03313,Incident Closed
2025-08-04 07:00:00,Resolved,INC-03314,Incident Closed
2025-08-04 07:30:00,Resolved,INC-03315,Incident Closed
2025-08-04 08:00:00,Resolved,INC-03316,Incident Closed
2025-08-04 08:30:00,Escalated,INC-03317,Supervisor
2025-08-04 08:30:00,Incident Created,INC-03317,CURTAILMENT_RISK_INCIDENT
2025-08-04 09:00:00,Escalated,INC-03318,Supervisor
2025-08-04 09:00:00,Incident Created,INC-03318,CURTAILMENT_RISK_INCIDENT
2025-08-04 09:30:00,Escalated,INC-03319,Supervisor
2025-08-04 09:30:00,Incident Created,INC-03319,CURTAILMENT_RISK_INCIDENT
2025-08-04 10:00:00,Escalated,INC-03320,Supervisor
2025-08-04 10:00:00,Incident Created,INC-03320,CURTAILMENT_RISK_INCIDENT
2025-08-04 10:30:00,Resolved,INC-03317,Incident Closed
2025-08-04 10:30:00,Escalated,INC-03321,Supervisor
2025-08-04 10:30:00,Incident Created,INC-03321,CURTAILMENT_RISK_INCIDENT
2025-08-04 11:00:00,Resolved,INC-03318,Incident Closed
2025-08-04 11:00:00,Incident Created,INC-03322,CURTAILMENT_RISK_INCIDENT
2025-08-04 11:00:00,Escalated,INC-03322,Supervisor
2025-08-04 11:30:00,Resolved,INC-03319,Incident Closed
2025-08-04 11:30:00,Incident Created,INC-03323,CURTAILMENT_RISK_INCIDENT
2025-08-04 11:30:00,Escalated,INC-03323,Supervisor
2025-08-04 12:00:00,Resolved,INC-03320,Incident Closed
2025-08-04 12:00:00,Incident Created,INC-03324,CURTAILMENT_RISK_INCIDENT
2025-08-04 12:00:00,Escalated,INC-03324,Supervisor
2025-08-04 12:30:00,Resolved,INC-03321,Incident Closed
2025-08-04 12:30:00,Incident Created,INC-03325,CURTAILMENT_RISK_INCIDENT
2025-08-04 12:30:00,Escalated,INC-03325,Supervisor
2025-08-04 13:00:00,Resolved,INC-03322,Incident Closed
2025-08-04 13:00:00,Escalated,INC-03326,Supervisor
2025-08-04 13:00:00,Incident Created,INC-03326,CURTAILMENT_RISK_INCIDENT
2025-08-04 13:30:00,Resolved,INC-03323,Incident Closed
2025-08-04 13:30:00,Incident Created,INC-03327,CURTAILMENT_RISK_INCIDENT
2025-08-04 13:30:00,Escalated,INC-03327,Supervisor
2025-08-04 14:00:00,Resolved,INC-03324,Incident Closed
2025-08-04 14:00:00,Incident Created,INC-03328,CURTAILMENT_RISK_INCIDENT
2025-08-04 14:00:00,Escalated,INC-03328,Supervisor
2025-08-04 14:30:00,Resolved,INC-03325,Incident Closed
2025-08-04 14:30:00,Escalated,INC-03329,Supervisor
2025-08-04 14:30:00,Incident Created,INC-03329,CURTAILMENT_RISK_INCIDENT
2025-08-04 15:00:00,Resolved,INC-03326,Incident Closed
2025-08-04 15:00:00,Incident Created,INC-03330,CURTAILMENT_RISK_INCIDENT
2025-08-04 15:00:00,Escalated,INC-03330,Supervisor
2025-08-04 15:30:00,Resolved,INC-03327,Incident Closed
2025-08-04 15:30:00,Incident Created,INC-03331,CURTAILMENT_RISK_INCIDENT
2025-08-04 15:30:00,Escalated,INC-03331,Supervisor
2025-08-04 16:00:00,Resolved,INC-03328,Incident Closed
2025-08-04 16:00:00,Incident Created,INC-03332,CURTAILMENT_RISK_INCIDENT
2025-08-04 16:00:00,Escalated,INC-03332,Supervisor
2025-08-04 16:30:00,Resolved,INC-03329,Incident Closed
2025-08-04 16:30:00,Escalated,INC-03333,Supervisor
2025-08-04 16:30:00,Incident Created,INC-03333,CURTAILMENT_RISK_INCIDENT
2025-08-04 17:00:00,Resolved,INC-03330,Incident Closed
2025-08-04 17:00:00,Escalated,INC-03334,Supervisor
2025-08-04 17:00:00,Incident Created,INC-03334,CURTAILMENT_RISK_INCIDENT
2025-08-04 17:30:00,Resolved,INC-03331,Incident Closed
2025-08-04 17:30:00,Escalated,INC-03335,Supervisor
2025-08-04 17:30:00,Incident Created,INC-03335,CURTAILMENT_RISK_INCIDENT
2025-08-04 18:00:00,Resolved,INC-03332,Incident Closed
2025-08-04 18:00:00,Escalated,INC-03336,Supervisor
2025-08-04 18:00:00,Incident Created,INC-03336,CURTAILMENT_RISK_INCIDENT
2025-08-04 18:30:00,Resolved,INC-03333,Incident Closed
2025-08-04 18:30:00,Escalated,INC-03337,Supervisor
2025-08-04 18:30:00,Incident Created,INC-03337,CURTAILMENT_RISK_INCIDENT
2025-08-04 19:00:00,Resolved,INC-03334,Incident Closed
2025-08-04 19:30:00,Resolved,INC-03335,Incident Closed
2025-08-04 20:00:00,Resolved,INC-03336,Incident Closed
2025-08-04 20:30:00,Resolved,INC-03337,Incident Closed
2025-08-05 00:00:00,Incident Created,INC-03338,OVER_GENERATION_INCIDENT
2025-08-05 00:00:00,Escalated,INC-03338,Operator
2025-08-05 00:30:00,Incident Created,INC-03339,OVER_GENERATION_INCIDENT
2025-08-05 00:30:00,Escalated,INC-03339,Operator
2025-08-05 01:00:00,Escalated,INC-03340,Operator
2025-08-05 01:00:00,Incident Created,INC-03340,OVER_GENERATION_INCIDENT
2025-08-05 01:30:00,Incident Created,INC-03341,OVER_GENERATION_INCIDENT
2025-08-05 01:30:00,Escalated,INC-03341,Operator
2025-08-05 02:00:00,Resolved,INC-03338,Incident Closed
2025-08-05 02:00:00,Incident Created,INC-03342,OVER_GENERATION_INCIDENT
2025-08-05 02:00:00,Escalated,INC-03342,Operator
2025-08-05 02:30:00,Resolved,INC-03339,Incident Closed
2025-08-05 02:30:00,Incident Created,INC-03343,OVER_GENERATION_INCIDENT
2025-08-05 02:30:00,Escalated,INC-03343,Operator
2025-08-05 03:00:00,Resolved,INC-03340,Incident Closed
2025-08-05 03:00:00,Escalated,INC-03344,Operator
2025-08-05 03:00:00,Incident Created,INC-03344,OVER_GENERATION_INCIDENT
2025-08-05 03:30:00,Resolved,INC-03341,Incident Closed
2025-08-05 03:30:00,Escalated,INC-03345,Operator
2025-08-05 03:30:00,Incident Created,INC-03345,OVER_GENERATION_INCIDENT
2025-08-05 04:00:00,Resolved,INC-03342,Incident Closed
2025-08-05 04:00:00,Escalated,INC-03346,Operator
2025-08-05 04:00:00,Incident Created,INC-03346,OVER_GENERATION_INCIDENT
2025-08-05 04:30:00,Resolved,INC-03343,Incident Closed
2025-08-05 04:30:00,Incident Created,INC-03347,OVER_GENERATION_INCIDENT
2025-08-05 04:30:00,Escalated,INC-03347,Operator
2025-08-05 05:00:00,Resolved,INC-03344,Incident Closed
2025-08-05 05:00:00,Escalated,INC-03348,Operator
2025-08-05 05:00:00,Incident Created,INC-03348,OVER_GENERATION_INCIDENT
2025-08-05 05:30:00,Resolved,INC-03345,Incident Closed
2025-08-05 05:30:00,Escalated,INC-03349,Operator
2025-08-05 05:30:00,Incident Created,INC-03349,OVER_GENERATION_INCIDENT
2025-08-05 06:00:00,Resolved,INC-03346,Incident Closed
2025-08-05 06:00:00,Escalated,INC-03350,Operator
2025-08-05 06:00:00,Incident Created,INC-03350,OVER_GENERATION_INCIDENT
2025-08-05 06:00:00,Escalated,INC-03351,Supervisor
2025-08-05 06:00:00,Incident Created,INC-03351,CURTAILMENT_RISK_INCIDENT
2025-08-05 06:30:00,Resolved,INC-03347,Incident Closed
2025-08-05 06:30:00,Escalated,INC-03352,Operator
2025-08-05 06:30:00,Incident Created,INC-03352,OVER_GENERATION_INCIDENT
2025-08-05 06:30:00,Escalated,INC-03353,Supervisor
2025-08-05 06:30:00,Incident Created,INC-03353,CURTAILMENT_RISK_INCIDENT
2025-08-05 07:00:00,Resolved,INC-03348,Incident Closed
2025-08-05 07:00:00,Escalated,INC-03354,Supervisor
2025-08-05 07:00:00,Incident Created,INC-03354,CURTAILMENT_RISK_INCIDENT
2025-08-05 07:30:00,Resolved,INC-03349,Incident Closed
2025-08-05 07:30:00,Incident Created,INC-03355,CURTAILMENT_RISK_INCIDENT
2025-08-05 07:30:00,Escalated,INC-03355,Supervisor
2025-08-05 08:00:00,Resolved,INC-03350,Incident Closed
2025-08-05 08:00:00,Resolved,INC-03351,Incident Closed
2025-08-05 08:00:00,Escalated,INC-03356,Supervisor
2025-08-05 08:00:00,Incident Created,INC-03356,CURTAILMENT_RISK_INCIDENT
2025-08-05 08:30:00,Resolved,INC-03352,Incident Closed
2025-08-05 08:30:00,Resolved,INC-03353,Incident Closed
2025-08-05 08:30:00,Escalated,INC-03357,Supervisor
2025-08-05 08:30:00,Incident Created,INC-03357,CURTAILMENT_RISK_INCIDENT
2025-08-05 09:00:00,Resolved,INC-03354,Incident Closed
2025-08-05 09:00:00,Incident Created,INC-03358,CURTAILMENT_RISK_INCIDENT
2025-08-05 09:00:00,Escalated,INC-03358,Supervisor
2025-08-05 09:30:00,Resolved,INC-03355,Incident Closed
2025-08-05 09:30:00,Incident Created,INC-03359,CURTAILMENT_RISK_INCIDENT
2025-08-05 09:30:00,Escalated,INC-03359,Supervisor
2025-08-05 10:00:00,Resolved,INC-03356,Incident Closed
2025-08-05 10:00:00,Escalated,INC-03360,Supervisor
2025-08-05 10:00:00,Incident Created,INC-03360,CURTAILMENT_RISK_INCIDENT
2025-08-05 10:30:00,Resolved,INC-03357,Incident Closed
2025-08-05 10:30:00,Incident Created,INC-03361,OVER_GENERATION_INCIDENT
2025-08-05 10:30:00,Escalated,INC-03361,Operator
2025-08-05 10:30:00,Incident Created,INC-03362,CURTAILMENT_RISK_INCIDENT
2025-08-05 10:30:00,Escalated,INC-03362,Supervisor
2025-08-05 11:00:00,Resolved,INC-03358,Incident Closed
2025-08-05 11:00:00,Incident Created,INC-03363,OVER_GENERATION_INCIDENT
2025-08-05 11:00:00,Escalated,INC-03363,Operator
2025-08-05 11:00:00,Incident Created,INC-03364,CURTAILMENT_RISK_INCIDENT
2025-08-05 11:00:00,Escalated,INC-03364,Supervisor
2025-08-05 11:30:00,Resolved,INC-03359,Incident Closed
2025-08-05 11:30:00,Incident Created,INC-03365,OVER_GENERATION_INCIDENT
2025-08-05 11:30:00,Escalated,INC-03365,Operator
2025-08-05 11:30:00,Incident Created,INC-03366,CURTAILMENT_RISK_INCIDENT
2025-08-05 11:30:00,Escalated,INC-03366,Supervisor
2025-08-05 12:00:00,Resolved,INC-03360,Incident Closed
2025-08-05 12:00:00,Incident Created,INC-03367,OVER_GENERATION_INCIDENT
2025-08-05 12:00:00,Escalated,INC-03367,Operator
2025-08-05 12:00:00,Incident Created,INC-03368,CURTAILMENT_RISK_INCIDENT
2025-08-05 12:00:00,Escalated,INC-03368,Supervisor
2025-08-05 12:30:00,Resolved,INC-03361,Incident Closed
2025-08-05 12:30:00,Resolved,INC-03362,Incident Closed
2025-08-05 12:30:00,Incident Created,INC-03369,OVER_GENERATION_INCIDENT
2025-08-05 12:30:00,Escalated,INC-03369,Operator
2025-08-05 12:30:00,Incident Created,INC-03370,CURTAILMENT_RISK_INCIDENT
2025-08-05 12:30:00,Escalated,INC-03370,Supervisor
2025-08-05 13:00:00,Resolved,INC-03363,Incident Closed
2025-08-05 13:00:00,Resolved,INC-03364,Incident Closed
2025-08-05 13:00:00,Escalated,INC-03371,Operator
2025-08-05 13:00:00,Incident Created,INC-03371,OVER_GENERATION_INCIDENT
2025-08-05 13:00:00,Escalated,INC-03372,Supervisor
2025-08-05 13:00:00,Incident Created,INC-03372,CURTAILMENT_RISK_INCIDENT
2025-08-05 13:30:00,Resolved,INC-03365,Incident Closed
2025-08-05 13:30:00,Resolved,INC-03366,Incident Closed
2025-08-05 13:30:00,Escalated,INC-03373,Operator
2025-08-05 13:30:00,Incident Created,INC-03373,OVER_GENERATION_INCIDENT
2025-08-05 13:30:00,Escalated,INC-03374,Supervisor
2025-08-05 13:30:00,Incident Created,INC-03374,CURTAILMENT_RISK_INCIDENT
2025-08-05 14:00:00,Resolved,INC-03367,Incident Closed
2025-08-05 14:00:00,Resolved,INC-03368,Incident Closed
2025-08-05 14:00:00,Escalated,INC-03375,Operator
2025-08-05 14:00:00,Incident Created,INC-03375,OVER_GENERATION_INCIDENT
2025-08-05 14:00:00,Escalated,INC-03376,Supervisor
2025-08-05 14:00:00,Incident Created,INC-03376,CURTAILMENT_RISK_INCIDENT
2025-08-05 14:30:00,Resolved,INC-03369,Incident Closed
2025-08-05 14:30:00,Resolved,INC-03370,Incident Closed
2025-08-05 14:30:00,Escalated,INC-03377,Operator
2025-08-05 14:30:00,Incident Created,INC-03377,OVER_GENERATION_INCIDENT
2025-08-05 14:30:00,Incident Created,INC-03378,CURTAILMENT_RISK_INCIDENT
2025-08-05 14:30:00,Escalated,INC-03378,Supervisor
2025-08-05 15:00:00,Resolved,INC-03371,Incident Closed
2025-08-05 15:00:00,Resolved,INC-03372,Incident Closed
2025-08-05 15:00:00,Escalated,INC-03379,Operator
2025-08-05 15:00:00,Incident Created,INC-03379,OVER_GENERATION_INCIDENT
2025-08-05 15:00:00,Incident Created,INC-03380,CURTAILMENT_RISK_INCIDENT
2025-08-05 15:00:00,Escalated,INC-03380,Supervisor
2025-08-05 15:30:00,Resolved,INC-03373,Incident Closed
2025-08-05 15:30:00,Resolved,INC-03374,Incident Closed
2025-08-05 15:30:00,Incident Created,INC-03381,OVER_GENERATION_INCIDENT
2025-08-05 15:30:00,Escalated,INC-03381,Operator
2025-08-05 15:30:00,Escalated,INC-03382,Supervisor
2025-08-05 15:30:00,Incident Created,INC-03382,CURTAILMENT_RISK_INCIDENT
2025-08-05 16:00:00,Resolved,INC-03375,Incident Closed
2025-08-05 16:00:00,Resolved,INC-03376,Incident Closed
2025-08-05 16:00:00,Escalated,INC-03383,Operator
2025-08-05 16:00:00,Incident Created,INC-03383,OVER_GENERATION_INCIDENT
2025-08-05 16:00:00,Escalated,INC-03384,Supervisor
2025-08-05 16:00:00,Incident Created,INC-03384,CURTAILMENT_RISK_INCIDENT
2025-08-05 16:30:00,Resolved,INC-03377,Incident Closed
2025-08-05 16:30:00,Resolved,INC-03378,Incident Closed
2025-08-05 16:30:00,Incident Created,INC-03385,CURTAILMENT_RISK_INCIDENT
2025-08-05 16:30:00,Escalated,INC-03385,Supervisor
2025-08-05 17:00:00,Resolved,INC-03379,Incident Closed
2025-08-05 17:00:00,Resolved,INC-03380,Incident Closed
2025-08-05 17:30:00,Resolved,INC-03381,Incident Closed
2025-08-05 17:30:00,Resolved,INC-03382,Incident Closed
2025-08-05 18:00:00,Resolved,INC-03383,Incident Closed
2025-08-05 18:00:00,Resolved,INC-03384,Incident Closed
2025-08-05 18:30:00,Resolved,INC-03385,Incident Closed
2025-08-06 02:30:00,Escalated,INC-03386,Operator
2025-08-06 02:30:00,Incident Created,INC-03386,OVER_GENERATION_INCIDENT
2025-08-06 03:00:00,Escalated,INC-03387,Operator
2025-08-06 03:00:00,Incident Created,INC-03387,OVER_GENERATION_INCIDENT
2025-08-06 03:30:00,Escalated,INC-03388,Operator
2025-08-06 03:30:00,Incident Created,INC-03388,OVER_GENERATION_INCIDENT
2025-08-06 04:00:00,Incident Created,INC-03389,OVER_GENERATION_INCIDENT
2025-08-06 04:00:00,Escalated,INC-03389,Operator
2025-08-06 04:30:00,Resolved,INC-03386,Incident Closed
2025-08-06 04:30:00,Incident Created,INC-03390,OVER_GENERATION_INCIDENT
2025-08-06 04:30:00,Escalated,INC-03390,Operator
2025-08-06 05:00:00,Resolved,INC-03387,Incident Closed
2025-08-06 05:00:00,Incident Created,INC-03391,OVER_GENERATION_INCIDENT
2025-08-06 05:00:00,Escalated,INC-03391,Operator
2025-08-06 05:30:00,Resolved,INC-03388,Incident Closed
2025-08-06 05:30:00,Incident Created,INC-03392,OVER_GENERATION_INCIDENT
2025-08-06 05:30:00,Escalated,INC-03392,Operator
2025-08-06 06:00:00,Resolved,INC-03389,Incident Closed
2025-08-06 06:30:00,Resolved,INC-03390,Incident Closed
2025-08-06 07:00:00,Resolved,INC-03391,Incident Closed
2025-08-06 07:30:00,Resolved,INC-03392,Incident Closed
2025-08-06 11:00:00,Escalated,INC-03393,Operator
2025-08-06 11:00:00,Incident Created,INC-03393,OVER_GENERATION_INCIDENT
2025-08-06 11:30:00,Escalated,INC-03394,Operator
2025-08-06 11:30:00,Incident Created,INC-03394,OVER_GENERATION_INCIDENT
2025-08-06 12:00:00,Escalated,INC-03395,Operator
2025-08-06 12:00:00,Incident Created,INC-03395,OVER_GENERATION_INCIDENT
2025-08-06 12:30:00,Escalated,INC-03396,Operator
2025-08-06 12:30:00,Incident Created,INC-03396,OVER_GENERATION_INCIDENT
2025-08-06 13:00:00,Resolved,INC-03393,Incident Closed
2025-08-06 13:00:00,Escalated,INC-03397,Operator
2025-08-06 13:00:00,Incident Created,INC-03397,OVER_GENERATION_INCIDENT
2025-08-06 13:30:00,Resolved,INC-03394,Incident Closed
2025-08-06 13:30:00,Escalated,INC-03398,Operator
2025-08-06 13:30:00,Incident Created,INC-03398,OVER_GENERATION_INCIDENT
2025-08-06 14:00:00,Resolved,INC-03395,Incident Closed
2025-08-06 14:00:00,Incident Created,INC-03399,OVER_GENERATION_INCIDENT
2025-08-06 14:00:00,Escalated,INC-03399,Operator
2025-08-06 14:30:00,Resolved,INC-03396,Incident Closed
2025-08-06 15:00:00,Resolved,INC-03397,Incident Closed
2025-08-06 15:30:00,Resolved,INC-03398,Incident Closed
2025-08-06 16:00:00,Resolved,INC-03399,Incident Closed
2025-08-07 01:00:00,Incident Created,INC-03400,OVER_GENERATION_INCIDENT
2025-08-07 01:00:00,Escalated,INC-03400,Operator
2025-08-07 01:30:00,Incident Created,INC-03401,OVER_GENERATION_INCIDENT
2025-08-07 01:30:00,Escalated,INC-03401,Operator
2025-08-07 02:00:00,Incident Created,INC-03402,OVER_GENERATION_INCIDENT
2025-08-07 02:00:00,Escalated,INC-03402,Operator
2025-08-07 02:30:00,Incident Created,INC-03403,OVER_GENERATION_INCIDENT
2025-08-07 02:30:00,Escalated,INC-03403,Operator
2025-08-07 03:00:00,Resolved,INC-03400,Incident Closed
2025-08-07 03:00:00,Incident Created,INC-03404,OVER_GENERATION_INCIDENT
2025-08-07 03:00:00,Escalated,INC-03404,Operator
2025-08-07 03:30:00,Resolved,INC-03401,Incident Closed
2025-08-07 03:30:00,Escalated,INC-03405,Operator
2025-08-07 03:30:00,Incident Created,INC-03405,OVER_GENERATION_INCIDENT
2025-08-07 04:00:00,Resolved,INC-03402,Incident Closed
2025-08-07 04:00:00,Escalated,INC-03406,Operator
2025-08-07 04:00:00,Incident Created,INC-03406,OVER_GENERATION_INCIDENT
2025-08-07 04:30:00,Resolved,INC-03403,Incident Closed
2025-08-07 04:30:00,Escalated,INC-03407,Operator
2025-08-07 04:30:00,Incident Created,INC-03407,OVER_GENERATION_INCIDENT
2025-08-07 05:00:00,Resolved,INC-03404,Incident Closed
2025-08-07 05:00:00,Escalated,INC-03408,Operator
2025-08-07 05:00:00,Incident Created,INC-03408,OVER_GENERATION_INCIDENT
2025-08-07 05:30:00,Resolved,INC-03405,Incident Closed
2025-08-07 05:30:00,Incident Created,INC-03409,OVER_GENERATION_INCIDENT
2025-08-07 05:30:00,Escalated,INC-03409,Operator
2025-08-07 06:00:00,Resolved,INC-03406,Incident Closed
2025-08-07 06:00:00,Incident Created,INC-03410,OVER_GENERATION_INCIDENT
2025-08-07 06:00:00,Escalated,INC-03410,Operator
2025-08-07 06:30:00,Resolved,INC-03407,Incident Closed
2025-08-07 07:00:00,Resolved,INC-03408,Incident Closed
2025-08-07 07:30:00,Resolved,INC-03409,Incident Closed
2025-08-07 08:00:00,Resolved,INC-03410,Incident Closed
2025-08-07 11:00:00,Escalated,INC-03411,Supervisor
2025-08-07 11:00:00,Incident Created,INC-03411,CURTAILMENT_RISK_INCIDENT
2025-08-07 11:30:00,Escalated,INC-03412,Supervisor
2025-08-07 11:30:00,Incident Created,INC-03412,CURTAILMENT_RISK_INCIDENT
2025-08-07 12:00:00,Escalated,INC-03413,Supervisor
2025-08-07 12:00:00,Incident Created,INC-03413,CURTAILMENT_RISK_INCIDENT
2025-08-07 12:30:00,Escalated,INC-03414,Supervisor
2025-08-07 12:30:00,Incident Created,INC-03414,CURTAILMENT_RISK_INCIDENT
2025-08-07 13:00:00,Resolved,INC-03411,Incident Closed
2025-08-07 13:00:00,Escalated,INC-03415,Supervisor
2025-08-07 13:00:00,Incident Created,INC-03415,CURTAILMENT_RISK_INCIDENT
2025-08-07 13:30:00,Resolved,INC-03412,Incident Closed
2025-08-07 13:30:00,Escalated,INC-03416,Supervisor
2025-08-07 13:30:00,Incident Created,INC-03416,CURTAILMENT_RISK_INCIDENT
2025-08-07 14:00:00,Resolved,INC-03413,Incident Closed
2025-08-07 14:00:00,Incident Created,INC-03417,CURTAILMENT_RISK_INCIDENT
2025-08-07 14:00:00,Escalated,INC-03417,Supervisor
2025-08-07 14:30:00,Resolved,INC-03414,Incident Closed
2025-08-07 14:30:00,Incident Created,INC-03418,CURTAILMENT_RISK_INCIDENT
2025-08-07 14:30:00,Escalated,INC-03418,Supervisor
2025-08-07 15:00:00,Resolved,INC-03415,Incident Closed
2025-08-07 15:30:00,Resolved,INC-03416,Incident Closed
2025-08-07 16:00:00,Resolved,INC-03417,Incident Closed
2025-08-07 16:30:00,Resolved,INC-03418,Incident Closed
2025-08-08 02:30:00,Incident Created,INC-03419,OVER_GENERATION_INCIDENT
2025-08-08 02:30:00,Escalated,INC-03419,Operator
2025-08-08 03:00:00,Incident Created,INC-03420,OVER_GENERATION_INCIDENT
2025-08-08 03:00:00,Escalated,INC-03420,Operator
2025-08-08 03:30:00,Escalated,INC-03421,Operator
2025-08-08 03:30:00,Incident Created,INC-03421,OVER_GENERATION_INCIDENT
2025-08-08 04:00:00,Incident Created,INC-03422,OVER_GENERATION_INCIDENT
2025-08-08 04:00:00,Escalated,INC-03422,Operator
2025-08-08 04:30:00,Resolved,INC-03419,Incident Closed
2025-08-08 04:30:00,Escalated,INC-03423,Operator
2025-08-08 04:30:00,Incident Created,INC-03423,OVER_GENERATION_INCIDENT
2025-08-08 05:00:00,Resolved,INC-03420,Incident Closed
2025-08-08 05:00:00,Incident Created,INC-03424,OVER_GENERATION_INCIDENT
2025-08-08 05:00:00,Escalated,INC-03424,Operator
2025-08-08 05:30:00,Resolved,INC-03421,Incident Closed
2025-08-08 05:30:00,Incident Created,INC-03425,OVER_GENERATION_INCIDENT
2025-08-08 05:30:00,Escalated,INC-03425,Operator
2025-08-08 06:00:00,Resolved,INC-03422,Incident Closed
2025-08-08 06:00:00,Escalated,INC-03426,Operator
2025-08-08 06:00:00,Incident Created,INC-03426,OVER_GENERATION_INCIDENT
2025-08-08 06:30:00,Resolved,INC-03423,Incident Closed
2025-08-08 07:00:00,Resolved,INC-03424,Incident Closed
2025-08-08 07:30:00,Resolved,INC-03425,Incident Closed
2025-08-08 08:00:00,Resolved,INC-03426,Incident Closed
2025-08-08 10:00:00,Incident Created,INC-03427,CURTAILMENT_RISK_INCIDENT
2025-08-08 10:00:00,Escalated,INC-03427,Supervisor
2025-08-08 10:30:00,Incident Created,INC-03428,CURTAILMENT_RISK_INCIDENT
2025-08-08 10:30:00,Escalated,INC-03428,Supervisor
2025-08-08 11:00:00,Escalated,INC-03429,Supervisor
2025-08-08 11:00:00,Incident Created,INC-03429,CURTAILMENT_RISK_INCIDENT
2025-08-08 11:30:00,Escalated,INC-03430,Supervisor
2025-08-08 11:30:00,Incident Created,INC-03430,CURTAILMENT_RISK_INCIDENT
2025-08-08 12:00:00,Resolved,INC-03427,Incident Closed
2025-08-08 12:00:00,Escalated,INC-03431,Supervisor
2025-08-08 12:00:00,Incident Created,INC-03431,CURTAILMENT_RISK_INCIDENT
2025-08-08 12:30:00,Resolved,INC-03428,Incident Closed
2025-08-08 12:30:00,Incident Created,INC-03432,CURTAILMENT_RISK_INCIDENT
2025-08-08 12:30:00,Escalated,INC-03432,Supervisor
2025-08-08 13:00:00,Resolved,INC-03429,Incident Closed
2025-08-08 13:00:00,Incident Created,INC-03433,OVER_GENERATION_INCIDENT
2025-08-08 13:00:00,Escalated,INC-03433,Operator
2025-08-08 13:00:00,Escalated,INC-03434,Supervisor
2025-08-08 13:00:00,Incident Created,INC-03434,CURTAILMENT_RISK_INCIDENT
2025-08-08 13:30:00,Resolved,INC-03430,Incident Closed
2025-08-08 13:30:00,Escalated,INC-03435,Operator
2025-08-08 13:30:00,Incident Created,INC-03435,OVER_GENERATION_INCIDENT
2025-08-08 13:30:00,Incident Created,INC-03436,CURTAILMENT_RISK_INCIDENT
2025-08-08 13:30:00,Escalated,INC-03436,Supervisor
2025-08-08 14:00:00,Resolved,INC-03431,Incident Closed
2025-08-08 14:00:00,Incident Created,INC-03437,OVER_GENERATION_INCIDENT
2025-08-08 14:00:00,Escalated,INC-03437,Operator
2025-08-08 14:00:00,Incident Created,INC-03438,CURTAILMENT_RISK_INCIDENT
2025-08-08 14:00:00,Escalated,INC-03438,Supervisor
2025-08-08 14:30:00,Resolved,INC-03432,Incident Closed
2025-08-08 14:30:00,Escalated,INC-03439,Operator
2025-08-08 14:30:00,Incident Created,INC-03439,OVER_GENERATION_INCIDENT
2025-08-08 14:30:00,Escalated,INC-03440,Supervisor
2025-08-08 14:30:00,Incident Created,INC-03440,CURTAILMENT_RISK_INCIDENT
2025-08-08 15:00:00,Resolved,INC-03433,Incident Closed
2025-08-08 15:00:00,Resolved,INC-03434,Incident Closed
2025-08-08 15:00:00,Escalated,INC-03441,Operator
2025-08-08 15:00:00,Incident Created,INC-03441,OVER_GENERATION_INCIDENT
2025-08-08 15:30:00,Resolved,INC-03435,Incident Closed
2025-08-08 15:30:00,Resolved,INC-03436,Incident Closed
2025-08-08 15:30:00,Escalated,INC-03442,Operator
2025-08-08 15:30:00,Incident Created,INC-03442,OVER_GENERATION_INCIDENT
2025-08-08 16:00:00,Resolved,INC-03437,Incident Closed
2025-08-08 16:00:00,Resolved,INC-03438,Incident Closed
2025-08-08 16:00:00,Incident Created,INC-03443,OVER_GENERATION_INCIDENT
2025-08-08 16:00:00,Escalated,INC-03443,Operator
2025-08-08 16:30:00,Resolved,INC-03439,Incident Closed
2025-08-08 16:30:00,Resolved,INC-03440,Incident Closed
2025-08-08 16:30:00,Escalated,INC-03444,Operator
2025-08-08 16:30:00,Incident Created,INC-03444,OVER_GENERATION_INCIDENT
2025-08-08 17:00:00,Resolved,INC-03441,Incident Closed
2025-08-08 17:30:00,Resolved,INC-03442,Incident Closed
2025-08-08 18:00:00,Resolved,INC-03443,Incident Closed
2025-08-08 18:30:00,Resolved,INC-03444,Incident Closed
2025-08-09 01:00:00,Escalated,INC-03445,Operator
2025-08-09 01:00:00,Incident Created,INC-03445,OVER_GENERATION_INCIDENT
2025-08-09 01:30:00,Escalated,INC-03446,Operator
2025-08-09 01:30:00,Incident Created,INC-03446,OVER_GENERATION_INCIDENT
2025-08-09 02:00:00,Escalated,INC-03447,Operator
2025-08-09 02:00:00,Incident Created,INC-03447,OVER_GENERATION_INCIDENT
2025-08-09 02:30:00,Escalated,INC-03448,Operator
2025-08-09 02:30:00,Incident Created,INC-03448,OVER_GENERATION_INCIDENT
2025-08-09 03:00:00,Resolved,INC-03445,Incident Closed
2025-08-09 03:00:00,Incident Created,INC-03449,OVER_GENERATION_INCIDENT
2025-08-09 03:00:00,Escalated,INC-03449,Operator
2025-08-09 03:30:00,Resolved,INC-03446,Incident Closed
2025-08-09 03:30:00,Incident Created,INC-03450,OVER_GENERATION_INCIDENT
2025-08-09 03:30:00,Escalated,INC-03450,Operator
2025-08-09 04:00:00,Resolved,INC-03447,Incident Closed
2025-08-09 04:00:00,Escalated,INC-03451,Operator
2025-08-09 04:00:00,Incident Created,INC-03451,OVER_GENERATION_INCIDENT
2025-08-09 04:30:00,Resolved,INC-03448,Incident Closed
2025-08-09 04:30:00,Escalated,INC-03452,Operator
2025-08-09 04:30:00,Incident Created,INC-03452,OVER_GENERATION_INCIDENT
2025-08-09 05:00:00,Resolved,INC-03449,Incident Closed
2025-08-09 05:00:00,Escalated,INC-03453,Operator
2025-08-09 05:00:00,Incident Created,INC-03453,OVER_GENERATION_INCIDENT
2025-08-09 05:30:00,Resolved,INC-03450,Incident Closed
2025-08-09 05:30:00,Incident Created,INC-03454,OVER_GENERATION_INCIDENT
2025-08-09 05:30:00,Escalated,INC-03454,Operator
2025-08-09 06:00:00,Resolved,INC-03451,Incident Closed
2025-08-09 06:00:00,Incident Created,INC-03455,OVER_GENERATION_INCIDENT
2025-08-09 06:00:00,Escalated,INC-03455,Operator
2025-08-09 06:30:00,Resolved,INC-03452,Incident Closed
2025-08-09 06:30:00,Incident Created,INC-03456,OVER_GENERATION_INCIDENT
2025-08-09 06:30:00,Escalated,INC-03456,Operator
2025-08-09 07:00:00,Resolved,INC-03453,Incident Closed
2025-08-09 07:00:00,Incident Created,INC-03457,OVER_GENERATION_INCIDENT
2025-08-09 07:00:00,Escalated,INC-03457,Operator
2025-08-09 07:30:00,Resolved,INC-03454,Incident Closed
2025-08-09 07:30:00,Escalated,INC-03458,Operator
2025-08-09 07:30:00,Incident Created,INC-03458,OVER_GENERATION_INCIDENT
2025-08-09 08:00:00,Resolved,INC-03455,Incident Closed
2025-08-09 08:00:00,Escalated,INC-03459,Operator
2025-08-09 08:00:00,Incident Created,INC-03459,OVER_GENERATION_INCIDENT
2025-08-09 08:30:00,Resolved,INC-03456,Incident Closed
2025-08-09 08:30:00,Escalated,INC-03460,Operator
2025-08-09 08:30:00,Incident Created,INC-03460,OVER_GENERATION_INCIDENT
2025-08-09 08:30:00,Escalated,INC-03461,Supervisor
2025-08-09 08:30:00,Incident Created,INC-03461,CURTAILMENT_RISK_INCIDENT
2025-08-09 09:00:00,Resolved,INC-03457,Incident Closed
2025-08-09 09:00:00,Incident Created,INC-03462,OVER_GENERATION_INCIDENT
2025-08-09 09:00:00,Escalated,INC-03462,Operator
2025-08-09 09:00:00,Incident Created,INC-03463,CURTAILMENT_RISK_INCIDENT
2025-08-09 09:00:00,Escalated,INC-03463,Supervisor
2025-08-09 09:30:00,Resolved,INC-03458,Incident Closed
2025-08-09 09:30:00,Escalated,INC-03464,Operator
2025-08-09 09:30:00,Incident Created,INC-03464,OVER_GENERATION_INCIDENT
2025-08-09 09:30:00,Escalated,INC-03465,Supervisor
2025-08-09 09:30:00,Incident Created,INC-03465,CURTAILMENT_RISK_INCIDENT
2025-08-09 10:00:00,Resolved,INC-03459,Incident Closed
2025-08-09 10:00:00,Escalated,INC-03466,Operator
2025-08-09 10:00:00,Incident Created,INC-03466,OVER_GENERATION_INCIDENT
2025-08-09 10:00:00,Escalated,INC-03467,Supervisor
2025-08-09 10:00:00,Incident Created,INC-03467,CURTAILMENT_RISK_INCIDENT
2025-08-09 10:30:00,Resolved,INC-03460,Incident Closed
2025-08-09 10:30:00,Resolved,INC-03461,Incident Closed
2025-08-09 10:30:00,Incident Created,INC-03468,OVER_GENERATION_INCIDENT
2025-08-09 10:30:00,Escalated,INC-03468,Operator
2025-08-09 10:30:00,Incident Created,INC-03469,CURTAILMENT_RISK_INCIDENT
2025-08-09 10:30:00,Escalated,INC-03469,Supervisor
2025-08-09 11:00:00,Resolved,INC-03462,Incident Closed
2025-08-09 11:00:00,Resolved,INC-03463,Incident Closed
2025-08-09 11:00:00,Incident Created,INC-03470,OVER_GENERATION_INCIDENT
2025-08-09 11:00:00,Escalated,INC-03470,Operator
2025-08-09 11:00:00,Escalated,INC-03471,Supervisor
2025-08-09 11:00:00,Incident Created,INC-03471,CURTAILMENT_RISK_INCIDENT
2025-08-09 11:30:00,Resolved,INC-03464,Incident Closed
2025-08-09 11:30:00,Resolved,INC-03465,Incident Closed
2025-08-09 11:30:00,Escalated,INC-03472,Operator
2025-08-09 11:30:00,Incident Created,INC-03472,OVER_GENERATION_INCIDENT
2025-08-09 11:30:00,Incident Created,INC-03473,CURTAILMENT_RISK_INCIDENT
2025-08-09 11:30:00,Escalated,INC-03473,Supervisor
2025-08-09 12:00:00,Resolved,INC-03466,Incident Closed
2025-08-09 12:00:00,Resolved,INC-03467,Incident Closed
2025-08-09 12:00:00,Incident Created,INC-03474,OVER_GENERATION_INCIDENT
2025-08-09 12:00:00,Escalated,INC-03474,Operator
2025-08-09 12:00:00,Incident Created,INC-03475,CURTAILMENT_RISK_INCIDENT
2025-08-09 12:00:00,Escalated,INC-03475,Supervisor
2025-08-09 12:30:00,Resolved,INC-03468,Incident Closed
2025-08-09 12:30:00,Resolved,INC-03469,Incident Closed
2025-08-09 12:30:00,Incident Created,INC-03476,OVER_GENERATION_INCIDENT
2025-08-09 12:30:00,Escalated,INC-03476,Operator
2025-08-09 12:30:00,Incident Created,INC-03477,CURTAILMENT_RISK_INCIDENT
2025-08-09 12:30:00,Escalated,INC-03477,Supervisor
2025-08-09 13:00:00,Resolved,INC-03470,Incident Closed
2025-08-09 13:00:00,Resolved,INC-03471,Incident Closed
2025-08-09 13:00:00,Incident Created,INC-03478,OVER_GENERATION_INCIDENT
2025-08-09 13:00:00,Escalated,INC-03478,Operator
2025-08-09 13:00:00,Incident Created,INC-03479,CURTAILMENT_RISK_INCIDENT
2025-08-09 13:00:00,Escalated,INC-03479,Supervisor
2025-08-09 13:30:00,Resolved,INC-03472,Incident Closed
2025-08-09 13:30:00,Resolved,INC-03473,Incident Closed
2025-08-09 13:30:00,Incident Created,INC-03480,OVER_GENERATION_INCIDENT
2025-08-09 13:30:00,Escalated,INC-03480,Operator
2025-08-09 13:30:00,Incident Created,INC-03481,CURTAILMENT_RISK_INCIDENT
2025-08-09 13:30:00,Escalated,INC-03481,Supervisor
2025-08-09 14:00:00,Resolved,INC-03474,Incident Closed
2025-08-09 14:00:00,Resolved,INC-03475,Incident Closed
2025-08-09 14:00:00,Incident Created,INC-03482,OVER_GENERATION_INCIDENT
2025-08-09 14:00:00,Escalated,INC-03482,Operator
2025-08-09 14:00:00,Incident Created,INC-03483,CURTAILMENT_RISK_INCIDENT
2025-08-09 14:00:00,Escalated,INC-03483,Supervisor
2025-08-09 14:30:00,Resolved,INC-03476,Incident Closed
2025-08-09 14:30:00,Resolved,INC-03477,Incident Closed
2025-08-09 14:30:00,Escalated,INC-03484,Operator
2025-08-09 14:30:00,Incident Created,INC-03484,OVER_GENERATION_INCIDENT
2025-08-09 14:30:00,Escalated,INC-03485,Supervisor
2025-08-09 14:30:00,Incident Created,INC-03485,CURTAILMENT_RISK_INCIDENT
2025-08-09 15:00:00,Resolved,INC-03478,Incident Closed
2025-08-09 15:00:00,Resolved,INC-03479,Incident Closed
2025-08-09 15:00:00,Escalated,INC-03486,Operator
2025-08-09 15:00:00,Incident Created,INC-03486,OVER_GENERATION_INCIDENT
2025-08-09 15:00:00,Escalated,INC-03487,Supervisor
2025-08-09 15:00:00,Incident Created,INC-03487,CURTAILMENT_RISK_INCIDENT
2025-08-09 15:30:00,Resolved,INC-03480,Incident Closed
2025-08-09 15:30:00,Resolved,INC-03481,Incident Closed
2025-08-09 15:30:00,Escalated,INC-03488,Operator
2025-08-09 15:30:00,Incident Created,INC-03488,OVER_GENERATION_INCIDENT
2025-08-09 15:30:00,Escalated,INC-03489,Supervisor
2025-08-09 15:30:00,Incident Created,INC-03489,CURTAILMENT_RISK_INCIDENT
2025-08-09 16:00:00,Resolved,INC-03482,Incident Closed
2025-08-09 16:00:00,Resolved,INC-03483,Incident Closed
2025-08-09 16:00:00,Escalated,INC-03490,Operator
2025-08-09 16:00:00,Incident Created,INC-03490,OVER_GENERATION_INCIDENT
2025-08-09 16:30:00,Resolved,INC-03484,Incident Closed
2025-08-09 16:30:00,Resolved,INC-03485,Incident Closed
2025-08-09 16:30:00,Incident Created,INC-03491,OVER_GENERATION_INCIDENT
2025-08-09 16:30:00,Escalated,INC-03491,Operator
2025-08-09 17:00:00,Resolved,INC-03486,Incident Closed
2025-08-09 17:00:00,Resolved,INC-03487,Incident Closed
2025-08-09 17:00:00,Escalated,INC-03492,Operator
2025-08-09 17:00:00,Incident Created,INC-03492,OVER_GENERATION_INCIDENT
2025-08-09 17:30:00,Resolved,INC-03488,Incident Closed
2025-08-09 17:30:00,Resolved,INC-03489,Incident Closed
2025-08-09 18:00:00,Resolved,INC-03490,Incident Closed
2025-08-09 18:30:00,Resolved,INC-03491,Incident Closed
2025-08-09 19:00:00,Resolved,INC-03492,Incident Closed
2025-08-10 06:00:00,Incident Created,INC-03493,OVER_GENERATION_INCIDENT
2025-08-10 06:00:00,Escalated,INC-03493,Operator
2025-08-10 06:30:00,Incident Created,INC-03494,OVER_GENERATION_INCIDENT
2025-08-10 06:30:00,Escalated,INC-03494,Operator
2025-08-10 07:00:00,Incident Created,INC-03495,OVER_GENERATION_INCIDENT
2025-08-10 07:00:00,Escalated,INC-03495,Operator
2025-08-10 07:30:00,Incident Created,INC-03496,OVER_GENERATION_INCIDENT
2025-08-10 07:30:00,Escalated,INC-03496,Operator
2025-08-10 08:00:00,Resolved,INC-03493,Incident Closed
2025-08-10 08:00:00,Incident Created,INC-03497,OVER_GENERATION_INCIDENT
2025-08-10 08:00:00,Escalated,INC-03497,Operator
2025-08-10 08:30:00,Resolved,INC-03494,Incident Closed
2025-08-10 08:30:00,Incident Created,INC-03498,OVER_GENERATION_INCIDENT
2025-08-10 08:30:00,Escalated,INC-03498,Operator
2025-08-10 09:00:00,Resolved,INC-03495,Incident Closed
2025-08-10 09:00:00,Escalated,INC-03499,Operator
2025-08-10 09:00:00,Incident Created,INC-03499,OVER_GENERATION_INCIDENT
2025-08-10 09:30:00,Resolved,INC-03496,Incident Closed
2025-08-10 09:30:00,Escalated,INC-03500,Operator
2025-08-10 09:30:00,Incident Created,INC-03500,OVER_GENERATION_INCIDENT
2025-08-10 10:00:00,Resolved,INC-03497,Incident Closed
2025-08-10 10:00:00,Escalated,INC-03501,Operator
2025-08-10 10:00:00,Incident Created,INC-03501,OVER_GENERATION_INCIDENT
2025-08-10 10:30:00,Resolved,INC-03498,Incident Closed
2025-08-10 10:30:00,Incident Created,INC-03502,OVER_GENERATION_INCIDENT
2025-08-10 10:30:00,Escalated,INC-03502,Operator
2025-08-10 11:00:00,Resolved,INC-03499,Incident Closed
2025-08-10 11:00:00,Incident Created,INC-03503,OVER_GENERATION_INCIDENT
2025-08-10 11:00:00,Escalated,INC-03503,Operator
2025-08-10 11:30:00,Resolved,INC-03500,Incident Closed
2025-08-10 11:30:00,Incident Created,INC-03504,OVER_GENERATION_INCIDENT
2025-08-10 11:30:00,Escalated,INC-03504,Operator
2025-08-10 12:00:00,Resolved,INC-03501,Incident Closed
2025-08-10 12:00:00,Escalated,INC-03505,Operator
2025-08-10 12:00:00,Incident Created,INC-03505,OVER_GENERATION_INCIDENT
2025-08-10 12:30:00,Resolved,INC-03502,Incident Closed
2025-08-10 12:30:00,Incident Created,INC-03506,OVER_GENERATION_INCIDENT
2025-08-10 12:30:00,Escalated,INC-03506,Operator
2025-08-10 13:00:00,Resolved,INC-03503,Incident Closed
2025-08-10 13:00:00,Incident Created,INC-03507,OVER_GENERATION_INCIDENT
2025-08-10 13:00:00,Escalated,INC-03507,Operator
2025-08-10 13:30:00,Resolved,INC-03504,Incident Closed
2025-08-10 13:30:00,Incident Created,INC-03508,OVER_GENERATION_INCIDENT
2025-08-10 13:30:00,Escalated,INC-03508,Operator
2025-08-10 14:00:00,Resolved,INC-03505,Incident Closed
2025-08-10 14:00:00,Incident Created,INC-03509,OVER_GENERATION_INCIDENT
2025-08-10 14:00:00,Escalated,INC-03509,Operator
2025-08-10 14:30:00,Resolved,INC-03506,Incident Closed
2025-08-10 14:30:00,Incident Created,INC-03510,OVER_GENERATION_INCIDENT
2025-08-10 14:30:00,Escalated,INC-03510,Operator
2025-08-10 15:00:00,Resolved,INC-03507,Incident Closed
2025-08-10 15:00:00,Incident Created,INC-03511,OVER_GENERATION_INCIDENT
2025-08-10 15:00:00,Escalated,INC-03511,Operator
2025-08-10 15:30:00,Resolved,INC-03508,Incident Closed
2025-08-10 15:30:00,Incident Created,INC-03512,OVER_GENERATION_INCIDENT
2025-08-10 15:30:00,Escalated,INC-03512,Operator
2025-08-10 16:00:00,Resolved,INC-03509,Incident Closed
2025-08-10 16:00:00,Incident Created,INC-03513,OVER_GENERATION_INCIDENT
2025-08-10 16:00:00,Escalated,INC-03513,Operator
2025-08-10 16:30:00,Resolved,INC-03510,Incident Closed
2025-08-10 16:30:00,Incident Created,INC-03514,OVER_GENERATION_INCIDENT
2025-08-10 16:30:00,Escalated,INC-03514,Operator
2025-08-10 17:00:00,Resolved,INC-03511,Incident Closed
2025-08-10 17:30:00,Resolved,INC-03512,Incident Closed
2025-08-10 18:00:00,Resolved,INC-03513,Incident Closed
2025-08-10 18:30:00,Resolved,INC-03514,Incident Closed
2025-08-11 02:30:00,Escalated,INC-03515,Operator
2025-08-11 02:30:00,Incident Created,INC-03515,OVER_GENERATION_INCIDENT
2025-08-11 03:00:00,Escalated,INC-03516,Operator
2025-08-11 03:00:00,Incident Created,INC-03516,OVER_GENERATION_INCIDENT
2025-08-11 03:30:00,Escalated,INC-03517,Operator
2025-08-11 03:30:00,Incident Created,INC-03517,OVER_GENERATION_INCIDENT
2025-08-11 04:00:00,Incident Created,INC-03518,OVER_GENERATION_INCIDENT
2025-08-11 04:00:00,Escalated,INC-03518,Operator
2025-08-11 04:30:00,Resolved,INC-03515,Incident Closed
2025-08-11 04:30:00,Incident Created,INC-03519,OVER_GENERATION_INCIDENT
2025-08-11 04:30:00,Escalated,INC-03519,Operator
2025-08-11 05:00:00,Resolved,INC-03516,Incident Closed
2025-08-11 05:00:00,Escalated,INC-03520,Operator
2025-08-11 05:00:00,Incident Created,INC-03520,OVER_GENERATION_INCIDENT
2025-08-11 05:30:00,Resolved,INC-03517,Incident Closed
2025-08-11 05:30:00,Escalated,INC-03521,Operator
2025-08-11 05:30:00,Incident Created,INC-03521,OVER_GENERATION_INCIDENT
2025-08-11 06:00:00,Resolved,INC-03518,Incident Closed
2025-08-11 06:30:00,Resolved,INC-03519,Incident Closed
2025-08-11 07:00:00,Resolved,INC-03520,Incident Closed
2025-08-11 07:30:00,Resolved,INC-03521,Incident Closed
2025-08-11 17:00:00,Incident Created,INC-03522,SUSTAINABILITY_INCIDENT
2025-08-11 17:00:00,Escalated,INC-03522,Supervisor
2025-08-11 17:00:00,Incident Created,INC-03523,OPERATIONAL_RISK_INCIDENT
2025-08-11 17:00:00,Escalated,INC-03523,Regional Controller
2025-08-11 17:30:00,Incident Created,INC-03524,SUSTAINABILITY_INCIDENT
2025-08-11 17:30:00,Escalated,INC-03524,Supervisor
2025-08-11 17:30:00,Escalated,INC-03525,Regional Controller
2025-08-11 17:30:00,Incident Created,INC-03525,OPERATIONAL_RISK_INCIDENT
2025-08-11 18:00:00,Incident Created,INC-03526,SUSTAINABILITY_INCIDENT
2025-08-11 18:00:00,Escalated,INC-03526,Supervisor
2025-08-11 18:00:00,Incident Created,INC-03527,OPERATIONAL_RISK_INCIDENT
2025-08-11 18:00:00,Escalated,INC-03527,Regional Controller
2025-08-11 18:30:00,Escalated,INC-03528,Supervisor
2025-08-11 18:30:00,Incident Created,INC-03528,SUSTAINABILITY_INCIDENT
2025-08-11 19:00:00,Resolved,INC-03522,Incident Closed
2025-08-11 19:00:00,Resolved,INC-03523,Incident Closed
2025-08-11 19:00:00,Escalated,INC-03529,Supervisor
2025-08-11 19:00:00,Incident Created,INC-03529,SUSTAINABILITY_INCIDENT
2025-08-11 19:30:00,Resolved,INC-03524,Incident Closed
2025-08-11 19:30:00,Resolved,INC-03525,Incident Closed
2025-08-11 19:30:00,Escalated,INC-03530,Supervisor
2025-08-11 19:30:00,Incident Created,INC-03530,SUSTAINABILITY_INCIDENT
2025-08-11 20:00:00,Resolved,INC-03526,Incident Closed
2025-08-11 20:00:00,Resolved,INC-03527,Incident Closed
2025-08-11 20:00:00,Escalated,INC-03531,Supervisor
2025-08-11 20:00:00,Incident Created,INC-03531,SUSTAINABILITY_INCIDENT
2025-08-11 20:30:00,Resolved,INC-03528,Incident Closed
2025-08-11 20:30:00,Incident Created,INC-03532,SUSTAINABILITY_INCIDENT
2025-08-11 20:30:00,Escalated,INC-03532,Supervisor
2025-08-11 21:00:00,Resolved,INC-03529,Incident Closed
2025-08-11 21:00:00,Incident Created,INC-03533,SUSTAINABILITY_INCIDENT
2025-08-11 21:00:00,Escalated,INC-03533,Supervisor
2025-08-11 21:30:00,Resolved,INC-03530,Incident Closed
2025-08-11 22:00:00,Resolved,INC-03531,Incident Closed
2025-08-11 22:30:00,Resolved,INC-03532,Incident Closed
2025-08-11 23:00:00,Resolved,INC-03533,Incident Closed
2025-08-12 17:30:00,Incident Created,INC-03534,SUSTAINABILITY_INCIDENT
2025-08-12 17:30:00,Escalated,INC-03534,Supervisor
2025-08-12 18:00:00,Incident Created,INC-03535,SUSTAINABILITY_INCIDENT
2025-08-12 18:00:00,Escalated,INC-03535,Supervisor
2025-08-12 18:30:00,Incident Created,INC-03536,SUSTAINABILITY_INCIDENT
2025-08-12 18:30:00,Escalated,INC-03536,Supervisor
2025-08-12 19:00:00,Escalated,INC-03537,Supervisor
2025-08-12 19:00:00,Incident Created,INC-03537,SUSTAINABILITY_INCIDENT
2025-08-12 19:30:00,Resolved,INC-03534,Incident Closed
2025-08-12 19:30:00,Incident Created,INC-03538,SUSTAINABILITY_INCIDENT
2025-08-12 19:30:00,Escalated,INC-03538,Supervisor
2025-08-12 20:00:00,Resolved,INC-03535,Incident Closed
2025-08-12 20:00:00,Incident Created,INC-03539,SUSTAINABILITY_INCIDENT
2025-08-12 20:00:00,Escalated,INC-03539,Supervisor
2025-08-12 20:30:00,Resolved,INC-03536,Incident Closed
2025-08-12 20:30:00,Escalated,INC-03540,Supervisor
2025-08-12 20:30:00,Incident Created,INC-03540,SUSTAINABILITY_INCIDENT
2025-08-12 21:00:00,Resolved,INC-03537,Incident Closed
2025-08-12 21:00:00,Escalated,INC-03541,Supervisor
2025-08-12 21:00:00,Incident Created,INC-03541,SUSTAINABILITY_INCIDENT
2025-08-12 21:30:00,Resolved,INC-03538,Incident Closed
2025-08-12 21:30:00,Incident Created,INC-03542,SUSTAINABILITY_INCIDENT
2025-08-12 21:30:00,Escalated,INC-03542,Supervisor
2025-08-12 22:00:00,Resolved,INC-03539,Incident Closed
2025-08-12 22:00:00,Escalated,INC-03543,Supervisor
2025-08-12 22:00:00,Incident Created,INC-03543,SUSTAINABILITY_INCIDENT
2025-08-12 22:30:00,Resolved,INC-03540,Incident Closed
2025-08-12 22:30:00,Incident Created,INC-03544,SUSTAINABILITY_INCIDENT
2025-08-12 22:30:00,Escalated,INC-03544,Supervisor
2025-08-12 23:00:00,Resolved,INC-03541,Incident Closed
2025-08-12 23:00:00,Escalated,INC-03545,Supervisor
2025-08-12 23:00:00,Incident Created,INC-03545,SUSTAINABILITY_INCIDENT
2025-08-12 23:30:00,Resolved,INC-03542,Incident Closed
2025-08-12 23:30:00,Escalated,INC-03546,Supervisor
2025-08-12 23:30:00,Incident Created,INC-03546,SUSTAINABILITY_INCIDENT
2025-08-13 00:00:00,Resolved,INC-03543,Incident Closed
2025-08-13 00:00:00,Incident Created,INC-03547,SUSTAINABILITY_INCIDENT
2025-08-13 00:00:00,Escalated,INC-03547,Supervisor
2025-08-13 00:30:00,Resolved,INC-03544,Incident Closed
2025-08-13 00:30:00,Escalated,INC-03548,Supervisor
2025-08-13 00:30:00,Incident Created,INC-03548,SUSTAINABILITY_INCIDENT
2025-08-13 01:00:00,Resolved,INC-03545,Incident Closed
2025-08-13 01:00:00,Incident Created,INC-03549,SUSTAINABILITY_INCIDENT
2025-08-13 01:00:00,Escalated,INC-03549,Supervisor
2025-08-13 01:30:00,Resolved,INC-03546,Incident Closed
2025-08-13 01:30:00,Incident Created,INC-03550,SUSTAINABILITY_INCIDENT
2025-08-13 01:30:00,Escalated,INC-03550,Supervisor
2025-08-13 02:00:00,Resolved,INC-03547,Incident Closed
2025-08-13 02:00:00,Incident Created,INC-03551,SUSTAINABILITY_INCIDENT
2025-08-13 02:00:00,Escalated,INC-03551,Supervisor
2025-08-13 02:30:00,Resolved,INC-03548,Incident Closed
2025-08-13 02:30:00,Incident Created,INC-03552,SUSTAINABILITY_INCIDENT
2025-08-13 02:30:00,Escalated,INC-03552,Supervisor
2025-08-13 03:00:00,Resolved,INC-03549,Incident Closed
2025-08-13 03:00:00,Escalated,INC-03553,Supervisor
2025-08-13 03:00:00,Incident Created,INC-03553,SUSTAINABILITY_INCIDENT
2025-08-13 03:30:00,Resolved,INC-03550,Incident Closed
2025-08-13 03:30:00,Escalated,INC-03554,Supervisor
2025-08-13 03:30:00,Incident Created,INC-03554,SUSTAINABILITY_INCIDENT
2025-08-13 04:00:00,Resolved,INC-03551,Incident Closed
2025-08-13 04:00:00,Escalated,INC-03555,Supervisor
2025-08-13 04:00:00,Incident Created,INC-03555,SUSTAINABILITY_INCIDENT
2025-08-13 04:30:00,Resolved,INC-03552,Incident Closed
2025-08-13 04:30:00,Incident Created,INC-03556,SUSTAINABILITY_INCIDENT
2025-08-13 04:30:00,Escalated,INC-03556,Supervisor
2025-08-13 05:00:00,Resolved,INC-03553,Incident Closed
2025-08-13 05:00:00,Incident Created,INC-03557,SUSTAINABILITY_INCIDENT
2025-08-13 05:00:00,Escalated,INC-03557,Supervisor
2025-08-13 05:30:00,Resolved,INC-03554,Incident Closed
2025-08-13 05:30:00,Incident Created,INC-03558,SUSTAINABILITY_INCIDENT
2025-08-13 05:30:00,Escalated,INC-03558,Supervisor
2025-08-13 06:00:00,Resolved,INC-03555,Incident Closed
2025-08-13 06:00:00,Incident Created,INC-03559,SUSTAINABILITY_INCIDENT
2025-08-13 06:00:00,Escalated,INC-03559,Supervisor
2025-08-13 06:30:00,Resolved,INC-03556,Incident Closed
2025-08-13 06:30:00,Escalated,INC-03560,Supervisor
2025-08-13 06:30:00,Incident Created,INC-03560,SUSTAINABILITY_INCIDENT
2025-08-13 07:00:00,Resolved,INC-03557,Incident Closed
2025-08-13 07:30:00,Resolved,INC-03558,Incident Closed
2025-08-13 08:00:00,Resolved,INC-03559,Incident Closed
2025-08-13 08:30:00,Resolved,INC-03560,Incident Closed
2025-08-14 19:00:00,Escalated,INC-03561,Supervisor
2025-08-14 19:00:00,Incident Created,INC-03561,SUSTAINABILITY_INCIDENT
2025-08-14 19:30:00,Escalated,INC-03562,Supervisor
2025-08-14 19:30:00,Incident Created,INC-03562,SUSTAINABILITY_INCIDENT
2025-08-14 20:00:00,Escalated,INC-03563,Supervisor
2025-08-14 20:00:00,Incident Created,INC-03563,SUSTAINABILITY_INCIDENT
2025-08-14 21:00:00,Resolved,INC-03561,Incident Closed
2025-08-14 21:00:00,Incident Created,INC-03564,SUSTAINABILITY_INCIDENT
2025-08-14 21:00:00,Escalated,INC-03564,Supervisor
2025-08-14 21:30:00,Resolved,INC-03562,Incident Closed
2025-08-14 22:00:00,Resolved,INC-03563,Incident Closed
2025-08-14 23:00:00,Resolved,INC-03564,Incident Closed
2025-08-16 05:30:00,Incident Created,INC-03565,OVER_GENERATION_INCIDENT
2025-08-16 05:30:00,Escalated,INC-03565,Operator
2025-08-16 07:30:00,Resolved,INC-03565,Incident Closed
2025-08-16 14:00:00,Escalated,INC-03566,Operator
2025-08-16 14:00:00,Incident Created,INC-03566,OVER_GENERATION_INCIDENT
2025-08-16 14:30:00,Escalated,INC-03567,Operator
2025-08-16 14:30:00,Incident Created,INC-03567,OVER_GENERATION_INCIDENT
2025-08-16 15:00:00,Incident Created,INC-03568,OVER_GENERATION_INCIDENT
2025-08-16 15:00:00,Escalated,INC-03568,Operator
2025-08-16 15:30:00,Incident Created,INC-03569,OVER_GENERATION_INCIDENT
2025-08-16 15:30:00,Escalated,INC-03569,Operator
2025-08-16 16:00:00,Resolved,INC-03566,Incident Closed
2025-08-16 16:30:00,Resolved,INC-03567,Incident Closed
2025-08-16 17:00:00,Resolved,INC-03568,Incident Closed
2025-08-16 17:30:00,Resolved,INC-03569,Incident Closed
2025-08-17 01:30:00,Incident Created,INC-03570,DEMAND_ANOMALY_INCIDENT
2025-08-17 01:30:00,Escalated,INC-03570,Supervisor
2025-08-17 02:00:00,Incident Created,INC-03571,DEMAND_ANOMALY_INCIDENT
2025-08-17 02:00:00,Escalated,INC-03571,Supervisor
2025-08-17 02:30:00,Incident Created,INC-03572,DEMAND_ANOMALY_INCIDENT
2025-08-17 02:30:00,Escalated,INC-03572,Supervisor
2025-08-17 03:00:00,Incident Created,INC-03573,DEMAND_ANOMALY_INCIDENT
2025-08-17 03:00:00,Escalated,INC-03573,Supervisor
2025-08-17 03:30:00,Resolved,INC-03570,Incident Closed
2025-08-17 03:30:00,Incident Created,INC-03574,DEMAND_ANOMALY_INCIDENT
2025-08-17 03:30:00,Escalated,INC-03574,Supervisor
2025-08-17 04:00:00,Resolved,INC-03571,Incident Closed
2025-08-17 04:00:00,Escalated,INC-03575,Supervisor
2025-08-17 04:00:00,Incident Created,INC-03575,DEMAND_ANOMALY_INCIDENT
2025-08-17 04:30:00,Resolved,INC-03572,Incident Closed
2025-08-17 04:30:00,Incident Created,INC-03576,DEMAND_ANOMALY_INCIDENT
2025-08-17 04:30:00,Escalated,INC-03576,Supervisor
2025-08-17 05:00:00,Resolved,INC-03573,Incident Closed
2025-08-17 05:00:00,Escalated,INC-03577,Supervisor
2025-08-17 05:00:00,Incident Created,INC-03577,DEMAND_ANOMALY_INCIDENT
2025-08-17 05:30:00,Resolved,INC-03574,Incident Closed
2025-08-17 05:30:00,Escalated,INC-03578,Supervisor
2025-08-17 05:30:00,Incident Created,INC-03578,DEMAND_ANOMALY_INCIDENT
2025-08-17 06:00:00,Resolved,INC-03575,Incident Closed
2025-08-17 06:00:00,Escalated,INC-03579,Operator
2025-08-17 06:00:00,Incident Created,INC-03579,OVER_GENERATION_INCIDENT
2025-08-17 06:30:00,Resolved,INC-03576,Incident Closed
2025-08-17 06:30:00,Escalated,INC-03580,Operator
2025-08-17 06:30:00,Incident Created,INC-03580,OVER_GENERATION_INCIDENT
2025-08-17 07:00:00,Resolved,INC-03577,Incident Closed
2025-08-17 07:00:00,Incident Created,INC-03581,OVER_GENERATION_INCIDENT
2025-08-17 07:00:00,Escalated,INC-03581,Operator
2025-08-17 07:30:00,Resolved,INC-03578,Incident Closed
2025-08-17 07:30:00,Incident Created,INC-03582,OVER_GENERATION_INCIDENT
2025-08-17 07:30:00,Escalated,INC-03582,Operator
2025-08-17 08:00:00,Resolved,INC-03579,Incident Closed
2025-08-17 08:00:00,Incident Created,INC-03583,OVER_GENERATION_INCIDENT
2025-08-17 08:00:00,Escalated,INC-03583,Operator
2025-08-17 08:30:00,Resolved,INC-03580,Incident Closed
2025-08-17 08:30:00,Escalated,INC-03584,Operator
2025-08-17 08:30:00,Incident Created,INC-03584,OVER_GENERATION_INCIDENT
2025-08-17 09:00:00,Resolved,INC-03581,Incident Closed
2025-08-17 09:00:00,Escalated,INC-03585,Operator
2025-08-17 09:00:00,Incident Created,INC-03585,OVER_GENERATION_INCIDENT
2025-08-17 09:30:00,Resolved,INC-03582,Incident Closed
2025-08-17 09:30:00,Escalated,INC-03586,Operator
2025-08-17 09:30:00,Incident Created,INC-03586,OVER_GENERATION_INCIDENT
2025-08-17 10:00:00,Resolved,INC-03583,Incident Closed
2025-08-17 10:00:00,Incident Created,INC-03587,OVER_GENERATION_INCIDENT
2025-08-17 10:00:00,Escalated,INC-03587,Operator
2025-08-17 10:30:00,Resolved,INC-03584,Incident Closed
2025-08-17 10:30:00,Incident Created,INC-03588,OVER_GENERATION_INCIDENT
2025-08-17 10:30:00,Escalated,INC-03588,Operator
2025-08-17 11:00:00,Resolved,INC-03585,Incident Closed
2025-08-17 11:00:00,Incident Created,INC-03589,OVER_GENERATION_INCIDENT
2025-08-17 11:00:00,Escalated,INC-03589,Operator
2025-08-17 11:30:00,Resolved,INC-03586,Incident Closed
2025-08-17 11:30:00,Escalated,INC-03590,Operator
2025-08-17 11:30:00,Incident Created,INC-03590,OVER_GENERATION_INCIDENT
2025-08-17 12:00:00,Resolved,INC-03587,Incident Closed
2025-08-17 12:00:00,Incident Created,INC-03591,OVER_GENERATION_INCIDENT
2025-08-17 12:00:00,Escalated,INC-03591,Operator
2025-08-17 12:30:00,Resolved,INC-03588,Incident Closed
2025-08-17 12:30:00,Escalated,INC-03592,Operator
2025-08-17 12:30:00,Incident Created,INC-03592,OVER_GENERATION_INCIDENT
2025-08-17 13:00:00,Resolved,INC-03589,Incident Closed
2025-08-17 13:00:00,Escalated,INC-03593,Operator
2025-08-17 13:00:00,Incident Created,INC-03593,OVER_GENERATION_INCIDENT
2025-08-17 13:30:00,Resolved,INC-03590,Incident Closed
2025-08-17 13:30:00,Escalated,INC-03594,Operator
2025-08-17 13:30:00,Incident Created,INC-03594,OVER_GENERATION_INCIDENT
2025-08-17 14:00:00,Resolved,INC-03591,Incident Closed
2025-08-17 14:00:00,Escalated,INC-03595,Operator
2025-08-17 14:00:00,Incident Created,INC-03595,OVER_GENERATION_INCIDENT
2025-08-17 14:30:00,Resolved,INC-03592,Incident Closed
2025-08-17 14:30:00,Escalated,INC-03596,Operator
2025-08-17 14:30:00,Incident Created,INC-03596,OVER_GENERATION_INCIDENT
2025-08-17 15:00:00,Resolved,INC-03593,Incident Closed
2025-08-17 15:00:00,Escalated,INC-03597,Operator
2025-08-17 15:00:00,Incident Created,INC-03597,OVER_GENERATION_INCIDENT
2025-08-17 15:30:00,Resolved,INC-03594,Incident Closed
2025-08-17 15:30:00,Incident Created,INC-03598,OVER_GENERATION_INCIDENT
2025-08-17 15:30:00,Escalated,INC-03598,Operator
2025-08-17 16:00:00,Resolved,INC-03595,Incident Closed
2025-08-17 16:00:00,Incident Created,INC-03599,OVER_GENERATION_INCIDENT
2025-08-17 16:00:00,Escalated,INC-03599,Operator
2025-08-17 16:30:00,Resolved,INC-03596,Incident Closed
2025-08-17 17:00:00,Resolved,INC-03597,Incident Closed
2025-08-17 17:30:00,Resolved,INC-03598,Incident Closed
2025-08-17 18:00:00,Resolved,INC-03599,Incident Closed
2025-08-18 02:00:00,Escalated,INC-03600,Operator
2025-08-18 02:00:00,Incident Created,INC-03600,OVER_GENERATION_INCIDENT
2025-08-18 02:00:00,Escalated,INC-03601,Supervisor
2025-08-18 02:00:00,Incident Created,INC-03601,DEMAND_ANOMALY_INCIDENT
2025-08-18 02:30:00,Incident Created,INC-03602,OVER_GENERATION_INCIDENT
2025-08-18 02:30:00,Escalated,INC-03602,Operator
2025-08-18 02:30:00,Incident Created,INC-03603,DEMAND_ANOMALY_INCIDENT
2025-08-18 02:30:00,Escalated,INC-03603,Supervisor
2025-08-18 03:00:00,Incident Created,INC-03604,OVER_GENERATION_INCIDENT
2025-08-18 03:00:00,Escalated,INC-03604,Operator
2025-08-18 03:00:00,Incident Created,INC-03605,DEMAND_ANOMALY_INCIDENT
2025-08-18 03:00:00,Escalated,INC-03605,Supervisor
2025-08-18 03:30:00,Incident Created,INC-03606,OVER_GENERATION_INCIDENT
2025-08-18 03:30:00,Escalated,INC-03606,Operator
2025-08-18 03:30:00,Incident Created,INC-03607,DEMAND_ANOMALY_INCIDENT
2025-08-18 03:30:00,Escalated,INC-03607,Supervisor
2025-08-18 04:00:00,Resolved,INC-03600,Incident Closed
2025-08-18 04:00:00,Resolved,INC-03601,Incident Closed
2025-08-18 04:00:00,Incident Created,INC-03608,OVER_GENERATION_INCIDENT
2025-08-18 04:00:00,Escalated,INC-03608,Operator
2025-08-18 04:00:00,Incident Created,INC-03609,DEMAND_ANOMALY_INCIDENT
2025-08-18 04:00:00,Escalated,INC-03609,Supervisor
2025-08-18 04:30:00,Resolved,INC-03602,Incident Closed
2025-08-18 04:30:00,Resolved,INC-03603,Incident Closed
2025-08-18 04:30:00,Incident Created,INC-03610,OVER_GENERATION_INCIDENT
2025-08-18 04:30:00,Escalated,INC-03610,Operator
2025-08-18 04:30:00,Escalated,INC-03611,Supervisor
2025-08-18 04:30:00,Incident Created,INC-03611,DEMAND_ANOMALY_INCIDENT
2025-08-18 05:00:00,Resolved,INC-03604,Incident Closed
2025-08-18 05:00:00,Resolved,INC-03605,Incident Closed
2025-08-18 05:00:00,Escalated,INC-03612,Operator
2025-08-18 05:00:00,Incident Created,INC-03612,OVER_GENERATION_INCIDENT
2025-08-18 05:00:00,Incident Created,INC-03613,DEMAND_ANOMALY_INCIDENT
2025-08-18 05:00:00,Escalated,INC-03613,Supervisor
2025-08-18 05:30:00,Resolved,INC-03606,Incident Closed
2025-08-18 05:30:00,Resolved,INC-03607,Incident Closed
2025-08-18 05:30:00,Incident Created,INC-03614,OVER_GENERATION_INCIDENT
2025-08-18 05:30:00,Escalated,INC-03614,Operator
2025-08-18 05:30:00,Incident Created,INC-03615,DEMAND_ANOMALY_INCIDENT
2025-08-18 05:30:00,Escalated,INC-03615,Supervisor
2025-08-18 06:00:00,Resolved,INC-03608,Incident Closed
2025-08-18 06:00:00,Resolved,INC-03609,Incident Closed
2025-08-18 06:30:00,Resolved,INC-03610,Incident Closed
2025-08-18 06:30:00,Resolved,INC-03611,Incident Closed
2025-08-18 07:00:00,Resolved,INC-03612,Incident Closed
2025-08-18 07:00:00,Resolved,INC-03613,Incident Closed
2025-08-18 07:30:00,Resolved,INC-03614,Incident Closed
2025-08-18 07:30:00,Resolved,INC-03615,Incident Closed
2025-08-18 16:30:00,Escalated,INC-03616,Supervisor
2025-08-18 16:30:00,Incident Created,INC-03616,SUSTAINABILITY_INCIDENT
2025-08-18 17:00:00,Escalated,INC-03617,Supervisor
2025-08-18 17:00:00,Incident Created,INC-03617,SUSTAINABILITY_INCIDENT
2025-08-18 17:30:00,Incident Created,INC-03618,SUSTAINABILITY_INCIDENT
2025-08-18 17:30:00,Escalated,INC-03618,Supervisor
2025-08-18 18:00:00,Escalated,INC-03619,Supervisor
2025-08-18 18:00:00,Incident Created,INC-03619,SUSTAINABILITY_INCIDENT
2025-08-18 18:30:00,Resolved,INC-03616,Incident Closed
2025-08-18 18:30:00,Incident Created,INC-03620,SUSTAINABILITY_INCIDENT
2025-08-18 18:30:00,Escalated,INC-03620,Supervisor
2025-08-18 19:00:00,Resolved,INC-03617,Incident Closed
2025-08-18 19:00:00,Escalated,INC-03621,Supervisor
2025-08-18 19:00:00,Incident Created,INC-03621,SUSTAINABILITY_INCIDENT
2025-08-18 19:30:00,Resolved,INC-03618,Incident Closed
2025-08-18 19:30:00,Escalated,INC-03622,Supervisor
2025-08-18 19:30:00,Incident Created,INC-03622,SUSTAINABILITY_INCIDENT
2025-08-18 20:00:00,Resolved,INC-03619,Incident Closed
2025-08-18 20:00:00,Escalated,INC-03623,Supervisor
2025-08-18 20:00:00,Incident Created,INC-03623,SUSTAINABILITY_INCIDENT
2025-08-18 20:30:00,Resolved,INC-03620,Incident Closed
2025-08-18 20:30:00,Incident Created,INC-03624,SUSTAINABILITY_INCIDENT
2025-08-18 20:30:00,Escalated,INC-03624,Supervisor
2025-08-18 21:00:00,Resolved,INC-03621,Incident Closed
2025-08-18 21:00:00,Escalated,INC-03625,Supervisor
2025-08-18 21:00:00,Incident Created,INC-03625,SUSTAINABILITY_INCIDENT
2025-08-18 21:30:00,Resolved,INC-03622,Incident Closed
2025-08-18 21:30:00,Incident Created,INC-03626,SUSTAINABILITY_INCIDENT
2025-08-18 21:30:00,Escalated,INC-03626,Supervisor
2025-08-18 22:00:00,Resolved,INC-03623,Incident Closed
2025-08-18 22:30:00,Resolved,INC-03624,Incident Closed
2025-08-18 23:00:00,Resolved,INC-03625,Incident Closed
2025-08-18 23:30:00,Resolved,INC-03626,Incident Closed
2025-08-19 04:00:00,Incident Created,INC-03627,OVER_GENERATION_INCIDENT
2025-08-19 04:00:00,Escalated,INC-03627,Operator
2025-08-19 04:30:00,Escalated,INC-03628,Operator
2025-08-19 04:30:00,Incident Created,INC-03628,OVER_GENERATION_INCIDENT
2025-08-19 05:00:00,Incident Created,INC-03629,OVER_GENERATION_INCIDENT
2025-08-19 05:00:00,Escalated,INC-03629,Operator
2025-08-19 06:00:00,Resolved,INC-03627,Incident Closed
2025-08-19 06:30:00,Resolved,INC-03628,Incident Closed
2025-08-19 07:00:00,Resolved,INC-03629,Incident Closed
2025-08-20 02:30:00,Escalated,INC-03630,Operator
2025-08-20 02:30:00,Incident Created,INC-03630,OVER_GENERATION_INCIDENT
2025-08-20 03:00:00,Escalated,INC-03631,Operator
2025-08-20 03:00:00,Incident Created,INC-03631,OVER_GENERATION_INCIDENT
2025-08-20 03:30:00,Escalated,INC-03632,Operator
2025-08-20 03:30:00,Incident Created,INC-03632,OVER_GENERATION_INCIDENT
2025-08-20 04:00:00,Escalated,INC-03633,Operator
2025-08-20 04:00:00,Incident Created,INC-03633,OVER_GENERATION_INCIDENT
2025-08-20 04:30:00,Resolved,INC-03630,Incident Closed
2025-08-20 04:30:00,Escalated,INC-03634,Operator
2025-08-20 04:30:00,Incident Created,INC-03634,OVER_GENERATION_INCIDENT
2025-08-20 05:00:00,Resolved,INC-03631,Incident Closed
2025-08-20 05:00:00,Incident Created,INC-03635,OVER_GENERATION_INCIDENT
2025-08-20 05:00:00,Escalated,INC-03635,Operator
2025-08-20 05:30:00,Resolved,INC-03632,Incident Closed
2025-08-20 06:00:00,Resolved,INC-03633,Incident Closed
2025-08-20 06:30:00,Resolved,INC-03634,Incident Closed
2025-08-20 07:00:00,Resolved,INC-03635,Incident Closed
2025-08-21 03:00:00,Incident Created,INC-03636,OVER_GENERATION_INCIDENT
2025-08-21 03:00:00,Escalated,INC-03636,Operator
2025-08-21 03:30:00,Incident Created,INC-03637,OVER_GENERATION_INCIDENT
2025-08-21 03:30:00,Escalated,INC-03637,Operator
2025-08-21 04:00:00,Incident Created,INC-03638,OVER_GENERATION_INCIDENT
2025-08-21 04:00:00,Escalated,INC-03638,Operator
2025-08-21 04:30:00,Escalated,INC-03639,Operator
2025-08-21 04:30:00,Incident Created,INC-03639,OVER_GENERATION_INCIDENT
2025-08-21 05:00:00,Resolved,INC-03636,Incident Closed
2025-08-21 05:00:00,Incident Created,INC-03640,OVER_GENERATION_INCIDENT
2025-08-21 05:00:00,Escalated,INC-03640,Operator
2025-08-21 05:30:00,Resolved,INC-03637,Incident Closed
2025-08-21 06:00:00,Resolved,INC-03638,Incident Closed
2025-08-21 06:30:00,Resolved,INC-03639,Incident Closed
2025-08-21 07:00:00,Resolved,INC-03640,Incident Closed
2025-08-22 04:30:00,Incident Created,INC-03641,OVER_GENERATION_INCIDENT
2025-08-22 04:30:00,Escalated,INC-03641,Operator
2025-08-22 04:30:00,Incident Created,INC-03642,DEMAND_ANOMALY_INCIDENT
2025-08-22 04:30:00,Escalated,INC-03642,Supervisor
2025-08-22 06:30:00,Resolved,INC-03641,Incident Closed
2025-08-22 06:30:00,Resolved,INC-03642,Incident Closed
2025-08-22 19:00:00,Escalated,INC-03643,Supervisor
2025-08-22 19:00:00,Incident Created,INC-03643,SUSTAINABILITY_INCIDENT
2025-08-22 19:30:00,Escalated,INC-03644,Supervisor
2025-08-22 19:30:00,Incident Created,INC-03644,SUSTAINABILITY_INCIDENT
2025-08-22 21:00:00,Resolved,INC-03643,Incident Closed
2025-08-22 21:30:00,Resolved,INC-03644,Incident Closed
2025-08-23 03:00:00,Escalated,INC-03645,Supervisor
2025-08-23 03:00:00,Incident Created,INC-03645,DEMAND_ANOMALY_INCIDENT
2025-08-23 03:30:00,Incident Created,INC-03646,DEMAND_ANOMALY_INCIDENT
2025-08-23 03:30:00,Escalated,INC-03646,Supervisor
2025-08-23 04:00:00,Escalated,INC-03647,Supervisor
2025-08-23 04:00:00,Incident Created,INC-03647,DEMAND_ANOMALY_INCIDENT
2025-08-23 04:30:00,Escalated,INC-03648,Supervisor
2025-08-23 04:30:00,Incident Created,INC-03648,DEMAND_ANOMALY_INCIDENT
2025-08-23 05:00:00,Resolved,INC-03645,Incident Closed
2025-08-23 05:00:00,Escalated,INC-03649,Supervisor
2025-08-23 05:00:00,Incident Created,INC-03649,DEMAND_ANOMALY_INCIDENT
2025-08-23 05:30:00,Resolved,INC-03646,Incident Closed
2025-08-23 05:30:00,Incident Created,INC-03650,OVER_GENERATION_INCIDENT
2025-08-23 05:30:00,Escalated,INC-03650,Operator
2025-08-23 05:30:00,Escalated,INC-03651,Supervisor
2025-08-23 05:30:00,Incident Created,INC-03651,DEMAND_ANOMALY_INCIDENT
2025-08-23 06:00:00,Resolved,INC-03647,Incident Closed
2025-08-23 06:00:00,Escalated,INC-03652,Operator
2025-08-23 06:00:00,Incident Created,INC-03652,OVER_GENERATION_INCIDENT
2025-08-23 06:00:00,Escalated,INC-03653,Supervisor
2025-08-23 06:00:00,Incident Created,INC-03653,DEMAND_ANOMALY_INCIDENT
2025-08-23 06:30:00,Resolved,INC-03648,Incident Closed
2025-08-23 07:00:00,Resolved,INC-03649,Incident Closed
2025-08-23 07:30:00,Resolved,INC-03650,Incident Closed
2025-08-23 07:30:00,Resolved,INC-03651,Incident Closed
2025-08-23 08:00:00,Resolved,INC-03652,Incident Closed
2025-08-23 08:00:00,Resolved,INC-03653,Incident Closed
2025-08-23 18:30:00,Escalated,INC-03654,Supervisor
2025-08-23 18:30:00,Incident Created,INC-03654,SUSTAINABILITY_INCIDENT
2025-08-23 20:00:00,Escalated,INC-03655,Supervisor
2025-08-23 20:00:00,Incident Created,INC-03655,SUSTAINABILITY_INCIDENT
2025-08-23 20:30:00,Resolved,INC-03654,Incident Closed
2025-08-23 20:30:00,Incident Created,INC-03656,SUSTAINABILITY_INCIDENT
2025-08-23 20:30:00,Escalated,INC-03656,Supervisor
2025-08-23 21:00:00,Incident Created,INC-03657,SUSTAINABILITY_INCIDENT
2025-08-23 21:00:00,Escalated,INC-03657,Supervisor
2025-08-23 22:00:00,Resolved,INC-03655,Incident Closed
2025-08-23 22:30:00,Resolved,INC-03656,Incident Closed
2025-08-23 23:00:00,Resolved,INC-03657,Incident Closed
2025-08-24 01:30:00,Escalated,INC-03658,Supervisor
2025-08-24 01:30:00,Incident Created,INC-03658,DEMAND_ANOMALY_INCIDENT
2025-08-24 02:00:00,Escalated,INC-03659,Supervisor
2025-08-24 02:00:00,Incident Created,INC-03659,DEMAND_ANOMALY_INCIDENT
2025-08-24 02:30:00,Escalated,INC-03660,Supervisor
2025-08-24 02:30:00,Incident Created,INC-03660,DEMAND_ANOMALY_INCIDENT
2025-08-24 03:00:00,Escalated,INC-03661,Supervisor
2025-08-24 03:00:00,Incident Created,INC-03661,DEMAND_ANOMALY_INCIDENT
2025-08-24 03:30:00,Resolved,INC-03658,Incident Closed
2025-08-24 03:30:00,Incident Created,INC-03662,DEMAND_ANOMALY_INCIDENT
2025-08-24 03:30:00,Escalated,INC-03662,Supervisor
2025-08-24 04:00:00,Resolved,INC-03659,Incident Closed
2025-08-24 04:00:00,Escalated,INC-03663,Supervisor
2025-08-24 04:00:00,Incident Created,INC-03663,DEMAND_ANOMALY_INCIDENT
2025-08-24 04:30:00,Resolved,INC-03660,Incident Closed
2025-08-24 04:30:00,Incident Created,INC-03664,DEMAND_ANOMALY_INCIDENT
2025-08-24 04:30:00,Escalated,INC-03664,Supervisor
2025-08-24 05:00:00,Resolved,INC-03661,Incident Closed
2025-08-24 05:00:00,Escalated,INC-03665,Supervisor
2025-08-24 05:00:00,Incident Created,INC-03665,DEMAND_ANOMALY_INCIDENT
2025-08-24 05:30:00,Resolved,INC-03662,Incident Closed
2025-08-24 05:30:00,Incident Created,INC-03666,DEMAND_ANOMALY_INCIDENT
2025-08-24 05:30:00,Escalated,INC-03666,Supervisor
2025-08-24 06:00:00,Resolved,INC-03663,Incident Closed
2025-08-24 06:00:00,Escalated,INC-03667,Operator
2025-08-24 06:00:00,Incident Created,INC-03667,OVER_GENERATION_INCIDENT
2025-08-24 06:00:00,Escalated,INC-03668,Supervisor
2025-08-24 06:00:00,Incident Created,INC-03668,DEMAND_ANOMALY_INCIDENT
2025-08-24 06:30:00,Resolved,INC-03664,Incident Closed
2025-08-24 06:30:00,Escalated,INC-03669,Operator
2025-08-24 06:30:00,Incident Created,INC-03669,OVER_GENERATION_INCIDENT
2025-08-24 06:30:00,Escalated,INC-03670,Supervisor
2025-08-24 06:30:00,Incident Created,INC-03670,DEMAND_ANOMALY_INCIDENT
2025-08-24 07:00:00,Resolved,INC-03665,Incident Closed
2025-08-24 07:00:00,Escalated,INC-03671,Operator
2025-08-24 07:00:00,Incident Created,INC-03671,OVER_GENERATION_INCIDENT
2025-08-24 07:00:00,Escalated,INC-03672,Supervisor
2025-08-24 07:00:00,Incident Created,INC-03672,DEMAND_ANOMALY_INCIDENT
2025-08-24 07:30:00,Resolved,INC-03666,Incident Closed
2025-08-24 07:30:00,Escalated,INC-03673,Operator
2025-08-24 07:30:00,Incident Created,INC-03673,OVER_GENERATION_INCIDENT
2025-08-24 07:30:00,Escalated,INC-03674,Supervisor
2025-08-24 07:30:00,Incident Created,INC-03674,DEMAND_ANOMALY_INCIDENT
2025-08-24 08:00:00,Resolved,INC-03667,Incident Closed
2025-08-24 08:00:00,Resolved,INC-03668,Incident Closed
2025-08-24 08:30:00,Resolved,INC-03669,Incident Closed
2025-08-24 08:30:00,Resolved,INC-03670,Incident Closed
2025-08-24 09:00:00,Resolved,INC-03671,Incident Closed
2025-08-24 09:00:00,Resolved,INC-03672,Incident Closed
2025-08-24 09:30:00,Resolved,INC-03673,Incident Closed
2025-08-24 09:30:00,Resolved,INC-03674,Incident Closed
2025-08-24 10:00:00,Escalated,INC-03675,Operator
2025-08-24 10:00:00,Incident Created,INC-03675,OVER_GENERATION_INCIDENT
2025-08-24 10:30:00,Incident Created,INC-03676,OVER_GENERATION_INCIDENT
2025-08-24 10:30:00,Escalated,INC-03676,Operator
2025-08-24 11:00:00,Escalated,INC-03677,Operator
2025-08-24 11:00:00,Incident Created,INC-03677,OVER_GENERATION_INCIDENT
2025-08-24 11:30:00,Incident Created,INC-03678,OVER_GENERATION_INCIDENT
2025-08-24 11:30:00,Escalated,INC-03678,Operator
2025-08-24 12:00:00,Resolved,INC-03675,Incident Closed
2025-08-24 12:00:00,Escalated,INC-03679,Operator
2025-08-24 12:00:00,Incident Created,INC-03679,OVER_GENERATION_INCIDENT
2025-08-24 12:30:00,Resolved,INC-03676,Incident Closed
2025-08-24 12:30:00,Escalated,INC-03680,Operator
2025-08-24 12:30:00,Incident Created,INC-03680,OVER_GENERATION_INCIDENT
2025-08-24 13:00:00,Resolved,INC-03677,Incident Closed
2025-08-24 13:00:00,Incident Created,INC-03681,OVER_GENERATION_INCIDENT
2025-08-24 13:00:00,Escalated,INC-03681,Operator
2025-08-24 13:30:00,Resolved,INC-03678,Incident Closed
2025-08-24 13:30:00,Escalated,INC-03682,Operator
2025-08-24 13:30:00,Incident Created,INC-03682,OVER_GENERATION_INCIDENT
2025-08-24 14:00:00,Resolved,INC-03679,Incident Closed
2025-08-24 14:00:00,Escalated,INC-03683,Operator
2025-08-24 14:00:00,Incident Created,INC-03683,OVER_GENERATION_INCIDENT
2025-08-24 14:30:00,Resolved,INC-03680,Incident Closed
2025-08-24 14:30:00,Escalated,INC-03684,Operator
2025-08-24 14:30:00,Incident Created,INC-03684,OVER_GENERATION_INCIDENT
2025-08-24 15:00:00,Resolved,INC-03681,Incident Closed
2025-08-24 15:00:00,Incident Created,INC-03685,OVER_GENERATION_INCIDENT
2025-08-24 15:00:00,Escalated,INC-03685,Operator
2025-08-24 15:30:00,Resolved,INC-03682,Incident Closed
2025-08-24 16:00:00,Resolved,INC-03683,Incident Closed
2025-08-24 16:30:00,Resolved,INC-03684,Incident Closed
2025-08-24 17:00:00,Resolved,INC-03685,Incident Closed
2025-08-25 01:00:00,Escalated,INC-03686,Supervisor
2025-08-25 01:00:00,Incident Created,INC-03686,DEMAND_ANOMALY_INCIDENT
2025-08-25 01:30:00,Escalated,INC-03687,Supervisor
2025-08-25 01:30:00,Incident Created,INC-03687,DEMAND_ANOMALY_INCIDENT
2025-08-25 03:00:00,Resolved,INC-03686,Incident Closed
2025-08-25 03:30:00,Resolved,INC-03687,Incident Closed
2025-08-25 04:00:00,Incident Created,INC-03688,OVER_GENERATION_INCIDENT
2025-08-25 04:00:00,Escalated,INC-03688,Operator
2025-08-25 04:30:00,Incident Created,INC-03689,OVER_GENERATION_INCIDENT
2025-08-25 04:30:00,Escalated,INC-03689,Operator
2025-08-25 05:00:00,Incident Created,INC-03690,OVER_GENERATION_INCIDENT
2025-08-25 05:00:00,Escalated,INC-03690,Operator
2025-08-25 05:30:00,Escalated,INC-03691,Operator
2025-08-25 05:30:00,Incident Created,INC-03691,OVER_GENERATION_INCIDENT
2025-08-25 06:00:00,Resolved,INC-03688,Incident Closed
2025-08-25 06:00:00,Escalated,INC-03692,Operator
2025-08-25 06:00:00,Incident Created,INC-03692,OVER_GENERATION_INCIDENT
2025-08-25 06:30:00,Resolved,INC-03689,Incident Closed
2025-08-25 06:30:00,Escalated,INC-03693,Operator
2025-08-25 06:30:00,Incident Created,INC-03693,OVER_GENERATION_INCIDENT
2025-08-25 07:00:00,Resolved,INC-03690,Incident Closed
2025-08-25 07:30:00,Resolved,INC-03691,Incident Closed
2025-08-25 08:00:00,Resolved,INC-03692,Incident Closed
2025-08-25 08:30:00,Resolved,INC-03693,Incident Closed
2025-08-25 09:00:00,Incident Created,INC-03694,OVER_GENERATION_INCIDENT
2025-08-25 09:00:00,Escalated,INC-03694,Operator
2025-08-25 09:30:00,Incident Created,INC-03695,OVER_GENERATION_INCIDENT
2025-08-25 09:30:00,Escalated,INC-03695,Operator
2025-08-25 10:00:00,Incident Created,INC-03696,OVER_GENERATION_INCIDENT
2025-08-25 10:00:00,Escalated,INC-03696,Operator
2025-08-25 10:30:00,Escalated,INC-03697,Operator
2025-08-25 10:30:00,Incident Created,INC-03697,OVER_GENERATION_INCIDENT
2025-08-25 11:00:00,Resolved,INC-03694,Incident Closed
2025-08-25 11:00:00,Incident Created,INC-03698,OVER_GENERATION_INCIDENT
2025-08-25 11:00:00,Escalated,INC-03698,Operator
2025-08-25 11:30:00,Resolved,INC-03695,Incident Closed
2025-08-25 11:30:00,Incident Created,INC-03699,OVER_GENERATION_INCIDENT
2025-08-25 11:30:00,Escalated,INC-03699,Operator
2025-08-25 11:30:00,Incident Created,INC-03700,CURTAILMENT_RISK_INCIDENT
2025-08-25 11:30:00,Escalated,INC-03700,Supervisor
2025-08-25 12:00:00,Resolved,INC-03696,Incident Closed
2025-08-25 12:00:00,Incident Created,INC-03701,OVER_GENERATION_INCIDENT
2025-08-25 12:00:00,Escalated,INC-03701,Operator
2025-08-25 12:00:00,Escalated,INC-03702,Supervisor
2025-08-25 12:00:00,Incident Created,INC-03702,CURTAILMENT_RISK_INCIDENT
2025-08-25 12:30:00,Resolved,INC-03697,Incident Closed
2025-08-25 12:30:00,Incident Created,INC-03703,OVER_GENERATION_INCIDENT
2025-08-25 12:30:00,Escalated,INC-03703,Operator
2025-08-25 12:30:00,Incident Created,INC-03704,CURTAILMENT_RISK_INCIDENT
2025-08-25 12:30:00,Escalated,INC-03704,Supervisor
2025-08-25 13:00:00,Resolved,INC-03698,Incident Closed
2025-08-25 13:00:00,Incident Created,INC-03705,OVER_GENERATION_INCIDENT
2025-08-25 13:00:00,Escalated,INC-03705,Operator
2025-08-25 13:00:00,Incident Created,INC-03706,CURTAILMENT_RISK_INCIDENT
2025-08-25 13:00:00,Escalated,INC-03706,Supervisor
2025-08-25 13:30:00,Resolved,INC-03699,Incident Closed
2025-08-25 13:30:00,Resolved,INC-03700,Incident Closed
2025-08-25 13:30:00,Incident Created,INC-03707,OVER_GENERATION_INCIDENT
2025-08-25 13:30:00,Escalated,INC-03707,Operator
2025-08-25 13:30:00,Incident Created,INC-03708,CURTAILMENT_RISK_INCIDENT
2025-08-25 13:30:00,Escalated,INC-03708,Supervisor
2025-08-25 14:00:00,Resolved,INC-03701,Incident Closed
2025-08-25 14:00:00,Resolved,INC-03702,Incident Closed
2025-08-25 14:00:00,Incident Created,INC-03709,OVER_GENERATION_INCIDENT
2025-08-25 14:00:00,Escalated,INC-03709,Operator
2025-08-25 14:00:00,Escalated,INC-03710,Supervisor
2025-08-25 14:00:00,Incident Created,INC-03710,CURTAILMENT_RISK_INCIDENT
2025-08-25 14:30:00,Resolved,INC-03703,Incident Closed
2025-08-25 14:30:00,Resolved,INC-03704,Incident Closed
2025-08-25 14:30:00,Incident Created,INC-03711,OVER_GENERATION_INCIDENT
2025-08-25 14:30:00,Escalated,INC-03711,Operator
2025-08-25 14:30:00,Incident Created,INC-03712,CURTAILMENT_RISK_INCIDENT
2025-08-25 14:30:00,Escalated,INC-03712,Supervisor
2025-08-25 15:00:00,Resolved,INC-03705,Incident Closed
2025-08-25 15:00:00,Resolved,INC-03706,Incident Closed
2025-08-25 15:00:00,Incident Created,INC-03713,OVER_GENERATION_INCIDENT
2025-08-25 15:00:00,Escalated,INC-03713,Operator
2025-08-25 15:30:00,Resolved,INC-03707,Incident Closed
2025-08-25 15:30:00,Resolved,INC-03708,Incident Closed
2025-08-25 15:30:00,Escalated,INC-03714,Operator
2025-08-25 15:30:00,Incident Created,INC-03714,OVER_GENERATION_INCIDENT
2025-08-25 16:00:00,Resolved,INC-03709,Incident Closed
2025-08-25 16:00:00,Resolved,INC-03710,Incident Closed
2025-08-25 16:00:00,Incident Created,INC-03715,OVER_GENERATION_INCIDENT
2025-08-25 16:00:00,Escalated,INC-03715,Operator
2025-08-25 16:30:00,Resolved,INC-03711,Incident Closed
2025-08-25 16:30:00,Resolved,INC-03712,Incident Closed
2025-08-25 16:30:00,Incident Created,INC-03716,OVER_GENERATION_INCIDENT
2025-08-25 16:30:00,Escalated,INC-03716,Operator
2025-08-25 17:00:00,Resolved,INC-03713,Incident Closed
2025-08-25 17:30:00,Resolved,INC-03714,Incident Closed
2025-08-25 18:00:00,Resolved,INC-03715,Incident Closed
2025-08-25 18:30:00,Resolved,INC-03716,Incident Closed
2025-08-26 01:30:00,Incident Created,INC-03717,OVER_GENERATION_INCIDENT
2025-08-26 01:30:00,Escalated,INC-03717,Operator
2025-08-26 02:00:00,Escalated,INC-03718,Operator
2025-08-26 02:00:00,Incident Created,INC-03718,OVER_GENERATION_INCIDENT
2025-08-26 02:30:00,Incident Created,INC-03719,OVER_GENERATION_INCIDENT
2025-08-26 02:30:00,Escalated,INC-03719,Operator
2025-08-26 03:00:00,Escalated,INC-03720,Operator
2025-08-26 03:00:00,Incident Created,INC-03720,OVER_GENERATION_INCIDENT
2025-08-26 03:30:00,Resolved,INC-03717,Incident Closed
2025-08-26 03:30:00,Escalated,INC-03721,Operator
2025-08-26 03:30:00,Incident Created,INC-03721,OVER_GENERATION_INCIDENT
2025-08-26 04:00:00,Resolved,INC-03718,Incident Closed
2025-08-26 04:00:00,Escalated,INC-03722,Operator
2025-08-26 04:00:00,Incident Created,INC-03722,OVER_GENERATION_INCIDENT
2025-08-26 04:30:00,Resolved,INC-03719,Incident Closed
2025-08-26 04:30:00,Escalated,INC-03723,Operator
2025-08-26 04:30:00,Incident Created,INC-03723,OVER_GENERATION_INCIDENT
2025-08-26 05:00:00,Resolved,INC-03720,Incident Closed
2025-08-26 05:00:00,Escalated,INC-03724,Operator
2025-08-26 05:00:00,Incident Created,INC-03724,OVER_GENERATION_INCIDENT
2025-08-26 05:30:00,Resolved,INC-03721,Incident Closed
2025-08-26 05:30:00,Escalated,INC-03725,Operator
2025-08-26 05:30:00,Incident Created,INC-03725,OVER_GENERATION_INCIDENT
2025-08-26 06:00:00,Resolved,INC-03722,Incident Closed
2025-08-26 06:30:00,Resolved,INC-03723,Incident Closed
2025-08-26 07:00:00,Resolved,INC-03724,Incident Closed
2025-08-26 07:30:00,Resolved,INC-03725,Incident Closed
2025-08-27 04:00:00,Incident Created,INC-03726,OVER_GENERATION_INCIDENT
2025-08-27 04:00:00,Escalated,INC-03726,Operator
2025-08-27 04:30:00,Incident Created,INC-03727,OVER_GENERATION_INCIDENT
2025-08-27 04:30:00,Escalated,INC-03727,Operator
2025-08-27 05:00:00,Incident Created,INC-03728,OVER_GENERATION_INCIDENT
2025-08-27 05:00:00,Escalated,INC-03728,Operator
2025-08-27 06:00:00,Resolved,INC-03726,Incident Closed
2025-08-27 06:30:00,Resolved,INC-03727,Incident Closed
2025-08-27 07:00:00,Resolved,INC-03728,Incident Closed
2025-08-27 13:00:00,Escalated,INC-03729,Supervisor
2025-08-27 13:00:00,Incident Created,INC-03729,CURTAILMENT_RISK_INCIDENT
2025-08-27 13:30:00,Escalated,INC-03730,Supervisor
2025-08-27 13:30:00,Incident Created,INC-03730,CURTAILMENT_RISK_INCIDENT
2025-08-27 14:00:00,Incident Created,INC-03731,CURTAILMENT_RISK_INCIDENT
2025-08-27 14:00:00,Escalated,INC-03731,Supervisor
2025-08-27 15:00:00,Resolved,INC-03729,Incident Closed
2025-08-27 15:30:00,Resolved,INC-03730,Incident Closed
2025-08-27 16:00:00,Resolved,INC-03731,Incident Closed
2025-08-28 02:30:00,Escalated,INC-03732,Operator
2025-08-28 02:30:00,Incident Created,INC-03732,OVER_GENERATION_INCIDENT
2025-08-28 03:00:00,Escalated,INC-03733,Operator
2025-08-28 03:00:00,Incident Created,INC-03733,OVER_GENERATION_INCIDENT
2025-08-28 03:30:00,Escalated,INC-03734,Operator
2025-08-28 03:30:00,Incident Created,INC-03734,OVER_GENERATION_INCIDENT
2025-08-28 04:00:00,Incident Created,INC-03735,OVER_GENERATION_INCIDENT
2025-08-28 04:00:00,Escalated,INC-03735,Operator
2025-08-28 04:30:00,Resolved,INC-03732,Incident Closed
2025-08-28 04:30:00,Escalated,INC-03736,Operator
2025-08-28 04:30:00,Incident Created,INC-03736,OVER_GENERATION_INCIDENT
2025-08-28 05:00:00,Resolved,INC-03733,Incident Closed
2025-08-28 05:00:00,Escalated,INC-03737,Operator
2025-08-28 05:00:00,Incident Created,INC-03737,OVER_GENERATION_INCIDENT
2025-08-28 05:30:00,Resolved,INC-03734,Incident Closed
2025-08-28 06:00:00,Resolved,INC-03735,Incident Closed
2025-08-28 06:30:00,Resolved,INC-03736,Incident Closed
2025-08-28 07:00:00,Resolved,INC-03737,Incident Closed
2025-08-29 04:00:00,Incident Created,INC-03738,OVER_GENERATION_INCIDENT
2025-08-29 04:00:00,Escalated,INC-03738,Operator
2025-08-29 04:30:00,Incident Created,INC-03739,OVER_GENERATION_INCIDENT
2025-08-29 04:30:00,Escalated,INC-03739,Operator
2025-08-29 05:00:00,Escalated,INC-03740,Operator
2025-08-29 05:00:00,Incident Created,INC-03740,OVER_GENERATION_INCIDENT
2025-08-29 05:30:00,Escalated,INC-03741,Operator
2025-08-29 05:30:00,Incident Created,INC-03741,OVER_GENERATION_INCIDENT
2025-08-29 06:00:00,Resolved,INC-03738,Incident Closed
2025-08-29 06:30:00,Resolved,INC-03739,Incident Closed
2025-08-29 07:00:00,Resolved,INC-03740,Incident Closed
2025-08-29 07:30:00,Resolved,INC-03741,Incident Closed
2025-08-30 02:30:00,Escalated,INC-03742,Operator
2025-08-30 02:30:00,Incident Created,INC-03742,OVER_GENERATION_INCIDENT
2025-08-30 04:30:00,Resolved,INC-03742,Incident Closed
2025-08-30 06:00:00,Incident Created,INC-03743,OVER_GENERATION_INCIDENT
2025-08-30 06:00:00,Escalated,INC-03743,Operator
2025-08-30 06:30:00,Incident Created,INC-03744,OVER_GENERATION_INCIDENT
2025-08-30 06:30:00,Escalated,INC-03744,Operator
2025-08-30 08:00:00,Resolved,INC-03743,Incident Closed
2025-08-30 08:30:00,Resolved,INC-03744,Incident Closed
2025-08-30 15:30:00,Incident Created,INC-03745,CURTAILMENT_RISK_INCIDENT
2025-08-30 15:30:00,Escalated,INC-03745,Supervisor
2025-08-30 16:00:00,Incident Created,INC-03746,CURTAILMENT_RISK_INCIDENT
2025-08-30 16:00:00,Escalated,INC-03746,Supervisor
2025-08-30 16:30:00,Escalated,INC-03747,Supervisor
2025-08-30 16:30:00,Incident Created,INC-03747,CURTAILMENT_RISK_INCIDENT
2025-08-30 17:00:00,Escalated,INC-03748,Supervisor
2025-08-30 17:00:00,Incident Created,INC-03748,CURTAILMENT_RISK_INCIDENT
2025-08-30 17:30:00,Resolved,INC-03745,Incident Closed
2025-08-30 17:30:00,Escalated,INC-03749,Supervisor
2025-08-30 17:30:00,Incident Created,INC-03749,CURTAILMENT_RISK_INCIDENT
2025-08-30 18:00:00,Resolved,INC-03746,Incident Closed
2025-08-30 18:30:00,Resolved,INC-03747,Incident Closed
2025-08-30 19:00:00,Resolved,INC-03748,Incident Closed
2025-08-30 19:30:00,Resolved,INC-03749,Incident Closed
2025-08-30 23:30:00,Incident Created,INC-03750,OVER_GENERATION_INCIDENT
2025-08-30 23:30:00,Escalated,INC-03750,Operator
2025-08-31 00:00:00,Incident Created,INC-03751,OVER_GENERATION_INCIDENT
2025-08-31 00:00:00,Escalated,INC-03751,Operator
2025-08-31 00:30:00,Escalated,INC-03752,Operator
2025-08-31 00:30:00,Incident Created,INC-03752,OVER_GENERATION_INCIDENT
2025-08-31 01:00:00,Escalated,INC-03753,Operator
2025-08-31 01:00:00,Incident Created,INC-03753,OVER_GENERATION_INCIDENT
2025-08-31 01:30:00,Resolved,INC-03750,Incident Closed
2025-08-31 01:30:00,Incident Created,INC-03754,OVER_GENERATION_INCIDENT
2025-08-31 01:30:00,Escalated,INC-03754,Operator
2025-08-31 02:00:00,Resolved,INC-03751,Incident Closed
2025-08-31 02:00:00,Escalated,INC-03755,Operator
2025-08-31 02:00:00,Incident Created,INC-03755,OVER_GENERATION_INCIDENT
2025-08-31 02:30:00,Resolved,INC-03752,Incident Closed
2025-08-31 02:30:00,Incident Created,INC-03756,OVER_GENERATION_INCIDENT
2025-08-31 02:30:00,Escalated,INC-03756,Operator
2025-08-31 03:00:00,Resolved,INC-03753,Incident Closed
2025-08-31 03:00:00,Incident Created,INC-03757,OVER_GENERATION_INCIDENT
2025-08-31 03:00:00,Escalated,INC-03757,Operator
2025-08-31 03:30:00,Resolved,INC-03754,Incident Closed
2025-08-31 03:30:00,Escalated,INC-03758,Operator
2025-08-31 03:30:00,Incident Created,INC-03758,OVER_GENERATION_INCIDENT
2025-08-31 04:00:00,Resolved,INC-03755,Incident Closed
2025-08-31 04:00:00,Incident Created,INC-03759,OVER_GENERATION_INCIDENT
2025-08-31 04:00:00,Escalated,INC-03759,Operator
2025-08-31 04:30:00,Resolved,INC-03756,Incident Closed
2025-08-31 04:30:00,Escalated,INC-03760,Operator
2025-08-31 04:30:00,Incident Created,INC-03760,OVER_GENERATION_INCIDENT
2025-08-31 05:00:00,Resolved,INC-03757,Incident Closed
2025-08-31 05:00:00,Escalated,INC-03761,Operator
2025-08-31 05:00:00,Incident Created,INC-03761,OVER_GENERATION_INCIDENT
2025-08-31 05:30:00,Resolved,INC-03758,Incident Closed
2025-08-31 05:30:00,Escalated,INC-03762,Operator
2025-08-31 05:30:00,Incident Created,INC-03762,OVER_GENERATION_INCIDENT
2025-08-31 06:00:00,Resolved,INC-03759,Incident Closed
2025-08-31 06:00:00,Incident Created,INC-03763,OVER_GENERATION_INCIDENT
2025-08-31 06:00:00,Escalated,INC-03763,Operator
2025-08-31 06:30:00,Resolved,INC-03760,Incident Closed
2025-08-31 06:30:00,Incident Created,INC-03764,OVER_GENERATION_INCIDENT
2025-08-31 06:30:00,Escalated,INC-03764,Operator
2025-08-31 07:00:00,Resolved,INC-03761,Incident Closed
2025-08-31 07:00:00,Escalated,INC-03765,Operator
2025-08-31 07:00:00,Incident Created,INC-03765,OVER_GENERATION_INCIDENT
2025-08-31 07:30:00,Resolved,INC-03762,Incident Closed
2025-08-31 07:30:00,Escalated,INC-03766,Operator
2025-08-31 07:30:00,Incident Created,INC-03766,OVER_GENERATION_INCIDENT
2025-08-31 08:00:00,Resolved,INC-03763,Incident Closed
2025-08-31 08:00:00,Escalated,INC-03767,Operator
2025-08-31 08:00:00,Incident Created,INC-03767,OVER_GENERATION_INCIDENT
2025-08-31 08:30:00,Resolved,INC-03764,Incident Closed
2025-08-31 08:30:00,Escalated,INC-03768,Operator
2025-08-31 08:30:00,Incident Created,INC-03768,OVER_GENERATION_INCIDENT
2025-08-31 08:30:00,Escalated,INC-03769,Supervisor
2025-08-31 08:30:00,Incident Created,INC-03769,CURTAILMENT_RISK_INCIDENT
2025-08-31 09:00:00,Resolved,INC-03765,Incident Closed
2025-08-31 09:00:00,Escalated,INC-03770,Operator
2025-08-31 09:00:00,Incident Created,INC-03770,OVER_GENERATION_INCIDENT
2025-08-31 09:00:00,Escalated,INC-03771,Supervisor
2025-08-31 09:00:00,Incident Created,INC-03771,CURTAILMENT_RISK_INCIDENT
2025-08-31 09:30:00,Resolved,INC-03766,Incident Closed
2025-08-31 09:30:00,Escalated,INC-03772,Operator
2025-08-31 09:30:00,Incident Created,INC-03772,OVER_GENERATION_INCIDENT
2025-08-31 09:30:00,Incident Created,INC-03773,CURTAILMENT_RISK_INCIDENT
2025-08-31 09:30:00,Escalated,INC-03773,Supervisor
2025-08-31 10:00:00,Resolved,INC-03767,Incident Closed
2025-08-31 10:00:00,Escalated,INC-03774,Operator
2025-08-31 10:00:00,Incident Created,INC-03774,OVER_GENERATION_INCIDENT
2025-08-31 10:00:00,Incident Created,INC-03775,CURTAILMENT_RISK_INCIDENT
2025-08-31 10:00:00,Escalated,INC-03775,Supervisor
2025-08-31 10:30:00,Resolved,INC-03768,Incident Closed
2025-08-31 10:30:00,Resolved,INC-03769,Incident Closed
2025-08-31 10:30:00,Escalated,INC-03776,Operator
2025-08-31 10:30:00,Incident Created,INC-03776,OVER_GENERATION_INCIDENT
2025-08-31 10:30:00,Escalated,INC-03777,Supervisor
2025-08-31 10:30:00,Incident Created,INC-03777,CURTAILMENT_RISK_INCIDENT
2025-08-31 11:00:00,Resolved,INC-03770,Incident Closed
2025-08-31 11:00:00,Resolved,INC-03771,Incident Closed
2025-08-31 11:00:00,Escalated,INC-03778,Operator
2025-08-31 11:00:00,Incident Created,INC-03778,OVER_GENERATION_INCIDENT
2025-08-31 11:00:00,Escalated,INC-03779,Supervisor
2025-08-31 11:00:00,Incident Created,INC-03779,CURTAILMENT_RISK_INCIDENT
2025-08-31 11:30:00,Resolved,INC-03772,Incident Closed
2025-08-31 11:30:00,Resolved,INC-03773,Incident Closed
2025-08-31 11:30:00,Escalated,INC-03780,Operator
2025-08-31 11:30:00,Incident Created,INC-03780,OVER_GENERATION_INCIDENT
2025-08-31 11:30:00,Escalated,INC-03781,Supervisor
2025-08-31 11:30:00,Incident Created,INC-03781,CURTAILMENT_RISK_INCIDENT
2025-08-31 12:00:00,Resolved,INC-03774,Incident Closed
2025-08-31 12:00:00,Resolved,INC-03775,Incident Closed
2025-08-31 12:00:00,Escalated,INC-03782,Operator
2025-08-31 12:00:00,Incident Created,INC-03782,OVER_GENERATION_INCIDENT
2025-08-31 12:00:00,Escalated,INC-03783,Supervisor
2025-08-31 12:00:00,Incident Created,INC-03783,CURTAILMENT_RISK_INCIDENT
2025-08-31 12:30:00,Resolved,INC-03776,Incident Closed
2025-08-31 12:30:00,Resolved,INC-03777,Incident Closed
2025-08-31 12:30:00,Incident Created,INC-03784,OVER_GENERATION_INCIDENT
2025-08-31 12:30:00,Escalated,INC-03784,Operator
2025-08-31 12:30:00,Incident Created,INC-03785,CURTAILMENT_RISK_INCIDENT
2025-08-31 12:30:00,Escalated,INC-03785,Supervisor
2025-08-31 13:00:00,Resolved,INC-03778,Incident Closed
2025-08-31 13:00:00,Resolved,INC-03779,Incident Closed
2025-08-31 13:00:00,Incident Created,INC-03786,OVER_GENERATION_INCIDENT
2025-08-31 13:00:00,Escalated,INC-03786,Operator
2025-08-31 13:00:00,Escalated,INC-03787,Supervisor
2025-08-31 13:00:00,Incident Created,INC-03787,CURTAILMENT_RISK_INCIDENT
2025-08-31 13:30:00,Resolved,INC-03780,Incident Closed
2025-08-31 13:30:00,Resolved,INC-03781,Incident Closed
2025-08-31 13:30:00,Incident Created,INC-03788,OVER_GENERATION_INCIDENT
2025-08-31 13:30:00,Escalated,INC-03788,Operator
2025-08-31 13:30:00,Escalated,INC-03789,Supervisor
2025-08-31 13:30:00,Incident Created,INC-03789,CURTAILMENT_RISK_INCIDENT
2025-08-31 14:00:00,Resolved,INC-03782,Incident Closed
2025-08-31 14:00:00,Resolved,INC-03783,Incident Closed
2025-08-31 14:00:00,Incident Created,INC-03790,OVER_GENERATION_INCIDENT
2025-08-31 14:00:00,Escalated,INC-03790,Operator
2025-08-31 14:00:00,Escalated,INC-03791,Supervisor
2025-08-31 14:00:00,Incident Created,INC-03791,CURTAILMENT_RISK_INCIDENT
2025-08-31 14:30:00,Resolved,INC-03784,Incident Closed
2025-08-31 14:30:00,Resolved,INC-03785,Incident Closed
2025-08-31 14:30:00,Escalated,INC-03792,Operator
2025-08-31 14:30:00,Incident Created,INC-03792,OVER_GENERATION_INCIDENT
2025-08-31 14:30:00,Escalated,INC-03793,Supervisor
2025-08-31 14:30:00,Incident Created,INC-03793,CURTAILMENT_RISK_INCIDENT
2025-08-31 15:00:00,Resolved,INC-03786,Incident Closed
2025-08-31 15:00:00,Resolved,INC-03787,Incident Closed
2025-08-31 15:00:00,Incident Created,INC-03794,OVER_GENERATION_INCIDENT
2025-08-31 15:00:00,Escalated,INC-03794,Operator
2025-08-31 15:00:00,Escalated,INC-03795,Supervisor
2025-08-31 15:00:00,Incident Created,INC-03795,CURTAILMENT_RISK_INCIDENT
2025-08-31 15:30:00,Resolved,INC-03788,Incident Closed
2025-08-31 15:30:00,Resolved,INC-03789,Incident Closed
2025-08-31 15:30:00,Escalated,INC-03796,Operator
2025-08-31 15:30:00,Incident Created,INC-03796,OVER_GENERATION_INCIDENT
2025-08-31 15:30:00,Escalated,INC-03797,Supervisor
2025-08-31 15:30:00,Incident Created,INC-03797,CURTAILMENT_RISK_INCIDENT
2025-08-31 16:00:00,Resolved,INC-03790,Incident Closed
2025-08-31 16:00:00,Resolved,INC-03791,Incident Closed
2025-08-31 16:00:00,Escalated,INC-03798,Operator
2025-08-31 16:00:00,Incident Created,INC-03798,OVER_GENERATION_INCIDENT
2025-08-31 16:00:00,Escalated,INC-03799,Supervisor
2025-08-31 16:00:00,Incident Created,INC-03799,CURTAILMENT_RISK_INCIDENT
2025-08-31 16:30:00,Resolved,INC-03792,Incident Closed
2025-08-31 16:30:00,Resolved,INC-03793,Incident Closed
2025-08-31 16:30:00,Escalated,INC-03800,Supervisor
2025-08-31 16:30:00,Incident Created,INC-03800,CURTAILMENT_RISK_INCIDENT
2025-08-31 17:00:00,Resolved,INC-03794,Incident Closed
2025-08-31 17:00:00,Resolved,INC-03795,Incident Closed
2025-08-31 17:00:00,Escalated,INC-03801,Supervisor
2025-08-31 17:00:00,Incident Created,INC-03801,CURTAILMENT_RISK_INCIDENT
2025-08-31 17:30:00,Resolved,INC-03796,Incident Closed
2025-08-31 17:30:00,Resolved,INC-03797,Incident Closed
2025-08-31 18:00:00,Resolved,INC-03798,Incident Closed
2025-08-31 18:00:00,Resolved,INC-03799,Incident Closed
2025-08-31 18:30:00,Resolved,INC-03800,Incident Closed
2025-08-31 19:00:00,Resolved,INC-03801,Incident Closed
2025-08-31 23:30:00,Escalated,INC-03802,Operator
2025-08-31 23:30:00,Incident Created,INC-03802,OVER_GENERATION_INCIDENT
2025-09-01 00:00:00,Incident Created,INC-03803,OVER_GENERATION_INCIDENT
2025-09-01 00:00:00,Escalated,INC-03803,Operator
2025-09-01 00:30:00,Incident Created,INC-03804,OVER_GENERATION_INCIDENT
2025-09-01 00:30:00,Escalated,INC-03804,Operator
2025-09-01 01:00:00,Incident Created,INC-03805,OVER_GENERATION_INCIDENT
2025-09-01 01:00:00,Escalated,INC-03805,Operator
2025-09-01 01:30:00,Resolved,INC-03802,Incident Closed
2025-09-01 01:30:00,Escalated,INC-03806,Operator
2025-09-01 01:30:00,Incident Created,INC-03806,OVER_GENERATION_INCIDENT
2025-09-01 02:00:00,Resolved,INC-03803,Incident Closed
2025-09-01 02:00:00,Incident Created,INC-03807,OVER_GENERATION_INCIDENT
2025-09-01 02:00:00,Escalated,INC-03807,Operator
2025-09-01 02:30:00,Resolved,INC-03804,Incident Closed
2025-09-01 02:30:00,Incident Created,INC-03808,OVER_GENERATION_INCIDENT
2025-09-01 02:30:00,Escalated,INC-03808,Operator
2025-09-01 03:00:00,Resolved,INC-03805,Incident Closed
2025-09-01 03:00:00,Escalated,INC-03809,Operator
2025-09-01 03:00:00,Incident Created,INC-03809,OVER_GENERATION_INCIDENT
2025-09-01 03:30:00,Resolved,INC-03806,Incident Closed
2025-09-01 03:30:00,Incident Created,INC-03810,OVER_GENERATION_INCIDENT
2025-09-01 03:30:00,Escalated,INC-03810,Operator
2025-09-01 04:00:00,Resolved,INC-03807,Incident Closed
2025-09-01 04:00:00,Incident Created,INC-03811,OVER_GENERATION_INCIDENT
2025-09-01 04:00:00,Escalated,INC-03811,Operator
2025-09-01 04:30:00,Resolved,INC-03808,Incident Closed
2025-09-01 04:30:00,Escalated,INC-03812,Operator
2025-09-01 04:30:00,Incident Created,INC-03812,OVER_GENERATION_INCIDENT
2025-09-01 05:00:00,Resolved,INC-03809,Incident Closed
2025-09-01 05:00:00,Escalated,INC-03813,Operator
2025-09-01 05:00:00,Incident Created,INC-03813,OVER_GENERATION_INCIDENT
2025-09-01 05:30:00,Resolved,INC-03810,Incident Closed
2025-09-01 05:30:00,Incident Created,INC-03814,OVER_GENERATION_INCIDENT
2025-09-01 05:30:00,Escalated,INC-03814,Operator
2025-09-01 06:00:00,Resolved,INC-03811,Incident Closed
2025-09-01 06:30:00,Resolved,INC-03812,Incident Closed
2025-09-01 07:00:00,Resolved,INC-03813,Incident Closed
2025-09-01 07:30:00,Resolved,INC-03814,Incident Closed
2025-09-01 07:30:00,Escalated,INC-03815,Supervisor
2025-09-01 07:30:00,Incident Created,INC-03815,CURTAILMENT_RISK_INCIDENT
2025-09-01 08:00:00,Incident Created,INC-03816,CURTAILMENT_RISK_INCIDENT
2025-09-01 08:00:00,Escalated,INC-03816,Supervisor
2025-09-01 08:30:00,Escalated,INC-03817,Supervisor
2025-09-01 08:30:00,Incident Created,INC-03817,CURTAILMENT_RISK_INCIDENT
2025-09-01 09:00:00,Escalated,INC-03818,Supervisor
2025-09-01 09:00:00,Incident Created,INC-03818,CURTAILMENT_RISK_INCIDENT
2025-09-01 09:30:00,Resolved,INC-03815,Incident Closed
2025-09-01 09:30:00,Incident Created,INC-03819,CURTAILMENT_RISK_INCIDENT
2025-09-01 09:30:00,Escalated,INC-03819,Supervisor
2025-09-01 10:00:00,Resolved,INC-03816,Incident Closed
2025-09-01 10:00:00,Incident Created,INC-03820,CURTAILMENT_RISK_INCIDENT
2025-09-01 10:00:00,Escalated,INC-03820,Supervisor
2025-09-01 10:30:00,Resolved,INC-03817,Incident Closed
2025-09-01 10:30:00,Incident Created,INC-03821,CURTAILMENT_RISK_INCIDENT
2025-09-01 10:30:00,Escalated,INC-03821,Supervisor
2025-09-01 11:00:00,Resolved,INC-03818,Incident Closed
2025-09-01 11:00:00,Escalated,INC-03822,Supervisor
2025-09-01 11:00:00,Incident Created,INC-03822,CURTAILMENT_RISK_INCIDENT
2025-09-01 11:30:00,Resolved,INC-03819,Incident Closed
2025-09-01 11:30:00,Escalated,INC-03823,Supervisor
2025-09-01 11:30:00,Incident Created,INC-03823,CURTAILMENT_RISK_INCIDENT
2025-09-01 12:00:00,Resolved,INC-03820,Incident Closed
2025-09-01 12:00:00,Incident Created,INC-03824,CURTAILMENT_RISK_INCIDENT
2025-09-01 12:00:00,Escalated,INC-03824,Supervisor
2025-09-01 12:30:00,Resolved,INC-03821,Incident Closed
2025-09-01 12:30:00,Incident Created,INC-03825,CURTAILMENT_RISK_INCIDENT
2025-09-01 12:30:00,Escalated,INC-03825,Supervisor
2025-09-01 13:00:00,Resolved,INC-03822,Incident Closed
2025-09-01 13:00:00,Incident Created,INC-03826,CURTAILMENT_RISK_INCIDENT
2025-09-01 13:00:00,Escalated,INC-03826,Supervisor
2025-09-01 13:30:00,Resolved,INC-03823,Incident Closed
2025-09-01 13:30:00,Incident Created,INC-03827,CURTAILMENT_RISK_INCIDENT
2025-09-01 13:30:00,Escalated,INC-03827,Supervisor
2025-09-01 14:00:00,Resolved,INC-03824,Incident Closed
2025-09-01 14:00:00,Incident Created,INC-03828,CURTAILMENT_RISK_INCIDENT
2025-09-01 14:00:00,Escalated,INC-03828,Supervisor
2025-09-01 14:30:00,Resolved,INC-03825,Incident Closed
2025-09-01 14:30:00,Incident Created,INC-03829,CURTAILMENT_RISK_INCIDENT
2025-09-01 14:30:00,Escalated,INC-03829,Supervisor
2025-09-01 15:00:00,Resolved,INC-03826,Incident Closed
2025-09-01 15:00:00,Incident Created,INC-03830,CURTAILMENT_RISK_INCIDENT
2025-09-01 15:00:00,Escalated,INC-03830,Supervisor
2025-09-01 15:30:00,Resolved,INC-03827,Incident Closed
2025-09-01 15:30:00,Escalated,INC-03831,Supervisor
2025-09-01 15:30:00,Incident Created,INC-03831,CURTAILMENT_RISK_INCIDENT
2025-09-01 16:00:00,Resolved,INC-03828,Incident Closed
2025-09-01 16:00:00,Escalated,INC-03832,Supervisor
2025-09-01 16:00:00,Incident Created,INC-03832,CURTAILMENT_RISK_INCIDENT
2025-09-01 16:30:00,Resolved,INC-03829,Incident Closed
2025-09-01 17:00:00,Resolved,INC-03830,Incident Closed
2025-09-01 17:30:00,Resolved,INC-03831,Incident Closed
2025-09-01 18:00:00,Resolved,INC-03832,Incident Closed
2025-09-02 02:00:00,Incident Created,INC-03833,OVER_GENERATION_INCIDENT
2025-09-02 02:00:00,Escalated,INC-03833,Operator
2025-09-02 02:30:00,Incident Created,INC-03834,OVER_GENERATION_INCIDENT
2025-09-02 02:30:00,Escalated,INC-03834,Operator
2025-09-02 03:00:00,Incident Created,INC-03835,OVER_GENERATION_INCIDENT
2025-09-02 03:00:00,Escalated,INC-03835,Operator
2025-09-02 03:30:00,Escalated,INC-03836,Operator
2025-09-02 03:30:00,Incident Created,INC-03836,OVER_GENERATION_INCIDENT
2025-09-02 04:00:00,Resolved,INC-03833,Incident Closed
2025-09-02 04:00:00,Incident Created,INC-03837,OVER_GENERATION_INCIDENT
2025-09-02 04:00:00,Escalated,INC-03837,Operator
2025-09-02 04:30:00,Resolved,INC-03834,Incident Closed
2025-09-02 04:30:00,Incident Created,INC-03838,OVER_GENERATION_INCIDENT
2025-09-02 04:30:00,Escalated,INC-03838,Operator
2025-09-02 05:00:00,Resolved,INC-03835,Incident Closed
2025-09-02 05:00:00,Incident Created,INC-03839,OVER_GENERATION_INCIDENT
2025-09-02 05:00:00,Escalated,INC-03839,Operator
2025-09-02 05:30:00,Resolved,INC-03836,Incident Closed
2025-09-02 06:00:00,Resolved,INC-03837,Incident Closed
2025-09-02 06:30:00,Resolved,INC-03838,Incident Closed
2025-09-02 07:00:00,Resolved,INC-03839,Incident Closed
2025-09-05 03:30:00,Escalated,INC-03840,Operator
2025-09-05 03:30:00,Incident Created,INC-03840,OVER_GENERATION_INCIDENT
2025-09-05 04:00:00,Escalated,INC-03841,Operator
2025-09-05 04:00:00,Incident Created,INC-03841,OVER_GENERATION_INCIDENT
2025-09-05 04:30:00,Incident Created,INC-03842,OVER_GENERATION_INCIDENT
2025-09-05 04:30:00,Escalated,INC-03842,Operator
2025-09-05 05:00:00,Escalated,INC-03843,Operator
2025-09-05 05:00:00,Incident Created,INC-03843,OVER_GENERATION_INCIDENT
2025-09-05 05:30:00,Resolved,INC-03840,Incident Closed
2025-09-05 06:00:00,Resolved,INC-03841,Incident Closed
2025-09-05 06:30:00,Resolved,INC-03842,Incident Closed
2025-09-05 07:00:00,Resolved,INC-03843,Incident Closed
2025-09-05 17:30:00,Incident Created,INC-03844,SUSTAINABILITY_INCIDENT
2025-09-05 17:30:00,Escalated,INC-03844,Supervisor
2025-09-05 18:00:00,Incident Created,INC-03845,SUSTAINABILITY_INCIDENT
2025-09-05 18:00:00,Escalated,INC-03845,Supervisor
2025-09-05 18:30:00,Escalated,INC-03846,Supervisor
2025-09-05 18:30:00,Incident Created,INC-03846,SUSTAINABILITY_INCIDENT
2025-09-05 19:00:00,Escalated,INC-03847,Supervisor
2025-09-05 19:00:00,Incident Created,INC-03847,SUSTAINABILITY_INCIDENT
2025-09-05 19:30:00,Resolved,INC-03844,Incident Closed
2025-09-05 19:30:00,Escalated,INC-03848,Supervisor
2025-09-05 19:30:00,Incident Created,INC-03848,SUSTAINABILITY_INCIDENT
2025-09-05 20:00:00,Resolved,INC-03845,Incident Closed
2025-09-05 20:00:00,Incident Created,INC-03849,SUSTAINABILITY_INCIDENT
2025-09-05 20:00:00,Escalated,INC-03849,Supervisor
2025-09-05 20:30:00,Resolved,INC-03846,Incident Closed
2025-09-05 20:30:00,Escalated,INC-03850,Supervisor
2025-09-05 20:30:00,Incident Created,INC-03850,SUSTAINABILITY_INCIDENT
2025-09-05 21:00:00,Resolved,INC-03847,Incident Closed
2025-09-05 21:00:00,Escalated,INC-03851,Supervisor
2025-09-05 21:00:00,Incident Created,INC-03851,SUSTAINABILITY_INCIDENT
2025-09-05 21:30:00,Resolved,INC-03848,Incident Closed
2025-09-05 22:00:00,Resolved,INC-03849,Incident Closed
2025-09-05 22:30:00,Resolved,INC-03850,Incident Closed
2025-09-05 23:00:00,Resolved,INC-03851,Incident Closed
2025-09-06 05:00:00,Incident Created,INC-03852,OVER_GENERATION_INCIDENT
2025-09-06 05:00:00,Escalated,INC-03852,Operator
2025-09-06 05:30:00,Incident Created,INC-03853,OVER_GENERATION_INCIDENT
2025-09-06 05:30:00,Escalated,INC-03853,Operator
2025-09-06 06:00:00,Incident Created,INC-03854,OVER_GENERATION_INCIDENT
2025-09-06 06:00:00,Escalated,INC-03854,Operator
2025-09-06 07:00:00,Resolved,INC-03852,Incident Closed
2025-09-06 07:30:00,Resolved,INC-03853,Incident Closed
2025-09-06 08:00:00,Resolved,INC-03854,Incident Closed
2025-09-06 11:00:00,Escalated,INC-03855,Operator
2025-09-06 11:00:00,Incident Created,INC-03855,OVER_GENERATION_INCIDENT
2025-09-06 11:30:00,Escalated,INC-03856,Operator
2025-09-06 11:30:00,Incident Created,INC-03856,OVER_GENERATION_INCIDENT
2025-09-06 12:00:00,Escalated,INC-03857,Operator
2025-09-06 12:00:00,Incident Created,INC-03857,OVER_GENERATION_INCIDENT
2025-09-06 12:30:00,Escalated,INC-03858,Operator
2025-09-06 12:30:00,Incident Created,INC-03858,OVER_GENERATION_INCIDENT
2025-09-06 13:00:00,Resolved,INC-03855,Incident Closed
2025-09-06 13:00:00,Escalated,INC-03859,Operator
2025-09-06 13:00:00,Incident Created,INC-03859,OVER_GENERATION_INCIDENT
2025-09-06 13:30:00,Resolved,INC-03856,Incident Closed
2025-09-06 13:30:00,Escalated,INC-03860,Operator
2025-09-06 13:30:00,Incident Created,INC-03860,OVER_GENERATION_INCIDENT
2025-09-06 14:00:00,Resolved,INC-03857,Incident Closed
2025-09-06 14:00:00,Escalated,INC-03861,Operator
2025-09-06 14:00:00,Incident Created,INC-03861,OVER_GENERATION_INCIDENT
2025-09-06 14:30:00,Resolved,INC-03858,Incident Closed
2025-09-06 14:30:00,Incident Created,INC-03862,OVER_GENERATION_INCIDENT
2025-09-06 14:30:00,Escalated,INC-03862,Operator
2025-09-06 15:00:00,Resolved,INC-03859,Incident Closed
2025-09-06 15:00:00,Escalated,INC-03863,Operator
2025-09-06 15:00:00,Incident Created,INC-03863,OVER_GENERATION_INCIDENT
2025-09-06 15:30:00,Resolved,INC-03860,Incident Closed
2025-09-06 15:30:00,Escalated,INC-03864,Operator
2025-09-06 15:30:00,Incident Created,INC-03864,OVER_GENERATION_INCIDENT
2025-09-06 16:00:00,Resolved,INC-03861,Incident Closed
2025-09-06 16:00:00,Escalated,INC-03865,Operator
2025-09-06 16:00:00,Incident Created,INC-03865,OVER_GENERATION_INCIDENT
2025-09-06 16:30:00,Resolved,INC-03862,Incident Closed
2025-09-06 17:00:00,Resolved,INC-03863,Incident Closed
2025-09-06 17:30:00,Resolved,INC-03864,Incident Closed
2025-09-06 18:00:00,Resolved,INC-03865,Incident Closed
2025-09-06 23:30:00,Escalated,INC-03866,Operator
2025-09-06 23:30:00,Incident Created,INC-03866,OVER_GENERATION_INCIDENT
2025-09-07 00:00:00,Escalated,INC-03867,Operator
2025-09-07 00:00:00,Incident Created,INC-03867,OVER_GENERATION_INCIDENT
2025-09-07 00:30:00,Incident Created,INC-03868,OVER_GENERATION_INCIDENT
2025-09-07 00:30:00,Escalated,INC-03868,Operator
2025-09-07 01:00:00,Escalated,INC-03869,Operator
2025-09-07 01:00:00,Incident Created,INC-03869,OVER_GENERATION_INCIDENT
2025-09-07 01:30:00,Resolved,INC-03866,Incident Closed
2025-09-07 01:30:00,Incident Created,INC-03870,OVER_GENERATION_INCIDENT
2025-09-07 01:30:00,Escalated,INC-03870,Operator
2025-09-07 02:00:00,Resolved,INC-03867,Incident Closed
2025-09-07 02:00:00,Incident Created,INC-03871,OVER_GENERATION_INCIDENT
2025-09-07 02:00:00,Escalated,INC-03871,Operator
2025-09-07 02:30:00,Resolved,INC-03868,Incident Closed
2025-09-07 02:30:00,Incident Created,INC-03872,OVER_GENERATION_INCIDENT
2025-09-07 02:30:00,Escalated,INC-03872,Operator
2025-09-07 03:00:00,Resolved,INC-03869,Incident Closed
2025-09-07 03:00:00,Incident Created,INC-03873,OVER_GENERATION_INCIDENT
2025-09-07 03:00:00,Escalated,INC-03873,Operator
2025-09-07 03:30:00,Resolved,INC-03870,Incident Closed
2025-09-07 03:30:00,Escalated,INC-03874,Operator
2025-09-07 03:30:00,Incident Created,INC-03874,OVER_GENERATION_INCIDENT
2025-09-07 04:00:00,Resolved,INC-03871,Incident Closed
2025-09-07 04:00:00,Escalated,INC-03875,Operator
2025-09-07 04:00:00,Incident Created,INC-03875,OVER_GENERATION_INCIDENT
2025-09-07 04:30:00,Resolved,INC-03872,Incident Closed
2025-09-07 04:30:00,Incident Created,INC-03876,OVER_GENERATION_INCIDENT
2025-09-07 04:30:00,Escalated,INC-03876,Operator
2025-09-07 05:00:00,Resolved,INC-03873,Incident Closed
2025-09-07 05:00:00,Incident Created,INC-03877,OVER_GENERATION_INCIDENT
2025-09-07 05:00:00,Escalated,INC-03877,Operator
2025-09-07 05:30:00,Resolved,INC-03874,Incident Closed
2025-09-07 05:30:00,Incident Created,INC-03878,OVER_GENERATION_INCIDENT
2025-09-07 05:30:00,Escalated,INC-03878,Operator
2025-09-07 06:00:00,Resolved,INC-03875,Incident Closed
2025-09-07 06:00:00,Escalated,INC-03879,Operator
2025-09-07 06:00:00,Incident Created,INC-03879,OVER_GENERATION_INCIDENT
2025-09-07 06:30:00,Resolved,INC-03876,Incident Closed
2025-09-07 06:30:00,Incident Created,INC-03880,OVER_GENERATION_INCIDENT
2025-09-07 06:30:00,Escalated,INC-03880,Operator
2025-09-07 07:00:00,Resolved,INC-03877,Incident Closed
2025-09-07 07:00:00,Escalated,INC-03881,Operator
2025-09-07 07:00:00,Incident Created,INC-03881,OVER_GENERATION_INCIDENT
2025-09-07 07:30:00,Resolved,INC-03878,Incident Closed
2025-09-07 07:30:00,Incident Created,INC-03882,OVER_GENERATION_INCIDENT
2025-09-07 07:30:00,Escalated,INC-03882,Operator
2025-09-07 08:00:00,Resolved,INC-03879,Incident Closed
2025-09-07 08:00:00,Escalated,INC-03883,Operator
2025-09-07 08:00:00,Incident Created,INC-03883,OVER_GENERATION_INCIDENT
2025-09-07 08:30:00,Resolved,INC-03880,Incident Closed
2025-09-07 08:30:00,Incident Created,INC-03884,OVER_GENERATION_INCIDENT
2025-09-07 08:30:00,Escalated,INC-03884,Operator
2025-09-07 09:00:00,Resolved,INC-03881,Incident Closed
2025-09-07 09:00:00,Escalated,INC-03885,Supervisor
2025-09-07 09:00:00,Incident Created,INC-03885,CURTAILMENT_RISK_INCIDENT
2025-09-07 09:30:00,Resolved,INC-03882,Incident Closed
2025-09-07 09:30:00,Escalated,INC-03886,Supervisor
2025-09-07 09:30:00,Incident Created,INC-03886,CURTAILMENT_RISK_INCIDENT
2025-09-07 10:00:00,Resolved,INC-03883,Incident Closed
2025-09-07 10:00:00,Incident Created,INC-03887,CURTAILMENT_RISK_INCIDENT
2025-09-07 10:00:00,Escalated,INC-03887,Supervisor
2025-09-07 10:30:00,Resolved,INC-03884,Incident Closed
2025-09-07 10:30:00,Escalated,INC-03888,Supervisor
2025-09-07 10:30:00,Incident Created,INC-03888,CURTAILMENT_RISK_INCIDENT
2025-09-07 11:00:00,Resolved,INC-03885,Incident Closed
2025-09-07 11:00:00,Escalated,INC-03889,Supervisor
2025-09-07 11:00:00,Incident Created,INC-03889,CURTAILMENT_RISK_INCIDENT
2025-09-07 11:30:00,Resolved,INC-03886,Incident Closed
2025-09-07 11:30:00,Escalated,INC-03890,Supervisor
2025-09-07 11:30:00,Incident Created,INC-03890,CURTAILMENT_RISK_INCIDENT
2025-09-07 12:00:00,Resolved,INC-03887,Incident Closed
2025-09-07 12:00:00,Incident Created,INC-03891,CURTAILMENT_RISK_INCIDENT
2025-09-07 12:00:00,Escalated,INC-03891,Supervisor
2025-09-07 12:30:00,Resolved,INC-03888,Incident Closed
2025-09-07 12:30:00,Incident Created,INC-03892,CURTAILMENT_RISK_INCIDENT
2025-09-07 12:30:00,Escalated,INC-03892,Supervisor
2025-09-07 13:00:00,Resolved,INC-03889,Incident Closed
2025-09-07 13:00:00,Incident Created,INC-03893,CURTAILMENT_RISK_INCIDENT
2025-09-07 13:00:00,Escalated,INC-03893,Supervisor
2025-09-07 13:30:00,Resolved,INC-03890,Incident Closed
2025-09-07 13:30:00,Incident Created,INC-03894,CURTAILMENT_RISK_INCIDENT
2025-09-07 13:30:00,Escalated,INC-03894,Supervisor
2025-09-07 14:00:00,Resolved,INC-03891,Incident Closed
2025-09-07 14:00:00,Escalated,INC-03895,Supervisor
2025-09-07 14:00:00,Incident Created,INC-03895,CURTAILMENT_RISK_INCIDENT
2025-09-07 14:30:00,Resolved,INC-03892,Incident Closed
2025-09-07 14:30:00,Escalated,INC-03896,Supervisor
2025-09-07 14:30:00,Incident Created,INC-03896,CURTAILMENT_RISK_INCIDENT
2025-09-07 15:00:00,Resolved,INC-03893,Incident Closed
2025-09-07 15:00:00,Escalated,INC-03897,Supervisor
2025-09-07 15:00:00,Incident Created,INC-03897,CURTAILMENT_RISK_INCIDENT
2025-09-07 15:30:00,Resolved,INC-03894,Incident Closed
2025-09-07 15:30:00,Escalated,INC-03898,Supervisor
2025-09-07 15:30:00,Incident Created,INC-03898,CURTAILMENT_RISK_INCIDENT
2025-09-07 16:00:00,Resolved,INC-03895,Incident Closed
2025-09-07 16:00:00,Escalated,INC-03899,Supervisor
2025-09-07 16:00:00,Incident Created,INC-03899,CURTAILMENT_RISK_INCIDENT
2025-09-07 16:30:00,Resolved,INC-03896,Incident Closed
2025-09-07 17:00:00,Resolved,INC-03897,Incident Closed
2025-09-07 17:30:00,Resolved,INC-03898,Incident Closed
2025-09-07 18:00:00,Resolved,INC-03899,Incident Closed
2025-09-08 04:30:00,Incident Created,INC-03900,OVER_GENERATION_INCIDENT
2025-09-08 04:30:00,Escalated,INC-03900,Operator
2025-09-08 05:00:00,Incident Created,INC-03901,OVER_GENERATION_INCIDENT
2025-09-08 05:00:00,Escalated,INC-03901,Operator
2025-09-08 06:30:00,Resolved,INC-03900,Incident Closed
2025-09-08 07:00:00,Resolved,INC-03901,Incident Closed
2025-09-09 03:30:00,Escalated,INC-03902,Operator
2025-09-09 03:30:00,Incident Created,INC-03902,OVER_GENERATION_INCIDENT
2025-09-09 04:00:00,Escalated,INC-03903,Operator
2025-09-09 04:00:00,Incident Created,INC-03903,OVER_GENERATION_INCIDENT
2025-09-09 04:30:00,Incident Created,INC-03904,OVER_GENERATION_INCIDENT
2025-09-09 04:30:00,Escalated,INC-03904,Operator
2025-09-09 05:00:00,Incident Created,INC-03905,OVER_GENERATION_INCIDENT
2025-09-09 05:00:00,Escalated,INC-03905,Operator
2025-09-09 05:30:00,Resolved,INC-03902,Incident Closed
2025-09-09 06:00:00,Resolved,INC-03903,Incident Closed
2025-09-09 06:30:00,Resolved,INC-03904,Incident Closed
2025-09-09 07:00:00,Resolved,INC-03905,Incident Closed
2025-09-10 02:30:00,Escalated,INC-03906,Operator
2025-09-10 02:30:00,Incident Created,INC-03906,OVER_GENERATION_INCIDENT
2025-09-10 03:00:00,Escalated,INC-03907,Operator
2025-09-10 03:00:00,Incident Created,INC-03907,OVER_GENERATION_INCIDENT
2025-09-10 03:30:00,Incident Created,INC-03908,OVER_GENERATION_INCIDENT
2025-09-10 03:30:00,Escalated,INC-03908,Operator
2025-09-10 04:00:00,Incident Created,INC-03909,OVER_GENERATION_INCIDENT
2025-09-10 04:00:00,Escalated,INC-03909,Operator
2025-09-10 04:30:00,Resolved,INC-03906,Incident Closed
2025-09-10 04:30:00,Escalated,INC-03910,Operator
2025-09-10 04:30:00,Incident Created,INC-03910,OVER_GENERATION_INCIDENT
2025-09-10 05:00:00,Resolved,INC-03907,Incident Closed
2025-09-10 05:30:00,Resolved,INC-03908,Incident Closed
2025-09-10 06:00:00,Resolved,INC-03909,Incident Closed
2025-09-10 06:30:00,Resolved,INC-03910,Incident Closed
2025-09-10 08:30:00,Escalated,INC-03911,Supervisor
2025-09-10 08:30:00,Incident Created,INC-03911,CURTAILMENT_RISK_INCIDENT
2025-09-10 09:00:00,Escalated,INC-03912,Supervisor
2025-09-10 09:00:00,Incident Created,INC-03912,CURTAILMENT_RISK_INCIDENT
2025-09-10 09:30:00,Incident Created,INC-03913,CURTAILMENT_RISK_INCIDENT
2025-09-10 09:30:00,Escalated,INC-03913,Supervisor
2025-09-10 10:00:00,Incident Created,INC-03914,CURTAILMENT_RISK_INCIDENT
2025-09-10 10:00:00,Escalated,INC-03914,Supervisor
2025-09-10 10:30:00,Resolved,INC-03911,Incident Closed
2025-09-10 10:30:00,Escalated,INC-03915,Supervisor
2025-09-10 10:30:00,Incident Created,INC-03915,CURTAILMENT_RISK_INCIDENT
2025-09-10 11:00:00,Resolved,INC-03912,Incident Closed
2025-09-10 11:00:00,Incident Created,INC-03916,CURTAILMENT_RISK_INCIDENT
2025-09-10 11:00:00,Escalated,INC-03916,Supervisor
2025-09-10 11:30:00,Resolved,INC-03913,Incident Closed
2025-09-10 11:30:00,Escalated,INC-03917,Supervisor
2025-09-10 11:30:00,Incident Created,INC-03917,CURTAILMENT_RISK_INCIDENT
2025-09-10 12:00:00,Resolved,INC-03914,Incident Closed
2025-09-10 12:00:00,Escalated,INC-03918,Supervisor
2025-09-10 12:00:00,Incident Created,INC-03918,CURTAILMENT_RISK_INCIDENT
2025-09-10 12:30:00,Resolved,INC-03915,Incident Closed
2025-09-10 12:30:00,Incident Created,INC-03919,CURTAILMENT_RISK_INCIDENT
2025-09-10 12:30:00,Escalated,INC-03919,Supervisor
2025-09-10 13:00:00,Resolved,INC-03916,Incident Closed
2025-09-10 13:00:00,Escalated,INC-03920,Supervisor
2025-09-10 13:00:00,Incident Created,INC-03920,CURTAILMENT_RISK_INCIDENT
2025-09-10 13:30:00,Resolved,INC-03917,Incident Closed
2025-09-10 13:30:00,Escalated,INC-03921,Supervisor
2025-09-10 13:30:00,Incident Created,INC-03921,CURTAILMENT_RISK_INCIDENT
2025-09-10 14:00:00,Resolved,INC-03918,Incident Closed
2025-09-10 14:00:00,Incident Created,INC-03922,CURTAILMENT_RISK_INCIDENT
2025-09-10 14:00:00,Escalated,INC-03922,Supervisor
2025-09-10 14:30:00,Resolved,INC-03919,Incident Closed
2025-09-10 14:30:00,Incident Created,INC-03923,CURTAILMENT_RISK_INCIDENT
2025-09-10 14:30:00,Escalated,INC-03923,Supervisor
2025-09-10 15:00:00,Resolved,INC-03920,Incident Closed
2025-09-10 15:00:00,Incident Created,INC-03924,CURTAILMENT_RISK_INCIDENT
2025-09-10 15:00:00,Escalated,INC-03924,Supervisor
2025-09-10 15:30:00,Resolved,INC-03921,Incident Closed
2025-09-10 15:30:00,Incident Created,INC-03925,CURTAILMENT_RISK_INCIDENT
2025-09-10 15:30:00,Escalated,INC-03925,Supervisor
2025-09-10 16:00:00,Resolved,INC-03922,Incident Closed
2025-09-10 16:00:00,Incident Created,INC-03926,CURTAILMENT_RISK_INCIDENT
2025-09-10 16:00:00,Escalated,INC-03926,Supervisor
2025-09-10 16:30:00,Resolved,INC-03923,Incident Closed
2025-09-10 17:00:00,Resolved,INC-03924,Incident Closed
2025-09-10 17:30:00,Resolved,INC-03925,Incident Closed
2025-09-10 18:00:00,Resolved,INC-03926,Incident Closed
2025-09-11 01:30:00,Escalated,INC-03927,Operator
2025-09-11 01:30:00,Incident Created,INC-03927,OVER_GENERATION_INCIDENT
2025-09-11 02:30:00,Escalated,INC-03928,Operator
2025-09-11 02:30:00,Incident Created,INC-03928,OVER_GENERATION_INCIDENT
2025-09-11 03:00:00,Escalated,INC-03929,Operator
2025-09-11 03:00:00,Incident Created,INC-03929,OVER_GENERATION_INCIDENT
2025-09-11 03:30:00,Resolved,INC-03927,Incident Closed
2025-09-11 03:30:00,Incident Created,INC-03930,OVER_GENERATION_INCIDENT
2025-09-11 03:30:00,Escalated,INC-03930,Operator
2025-09-11 04:00:00,Escalated,INC-03931,Operator
2025-09-11 04:00:00,Incident Created,INC-03931,OVER_GENERATION_INCIDENT
2025-09-11 04:30:00,Resolved,INC-03928,Incident Closed
2025-09-11 04:30:00,Incident Created,INC-03932,OVER_GENERATION_INCIDENT
2025-09-11 04:30:00,Escalated,INC-03932,Operator
2025-09-11 05:00:00,Resolved,INC-03929,Incident Closed
2025-09-11 05:00:00,Incident Created,INC-03933,OVER_GENERATION_INCIDENT
2025-09-11 05:00:00,Escalated,INC-03933,Operator
2025-09-11 05:30:00,Resolved,INC-03930,Incident Closed
2025-09-11 05:30:00,Incident Created,INC-03934,OVER_GENERATION_INCIDENT
2025-09-11 05:30:00,Escalated,INC-03934,Operator
2025-09-11 06:00:00,Resolved,INC-03931,Incident Closed
2025-09-11 06:30:00,Resolved,INC-03932,Incident Closed
2025-09-11 07:00:00,Resolved,INC-03933,Incident Closed
2025-09-11 07:00:00,Incident Created,INC-03935,CURTAILMENT_RISK_INCIDENT
2025-09-11 07:00:00,Escalated,INC-03935,Supervisor
2025-09-11 07:30:00,Resolved,INC-03934,Incident Closed
2025-09-11 07:30:00,Incident Created,INC-03936,CURTAILMENT_RISK_INCIDENT
2025-09-11 07:30:00,Escalated,INC-03936,Supervisor
2025-09-11 08:00:00,Escalated,INC-03937,Supervisor
2025-09-11 08:00:00,Incident Created,INC-03937,CURTAILMENT_RISK_INCIDENT
2025-09-11 08:30:00,Incident Created,INC-03938,CURTAILMENT_RISK_INCIDENT
2025-09-11 08:30:00,Escalated,INC-03938,Supervisor
2025-09-11 09:00:00,Resolved,INC-03935,Incident Closed
2025-09-11 09:00:00,Incident Created,INC-03939,CURTAILMENT_RISK_INCIDENT
2025-09-11 09:00:00,Escalated,INC-03939,Supervisor
2025-09-11 09:30:00,Resolved,INC-03936,Incident Closed
2025-09-11 09:30:00,Escalated,INC-03940,Supervisor
2025-09-11 09:30:00,Incident Created,INC-03940,CURTAILMENT_RISK_INCIDENT
2025-09-11 10:00:00,Resolved,INC-03937,Incident Closed
2025-09-11 10:00:00,Escalated,INC-03941,Supervisor
2025-09-11 10:00:00,Incident Created,INC-03941,CURTAILMENT_RISK_INCIDENT
2025-09-11 10:30:00,Resolved,INC-03938,Incident Closed
2025-09-11 10:30:00,Escalated,INC-03942,Supervisor
2025-09-11 10:30:00,Incident Created,INC-03942,CURTAILMENT_RISK_INCIDENT
2025-09-11 11:00:00,Resolved,INC-03939,Incident Closed
2025-09-11 11:00:00,Incident Created,INC-03943,CURTAILMENT_RISK_INCIDENT
2025-09-11 11:00:00,Escalated,INC-03943,Supervisor
2025-09-11 11:30:00,Resolved,INC-03940,Incident Closed
2025-09-11 11:30:00,Incident Created,INC-03944,CURTAILMENT_RISK_INCIDENT
2025-09-11 11:30:00,Escalated,INC-03944,Supervisor
2025-09-11 12:00:00,Resolved,INC-03941,Incident Closed
2025-09-11 12:00:00,Incident Created,INC-03945,CURTAILMENT_RISK_INCIDENT
2025-09-11 12:00:00,Escalated,INC-03945,Supervisor
2025-09-11 12:30:00,Resolved,INC-03942,Incident Closed
2025-09-11 12:30:00,Incident Created,INC-03946,CURTAILMENT_RISK_INCIDENT
2025-09-11 12:30:00,Escalated,INC-03946,Supervisor
2025-09-11 13:00:00,Resolved,INC-03943,Incident Closed
2025-09-11 13:00:00,Incident Created,INC-03947,CURTAILMENT_RISK_INCIDENT
2025-09-11 13:00:00,Escalated,INC-03947,Supervisor
2025-09-11 13:30:00,Resolved,INC-03944,Incident Closed
2025-09-11 13:30:00,Incident Created,INC-03948,CURTAILMENT_RISK_INCIDENT
2025-09-11 13:30:00,Escalated,INC-03948,Supervisor
2025-09-11 14:00:00,Resolved,INC-03945,Incident Closed
2025-09-11 14:00:00,Incident Created,INC-03949,CURTAILMENT_RISK_INCIDENT
2025-09-11 14:00:00,Escalated,INC-03949,Supervisor
2025-09-11 14:30:00,Resolved,INC-03946,Incident Closed
2025-09-11 14:30:00,Incident Created,INC-03950,CURTAILMENT_RISK_INCIDENT
2025-09-11 14:30:00,Escalated,INC-03950,Supervisor
2025-09-11 15:00:00,Resolved,INC-03947,Incident Closed
2025-09-11 15:00:00,Incident Created,INC-03951,CURTAILMENT_RISK_INCIDENT
2025-09-11 15:00:00,Escalated,INC-03951,Supervisor
2025-09-11 15:30:00,Resolved,INC-03948,Incident Closed
2025-09-11 15:30:00,Incident Created,INC-03952,CURTAILMENT_RISK_INCIDENT
2025-09-11 15:30:00,Escalated,INC-03952,Supervisor
2025-09-11 16:00:00,Resolved,INC-03949,Incident Closed
2025-09-11 16:00:00,Incident Created,INC-03953,CURTAILMENT_RISK_INCIDENT
2025-09-11 16:00:00,Escalated,INC-03953,Supervisor
2025-09-11 16:30:00,Resolved,INC-03950,Incident Closed
2025-09-11 16:30:00,Escalated,INC-03954,Supervisor
2025-09-11 16:30:00,Incident Created,INC-03954,CURTAILMENT_RISK_INCIDENT
2025-09-11 17:00:00,Resolved,INC-03951,Incident Closed
2025-09-11 17:30:00,Resolved,INC-03952,Incident Closed
2025-09-11 18:00:00,Resolved,INC-03953,Incident Closed
2025-09-11 18:30:00,Resolved,INC-03954,Incident Closed
2025-09-12 01:00:00,Escalated,INC-03955,Operator
2025-09-12 01:00:00,Incident Created,INC-03955,OVER_GENERATION_INCIDENT
2025-09-12 01:30:00,Escalated,INC-03956,Operator
2025-09-12 01:30:00,Incident Created,INC-03956,OVER_GENERATION_INCIDENT
2025-09-12 02:00:00,Incident Created,INC-03957,OVER_GENERATION_INCIDENT
2025-09-12 02:00:00,Escalated,INC-03957,Operator
2025-09-12 02:30:00,Escalated,INC-03958,Operator
2025-09-12 02:30:00,Incident Created,INC-03958,OVER_GENERATION_INCIDENT
2025-09-12 03:00:00,Resolved,INC-03955,Incident Closed
2025-09-12 03:00:00,Incident Created,INC-03959,OVER_GENERATION_INCIDENT
2025-09-12 03:00:00,Escalated,INC-03959,Operator
2025-09-12 03:30:00,Resolved,INC-03956,Incident Closed
2025-09-12 03:30:00,Incident Created,INC-03960,OVER_GENERATION_INCIDENT
2025-09-12 03:30:00,Escalated,INC-03960,Operator
2025-09-12 04:00:00,Resolved,INC-03957,Incident Closed
2025-09-12 04:00:00,Incident Created,INC-03961,OVER_GENERATION_INCIDENT
2025-09-12 04:00:00,Escalated,INC-03961,Operator
2025-09-12 04:30:00,Resolved,INC-03958,Incident Closed
2025-09-12 04:30:00,Incident Created,INC-03962,OVER_GENERATION_INCIDENT
2025-09-12 04:30:00,Escalated,INC-03962,Operator
2025-09-12 05:00:00,Resolved,INC-03959,Incident Closed
2025-09-12 05:00:00,Escalated,INC-03963,Operator
2025-09-12 05:00:00,Incident Created,INC-03963,OVER_GENERATION_INCIDENT
2025-09-12 05:30:00,Resolved,INC-03960,Incident Closed
2025-09-12 05:30:00,Escalated,INC-03964,Operator
2025-09-12 05:30:00,Incident Created,INC-03964,OVER_GENERATION_INCIDENT
2025-09-12 06:00:00,Resolved,INC-03961,Incident Closed
2025-09-12 06:30:00,Resolved,INC-03962,Incident Closed
2025-09-12 06:30:00,Incident Created,INC-03965,CURTAILMENT_RISK_INCIDENT
2025-09-12 06:30:00,Escalated,INC-03965,Supervisor
2025-09-12 07:00:00,Resolved,INC-03963,Incident Closed
2025-09-12 07:00:00,Escalated,INC-03966,Supervisor
2025-09-12 07:00:00,Incident Created,INC-03966,CURTAILMENT_RISK_INCIDENT
2025-09-12 07:30:00,Resolved,INC-03964,Incident Closed
2025-09-12 07:30:00,Incident Created,INC-03967,CURTAILMENT_RISK_INCIDENT
2025-09-12 07:30:00,Escalated,INC-03967,Supervisor
2025-09-12 08:00:00,Escalated,INC-03968,Supervisor
2025-09-12 08:00:00,Incident Created,INC-03968,CURTAILMENT_RISK_INCIDENT
2025-09-12 08:30:00,Resolved,INC-03965,Incident Closed
2025-09-12 08:30:00,Incident Created,INC-03969,CURTAILMENT_RISK_INCIDENT
2025-09-12 08:30:00,Escalated,INC-03969,Supervisor
2025-09-12 09:00:00,Resolved,INC-03966,Incident Closed
2025-09-12 09:00:00,Escalated,INC-03970,Supervisor
2025-09-12 09:00:00,Incident Created,INC-03970,CURTAILMENT_RISK_INCIDENT
2025-09-12 09:30:00,Resolved,INC-03967,Incident Closed
2025-09-12 09:30:00,Incident Created,INC-03971,CURTAILMENT_RISK_INCIDENT
2025-09-12 09:30:00,Escalated,INC-03971,Supervisor
2025-09-12 10:00:00,Resolved,INC-03968,Incident Closed
2025-09-12 10:00:00,Incident Created,INC-03972,CURTAILMENT_RISK_INCIDENT
2025-09-12 10:00:00,Escalated,INC-03972,Supervisor
2025-09-12 10:30:00,Resolved,INC-03969,Incident Closed
2025-09-12 10:30:00,Incident Created,INC-03973,CURTAILMENT_RISK_INCIDENT
2025-09-12 10:30:00,Escalated,INC-03973,Supervisor
2025-09-12 11:00:00,Resolved,INC-03970,Incident Closed
2025-09-12 11:00:00,Incident Created,INC-03974,CURTAILMENT_RISK_INCIDENT
2025-09-12 11:00:00,Escalated,INC-03974,Supervisor
2025-09-12 11:30:00,Resolved,INC-03971,Incident Closed
2025-09-12 11:30:00,Escalated,INC-03975,Supervisor
2025-09-12 11:30:00,Incident Created,INC-03975,CURTAILMENT_RISK_INCIDENT
2025-09-12 12:00:00,Resolved,INC-03972,Incident Closed
2025-09-12 12:00:00,Escalated,INC-03976,Supervisor
2025-09-12 12:00:00,Incident Created,INC-03976,CURTAILMENT_RISK_INCIDENT
2025-09-12 12:30:00,Resolved,INC-03973,Incident Closed
2025-09-12 12:30:00,Escalated,INC-03977,Supervisor
2025-09-12 12:30:00,Incident Created,INC-03977,CURTAILMENT_RISK_INCIDENT
2025-09-12 13:00:00,Resolved,INC-03974,Incident Closed
2025-09-12 13:00:00,Incident Created,INC-03978,CURTAILMENT_RISK_INCIDENT
2025-09-12 13:00:00,Escalated,INC-03978,Supervisor
2025-09-12 13:30:00,Resolved,INC-03975,Incident Closed
2025-09-12 13:30:00,Incident Created,INC-03979,CURTAILMENT_RISK_INCIDENT
2025-09-12 13:30:00,Escalated,INC-03979,Supervisor
2025-09-12 14:00:00,Resolved,INC-03976,Incident Closed
2025-09-12 14:00:00,Incident Created,INC-03980,CURTAILMENT_RISK_INCIDENT
2025-09-12 14:00:00,Escalated,INC-03980,Supervisor
2025-09-12 14:30:00,Resolved,INC-03977,Incident Closed
2025-09-12 14:30:00,Incident Created,INC-03981,CURTAILMENT_RISK_INCIDENT
2025-09-12 14:30:00,Escalated,INC-03981,Supervisor
2025-09-12 15:00:00,Resolved,INC-03978,Incident Closed
2025-09-12 15:00:00,Escalated,INC-03982,Supervisor
2025-09-12 15:00:00,Incident Created,INC-03982,CURTAILMENT_RISK_INCIDENT
2025-09-12 15:30:00,Resolved,INC-03979,Incident Closed
2025-09-12 15:30:00,Escalated,INC-03983,Supervisor
2025-09-12 15:30:00,Incident Created,INC-03983,CURTAILMENT_RISK_INCIDENT
2025-09-12 16:00:00,Resolved,INC-03980,Incident Closed
2025-09-12 16:30:00,Resolved,INC-03981,Incident Closed
2025-09-12 17:00:00,Resolved,INC-03982,Incident Closed
2025-09-12 17:30:00,Resolved,INC-03983,Incident Closed
2025-09-13 02:00:00,Escalated,INC-03984,Operator
2025-09-13 02:00:00,Incident Created,INC-03984,OVER_GENERATION_INCIDENT
2025-09-13 02:30:00,Escalated,INC-03985,Operator
2025-09-13 02:30:00,Incident Created,INC-03985,OVER_GENERATION_INCIDENT
2025-09-13 03:00:00,Escalated,INC-03986,Operator
2025-09-13 03:00:00,Incident Created,INC-03986,OVER_GENERATION_INCIDENT
2025-09-13 03:30:00,Incident Created,INC-03987,OVER_GENERATION_INCIDENT
2025-09-13 03:30:00,Escalated,INC-03987,Operator
2025-09-13 04:00:00,Resolved,INC-03984,Incident Closed
2025-09-13 04:00:00,Incident Created,INC-03988,OVER_GENERATION_INCIDENT
2025-09-13 04:00:00,Escalated,INC-03988,Operator
2025-09-13 04:30:00,Resolved,INC-03985,Incident Closed
2025-09-13 04:30:00,Incident Created,INC-03989,OVER_GENERATION_INCIDENT
2025-09-13 04:30:00,Escalated,INC-03989,Operator
2025-09-13 05:00:00,Resolved,INC-03986,Incident Closed
2025-09-13 05:00:00,Incident Created,INC-03990,OVER_GENERATION_INCIDENT
2025-09-13 05:00:00,Escalated,INC-03990,Operator
2025-09-13 05:30:00,Resolved,INC-03987,Incident Closed
2025-09-13 05:30:00,Incident Created,INC-03991,OVER_GENERATION_INCIDENT
2025-09-13 05:30:00,Escalated,INC-03991,Operator
2025-09-13 06:00:00,Resolved,INC-03988,Incident Closed
2025-09-13 06:00:00,Incident Created,INC-03992,OVER_GENERATION_INCIDENT
2025-09-13 06:00:00,Escalated,INC-03992,Operator
2025-09-13 06:30:00,Resolved,INC-03989,Incident Closed
2025-09-13 07:00:00,Resolved,INC-03990,Incident Closed
2025-09-13 07:30:00,Resolved,INC-03991,Incident Closed
2025-09-13 08:00:00,Resolved,INC-03992,Incident Closed
2025-09-13 09:30:00,Escalated,INC-03993,Supervisor
2025-09-13 09:30:00,Incident Created,INC-03993,CURTAILMENT_RISK_INCIDENT
2025-09-13 10:00:00,Escalated,INC-03994,Supervisor
2025-09-13 10:00:00,Incident Created,INC-03994,CURTAILMENT_RISK_INCIDENT
2025-09-13 10:30:00,Escalated,INC-03995,Supervisor
2025-09-13 10:30:00,Incident Created,INC-03995,CURTAILMENT_RISK_INCIDENT
2025-09-13 11:00:00,Escalated,INC-03996,Supervisor
2025-09-13 11:00:00,Incident Created,INC-03996,CURTAILMENT_RISK_INCIDENT
2025-09-13 11:30:00,Resolved,INC-03993,Incident Closed
2025-09-13 11:30:00,Escalated,INC-03997,Operator
2025-09-13 11:30:00,Incident Created,INC-03997,OVER_GENERATION_INCIDENT
2025-09-13 11:30:00,Escalated,INC-03998,Supervisor
2025-09-13 11:30:00,Incident Created,INC-03998,CURTAILMENT_RISK_INCIDENT
2025-09-13 12:00:00,Resolved,INC-03994,Incident Closed
2025-09-13 12:00:00,Escalated,INC-03999,Operator
2025-09-13 12:00:00,Incident Created,INC-03999,OVER_GENERATION_INCIDENT
2025-09-13 12:00:00,Incident Created,INC-04000,CURTAILMENT_RISK_INCIDENT
2025-09-13 12:00:00,Escalated,INC-04000,Supervisor
2025-09-13 12:30:00,Resolved,INC-03995,Incident Closed
2025-09-13 12:30:00,Incident Created,INC-04001,OVER_GENERATION_INCIDENT
2025-09-13 12:30:00,Escalated,INC-04001,Operator
2025-09-13 12:30:00,Incident Created,INC-04002,CURTAILMENT_RISK_INCIDENT
2025-09-13 12:30:00,Escalated,INC-04002,Supervisor
2025-09-13 13:00:00,Resolved,INC-03996,Incident Closed
2025-09-13 13:00:00,Escalated,INC-04003,Operator
2025-09-13 13:00:00,Incident Created,INC-04003,OVER_GENERATION_INCIDENT
2025-09-13 13:00:00,Escalated,INC-04004,Supervisor
2025-09-13 13:00:00,Incident Created,INC-04004,CURTAILMENT_RISK_INCIDENT
2025-09-13 13:30:00,Resolved,INC-03997,Incident Closed
2025-09-13 13:30:00,Resolved,INC-03998,Incident Closed
2025-09-13 13:30:00,Escalated,INC-04005,Operator
2025-09-13 13:30:00,Incident Created,INC-04005,OVER_GENERATION_INCIDENT
2025-09-13 14:00:00,Resolved,INC-03999,Incident Closed
2025-09-13 14:00:00,Resolved,INC-04000,Incident Closed
2025-09-13 14:00:00,Escalated,INC-04006,Operator
2025-09-13 14:00:00,Incident Created,INC-04006,OVER_GENERATION_INCIDENT
2025-09-13 14:30:00,Resolved,INC-04001,Incident Closed
2025-09-13 14:30:00,Resolved,INC-04002,Incident Closed
2025-09-13 14:30:00,Escalated,INC-04007,Operator
2025-09-13 14:30:00,Incident Created,INC-04007,OVER_GENERATION_INCIDENT
2025-09-13 15:00:00,Resolved,INC-04003,Incident Closed
2025-09-13 15:00:00,Resolved,INC-04004,Incident Closed
2025-09-13 15:00:00,Escalated,INC-04008,Operator
2025-09-13 15:00:00,Incident Created,INC-04008,OVER_GENERATION_INCIDENT
2025-09-13 15:30:00,Resolved,INC-04005,Incident Closed
2025-09-13 15:30:00,Escalated,INC-04009,Operator
2025-09-13 15:30:00,Incident Created,INC-04009,OVER_GENERATION_INCIDENT
2025-09-13 16:00:00,Resolved,INC-04006,Incident Closed
2025-09-13 16:30:00,Resolved,INC-04007,Incident Closed
2025-09-13 17:00:00,Resolved,INC-04008,Incident Closed
2025-09-13 17:30:00,Resolved,INC-04009,Incident Closed
2025-09-14 06:30:00,Escalated,INC-04010,Operator
2025-09-14 06:30:00,Incident Created,INC-04010,OVER_GENERATION_INCIDENT
2025-09-14 08:30:00,Resolved,INC-04010,Incident Closed
2025-09-14 16:00:00,Escalated,INC-04011,Supervisor
2025-09-14 16:00:00,Incident Created,INC-04011,CURTAILMENT_RISK_INCIDENT
2025-09-14 16:30:00,Escalated,INC-04012,Supervisor
2025-09-14 16:30:00,Incident Created,INC-04012,CURTAILMENT_RISK_INCIDENT
2025-09-14 17:00:00,Escalated,INC-04013,Supervisor
2025-09-14 17:00:00,Incident Created,INC-04013,CURTAILMENT_RISK_INCIDENT
2025-09-14 17:30:00,Incident Created,INC-04014,CURTAILMENT_RISK_INCIDENT
2025-09-14 17:30:00,Escalated,INC-04014,Supervisor
2025-09-14 18:00:00,Resolved,INC-04011,Incident Closed
2025-09-14 18:00:00,Incident Created,INC-04015,CURTAILMENT_RISK_INCIDENT
2025-09-14 18:00:00,Escalated,INC-04015,Supervisor
2025-09-14 18:30:00,Resolved,INC-04012,Incident Closed
2025-09-14 18:30:00,Incident Created,INC-04016,CURTAILMENT_RISK_INCIDENT
2025-09-14 18:30:00,Escalated,INC-04016,Supervisor
2025-09-14 19:00:00,Resolved,INC-04013,Incident Closed
2025-09-14 19:00:00,Escalated,INC-04017,Supervisor
2025-09-14 19:00:00,Incident Created,INC-04017,CURTAILMENT_RISK_INCIDENT
2025-09-14 19:30:00,Resolved,INC-04014,Incident Closed
2025-09-14 19:30:00,Escalated,INC-04018,Supervisor
2025-09-14 19:30:00,Incident Created,INC-04018,CURTAILMENT_RISK_INCIDENT
2025-09-14 20:00:00,Resolved,INC-04015,Incident Closed
2025-09-14 20:30:00,Resolved,INC-04016,Incident Closed
2025-09-14 21:00:00,Resolved,INC-04017,Incident Closed
2025-09-14 21:30:00,Resolved,INC-04018,Incident Closed
2025-09-15 00:00:00,Incident Created,INC-04019,OVER_GENERATION_INCIDENT
2025-09-15 00:00:00,Escalated,INC-04019,Operator
2025-09-15 00:30:00,Incident Created,INC-04020,OVER_GENERATION_INCIDENT
2025-09-15 00:30:00,Escalated,INC-04020,Operator
2025-09-15 01:00:00,Incident Created,INC-04021,OVER_GENERATION_INCIDENT
2025-09-15 01:00:00,Escalated,INC-04021,Operator
2025-09-15 01:30:00,Incident Created,INC-04022,OVER_GENERATION_INCIDENT
2025-09-15 01:30:00,Escalated,INC-04022,Operator
2025-09-15 02:00:00,Resolved,INC-04019,Incident Closed
2025-09-15 02:00:00,Incident Created,INC-04023,OVER_GENERATION_INCIDENT
2025-09-15 02:00:00,Escalated,INC-04023,Operator
2025-09-15 02:30:00,Resolved,INC-04020,Incident Closed
2025-09-15 02:30:00,Incident Created,INC-04024,OVER_GENERATION_INCIDENT
2025-09-15 02:30:00,Escalated,INC-04024,Operator
2025-09-15 03:00:00,Resolved,INC-04021,Incident Closed
2025-09-15 03:00:00,Incident Created,INC-04025,OVER_GENERATION_INCIDENT
2025-09-15 03:00:00,Escalated,INC-04025,Operator
2025-09-15 03:30:00,Resolved,INC-04022,Incident Closed
2025-09-15 03:30:00,Incident Created,INC-04026,OVER_GENERATION_INCIDENT
2025-09-15 03:30:00,Escalated,INC-04026,Operator
2025-09-15 04:00:00,Resolved,INC-04023,Incident Closed
2025-09-15 04:00:00,Escalated,INC-04027,Operator
2025-09-15 04:00:00,Incident Created,INC-04027,OVER_GENERATION_INCIDENT
2025-09-15 04:30:00,Resolved,INC-04024,Incident Closed
2025-09-15 04:30:00,Escalated,INC-04028,Operator
2025-09-15 04:30:00,Incident Created,INC-04028,OVER_GENERATION_INCIDENT
2025-09-15 05:00:00,Resolved,INC-04025,Incident Closed
2025-09-15 05:00:00,Escalated,INC-04029,Operator
2025-09-15 05:00:00,Incident Created,INC-04029,OVER_GENERATION_INCIDENT
2025-09-15 05:30:00,Resolved,INC-04026,Incident Closed
2025-09-15 05:30:00,Incident Created,INC-04030,OVER_GENERATION_INCIDENT
2025-09-15 05:30:00,Escalated,INC-04030,Operator
2025-09-15 06:00:00,Resolved,INC-04027,Incident Closed
2025-09-15 06:30:00,Resolved,INC-04028,Incident Closed
2025-09-15 07:00:00,Resolved,INC-04029,Incident Closed
2025-09-15 07:00:00,Incident Created,INC-04031,CURTAILMENT_RISK_INCIDENT
2025-09-15 07:00:00,Escalated,INC-04031,Supervisor
2025-09-15 07:30:00,Resolved,INC-04030,Incident Closed
2025-09-15 07:30:00,Escalated,INC-04032,Supervisor
2025-09-15 07:30:00,Incident Created,INC-04032,CURTAILMENT_RISK_INCIDENT
2025-09-15 08:00:00,Escalated,INC-04033,Supervisor
2025-09-15 08:00:00,Incident Created,INC-04033,CURTAILMENT_RISK_INCIDENT
2025-09-15 08:30:00,Incident Created,INC-04034,CURTAILMENT_RISK_INCIDENT
2025-09-15 08:30:00,Escalated,INC-04034,Supervisor
2025-09-15 09:00:00,Resolved,INC-04031,Incident Closed
2025-09-15 09:00:00,Incident Created,INC-04035,CURTAILMENT_RISK_INCIDENT
2025-09-15 09:00:00,Escalated,INC-04035,Supervisor
2025-09-15 09:30:00,Resolved,INC-04032,Incident Closed
2025-09-15 09:30:00,Incident Created,INC-04036,CURTAILMENT_RISK_INCIDENT
2025-09-15 09:30:00,Escalated,INC-04036,Supervisor
2025-09-15 10:00:00,Resolved,INC-04033,Incident Closed
2025-09-15 10:00:00,Escalated,INC-04037,Supervisor
2025-09-15 10:00:00,Incident Created,INC-04037,CURTAILMENT_RISK_INCIDENT
2025-09-15 10:30:00,Resolved,INC-04034,Incident Closed
2025-09-15 10:30:00,Incident Created,INC-04038,CURTAILMENT_RISK_INCIDENT
2025-09-15 10:30:00,Escalated,INC-04038,Supervisor
2025-09-15 11:00:00,Resolved,INC-04035,Incident Closed
2025-09-15 11:00:00,Escalated,INC-04039,Supervisor
2025-09-15 11:00:00,Incident Created,INC-04039,CURTAILMENT_RISK_INCIDENT
2025-09-15 11:30:00,Resolved,INC-04036,Incident Closed
2025-09-15 11:30:00,Incident Created,INC-04040,CURTAILMENT_RISK_INCIDENT
2025-09-15 11:30:00,Escalated,INC-04040,Supervisor
2025-09-15 12:00:00,Resolved,INC-04037,Incident Closed
2025-09-15 12:00:00,Incident Created,INC-04041,CURTAILMENT_RISK_INCIDENT
2025-09-15 12:00:00,Escalated,INC-04041,Supervisor
2025-09-15 12:30:00,Resolved,INC-04038,Incident Closed
2025-09-15 12:30:00,Escalated,INC-04042,Supervisor
2025-09-15 12:30:00,Incident Created,INC-04042,CURTAILMENT_RISK_INCIDENT
2025-09-15 13:00:00,Resolved,INC-04039,Incident Closed
2025-09-15 13:00:00,Escalated,INC-04043,Supervisor
2025-09-15 13:00:00,Incident Created,INC-04043,CURTAILMENT_RISK_INCIDENT
2025-09-15 13:30:00,Resolved,INC-04040,Incident Closed
2025-09-15 13:30:00,Incident Created,INC-04044,CURTAILMENT_RISK_INCIDENT
2025-09-15 13:30:00,Escalated,INC-04044,Supervisor
2025-09-15 14:00:00,Resolved,INC-04041,Incident Closed
2025-09-15 14:00:00,Escalated,INC-04045,Supervisor
2025-09-15 14:00:00,Incident Created,INC-04045,CURTAILMENT_RISK_INCIDENT
2025-09-15 14:30:00,Resolved,INC-04042,Incident Closed
2025-09-15 14:30:00,Incident Created,INC-04046,CURTAILMENT_RISK_INCIDENT
2025-09-15 14:30:00,Escalated,INC-04046,Supervisor
2025-09-15 15:00:00,Resolved,INC-04043,Incident Closed
2025-09-15 15:00:00,Incident Created,INC-04047,CURTAILMENT_RISK_INCIDENT
2025-09-15 15:00:00,Escalated,INC-04047,Supervisor
2025-09-15 15:30:00,Resolved,INC-04044,Incident Closed
2025-09-15 15:30:00,Incident Created,INC-04048,CURTAILMENT_RISK_INCIDENT
2025-09-15 15:30:00,Escalated,INC-04048,Supervisor
2025-09-15 16:00:00,Resolved,INC-04045,Incident Closed
2025-09-15 16:00:00,Incident Created,INC-04049,CURTAILMENT_RISK_INCIDENT
2025-09-15 16:00:00,Escalated,INC-04049,Supervisor
2025-09-15 16:30:00,Resolved,INC-04046,Incident Closed
2025-09-15 16:30:00,Escalated,INC-04050,Supervisor
2025-09-15 16:30:00,Incident Created,INC-04050,CURTAILMENT_RISK_INCIDENT
2025-09-15 17:00:00,Resolved,INC-04047,Incident Closed
2025-09-15 17:00:00,Escalated,INC-04051,Supervisor
2025-09-15 17:00:00,Incident Created,INC-04051,CURTAILMENT_RISK_INCIDENT
2025-09-15 17:30:00,Resolved,INC-04048,Incident Closed
2025-09-15 17:30:00,Incident Created,INC-04052,CURTAILMENT_RISK_INCIDENT
2025-09-15 17:30:00,Escalated,INC-04052,Supervisor
2025-09-15 18:00:00,Resolved,INC-04049,Incident Closed
2025-09-15 18:00:00,Incident Created,INC-04053,CURTAILMENT_RISK_INCIDENT
2025-09-15 18:00:00,Escalated,INC-04053,Supervisor
2025-09-15 18:30:00,Resolved,INC-04050,Incident Closed
2025-09-15 18:30:00,Escalated,INC-04054,Supervisor
2025-09-15 18:30:00,Incident Created,INC-04054,CURTAILMENT_RISK_INCIDENT
2025-09-15 19:00:00,Resolved,INC-04051,Incident Closed
2025-09-15 19:30:00,Resolved,INC-04052,Incident Closed
2025-09-15 20:00:00,Resolved,INC-04053,Incident Closed
2025-09-15 20:30:00,Resolved,INC-04054,Incident Closed
2025-09-16 01:00:00,Incident Created,INC-04055,OVER_GENERATION_INCIDENT
2025-09-16 01:00:00,Escalated,INC-04055,Operator
2025-09-16 01:30:00,Incident Created,INC-04056,OVER_GENERATION_INCIDENT
2025-09-16 01:30:00,Escalated,INC-04056,Operator
2025-09-16 02:00:00,Escalated,INC-04057,Operator
2025-09-16 02:00:00,Incident Created,INC-04057,OVER_GENERATION_INCIDENT
2025-09-16 02:30:00,Incident Created,INC-04058,OVER_GENERATION_INCIDENT
2025-09-16 02:30:00,Escalated,INC-04058,Operator
2025-09-16 03:00:00,Resolved,INC-04055,Incident Closed
2025-09-16 03:00:00,Escalated,INC-04059,Operator
2025-09-16 03:00:00,Incident Created,INC-04059,OVER_GENERATION_INCIDENT
2025-09-16 03:30:00,Resolved,INC-04056,Incident Closed
2025-09-16 03:30:00,Incident Created,INC-04060,OVER_GENERATION_INCIDENT
2025-09-16 03:30:00,Escalated,INC-04060,Operator
2025-09-16 04:00:00,Resolved,INC-04057,Incident Closed
2025-09-16 04:00:00,Incident Created,INC-04061,OVER_GENERATION_INCIDENT
2025-09-16 04:00:00,Escalated,INC-04061,Operator
2025-09-16 04:30:00,Resolved,INC-04058,Incident Closed
2025-09-16 04:30:00,Escalated,INC-04062,Operator
2025-09-16 04:30:00,Incident Created,INC-04062,OVER_GENERATION_INCIDENT
2025-09-16 05:00:00,Resolved,INC-04059,Incident Closed
2025-09-16 05:00:00,Incident Created,INC-04063,OVER_GENERATION_INCIDENT
2025-09-16 05:00:00,Escalated,INC-04063,Operator
2025-09-16 05:30:00,Resolved,INC-04060,Incident Closed
2025-09-16 05:30:00,Incident Created,INC-04064,OVER_GENERATION_INCIDENT
2025-09-16 05:30:00,Escalated,INC-04064,Operator
2025-09-16 06:00:00,Resolved,INC-04061,Incident Closed
2025-09-16 06:30:00,Resolved,INC-04062,Incident Closed
2025-09-16 07:00:00,Resolved,INC-04063,Incident Closed
2025-09-16 07:00:00,Incident Created,INC-04065,CURTAILMENT_RISK_INCIDENT
2025-09-16 07:00:00,Escalated,INC-04065,Supervisor
2025-09-16 07:30:00,Resolved,INC-04064,Incident Closed
2025-09-16 07:30:00,Escalated,INC-04066,Supervisor
2025-09-16 07:30:00,Incident Created,INC-04066,CURTAILMENT_RISK_INCIDENT
2025-09-16 08:00:00,Escalated,INC-04067,Supervisor
2025-09-16 08:00:00,Incident Created,INC-04067,CURTAILMENT_RISK_INCIDENT
2025-09-16 08:30:00,Escalated,INC-04068,Supervisor
2025-09-16 08:30:00,Incident Created,INC-04068,CURTAILMENT_RISK_INCIDENT
2025-09-16 09:00:00,Resolved,INC-04065,Incident Closed
2025-09-16 09:00:00,Incident Created,INC-04069,CURTAILMENT_RISK_INCIDENT
2025-09-16 09:00:00,Escalated,INC-04069,Supervisor
2025-09-16 09:30:00,Resolved,INC-04066,Incident Closed
2025-09-16 09:30:00,Incident Created,INC-04070,CURTAILMENT_RISK_INCIDENT
2025-09-16 09:30:00,Escalated,INC-04070,Supervisor
2025-09-16 10:00:00,Resolved,INC-04067,Incident Closed
2025-09-16 10:00:00,Escalated,INC-04071,Supervisor
2025-09-16 10:00:00,Incident Created,INC-04071,CURTAILMENT_RISK_INCIDENT
2025-09-16 10:30:00,Resolved,INC-04068,Incident Closed
2025-09-16 10:30:00,Escalated,INC-04072,Supervisor
2025-09-16 10:30:00,Incident Created,INC-04072,CURTAILMENT_RISK_INCIDENT
2025-09-16 11:00:00,Resolved,INC-04069,Incident Closed
2025-09-16 11:00:00,Escalated,INC-04073,Supervisor
2025-09-16 11:00:00,Incident Created,INC-04073,CURTAILMENT_RISK_INCIDENT
2025-09-16 11:30:00,Resolved,INC-04070,Incident Closed
2025-09-16 11:30:00,Escalated,INC-04074,Supervisor
2025-09-16 11:30:00,Incident Created,INC-04074,CURTAILMENT_RISK_INCIDENT
2025-09-16 12:00:00,Resolved,INC-04071,Incident Closed
2025-09-16 12:00:00,Escalated,INC-04075,Supervisor
2025-09-16 12:00:00,Incident Created,INC-04075,CURTAILMENT_RISK_INCIDENT
2025-09-16 12:30:00,Resolved,INC-04072,Incident Closed
2025-09-16 12:30:00,Escalated,INC-04076,Supervisor
2025-09-16 12:30:00,Incident Created,INC-04076,CURTAILMENT_RISK_INCIDENT
2025-09-16 13:00:00,Resolved,INC-04073,Incident Closed
2025-09-16 13:00:00,Incident Created,INC-04077,CURTAILMENT_RISK_INCIDENT
2025-09-16 13:00:00,Escalated,INC-04077,Supervisor
2025-09-16 13:30:00,Resolved,INC-04074,Incident Closed
2025-09-16 13:30:00,Incident Created,INC-04078,CURTAILMENT_RISK_INCIDENT
2025-09-16 13:30:00,Escalated,INC-04078,Supervisor
2025-09-16 14:00:00,Resolved,INC-04075,Incident Closed
2025-09-16 14:00:00,Escalated,INC-04079,Supervisor
2025-09-16 14:00:00,Incident Created,INC-04079,CURTAILMENT_RISK_INCIDENT
2025-09-16 14:30:00,Resolved,INC-04076,Incident Closed
2025-09-16 14:30:00,Escalated,INC-04080,Supervisor
2025-09-16 14:30:00,Incident Created,INC-04080,CURTAILMENT_RISK_INCIDENT
2025-09-16 15:00:00,Resolved,INC-04077,Incident Closed
2025-09-16 15:00:00,Incident Created,INC-04081,CURTAILMENT_RISK_INCIDENT
2025-09-16 15:00:00,Escalated,INC-04081,Supervisor
2025-09-16 15:30:00,Resolved,INC-04078,Incident Closed
2025-09-16 15:30:00,Incident Created,INC-04082,CURTAILMENT_RISK_INCIDENT
2025-09-16 15:30:00,Escalated,INC-04082,Supervisor
2025-09-16 16:00:00,Resolved,INC-04079,Incident Closed
2025-09-16 16:00:00,Escalated,INC-04083,Supervisor
2025-09-16 16:00:00,Incident Created,INC-04083,CURTAILMENT_RISK_INCIDENT
2025-09-16 16:30:00,Resolved,INC-04080,Incident Closed
2025-09-16 17:00:00,Resolved,INC-04081,Incident Closed
2025-09-16 17:30:00,Resolved,INC-04082,Incident Closed
2025-09-16 18:00:00,Resolved,INC-04083,Incident Closed
2025-09-17 09:30:00,Incident Created,INC-04084,CURTAILMENT_RISK_INCIDENT
2025-09-17 09:30:00,Escalated,INC-04084,Supervisor
2025-09-17 10:00:00,Incident Created,INC-04085,CURTAILMENT_RISK_INCIDENT
2025-09-17 10:00:00,Escalated,INC-04085,Supervisor
2025-09-17 10:30:00,Escalated,INC-04086,Supervisor
2025-09-17 10:30:00,Incident Created,INC-04086,CURTAILMENT_RISK_INCIDENT
2025-09-17 11:00:00,Incident Created,INC-04087,CURTAILMENT_RISK_INCIDENT
2025-09-17 11:00:00,Escalated,INC-04087,Supervisor
2025-09-17 11:30:00,Resolved,INC-04084,Incident Closed
2025-09-17 11:30:00,Escalated,INC-04088,Supervisor
2025-09-17 11:30:00,Incident Created,INC-04088,CURTAILMENT_RISK_INCIDENT
2025-09-17 12:00:00,Resolved,INC-04085,Incident Closed
2025-09-17 12:00:00,Escalated,INC-04089,Supervisor
2025-09-17 12:00:00,Incident Created,INC-04089,CURTAILMENT_RISK_INCIDENT
2025-09-17 12:30:00,Resolved,INC-04086,Incident Closed
2025-09-17 12:30:00,Escalated,INC-04090,Supervisor
2025-09-17 12:30:00,Incident Created,INC-04090,CURTAILMENT_RISK_INCIDENT
2025-09-17 13:00:00,Resolved,INC-04087,Incident Closed
2025-09-17 13:00:00,Escalated,INC-04091,Supervisor
2025-09-17 13:00:00,Incident Created,INC-04091,CURTAILMENT_RISK_INCIDENT
2025-09-17 13:30:00,Resolved,INC-04088,Incident Closed
2025-09-17 13:30:00,Incident Created,INC-04092,CURTAILMENT_RISK_INCIDENT
2025-09-17 13:30:00,Escalated,INC-04092,Supervisor
2025-09-17 14:00:00,Resolved,INC-04089,Incident Closed
2025-09-17 14:00:00,Incident Created,INC-04093,CURTAILMENT_RISK_INCIDENT
2025-09-17 14:00:00,Escalated,INC-04093,Supervisor
2025-09-17 14:30:00,Resolved,INC-04090,Incident Closed
2025-09-17 14:30:00,Incident Created,INC-04094,CURTAILMENT_RISK_INCIDENT
2025-09-17 14:30:00,Escalated,INC-04094,Supervisor
2025-09-17 15:00:00,Resolved,INC-04091,Incident Closed
2025-09-17 15:00:00,Escalated,INC-04095,Supervisor
2025-09-17 15:00:00,Incident Created,INC-04095,CURTAILMENT_RISK_INCIDENT
2025-09-17 15:30:00,Resolved,INC-04092,Incident Closed
2025-09-17 15:30:00,Incident Created,INC-04096,CURTAILMENT_RISK_INCIDENT
2025-09-17 15:30:00,Escalated,INC-04096,Supervisor
2025-09-17 16:00:00,Resolved,INC-04093,Incident Closed
2025-09-17 16:00:00,Escalated,INC-04097,Supervisor
2025-09-17 16:00:00,Incident Created,INC-04097,CURTAILMENT_RISK_INCIDENT
2025-09-17 16:30:00,Resolved,INC-04094,Incident Closed
2025-09-17 16:30:00,Incident Created,INC-04098,CURTAILMENT_RISK_INCIDENT
2025-09-17 16:30:00,Escalated,INC-04098,Supervisor
2025-09-17 17:00:00,Resolved,INC-04095,Incident Closed
2025-09-17 17:30:00,Resolved,INC-04096,Incident Closed
2025-09-17 18:00:00,Resolved,INC-04097,Incident Closed
2025-09-17 18:30:00,Resolved,INC-04098,Incident Closed
2025-09-18 02:30:00,Incident Created,INC-04099,OVER_GENERATION_INCIDENT
2025-09-18 02:30:00,Escalated,INC-04099,Operator
2025-09-18 03:00:00,Escalated,INC-04100,Operator
2025-09-18 03:00:00,Incident Created,INC-04100,OVER_GENERATION_INCIDENT
2025-09-18 03:30:00,Escalated,INC-04101,Operator
2025-09-18 03:30:00,Incident Created,INC-04101,OVER_GENERATION_INCIDENT
2025-09-18 04:00:00,Escalated,INC-04102,Operator
2025-09-18 04:00:00,Incident Created,INC-04102,OVER_GENERATION_INCIDENT
2025-09-18 04:30:00,Resolved,INC-04099,Incident Closed
2025-09-18 04:30:00,Escalated,INC-04103,Operator
2025-09-18 04:30:00,Incident Created,INC-04103,OVER_GENERATION_INCIDENT
2025-09-18 05:00:00,Resolved,INC-04100,Incident Closed
2025-09-18 05:00:00,Incident Created,INC-04104,OVER_GENERATION_INCIDENT
2025-09-18 05:00:00,Escalated,INC-04104,Operator
2025-09-18 05:30:00,Resolved,INC-04101,Incident Closed
2025-09-18 05:30:00,Escalated,INC-04105,Operator
2025-09-18 05:30:00,Incident Created,INC-04105,OVER_GENERATION_INCIDENT
2025-09-18 06:00:00,Resolved,INC-04102,Incident Closed
2025-09-18 06:30:00,Resolved,INC-04103,Incident Closed
2025-09-18 07:00:00,Resolved,INC-04104,Incident Closed
2025-09-18 07:30:00,Resolved,INC-04105,Incident Closed
2025-09-18 09:00:00,Escalated,INC-04106,Supervisor
2025-09-18 09:00:00,Incident Created,INC-04106,CURTAILMENT_RISK_INCIDENT
2025-09-18 09:30:00,Escalated,INC-04107,Supervisor
2025-09-18 09:30:00,Incident Created,INC-04107,CURTAILMENT_RISK_INCIDENT
2025-09-18 10:00:00,Escalated,INC-04108,Supervisor
2025-09-18 10:00:00,Incident Created,INC-04108,CURTAILMENT_RISK_INCIDENT
2025-09-18 10:30:00,Incident Created,INC-04109,CURTAILMENT_RISK_INCIDENT
2025-09-18 10:30:00,Escalated,INC-04109,Supervisor
2025-09-18 11:00:00,Resolved,INC-04106,Incident Closed
2025-09-18 11:00:00,Escalated,INC-04110,Supervisor
2025-09-18 11:00:00,Incident Created,INC-04110,CURTAILMENT_RISK_INCIDENT
2025-09-18 11:30:00,Resolved,INC-04107,Incident Closed
2025-09-18 11:30:00,Incident Created,INC-04111,CURTAILMENT_RISK_INCIDENT
2025-09-18 11:30:00,Escalated,INC-04111,Supervisor
2025-09-18 12:00:00,Resolved,INC-04108,Incident Closed
2025-09-18 12:00:00,Escalated,INC-04112,Supervisor
2025-09-18 12:00:00,Incident Created,INC-04112,CURTAILMENT_RISK_INCIDENT
2025-09-18 12:30:00,Resolved,INC-04109,Incident Closed
2025-09-18 12:30:00,Escalated,INC-04113,Supervisor
2025-09-18 12:30:00,Incident Created,INC-04113,CURTAILMENT_RISK_INCIDENT
2025-09-18 13:00:00,Resolved,INC-04110,Incident Closed
2025-09-18 13:00:00,Escalated,INC-04114,Supervisor
2025-09-18 13:00:00,Incident Created,INC-04114,CURTAILMENT_RISK_INCIDENT
2025-09-18 13:30:00,Resolved,INC-04111,Incident Closed
2025-09-18 13:30:00,Escalated,INC-04115,Supervisor
2025-09-18 13:30:00,Incident Created,INC-04115,CURTAILMENT_RISK_INCIDENT
2025-09-18 14:00:00,Resolved,INC-04112,Incident Closed
2025-09-18 14:00:00,Escalated,INC-04116,Supervisor
2025-09-18 14:00:00,Incident Created,INC-04116,CURTAILMENT_RISK_INCIDENT
2025-09-18 14:30:00,Resolved,INC-04113,Incident Closed
2025-09-18 14:30:00,Incident Created,INC-04117,CURTAILMENT_RISK_INCIDENT
2025-09-18 14:30:00,Escalated,INC-04117,Supervisor
2025-09-18 15:00:00,Resolved,INC-04114,Incident Closed
2025-09-18 15:00:00,Incident Created,INC-04118,CURTAILMENT_RISK_INCIDENT
2025-09-18 15:00:00,Escalated,INC-04118,Supervisor
2025-09-18 15:30:00,Resolved,INC-04115,Incident Closed
2025-09-18 16:00:00,Resolved,INC-04116,Incident Closed
2025-09-18 16:30:00,Resolved,INC-04117,Incident Closed
2025-09-18 17:00:00,Resolved,INC-04118,Incident Closed
2025-09-19 03:30:00,Incident Created,INC-04119,OVER_GENERATION_INCIDENT
2025-09-19 03:30:00,Escalated,INC-04119,Operator
2025-09-19 04:00:00,Escalated,INC-04120,Operator
2025-09-19 04:00:00,Incident Created,INC-04120,OVER_GENERATION_INCIDENT
2025-09-19 04:30:00,Escalated,INC-04121,Operator
2025-09-19 04:30:00,Incident Created,INC-04121,OVER_GENERATION_INCIDENT
2025-09-19 05:00:00,Escalated,INC-04122,Operator
2025-09-19 05:00:00,Incident Created,INC-04122,OVER_GENERATION_INCIDENT
2025-09-19 05:30:00,Resolved,INC-04119,Incident Closed
2025-09-19 05:30:00,Incident Created,INC-04123,OVER_GENERATION_INCIDENT
2025-09-19 05:30:00,Escalated,INC-04123,Operator
2025-09-19 06:00:00,Resolved,INC-04120,Incident Closed
2025-09-19 06:30:00,Resolved,INC-04121,Incident Closed
2025-09-19 07:00:00,Resolved,INC-04122,Incident Closed
2025-09-19 07:30:00,Resolved,INC-04123,Incident Closed
2025-09-19 10:30:00,Escalated,INC-04124,Supervisor
2025-09-19 10:30:00,Incident Created,INC-04124,CURTAILMENT_RISK_INCIDENT
2025-09-19 11:00:00,Incident Created,INC-04125,CURTAILMENT_RISK_INCIDENT
2025-09-19 11:00:00,Escalated,INC-04125,Supervisor
2025-09-19 11:30:00,Incident Created,INC-04126,CURTAILMENT_RISK_INCIDENT
2025-09-19 11:30:00,Escalated,INC-04126,Supervisor
2025-09-19 12:30:00,Resolved,INC-04124,Incident Closed
2025-09-19 13:00:00,Resolved,INC-04125,Incident Closed
2025-09-19 13:30:00,Resolved,INC-04126,Incident Closed
2025-09-20 05:30:00,Escalated,INC-04127,Operator
2025-09-20 05:30:00,Incident Created,INC-04127,OVER_GENERATION_INCIDENT
2025-09-20 07:30:00,Resolved,INC-04127,Incident Closed
2025-09-20 23:30:00,Incident Created,INC-04128,OVER_GENERATION_INCIDENT
2025-09-20 23:30:00,Escalated,INC-04128,Operator
2025-09-21 00:00:00,Incident Created,INC-04129,OVER_GENERATION_INCIDENT
2025-09-21 00:00:00,Escalated,INC-04129,Operator
2025-09-21 00:30:00,Escalated,INC-04130,Operator
2025-09-21 00:30:00,Incident Created,INC-04130,OVER_GENERATION_INCIDENT
2025-09-21 01:00:00,Incident Created,INC-04131,OVER_GENERATION_INCIDENT
2025-09-21 01:00:00,Escalated,INC-04131,Operator
2025-09-21 01:30:00,Resolved,INC-04128,Incident Closed
2025-09-21 01:30:00,Incident Created,INC-04132,OVER_GENERATION_INCIDENT
2025-09-21 01:30:00,Escalated,INC-04132,Operator
2025-09-21 02:00:00,Resolved,INC-04129,Incident Closed
2025-09-21 02:00:00,Incident Created,INC-04133,OVER_GENERATION_INCIDENT
2025-09-21 02:00:00,Escalated,INC-04133,Operator
2025-09-21 02:30:00,Resolved,INC-04130,Incident Closed
2025-09-21 02:30:00,Incident Created,INC-04134,OVER_GENERATION_INCIDENT
2025-09-21 02:30:00,Escalated,INC-04134,Operator
2025-09-21 03:00:00,Resolved,INC-04131,Incident Closed
2025-09-21 03:00:00,Incident Created,INC-04135,OVER_GENERATION_INCIDENT
2025-09-21 03:00:00,Escalated,INC-04135,Operator
2025-09-21 03:30:00,Resolved,INC-04132,Incident Closed
2025-09-21 03:30:00,Escalated,INC-04136,Operator
2025-09-21 03:30:00,Incident Created,INC-04136,OVER_GENERATION_INCIDENT
2025-09-21 04:00:00,Resolved,INC-04133,Incident Closed
2025-09-21 04:00:00,Escalated,INC-04137,Operator
2025-09-21 04:00:00,Incident Created,INC-04137,OVER_GENERATION_INCIDENT
2025-09-21 04:30:00,Resolved,INC-04134,Incident Closed
2025-09-21 04:30:00,Escalated,INC-04138,Operator
2025-09-21 04:30:00,Incident Created,INC-04138,OVER_GENERATION_INCIDENT
2025-09-21 05:00:00,Resolved,INC-04135,Incident Closed
2025-09-21 05:00:00,Incident Created,INC-04139,OVER_GENERATION_INCIDENT
2025-09-21 05:00:00,Escalated,INC-04139,Operator
2025-09-21 05:30:00,Resolved,INC-04136,Incident Closed
2025-09-21 05:30:00,Escalated,INC-04140,Operator
2025-09-21 05:30:00,Incident Created,INC-04140,OVER_GENERATION_INCIDENT
2025-09-21 06:00:00,Resolved,INC-04137,Incident Closed
2025-09-21 06:00:00,Incident Created,INC-04141,OVER_GENERATION_INCIDENT
2025-09-21 06:00:00,Escalated,INC-04141,Operator
2025-09-21 06:30:00,Resolved,INC-04138,Incident Closed
2025-09-21 06:30:00,Incident Created,INC-04142,OVER_GENERATION_INCIDENT
2025-09-21 06:30:00,Escalated,INC-04142,Operator
2025-09-21 07:00:00,Resolved,INC-04139,Incident Closed
2025-09-21 07:30:00,Resolved,INC-04140,Incident Closed
2025-09-21 08:00:00,Resolved,INC-04141,Incident Closed
2025-09-21 08:30:00,Resolved,INC-04142,Incident Closed
2025-09-21 09:00:00,Incident Created,INC-04143,CURTAILMENT_RISK_INCIDENT
2025-09-21 09:00:00,Escalated,INC-04143,Supervisor
2025-09-21 09:30:00,Escalated,INC-04144,Supervisor
2025-09-21 09:30:00,Incident Created,INC-04144,CURTAILMENT_RISK_INCIDENT
2025-09-21 10:00:00,Escalated,INC-04145,Supervisor
2025-09-21 10:00:00,Incident Created,INC-04145,CURTAILMENT_RISK_INCIDENT
2025-09-21 10:30:00,Incident Created,INC-04146,CURTAILMENT_RISK_INCIDENT
2025-09-21 10:30:00,Escalated,INC-04146,Supervisor
2025-09-21 11:00:00,Resolved,INC-04143,Incident Closed
2025-09-21 11:00:00,Incident Created,INC-04147,CURTAILMENT_RISK_INCIDENT
2025-09-21 11:00:00,Escalated,INC-04147,Supervisor
2025-09-21 11:30:00,Resolved,INC-04144,Incident Closed
2025-09-21 11:30:00,Incident Created,INC-04148,OVER_GENERATION_INCIDENT
2025-09-21 11:30:00,Escalated,INC-04148,Operator
2025-09-21 11:30:00,Incident Created,INC-04149,CURTAILMENT_RISK_INCIDENT
2025-09-21 11:30:00,Escalated,INC-04149,Supervisor
2025-09-21 12:00:00,Resolved,INC-04145,Incident Closed
2025-09-21 12:00:00,Escalated,INC-04150,Operator
2025-09-21 12:00:00,Incident Created,INC-04150,OVER_GENERATION_INCIDENT
2025-09-21 12:00:00,Escalated,INC-04151,Supervisor
2025-09-21 12:00:00,Incident Created,INC-04151,CURTAILMENT_RISK_INCIDENT
2025-09-21 12:30:00,Resolved,INC-04146,Incident Closed
2025-09-21 12:30:00,Escalated,INC-04152,Operator
2025-09-21 12:30:00,Incident Created,INC-04152,OVER_GENERATION_INCIDENT
2025-09-21 12:30:00,Escalated,INC-04153,Supervisor
2025-09-21 12:30:00,Incident Created,INC-04153,CURTAILMENT_RISK_INCIDENT
2025-09-21 13:00:00,Resolved,INC-04147,Incident Closed
2025-09-21 13:00:00,Incident Created,INC-04154,OVER_GENERATION_INCIDENT
2025-09-21 13:00:00,Escalated,INC-04154,Operator
2025-09-21 13:00:00,Incident Created,INC-04155,CURTAILMENT_RISK_INCIDENT
2025-09-21 13:00:00,Escalated,INC-04155,Supervisor
2025-09-21 13:30:00,Resolved,INC-04148,Incident Closed
2025-09-21 13:30:00,Resolved,INC-04149,Incident Closed
2025-09-21 13:30:00,Incident Created,INC-04156,OVER_GENERATION_INCIDENT
2025-09-21 13:30:00,Escalated,INC-04156,Operator
2025-09-21 14:00:00,Resolved,INC-04150,Incident Closed
2025-09-21 14:00:00,Resolved,INC-04151,Incident Closed
2025-09-21 14:30:00,Resolved,INC-04152,Incident Closed
2025-09-21 14:30:00,Resolved,INC-04153,Incident Closed
2025-09-21 15:00:00,Resolved,INC-04154,Incident Closed
2025-09-21 15:00:00,Resolved,INC-04155,Incident Closed
2025-09-21 15:30:00,Resolved,INC-04156,Incident Closed
2025-09-22 10:00:00,Incident Created,INC-04157,CURTAILMENT_RISK_INCIDENT
2025-09-22 10:00:00,Escalated,INC-04157,Supervisor
2025-09-22 10:30:00,Incident Created,INC-04158,CURTAILMENT_RISK_INCIDENT
2025-09-22 10:30:00,Escalated,INC-04158,Supervisor
2025-09-22 11:00:00,Escalated,INC-04159,Supervisor
2025-09-22 11:00:00,Incident Created,INC-04159,CURTAILMENT_RISK_INCIDENT
2025-09-22 11:30:00,Escalated,INC-04160,Supervisor
2025-09-22 11:30:00,Incident Created,INC-04160,CURTAILMENT_RISK_INCIDENT
2025-09-22 12:00:00,Resolved,INC-04157,Incident Closed
2025-09-22 12:00:00,Escalated,INC-04161,Supervisor
2025-09-22 12:00:00,Incident Created,INC-04161,CURTAILMENT_RISK_INCIDENT
2025-09-22 12:30:00,Resolved,INC-04158,Incident Closed
2025-09-22 12:30:00,Escalated,INC-04162,Supervisor
2025-09-22 12:30:00,Incident Created,INC-04162,CURTAILMENT_RISK_INCIDENT
2025-09-22 13:00:00,Resolved,INC-04159,Incident Closed
2025-09-22 13:30:00,Resolved,INC-04160,Incident Closed
2025-09-22 14:00:00,Resolved,INC-04161,Incident Closed
2025-09-22 14:30:00,Resolved,INC-04162,Incident Closed
2025-09-23 05:30:00,Escalated,INC-04163,Supervisor
2025-09-23 05:30:00,Incident Created,INC-04163,SUSTAINABILITY_INCIDENT
2025-09-23 06:00:00,Incident Created,INC-04164,SUSTAINABILITY_INCIDENT
2025-09-23 06:00:00,Escalated,INC-04164,Supervisor
2025-09-23 07:30:00,Resolved,INC-04163,Incident Closed
2025-09-23 08:00:00,Resolved,INC-04164,Incident Closed
2025-09-23 17:00:00,Incident Created,INC-04165,SUSTAINABILITY_INCIDENT
2025-09-23 17:00:00,Escalated,INC-04165,Supervisor
2025-09-23 17:30:00,Incident Created,INC-04166,SUSTAINABILITY_INCIDENT
2025-09-23 17:30:00,Escalated,INC-04166,Supervisor
2025-09-23 18:00:00,Incident Created,INC-04167,SUSTAINABILITY_INCIDENT
2025-09-23 18:00:00,Escalated,INC-04167,Supervisor
2025-09-23 18:30:00,Incident Created,INC-04168,SUSTAINABILITY_INCIDENT
2025-09-23 18:30:00,Escalated,INC-04168,Supervisor
2025-09-23 19:00:00,Resolved,INC-04165,Incident Closed
2025-09-23 19:00:00,Incident Created,INC-04169,SUSTAINABILITY_INCIDENT
2025-09-23 19:00:00,Escalated,INC-04169,Supervisor
2025-09-23 19:30:00,Resolved,INC-04166,Incident Closed
2025-09-23 19:30:00,Escalated,INC-04170,Supervisor
2025-09-23 19:30:00,Incident Created,INC-04170,SUSTAINABILITY_INCIDENT
2025-09-23 20:00:00,Resolved,INC-04167,Incident Closed
2025-09-23 20:00:00,Escalated,INC-04171,Supervisor
2025-09-23 20:00:00,Incident Created,INC-04171,SUSTAINABILITY_INCIDENT
2025-09-23 20:30:00,Resolved,INC-04168,Incident Closed
2025-09-23 21:00:00,Resolved,INC-04169,Incident Closed
2025-09-23 21:30:00,Resolved,INC-04170,Incident Closed
2025-09-23 22:00:00,Resolved,INC-04171,Incident Closed
2025-09-27 04:30:00,Escalated,INC-04172,Operator
2025-09-27 04:30:00,Incident Created,INC-04172,OVER_GENERATION_INCIDENT
2025-09-27 06:30:00,Resolved,INC-04172,Incident Closed
2025-09-28 03:00:00,Escalated,INC-04173,Operator
2025-09-28 03:00:00,Incident Created,INC-04173,OVER_GENERATION_INCIDENT
2025-09-28 03:30:00,Escalated,INC-04174,Operator
2025-09-28 03:30:00,Incident Created,INC-04174,OVER_GENERATION_INCIDENT
2025-09-28 04:00:00,Incident Created,INC-04175,OVER_GENERATION_INCIDENT
2025-09-28 04:00:00,Escalated,INC-04175,Operator
2025-09-28 04:30:00,Incident Created,INC-04176,OVER_GENERATION_INCIDENT
2025-09-28 04:30:00,Escalated,INC-04176,Operator
2025-09-28 05:00:00,Resolved,INC-04173,Incident Closed
2025-09-28 05:00:00,Incident Created,INC-04177,OVER_GENERATION_INCIDENT
2025-09-28 05:00:00,Escalated,INC-04177,Operator
2025-09-28 05:30:00,Resolved,INC-04174,Incident Closed
2025-09-28 05:30:00,Escalated,INC-04178,Operator
2025-09-28 05:30:00,Incident Created,INC-04178,OVER_GENERATION_INCIDENT
2025-09-28 06:00:00,Resolved,INC-04175,Incident Closed
2025-09-28 06:30:00,Resolved,INC-04176,Incident Closed
2025-09-28 07:00:00,Resolved,INC-04177,Incident Closed
2025-09-28 07:30:00,Resolved,INC-04178,Incident Closed
2025-09-28 15:00:00,Escalated,INC-04179,Supervisor
2025-09-28 15:00:00,Incident Created,INC-04179,SUSTAINABILITY_INCIDENT
2025-09-28 15:30:00,Escalated,INC-04180,Supervisor
2025-09-28 15:30:00,Incident Created,INC-04180,SUSTAINABILITY_INCIDENT
2025-09-28 16:00:00,Incident Created,INC-04181,SUSTAINABILITY_INCIDENT
2025-09-28 16:00:00,Escalated,INC-04181,Supervisor
2025-09-28 16:30:00,Incident Created,INC-04182,SUSTAINABILITY_INCIDENT
2025-09-28 16:30:00,Escalated,INC-04182,Supervisor
2025-09-28 17:00:00,Resolved,INC-04179,Incident Closed
2025-09-28 17:00:00,Incident Created,INC-04183,SUSTAINABILITY_INCIDENT
2025-09-28 17:00:00,Escalated,INC-04183,Supervisor
2025-09-28 17:30:00,Resolved,INC-04180,Incident Closed
2025-09-28 17:30:00,Escalated,INC-04184,Supervisor
2025-09-28 17:30:00,Incident Created,INC-04184,SUSTAINABILITY_INCIDENT
2025-09-28 18:00:00,Resolved,INC-04181,Incident Closed
2025-09-28 18:00:00,Escalated,INC-04185,Supervisor
2025-09-28 18:00:00,Incident Created,INC-04185,SUSTAINABILITY_INCIDENT
2025-09-28 18:30:00,Resolved,INC-04182,Incident Closed
2025-09-28 18:30:00,Incident Created,INC-04186,SUSTAINABILITY_INCIDENT
2025-09-28 18:30:00,Escalated,INC-04186,Supervisor
2025-09-28 19:00:00,Resolved,INC-04183,Incident Closed
2025-09-28 19:00:00,Incident Created,INC-04187,SUSTAINABILITY_INCIDENT
2025-09-28 19:00:00,Escalated,INC-04187,Supervisor
2025-09-28 19:30:00,Resolved,INC-04184,Incident Closed
2025-09-28 19:30:00,Escalated,INC-04188,Supervisor
2025-09-28 19:30:00,Incident Created,INC-04188,SUSTAINABILITY_INCIDENT
2025-09-28 20:00:00,Resolved,INC-04185,Incident Closed
2025-09-28 20:00:00,Incident Created,INC-04189,SUSTAINABILITY_INCIDENT
2025-09-28 20:00:00,Escalated,INC-04189,Supervisor
2025-09-28 20:30:00,Resolved,INC-04186,Incident Closed
2025-09-28 20:30:00,Incident Created,INC-04190,SUSTAINABILITY_INCIDENT
2025-09-28 20:30:00,Escalated,INC-04190,Supervisor
2025-09-28 21:00:00,Resolved,INC-04187,Incident Closed
2025-09-28 21:00:00,Incident Created,INC-04191,SUSTAINABILITY_INCIDENT
2025-09-28 21:00:00,Escalated,INC-04191,Supervisor
2025-09-28 21:30:00,Resolved,INC-04188,Incident Closed
2025-09-28 21:30:00,Escalated,INC-04192,Supervisor
2025-09-28 21:30:00,Incident Created,INC-04192,SUSTAINABILITY_INCIDENT
2025-09-28 22:00:00,Resolved,INC-04189,Incident Closed
2025-09-28 22:00:00,Escalated,INC-04193,Supervisor
2025-09-28 22:00:00,Incident Created,INC-04193,SUSTAINABILITY_INCIDENT
2025-09-28 22:30:00,Resolved,INC-04190,Incident Closed
2025-09-28 22:30:00,Escalated,INC-04194,Supervisor
2025-09-28 22:30:00,Incident Created,INC-04194,SUSTAINABILITY_INCIDENT
2025-09-28 23:00:00,Resolved,INC-04191,Incident Closed
2025-09-28 23:00:00,Incident Created,INC-04195,SUSTAINABILITY_INCIDENT
2025-09-28 23:00:00,Escalated,INC-04195,Supervisor
2025-09-28 23:30:00,Resolved,INC-04192,Incident Closed
2025-09-28 23:30:00,Escalated,INC-04196,Supervisor
2025-09-28 23:30:00,Incident Created,INC-04196,SUSTAINABILITY_INCIDENT
2025-09-29 00:00:00,Resolved,INC-04193,Incident Closed
2025-09-29 00:00:00,Escalated,INC-04197,Supervisor
2025-09-29 00:00:00,Incident Created,INC-04197,SUSTAINABILITY_INCIDENT
2025-09-29 00:30:00,Resolved,INC-04194,Incident Closed
2025-09-29 00:30:00,Incident Created,INC-04198,SUSTAINABILITY_INCIDENT
2025-09-29 00:30:00,Escalated,INC-04198,Supervisor
2025-09-29 01:00:00,Resolved,INC-04195,Incident Closed
2025-09-29 01:00:00,Incident Created,INC-04199,SUSTAINABILITY_INCIDENT
2025-09-29 01:00:00,Escalated,INC-04199,Supervisor
2025-09-29 01:30:00,Resolved,INC-04196,Incident Closed
2025-09-29 01:30:00,Incident Created,INC-04200,SUSTAINABILITY_INCIDENT
2025-09-29 01:30:00,Escalated,INC-04200,Supervisor
2025-09-29 02:00:00,Resolved,INC-04197,Incident Closed
2025-09-29 02:00:00,Escalated,INC-04201,Supervisor
2025-09-29 02:00:00,Incident Created,INC-04201,SUSTAINABILITY_INCIDENT
2025-09-29 02:30:00,Resolved,INC-04198,Incident Closed
2025-09-29 02:30:00,Escalated,INC-04202,Supervisor
2025-09-29 02:30:00,Incident Created,INC-04202,SUSTAINABILITY_INCIDENT
2025-09-29 03:00:00,Resolved,INC-04199,Incident Closed
2025-09-29 03:00:00,Escalated,INC-04203,Supervisor
2025-09-29 03:00:00,Incident Created,INC-04203,SUSTAINABILITY_INCIDENT
2025-09-29 03:30:00,Resolved,INC-04200,Incident Closed
2025-09-29 03:30:00,Incident Created,INC-04204,SUSTAINABILITY_INCIDENT
2025-09-29 03:30:00,Escalated,INC-04204,Supervisor
2025-09-29 04:00:00,Resolved,INC-04201,Incident Closed
2025-09-29 04:00:00,Escalated,INC-04205,Supervisor
2025-09-29 04:00:00,Incident Created,INC-04205,SUSTAINABILITY_INCIDENT
2025-09-29 04:30:00,Resolved,INC-04202,Incident Closed
2025-09-29 04:30:00,Escalated,INC-04206,Supervisor
2025-09-29 04:30:00,Incident Created,INC-04206,SUSTAINABILITY_INCIDENT
2025-09-29 05:00:00,Resolved,INC-04203,Incident Closed
2025-09-29 05:00:00,Escalated,INC-04207,Supervisor
2025-09-29 05:00:00,Incident Created,INC-04207,SUSTAINABILITY_INCIDENT
2025-09-29 05:30:00,Resolved,INC-04204,Incident Closed
2025-09-29 05:30:00,Incident Created,INC-04208,SUSTAINABILITY_INCIDENT
2025-09-29 05:30:00,Escalated,INC-04208,Supervisor
2025-09-29 06:00:00,Resolved,INC-04205,Incident Closed
2025-09-29 06:00:00,Incident Created,INC-04209,SUSTAINABILITY_INCIDENT
2025-09-29 06:00:00,Escalated,INC-04209,Supervisor
2025-09-29 06:30:00,Resolved,INC-04206,Incident Closed
2025-09-29 06:30:00,Incident Created,INC-04210,SUSTAINABILITY_INCIDENT
2025-09-29 06:30:00,Escalated,INC-04210,Supervisor
2025-09-29 07:00:00,Resolved,INC-04207,Incident Closed
2025-09-29 07:00:00,Escalated,INC-04211,Supervisor
2025-09-29 07:00:00,Incident Created,INC-04211,SUSTAINABILITY_INCIDENT
2025-09-29 07:30:00,Resolved,INC-04208,Incident Closed
2025-09-29 07:30:00,Escalated,INC-04212,Supervisor
2025-09-29 07:30:00,Incident Created,INC-04212,SUSTAINABILITY_INCIDENT
2025-09-29 08:00:00,Resolved,INC-04209,Incident Closed
2025-09-29 08:30:00,Resolved,INC-04210,Incident Closed
2025-09-29 09:00:00,Resolved,INC-04211,Incident Closed
2025-09-29 09:30:00,Resolved,INC-04212,Incident Closed
2025-09-29 14:30:00,Incident Created,INC-04213,SUSTAINABILITY_INCIDENT
2025-09-29 14:30:00,Escalated,INC-04213,Supervisor
2025-09-29 15:00:00,Incident Created,INC-04214,SUSTAINABILITY_INCIDENT
2025-09-29 15:00:00,Escalated,INC-04214,Supervisor
2025-09-29 15:30:00,Incident Created,INC-04215,SUSTAINABILITY_INCIDENT
2025-09-29 15:30:00,Escalated,INC-04215,Supervisor
2025-09-29 16:00:00,Incident Created,INC-04216,SUSTAINABILITY_INCIDENT
2025-09-29 16:00:00,Escalated,INC-04216,Supervisor
2025-09-29 16:30:00,Resolved,INC-04213,Incident Closed
2025-09-29 16:30:00,Incident Created,INC-04217,SUSTAINABILITY_INCIDENT
2025-09-29 16:30:00,Escalated,INC-04217,Supervisor
2025-09-29 17:00:00,Resolved,INC-04214,Incident Closed
2025-09-29 17:00:00,Incident Created,INC-04218,SUSTAINABILITY_INCIDENT
2025-09-29 17:00:00,Escalated,INC-04218,Supervisor
2025-09-29 17:30:00,Resolved,INC-04215,Incident Closed
2025-09-29 17:30:00,Escalated,INC-04219,Supervisor
2025-09-29 17:30:00,Incident Created,INC-04219,SUSTAINABILITY_INCIDENT
2025-09-29 18:00:00,Resolved,INC-04216,Incident Closed
2025-09-29 18:00:00,Escalated,INC-04220,Supervisor
2025-09-29 18:00:00,Incident Created,INC-04220,SUSTAINABILITY_INCIDENT
2025-09-29 18:30:00,Resolved,INC-04217,Incident Closed
2025-09-29 18:30:00,Escalated,INC-04221,Supervisor
2025-09-29 18:30:00,Incident Created,INC-04221,SUSTAINABILITY_INCIDENT
2025-09-29 19:00:00,Resolved,INC-04218,Incident Closed
2025-09-29 19:00:00,Incident Created,INC-04222,SUSTAINABILITY_INCIDENT
2025-09-29 19:00:00,Escalated,INC-04222,Supervisor
2025-09-29 19:30:00,Resolved,INC-04219,Incident Closed
2025-09-29 19:30:00,Incident Created,INC-04223,SUSTAINABILITY_INCIDENT
2025-09-29 19:30:00,Escalated,INC-04223,Supervisor
2025-09-29 20:00:00,Resolved,INC-04220,Incident Closed
2025-09-29 20:00:00,Incident Created,INC-04224,SUSTAINABILITY_INCIDENT
2025-09-29 20:00:00,Escalated,INC-04224,Supervisor
2025-09-29 20:30:00,Resolved,INC-04221,Incident Closed
2025-09-29 20:30:00,Incident Created,INC-04225,SUSTAINABILITY_INCIDENT
2025-09-29 20:30:00,Escalated,INC-04225,Supervisor
2025-09-29 21:00:00,Resolved,INC-04222,Incident Closed
2025-09-29 21:00:00,Escalated,INC-04226,Supervisor
2025-09-29 21:00:00,Incident Created,INC-04226,SUSTAINABILITY_INCIDENT
2025-09-29 21:30:00,Resolved,INC-04223,Incident Closed
2025-09-29 22:00:00,Resolved,INC-04224,Incident Closed
2025-09-29 22:30:00,Resolved,INC-04225,Incident Closed
2025-09-29 23:00:00,Resolved,INC-04226,Incident Closed
2025-09-30 05:00:00,Escalated,INC-04227,Supervisor
2025-09-30 05:00:00,Incident Created,INC-04227,SUSTAINABILITY_INCIDENT
2025-09-30 05:30:00,Escalated,INC-04228,Supervisor
2025-09-30 05:30:00,Incident Created,INC-04228,SUSTAINABILITY_INCIDENT
2025-09-30 06:00:00,Escalated,INC-04229,Supervisor
2025-09-30 06:00:00,Incident Created,INC-04229,SUSTAINABILITY_INCIDENT
2025-09-30 06:30:00,Escalated,INC-04230,Supervisor
2025-09-30 06:30:00,Incident Created,INC-04230,SUSTAINABILITY_INCIDENT
2025-09-30 07:00:00,Resolved,INC-04227,Incident Closed
2025-09-30 07:30:00,Resolved,INC-04228,Incident Closed
2025-09-30 08:00:00,Resolved,INC-04229,Incident Closed
2025-09-30 08:30:00,Resolved,INC-04230,Incident Closed
2025-10-03 01:00:00,Escalated,INC-04231,Operator
2025-10-03 01:00:00,Incident Created,INC-04231,OVER_GENERATION_INCIDENT
2025-10-03 01:30:00,Escalated,INC-04232,Operator
2025-10-03 01:30:00,Incident Created,INC-04232,OVER_GENERATION_INCIDENT
2025-10-03 02:00:00,Incident Created,INC-04233,OVER_GENERATION_INCIDENT
2025-10-03 02:00:00,Escalated,INC-04233,Operator
2025-10-03 02:30:00,Incident Created,INC-04234,OVER_GENERATION_INCIDENT
2025-10-03 02:30:00,Escalated,INC-04234,Operator
2025-10-03 03:00:00,Resolved,INC-04231,Incident Closed
2025-10-03 03:00:00,Escalated,INC-04235,Operator
2025-10-03 03:00:00,Incident Created,INC-04235,OVER_GENERATION_INCIDENT
2025-10-03 03:30:00,Resolved,INC-04232,Incident Closed
2025-10-03 03:30:00,Incident Created,INC-04236,OVER_GENERATION_INCIDENT
2025-10-03 03:30:00,Escalated,INC-04236,Operator
2025-10-03 04:00:00,Resolved,INC-04233,Incident Closed
2025-10-03 04:00:00,Escalated,INC-04237,Operator
2025-10-03 04:00:00,Incident Created,INC-04237,OVER_GENERATION_INCIDENT
2025-10-03 04:30:00,Resolved,INC-04234,Incident Closed
2025-10-03 04:30:00,Incident Created,INC-04238,OVER_GENERATION_INCIDENT
2025-10-03 04:30:00,Escalated,INC-04238,Operator
2025-10-03 05:00:00,Resolved,INC-04235,Incident Closed
2025-10-03 05:00:00,Escalated,INC-04239,Operator
2025-10-03 05:00:00,Incident Created,INC-04239,OVER_GENERATION_INCIDENT
2025-10-03 05:30:00,Resolved,INC-04236,Incident Closed
2025-10-03 05:30:00,Escalated,INC-04240,Operator
2025-10-03 05:30:00,Incident Created,INC-04240,OVER_GENERATION_INCIDENT
2025-10-03 06:00:00,Resolved,INC-04237,Incident Closed
2025-10-03 06:30:00,Resolved,INC-04238,Incident Closed
2025-10-03 07:00:00,Resolved,INC-04239,Incident Closed
2025-10-03 07:30:00,Resolved,INC-04240,Incident Closed
2025-10-03 13:30:00,Incident Created,INC-04241,CURTAILMENT_RISK_INCIDENT
2025-10-03 13:30:00,Escalated,INC-04241,Supervisor
2025-10-03 14:00:00,Escalated,INC-04242,Supervisor
2025-10-03 14:00:00,Incident Created,INC-04242,CURTAILMENT_RISK_INCIDENT
2025-10-03 14:30:00,Escalated,INC-04243,Supervisor
2025-10-03 14:30:00,Incident Created,INC-04243,CURTAILMENT_RISK_INCIDENT
2025-10-03 15:00:00,Escalated,INC-04244,Supervisor
2025-10-03 15:00:00,Incident Created,INC-04244,CURTAILMENT_RISK_INCIDENT
2025-10-03 15:30:00,Resolved,INC-04241,Incident Closed
2025-10-03 15:30:00,Escalated,INC-04245,Supervisor
2025-10-03 15:30:00,Incident Created,INC-04245,CURTAILMENT_RISK_INCIDENT
2025-10-03 16:00:00,Resolved,INC-04242,Incident Closed
2025-10-03 16:00:00,Escalated,INC-04246,Supervisor
2025-10-03 16:00:00,Incident Created,INC-04246,CURTAILMENT_RISK_INCIDENT
2025-10-03 16:30:00,Resolved,INC-04243,Incident Closed
2025-10-03 17:00:00,Resolved,INC-04244,Incident Closed
2025-10-03 17:30:00,Resolved,INC-04245,Incident Closed
2025-10-03 18:00:00,Resolved,INC-04246,Incident Closed
2025-10-03 20:30:00,Incident Created,INC-04247,CURTAILMENT_RISK_INCIDENT
2025-10-03 20:30:00,Escalated,INC-04247,Supervisor
2025-10-03 21:00:00,Incident Created,INC-04248,CURTAILMENT_RISK_INCIDENT
2025-10-03 21:00:00,Escalated,INC-04248,Supervisor
2025-10-03 22:30:00,Resolved,INC-04247,Incident Closed
2025-10-03 23:00:00,Resolved,INC-04248,Incident Closed
2025-10-04 00:30:00,Incident Created,INC-04249,OVER_GENERATION_INCIDENT
2025-10-04 00:30:00,Escalated,INC-04249,Operator
2025-10-04 01:00:00,Incident Created,INC-04250,OVER_GENERATION_INCIDENT
2025-10-04 01:00:00,Escalated,INC-04250,Operator
2025-10-04 01:30:00,Incident Created,INC-04251,OVER_GENERATION_INCIDENT
2025-10-04 01:30:00,Escalated,INC-04251,Operator
2025-10-04 02:00:00,Incident Created,INC-04252,OVER_GENERATION_INCIDENT
2025-10-04 02:00:00,Escalated,INC-04252,Operator
2025-10-04 02:30:00,Resolved,INC-04249,Incident Closed
2025-10-04 02:30:00,Escalated,INC-04253,Operator
2025-10-04 02:30:00,Incident Created,INC-04253,OVER_GENERATION_INCIDENT
2025-10-04 03:00:00,Resolved,INC-04250,Incident Closed
2025-10-04 03:00:00,Escalated,INC-04254,Operator
2025-10-04 03:00:00,Incident Created,INC-04254,OVER_GENERATION_INCIDENT
2025-10-04 03:30:00,Resolved,INC-04251,Incident Closed
2025-10-04 03:30:00,Incident Created,INC-04255,OVER_GENERATION_INCIDENT
2025-10-04 03:30:00,Escalated,INC-04255,Operator
2025-10-04 04:00:00,Resolved,INC-04252,Incident Closed
2025-10-04 04:00:00,Incident Created,INC-04256,OVER_GENERATION_INCIDENT
2025-10-04 04:00:00,Escalated,INC-04256,Operator
2025-10-04 04:30:00,Resolved,INC-04253,Incident Closed
2025-10-04 04:30:00,Escalated,INC-04257,Operator
2025-10-04 04:30:00,Incident Created,INC-04257,OVER_GENERATION_INCIDENT
2025-10-04 05:00:00,Resolved,INC-04254,Incident Closed
2025-10-04 05:00:00,Escalated,INC-04258,Operator
2025-10-04 05:00:00,Incident Created,INC-04258,OVER_GENERATION_INCIDENT
2025-10-04 05:30:00,Resolved,INC-04255,Incident Closed
2025-10-04 05:30:00,Incident Created,INC-04259,OVER_GENERATION_INCIDENT
2025-10-04 05:30:00,Escalated,INC-04259,Operator
2025-10-04 06:00:00,Resolved,INC-04256,Incident Closed
2025-10-04 06:00:00,Escalated,INC-04260,Operator
2025-10-04 06:00:00,Incident Created,INC-04260,OVER_GENERATION_INCIDENT
2025-10-04 06:30:00,Resolved,INC-04257,Incident Closed
2025-10-04 06:30:00,Escalated,INC-04261,Operator
2025-10-04 06:30:00,Incident Created,INC-04261,OVER_GENERATION_INCIDENT
2025-10-04 07:00:00,Resolved,INC-04258,Incident Closed
2025-10-04 07:00:00,Incident Created,INC-04262,OVER_GENERATION_INCIDENT
2025-10-04 07:00:00,Escalated,INC-04262,Operator
2025-10-04 07:00:00,Incident Created,INC-04263,CURTAILMENT_RISK_INCIDENT
2025-10-04 07:00:00,Escalated,INC-04263,Supervisor
2025-10-04 07:30:00,Resolved,INC-04259,Incident Closed
2025-10-04 07:30:00,Incident Created,INC-04264,CURTAILMENT_RISK_INCIDENT
2025-10-04 07:30:00,Escalated,INC-04264,Supervisor
2025-10-04 08:00:00,Resolved,INC-04260,Incident Closed
2025-10-04 08:00:00,Incident Created,INC-04265,CURTAILMENT_RISK_INCIDENT
2025-10-04 08:00:00,Escalated,INC-04265,Supervisor
2025-10-04 08:30:00,Resolved,INC-04261,Incident Closed
2025-10-04 08:30:00,Incident Created,INC-04266,CURTAILMENT_RISK_INCIDENT
2025-10-04 08:30:00,Escalated,INC-04266,Supervisor
2025-10-04 09:00:00,Resolved,INC-04262,Incident Closed
2025-10-04 09:00:00,Resolved,INC-04263,Incident Closed
2025-10-04 09:00:00,Incident Created,INC-04267,CURTAILMENT_RISK_INCIDENT
2025-10-04 09:00:00,Escalated,INC-04267,Supervisor
2025-10-04 09:30:00,Resolved,INC-04264,Incident Closed
2025-10-04 09:30:00,Escalated,INC-04268,Supervisor
2025-10-04 09:30:00,Incident Created,INC-04268,CURTAILMENT_RISK_INCIDENT
2025-10-04 10:00:00,Resolved,INC-04265,Incident Closed
2025-10-04 10:00:00,Incident Created,INC-04269,CURTAILMENT_RISK_INCIDENT
2025-10-04 10:00:00,Escalated,INC-04269,Supervisor
2025-10-04 10:30:00,Resolved,INC-04266,Incident Closed
2025-10-04 10:30:00,Escalated,INC-04270,Supervisor
2025-10-04 10:30:00,Incident Created,INC-04270,CURTAILMENT_RISK_INCIDENT
2025-10-04 11:00:00,Resolved,INC-04267,Incident Closed
2025-10-04 11:00:00,Escalated,INC-04271,Supervisor
2025-10-04 11:00:00,Incident Created,INC-04271,CURTAILMENT_RISK_INCIDENT
2025-10-04 11:30:00,Resolved,INC-04268,Incident Closed
2025-10-04 11:30:00,Escalated,INC-04272,Supervisor
2025-10-04 11:30:00,Incident Created,INC-04272,CURTAILMENT_RISK_INCIDENT
2025-10-04 12:00:00,Resolved,INC-04269,Incident Closed
2025-10-04 12:00:00,Incident Created,INC-04273,CURTAILMENT_RISK_INCIDENT
2025-10-04 12:00:00,Escalated,INC-04273,Supervisor
2025-10-04 12:30:00,Resolved,INC-04270,Incident Closed
2025-10-04 12:30:00,Escalated,INC-04274,Supervisor
2025-10-04 12:30:00,Incident Created,INC-04274,CURTAILMENT_RISK_INCIDENT
2025-10-04 13:00:00,Resolved,INC-04271,Incident Closed
2025-10-04 13:00:00,Incident Created,INC-04275,CURTAILMENT_RISK_INCIDENT
2025-10-04 13:00:00,Escalated,INC-04275,Supervisor
2025-10-04 13:30:00,Resolved,INC-04272,Incident Closed
2025-10-04 13:30:00,Escalated,INC-04276,Supervisor
2025-10-04 13:30:00,Incident Created,INC-04276,CURTAILMENT_RISK_INCIDENT
2025-10-04 14:00:00,Resolved,INC-04273,Incident Closed
2025-10-04 14:00:00,Escalated,INC-04277,Supervisor
2025-10-04 14:00:00,Incident Created,INC-04277,CURTAILMENT_RISK_INCIDENT
2025-10-04 14:30:00,Resolved,INC-04274,Incident Closed
2025-10-04 14:30:00,Incident Created,INC-04278,CURTAILMENT_RISK_INCIDENT
2025-10-04 14:30:00,Escalated,INC-04278,Supervisor
2025-10-04 15:00:00,Resolved,INC-04275,Incident Closed
2025-10-04 15:00:00,Incident Created,INC-04279,CURTAILMENT_RISK_INCIDENT
2025-10-04 15:00:00,Escalated,INC-04279,Supervisor
2025-10-04 15:30:00,Resolved,INC-04276,Incident Closed
2025-10-04 15:30:00,Escalated,INC-04280,Supervisor
2025-10-04 15:30:00,Incident Created,INC-04280,CURTAILMENT_RISK_INCIDENT
2025-10-04 16:00:00,Resolved,INC-04277,Incident Closed
2025-10-04 16:00:00,Incident Created,INC-04281,CURTAILMENT_RISK_INCIDENT
2025-10-04 16:00:00,Escalated,INC-04281,Supervisor
2025-10-04 16:30:00,Resolved,INC-04278,Incident Closed
2025-10-04 16:30:00,Incident Created,INC-04282,CURTAILMENT_RISK_INCIDENT
2025-10-04 16:30:00,Escalated,INC-04282,Supervisor
2025-10-04 17:00:00,Resolved,INC-04279,Incident Closed
2025-10-04 17:00:00,Escalated,INC-04283,Supervisor
2025-10-04 17:00:00,Incident Created,INC-04283,CURTAILMENT_RISK_INCIDENT
2025-10-04 17:30:00,Resolved,INC-04280,Incident Closed
2025-10-04 17:30:00,Incident Created,INC-04284,CURTAILMENT_RISK_INCIDENT
2025-10-04 17:30:00,Escalated,INC-04284,Supervisor
2025-10-04 18:00:00,Resolved,INC-04281,Incident Closed
2025-10-04 18:00:00,Incident Created,INC-04285,CURTAILMENT_RISK_INCIDENT
2025-10-04 18:00:00,Escalated,INC-04285,Supervisor
2025-10-04 18:30:00,Resolved,INC-04282,Incident Closed
2025-10-04 18:30:00,Incident Created,INC-04286,CURTAILMENT_RISK_INCIDENT
2025-10-04 18:30:00,Escalated,INC-04286,Supervisor
2025-10-04 19:00:00,Resolved,INC-04283,Incident Closed
2025-10-04 19:30:00,Resolved,INC-04284,Incident Closed
2025-10-04 20:00:00,Resolved,INC-04285,Incident Closed
2025-10-04 20:30:00,Resolved,INC-04286,Incident Closed
2025-10-04 20:30:00,Incident Created,INC-04287,CURTAILMENT_RISK_INCIDENT
2025-10-04 20:30:00,Escalated,INC-04287,Supervisor
2025-10-04 21:00:00,Escalated,INC-04288,Supervisor
2025-10-04 21:00:00,Incident Created,INC-04288,CURTAILMENT_RISK_INCIDENT
2025-10-04 21:30:00,Incident Created,INC-04289,CURTAILMENT_RISK_INCIDENT
2025-10-04 21:30:00,Escalated,INC-04289,Supervisor
2025-10-04 22:00:00,Escalated,INC-04290,Supervisor
2025-10-04 22:00:00,Incident Created,INC-04290,CURTAILMENT_RISK_INCIDENT
2025-10-04 22:30:00,Resolved,INC-04287,Incident Closed
2025-10-04 23:00:00,Resolved,INC-04288,Incident Closed
2025-10-04 23:30:00,Resolved,INC-04289,Incident Closed
2025-10-04 23:30:00,Escalated,INC-04291,Operator
2025-10-04 23:30:00,Incident Created,INC-04291,OVER_GENERATION_INCIDENT
2025-10-05 00:00:00,Resolved,INC-04290,Incident Closed
2025-10-05 00:00:00,Escalated,INC-04292,Operator
2025-10-05 00:00:00,Incident Created,INC-04292,OVER_GENERATION_INCIDENT
2025-10-05 00:30:00,Escalated,INC-04293,Operator
2025-10-05 00:30:00,Incident Created,INC-04293,OVER_GENERATION_INCIDENT
2025-10-05 01:00:00,Incident Created,INC-04294,OVER_GENERATION_INCIDENT
2025-10-05 01:00:00,Escalated,INC-04294,Operator
2025-10-05 01:30:00,Resolved,INC-04291,Incident Closed
2025-10-05 01:30:00,Escalated,INC-04295,Operator
2025-10-05 01:30:00,Incident Created,INC-04295,OVER_GENERATION_INCIDENT
2025-10-05 02:00:00,Resolved,INC-04292,Incident Closed
2025-10-05 02:00:00,Incident Created,INC-04296,OVER_GENERATION_INCIDENT
2025-10-05 02:00:00,Escalated,INC-04296,Operator
2025-10-05 02:30:00,Resolved,INC-04293,Incident Closed
2025-10-05 02:30:00,Incident Created,INC-04297,OVER_GENERATION_INCIDENT
2025-10-05 02:30:00,Escalated,INC-04297,Operator
2025-10-05 03:00:00,Resolved,INC-04294,Incident Closed
2025-10-05 03:00:00,Incident Created,INC-04298,OVER_GENERATION_INCIDENT
2025-10-05 03:00:00,Escalated,INC-04298,Operator
2025-10-05 03:30:00,Resolved,INC-04295,Incident Closed
2025-10-05 03:30:00,Escalated,INC-04299,Operator
2025-10-05 03:30:00,Incident Created,INC-04299,OVER_GENERATION_INCIDENT
2025-10-05 04:00:00,Resolved,INC-04296,Incident Closed
2025-10-05 04:00:00,Incident Created,INC-04300,OVER_GENERATION_INCIDENT
2025-10-05 04:00:00,Escalated,INC-04300,Operator
2025-10-05 04:30:00,Resolved,INC-04297,Incident Closed
2025-10-05 04:30:00,Incident Created,INC-04301,OVER_GENERATION_INCIDENT
2025-10-05 04:30:00,Escalated,INC-04301,Operator
2025-10-05 05:00:00,Resolved,INC-04298,Incident Closed
2025-10-05 05:00:00,Incident Created,INC-04302,OVER_GENERATION_INCIDENT
2025-10-05 05:00:00,Escalated,INC-04302,Operator
2025-10-05 05:30:00,Resolved,INC-04299,Incident Closed
2025-10-05 05:30:00,Escalated,INC-04303,Operator
2025-10-05 05:30:00,Incident Created,INC-04303,OVER_GENERATION_INCIDENT
2025-10-05 06:00:00,Resolved,INC-04300,Incident Closed
2025-10-05 06:00:00,Escalated,INC-04304,Operator
2025-10-05 06:00:00,Incident Created,INC-04304,OVER_GENERATION_INCIDENT
2025-10-05 06:30:00,Resolved,INC-04301,Incident Closed
2025-10-05 06:30:00,Escalated,INC-04305,Operator
2025-10-05 06:30:00,Incident Created,INC-04305,OVER_GENERATION_INCIDENT
2025-10-05 06:30:00,Escalated,INC-04306,Supervisor
2025-10-05 06:30:00,Incident Created,INC-04306,CURTAILMENT_RISK_INCIDENT
2025-10-05 07:00:00,Resolved,INC-04302,Incident Closed
2025-10-05 07:00:00,Incident Created,INC-04307,OVER_GENERATION_INCIDENT
2025-10-05 07:00:00,Escalated,INC-04307,Operator
2025-10-05 07:00:00,Incident Created,INC-04308,CURTAILMENT_RISK_INCIDENT
2025-10-05 07:00:00,Escalated,INC-04308,Supervisor
2025-10-05 07:30:00,Resolved,INC-04303,Incident Closed
2025-10-05 07:30:00,Escalated,INC-04309,Operator
2025-10-05 07:30:00,Incident Created,INC-04309,OVER_GENERATION_INCIDENT
2025-10-05 07:30:00,Escalated,INC-04310,Supervisor
2025-10-05 07:30:00,Incident Created,INC-04310,CURTAILMENT_RISK_INCIDENT
2025-10-05 08:00:00,Resolved,INC-04304,Incident Closed
2025-10-05 08:00:00,Incident Created,INC-04311,CURTAILMENT_RISK_INCIDENT
2025-10-05 08:00:00,Escalated,INC-04311,Supervisor
2025-10-05 08:30:00,Resolved,INC-04305,Incident Closed
2025-10-05 08:30:00,Resolved,INC-04306,Incident Closed
2025-10-05 08:30:00,Escalated,INC-04312,Supervisor
2025-10-05 08:30:00,Incident Created,INC-04312,CURTAILMENT_RISK_INCIDENT
2025-10-05 09:00:00,Resolved,INC-04307,Incident Closed
2025-10-05 09:00:00,Resolved,INC-04308,Incident Closed
2025-10-05 09:00:00,Incident Created,INC-04313,CURTAILMENT_RISK_INCIDENT
2025-10-05 09:00:00,Escalated,INC-04313,Supervisor
2025-10-05 09:30:00,Resolved,INC-04309,Incident Closed
2025-10-05 09:30:00,Resolved,INC-04310,Incident Closed
2025-10-05 09:30:00,Escalated,INC-04314,Supervisor
2025-10-05 09:30:00,Incident Created,INC-04314,CURTAILMENT_RISK_INCIDENT
2025-10-05 10:00:00,Resolved,INC-04311,Incident Closed
2025-10-05 10:00:00,Escalated,INC-04315,Supervisor
2025-10-05 10:00:00,Incident Created,INC-04315,CURTAILMENT_RISK_INCIDENT
2025-10-05 10:30:00,Resolved,INC-04312,Incident Closed
2025-10-05 10:30:00,Escalated,INC-04316,Supervisor
2025-10-05 10:30:00,Incident Created,INC-04316,CURTAILMENT_RISK_INCIDENT
2025-10-05 11:00:00,Resolved,INC-04313,Incident Closed
2025-10-05 11:00:00,Escalated,INC-04317,Supervisor
2025-10-05 11:00:00,Incident Created,INC-04317,CURTAILMENT_RISK_INCIDENT
2025-10-05 11:30:00,Resolved,INC-04314,Incident Closed
2025-10-05 11:30:00,Escalated,INC-04318,Supervisor
2025-10-05 11:30:00,Incident Created,INC-04318,CURTAILMENT_RISK_INCIDENT
2025-10-05 12:00:00,Resolved,INC-04315,Incident Closed
2025-10-05 12:00:00,Escalated,INC-04319,Supervisor
2025-10-05 12:00:00,Incident Created,INC-04319,CURTAILMENT_RISK_INCIDENT
2025-10-05 12:30:00,Resolved,INC-04316,Incident Closed
2025-10-05 12:30:00,Incident Created,INC-04320,CURTAILMENT_RISK_INCIDENT
2025-10-05 12:30:00,Escalated,INC-04320,Supervisor
2025-10-05 13:00:00,Resolved,INC-04317,Incident Closed
2025-10-05 13:00:00,Escalated,INC-04321,Supervisor
2025-10-05 13:00:00,Incident Created,INC-04321,CURTAILMENT_RISK_INCIDENT
2025-10-05 13:30:00,Resolved,INC-04318,Incident Closed
2025-10-05 13:30:00,Escalated,INC-04322,Supervisor
2025-10-05 13:30:00,Incident Created,INC-04322,CURTAILMENT_RISK_INCIDENT
2025-10-05 14:00:00,Resolved,INC-04319,Incident Closed
2025-10-05 14:00:00,Escalated,INC-04323,Supervisor
2025-10-05 14:00:00,Incident Created,INC-04323,CURTAILMENT_RISK_INCIDENT
2025-10-05 14:30:00,Resolved,INC-04320,Incident Closed
2025-10-05 14:30:00,Incident Created,INC-04324,CURTAILMENT_RISK_INCIDENT
2025-10-05 14:30:00,Escalated,INC-04324,Supervisor
2025-10-05 15:00:00,Resolved,INC-04321,Incident Closed
2025-10-05 15:00:00,Escalated,INC-04325,Supervisor
2025-10-05 15:00:00,Incident Created,INC-04325,CURTAILMENT_RISK_INCIDENT
2025-10-05 15:30:00,Resolved,INC-04322,Incident Closed
2025-10-05 15:30:00,Escalated,INC-04326,Supervisor
2025-10-05 15:30:00,Incident Created,INC-04326,CURTAILMENT_RISK_INCIDENT
2025-10-05 16:00:00,Resolved,INC-04323,Incident Closed
2025-10-05 16:00:00,Incident Created,INC-04327,CURTAILMENT_RISK_INCIDENT
2025-10-05 16:00:00,Escalated,INC-04327,Supervisor
2025-10-05 16:30:00,Resolved,INC-04324,Incident Closed
2025-10-05 16:30:00,Incident Created,INC-04328,CURTAILMENT_RISK_INCIDENT
2025-10-05 16:30:00,Escalated,INC-04328,Supervisor
2025-10-05 17:00:00,Resolved,INC-04325,Incident Closed
2025-10-05 17:30:00,Resolved,INC-04326,Incident Closed
2025-10-05 18:00:00,Resolved,INC-04327,Incident Closed
2025-10-05 18:30:00,Resolved,INC-04328,Incident Closed
2025-10-06 03:00:00,Escalated,INC-04329,Operator
2025-10-06 03:00:00,Incident Created,INC-04329,OVER_GENERATION_INCIDENT
2025-10-06 03:30:00,Incident Created,INC-04330,OVER_GENERATION_INCIDENT
2025-10-06 03:30:00,Escalated,INC-04330,Operator
2025-10-06 04:00:00,Escalated,INC-04331,Operator
2025-10-06 04:00:00,Incident Created,INC-04331,OVER_GENERATION_INCIDENT
2025-10-06 04:30:00,Escalated,INC-04332,Operator
2025-10-06 04:30:00,Incident Created,INC-04332,OVER_GENERATION_INCIDENT
2025-10-06 05:00:00,Resolved,INC-04329,Incident Closed
2025-10-06 05:00:00,Incident Created,INC-04333,OVER_GENERATION_INCIDENT
2025-10-06 05:00:00,Escalated,INC-04333,Operator
2025-10-06 05:30:00,Resolved,INC-04330,Incident Closed
2025-10-06 06:00:00,Resolved,INC-04331,Incident Closed
2025-10-06 06:30:00,Resolved,INC-04332,Incident Closed
2025-10-06 07:00:00,Resolved,INC-04333,Incident Closed
2025-10-06 09:30:00,Incident Created,INC-04334,CURTAILMENT_RISK_INCIDENT
2025-10-06 09:30:00,Escalated,INC-04334,Supervisor
2025-10-06 10:00:00,Incident Created,INC-04335,CURTAILMENT_RISK_INCIDENT
2025-10-06 10:00:00,Escalated,INC-04335,Supervisor
2025-10-06 10:30:00,Incident Created,INC-04336,CURTAILMENT_RISK_INCIDENT
2025-10-06 10:30:00,Escalated,INC-04336,Supervisor
2025-10-06 11:00:00,Incident Created,INC-04337,CURTAILMENT_RISK_INCIDENT
2025-10-06 11:00:00,Escalated,INC-04337,Supervisor
2025-10-06 11:30:00,Resolved,INC-04334,Incident Closed
2025-10-06 11:30:00,Incident Created,INC-04338,CURTAILMENT_RISK_INCIDENT
2025-10-06 11:30:00,Escalated,INC-04338,Supervisor
2025-10-06 12:00:00,Resolved,INC-04335,Incident Closed
2025-10-06 12:00:00,Escalated,INC-04339,Supervisor
2025-10-06 12:00:00,Incident Created,INC-04339,CURTAILMENT_RISK_INCIDENT
2025-10-06 12:30:00,Resolved,INC-04336,Incident Closed
2025-10-06 12:30:00,Escalated,INC-04340,Supervisor
2025-10-06 12:30:00,Incident Created,INC-04340,CURTAILMENT_RISK_INCIDENT
2025-10-06 13:00:00,Resolved,INC-04337,Incident Closed
2025-10-06 13:30:00,Resolved,INC-04338,Incident Closed
2025-10-06 14:00:00,Resolved,INC-04339,Incident Closed
2025-10-06 14:30:00,Resolved,INC-04340,Incident Closed
2025-10-07 03:30:00,Escalated,INC-04341,Operator
2025-10-07 03:30:00,Incident Created,INC-04341,OVER_GENERATION_INCIDENT
2025-10-07 04:00:00,Incident Created,INC-04342,OVER_GENERATION_INCIDENT
2025-10-07 04:00:00,Escalated,INC-04342,Operator
2025-10-07 04:30:00,Incident Created,INC-04343,OVER_GENERATION_INCIDENT
2025-10-07 04:30:00,Escalated,INC-04343,Operator
2025-10-07 05:00:00,Incident Created,INC-04344,OVER_GENERATION_INCIDENT
2025-10-07 05:00:00,Escalated,INC-04344,Operator
2025-10-07 05:30:00,Resolved,INC-04341,Incident Closed
2025-10-07 06:00:00,Resolved,INC-04342,Incident Closed
2025-10-07 06:30:00,Resolved,INC-04343,Incident Closed
2025-10-07 07:00:00,Resolved,INC-04344,Incident Closed
2025-10-08 08:30:00,Incident Created,INC-04345,OPERATIONAL_RISK_INCIDENT
2025-10-08 08:30:00,Escalated,INC-04345,Regional Controller
2025-10-08 10:30:00,Resolved,INC-04345,Incident Closed
2025-10-11 06:00:00,Incident Created,INC-04346,SUSTAINABILITY_INCIDENT
2025-10-11 06:00:00,Escalated,INC-04346,Supervisor
2025-10-11 06:30:00,Incident Created,INC-04347,SUSTAINABILITY_INCIDENT
2025-10-11 06:30:00,Escalated,INC-04347,Supervisor
2025-10-11 07:00:00,Escalated,INC-04348,Supervisor
2025-10-11 07:00:00,Incident Created,INC-04348,SUSTAINABILITY_INCIDENT
2025-10-11 07:30:00,Escalated,INC-04349,Supervisor
2025-10-11 07:30:00,Incident Created,INC-04349,SUSTAINABILITY_INCIDENT
2025-10-11 08:00:00,Resolved,INC-04346,Incident Closed
2025-10-11 08:00:00,Incident Created,INC-04350,SUSTAINABILITY_INCIDENT
2025-10-11 08:00:00,Escalated,INC-04350,Supervisor
2025-10-11 08:30:00,Resolved,INC-04347,Incident Closed
2025-10-11 08:30:00,Incident Created,INC-04351,SUSTAINABILITY_INCIDENT
2025-10-11 08:30:00,Escalated,INC-04351,Supervisor
2025-10-11 09:00:00,Resolved,INC-04348,Incident Closed
2025-10-11 09:00:00,Incident Created,INC-04352,SUSTAINABILITY_INCIDENT
2025-10-11 09:00:00,Escalated,INC-04352,Supervisor
2025-10-11 09:30:00,Resolved,INC-04349,Incident Closed
2025-10-11 10:00:00,Resolved,INC-04350,Incident Closed
2025-10-11 10:30:00,Resolved,INC-04351,Incident Closed
2025-10-11 11:00:00,Resolved,INC-04352,Incident Closed
2025-10-11 15:30:00,Escalated,INC-04353,Supervisor
2025-10-11 15:30:00,Incident Created,INC-04353,SUSTAINABILITY_INCIDENT
2025-10-11 16:00:00,Escalated,INC-04354,Supervisor
2025-10-11 16:00:00,Incident Created,INC-04354,SUSTAINABILITY_INCIDENT
2025-10-11 16:30:00,Escalated,INC-04355,Supervisor
2025-10-11 16:30:00,Incident Created,INC-04355,SUSTAINABILITY_INCIDENT
2025-10-11 17:00:00,Escalated,INC-04356,Supervisor
2025-10-11 17:00:00,Incident Created,INC-04356,SUSTAINABILITY_INCIDENT
2025-10-11 17:30:00,Resolved,INC-04353,Incident Closed
2025-10-11 17:30:00,Escalated,INC-04357,Supervisor
2025-10-11 17:30:00,Incident Created,INC-04357,SUSTAINABILITY_INCIDENT
2025-10-11 18:00:00,Resolved,INC-04354,Incident Closed
2025-10-11 18:00:00,Escalated,INC-04358,Supervisor
2025-10-11 18:00:00,Incident Created,INC-04358,SUSTAINABILITY_INCIDENT
2025-10-11 18:30:00,Resolved,INC-04355,Incident Closed
2025-10-11 18:30:00,Incident Created,INC-04359,SUSTAINABILITY_INCIDENT
2025-10-11 18:30:00,Escalated,INC-04359,Supervisor
2025-10-11 19:00:00,Resolved,INC-04356,Incident Closed
2025-10-11 19:00:00,Incident Created,INC-04360,SUSTAINABILITY_INCIDENT
2025-10-11 19:00:00,Escalated,INC-04360,Supervisor
2025-10-11 19:30:00,Resolved,INC-04357,Incident Closed
2025-10-11 19:30:00,Incident Created,INC-04361,SUSTAINABILITY_INCIDENT
2025-10-11 19:30:00,Escalated,INC-04361,Supervisor
2025-10-11 20:00:00,Resolved,INC-04358,Incident Closed
2025-10-11 20:00:00,Incident Created,INC-04362,SUSTAINABILITY_INCIDENT
2025-10-11 20:00:00,Escalated,INC-04362,Supervisor
2025-10-11 20:30:00,Resolved,INC-04359,Incident Closed
2025-10-11 20:30:00,Escalated,INC-04363,Supervisor
2025-10-11 20:30:00,Incident Created,INC-04363,SUSTAINABILITY_INCIDENT
2025-10-11 21:00:00,Resolved,INC-04360,Incident Closed
2025-10-11 21:00:00,Escalated,INC-04364,Supervisor
2025-10-11 21:00:00,Incident Created,INC-04364,SUSTAINABILITY_INCIDENT
2025-10-11 21:30:00,Resolved,INC-04361,Incident Closed
2025-10-11 21:30:00,Escalated,INC-04365,Supervisor
2025-10-11 21:30:00,Incident Created,INC-04365,SUSTAINABILITY_INCIDENT
2025-10-11 22:00:00,Resolved,INC-04362,Incident Closed
2025-10-11 22:00:00,Escalated,INC-04366,Supervisor
2025-10-11 22:00:00,Incident Created,INC-04366,SUSTAINABILITY_INCIDENT
2025-10-11 22:30:00,Resolved,INC-04363,Incident Closed
2025-10-11 22:30:00,Escalated,INC-04367,Supervisor
2025-10-11 22:30:00,Incident Created,INC-04367,SUSTAINABILITY_INCIDENT
2025-10-11 23:00:00,Resolved,INC-04364,Incident Closed
2025-10-11 23:00:00,Incident Created,INC-04368,SUSTAINABILITY_INCIDENT
2025-10-11 23:00:00,Escalated,INC-04368,Supervisor
2025-10-11 23:30:00,Resolved,INC-04365,Incident Closed
2025-10-11 23:30:00,Incident Created,INC-04369,SUSTAINABILITY_INCIDENT
2025-10-11 23:30:00,Escalated,INC-04369,Supervisor
2025-10-12 00:00:00,Resolved,INC-04366,Incident Closed
2025-10-12 00:00:00,Incident Created,INC-04370,SUSTAINABILITY_INCIDENT
2025-10-12 00:00:00,Escalated,INC-04370,Supervisor
2025-10-12 00:30:00,Resolved,INC-04367,Incident Closed
2025-10-12 00:30:00,Escalated,INC-04371,Supervisor
2025-10-12 00:30:00,Incident Created,INC-04371,SUSTAINABILITY_INCIDENT
2025-10-12 01:00:00,Resolved,INC-04368,Incident Closed
2025-10-12 01:00:00,Escalated,INC-04372,Supervisor
2025-10-12 01:00:00,Incident Created,INC-04372,SUSTAINABILITY_INCIDENT
2025-10-12 01:30:00,Resolved,INC-04369,Incident Closed
2025-10-12 01:30:00,Escalated,INC-04373,Supervisor
2025-10-12 01:30:00,Incident Created,INC-04373,SUSTAINABILITY_INCIDENT
2025-10-12 02:00:00,Resolved,INC-04370,Incident Closed
2025-10-12 02:00:00,Escalated,INC-04374,Supervisor
2025-10-12 02:00:00,Incident Created,INC-04374,SUSTAINABILITY_INCIDENT
2025-10-12 02:30:00,Resolved,INC-04371,Incident Closed
2025-10-12 02:30:00,Incident Created,INC-04375,SUSTAINABILITY_INCIDENT
2025-10-12 02:30:00,Escalated,INC-04375,Supervisor
2025-10-12 03:00:00,Resolved,INC-04372,Incident Closed
2025-10-12 03:00:00,Incident Created,INC-04376,SUSTAINABILITY_INCIDENT
2025-10-12 03:00:00,Escalated,INC-04376,Supervisor
2025-10-12 03:30:00,Resolved,INC-04373,Incident Closed
2025-10-12 03:30:00,Incident Created,INC-04377,SUSTAINABILITY_INCIDENT
2025-10-12 03:30:00,Escalated,INC-04377,Supervisor
2025-10-12 04:00:00,Resolved,INC-04374,Incident Closed
2025-10-12 04:00:00,Incident Created,INC-04378,SUSTAINABILITY_INCIDENT
2025-10-12 04:00:00,Escalated,INC-04378,Supervisor
2025-10-12 04:30:00,Resolved,INC-04375,Incident Closed
2025-10-12 04:30:00,Escalated,INC-04379,Supervisor
2025-10-12 04:30:00,Incident Created,INC-04379,SUSTAINABILITY_INCIDENT
2025-10-12 05:00:00,Resolved,INC-04376,Incident Closed
2025-10-12 05:00:00,Incident Created,INC-04380,SUSTAINABILITY_INCIDENT
2025-10-12 05:00:00,Escalated,INC-04380,Supervisor
2025-10-12 05:30:00,Resolved,INC-04377,Incident Closed
2025-10-12 05:30:00,Escalated,INC-04381,Supervisor
2025-10-12 05:30:00,Incident Created,INC-04381,SUSTAINABILITY_INCIDENT
2025-10-12 06:00:00,Resolved,INC-04378,Incident Closed
2025-10-12 06:00:00,Incident Created,INC-04382,SUSTAINABILITY_INCIDENT
2025-10-12 06:00:00,Escalated,INC-04382,Supervisor
2025-10-12 06:30:00,Resolved,INC-04379,Incident Closed
2025-10-12 06:30:00,Incident Created,INC-04383,SUSTAINABILITY_INCIDENT
2025-10-12 06:30:00,Escalated,INC-04383,Supervisor
2025-10-12 07:00:00,Resolved,INC-04380,Incident Closed
2025-10-12 07:00:00,Escalated,INC-04384,Supervisor
2025-10-12 07:00:00,Incident Created,INC-04384,SUSTAINABILITY_INCIDENT
2025-10-12 07:30:00,Resolved,INC-04381,Incident Closed
2025-10-12 07:30:00,Escalated,INC-04385,Supervisor
2025-10-12 07:30:00,Incident Created,INC-04385,SUSTAINABILITY_INCIDENT
2025-10-12 08:00:00,Resolved,INC-04382,Incident Closed
2025-10-12 08:00:00,Incident Created,INC-04386,SUSTAINABILITY_INCIDENT
2025-10-12 08:00:00,Escalated,INC-04386,Supervisor
2025-10-12 08:30:00,Resolved,INC-04383,Incident Closed
2025-10-12 08:30:00,Incident Created,INC-04387,SUSTAINABILITY_INCIDENT
2025-10-12 08:30:00,Escalated,INC-04387,Supervisor
2025-10-12 09:00:00,Resolved,INC-04384,Incident Closed
2025-10-12 09:00:00,Incident Created,INC-04388,SUSTAINABILITY_INCIDENT
2025-10-12 09:00:00,Escalated,INC-04388,Supervisor
2025-10-12 09:30:00,Resolved,INC-04385,Incident Closed
2025-10-12 09:30:00,Incident Created,INC-04389,SUSTAINABILITY_INCIDENT
2025-10-12 09:30:00,Escalated,INC-04389,Supervisor
2025-10-12 10:00:00,Resolved,INC-04386,Incident Closed
2025-10-12 10:00:00,Escalated,INC-04390,Supervisor
2025-10-12 10:00:00,Incident Created,INC-04390,SUSTAINABILITY_INCIDENT
2025-10-12 10:30:00,Resolved,INC-04387,Incident Closed
2025-10-12 10:30:00,Escalated,INC-04391,Supervisor
2025-10-12 10:30:00,Incident Created,INC-04391,SUSTAINABILITY_INCIDENT
2025-10-12 10:30:00,Escalated,INC-04392,Regional Controller
2025-10-12 10:30:00,Incident Created,INC-04392,OPERATIONAL_RISK_INCIDENT
2025-10-12 11:00:00,Resolved,INC-04388,Incident Closed
2025-10-12 11:00:00,Incident Created,INC-04393,SUSTAINABILITY_INCIDENT
2025-10-12 11:00:00,Escalated,INC-04393,Supervisor
2025-10-12 11:00:00,Incident Created,INC-04394,OPERATIONAL_RISK_INCIDENT
2025-10-12 11:00:00,Escalated,INC-04394,Regional Controller
2025-10-12 11:30:00,Resolved,INC-04389,Incident Closed
2025-10-12 11:30:00,Incident Created,INC-04395,SUSTAINABILITY_INCIDENT
2025-10-12 11:30:00,Escalated,INC-04395,Supervisor
2025-10-12 11:30:00,Incident Created,INC-04396,OPERATIONAL_RISK_INCIDENT
2025-10-12 11:30:00,Escalated,INC-04396,Regional Controller
2025-10-12 12:00:00,Resolved,INC-04390,Incident Closed
2025-10-12 12:00:00,Incident Created,INC-04397,SUSTAINABILITY_INCIDENT
2025-10-12 12:00:00,Escalated,INC-04397,Supervisor
2025-10-12 12:00:00,Incident Created,INC-04398,OPERATIONAL_RISK_INCIDENT
2025-10-12 12:00:00,Escalated,INC-04398,Regional Controller
2025-10-12 12:30:00,Resolved,INC-04391,Incident Closed
2025-10-12 12:30:00,Resolved,INC-04392,Incident Closed
2025-10-12 12:30:00,Incident Created,INC-04399,SUSTAINABILITY_INCIDENT
2025-10-12 12:30:00,Escalated,INC-04399,Supervisor
2025-10-12 12:30:00,Incident Created,INC-04400,OPERATIONAL_RISK_INCIDENT
2025-10-12 12:30:00,Escalated,INC-04400,Regional Controller
2025-10-12 13:00:00,Resolved,INC-04393,Incident Closed
2025-10-12 13:00:00,Resolved,INC-04394,Incident Closed
2025-10-12 13:00:00,Escalated,INC-04401,Supervisor
2025-10-12 13:00:00,Incident Created,INC-04401,SUSTAINABILITY_INCIDENT
2025-10-12 13:00:00,Incident Created,INC-04402,OPERATIONAL_RISK_INCIDENT
2025-10-12 13:00:00,Escalated,INC-04402,Regional Controller
2025-10-12 13:30:00,Resolved,INC-04395,Incident Closed
2025-10-12 13:30:00,Resolved,INC-04396,Incident Closed
2025-10-12 13:30:00,Escalated,INC-04403,Supervisor
2025-10-12 13:30:00,Incident Created,INC-04403,SUSTAINABILITY_INCIDENT
2025-10-12 13:30:00,Escalated,INC-04404,Regional Controller
2025-10-12 13:30:00,Incident Created,INC-04404,OPERATIONAL_RISK_INCIDENT
2025-10-12 14:00:00,Resolved,INC-04397,Incident Closed
2025-10-12 14:00:00,Resolved,INC-04398,Incident Closed
2025-10-12 14:00:00,Incident Created,INC-04405,SUSTAINABILITY_INCIDENT
2025-10-12 14:00:00,Escalated,INC-04405,Supervisor
2025-10-12 14:00:00,Escalated,INC-04406,Regional Controller
2025-10-12 14:00:00,Incident Created,INC-04406,OPERATIONAL_RISK_INCIDENT
2025-10-12 14:30:00,Resolved,INC-04399,Incident Closed
2025-10-12 14:30:00,Resolved,INC-04400,Incident Closed
2025-10-12 14:30:00,Incident Created,INC-04407,SUSTAINABILITY_INCIDENT
2025-10-12 14:30:00,Escalated,INC-04407,Supervisor
2025-10-12 14:30:00,Incident Created,INC-04408,OPERATIONAL_RISK_INCIDENT
2025-10-12 14:30:00,Escalated,INC-04408,Regional Controller
2025-10-12 15:00:00,Resolved,INC-04401,Incident Closed
2025-10-12 15:00:00,Resolved,INC-04402,Incident Closed
2025-10-12 15:00:00,Incident Created,INC-04409,SUSTAINABILITY_INCIDENT
2025-10-12 15:00:00,Escalated,INC-04409,Supervisor
2025-10-12 15:00:00,Escalated,INC-04410,Regional Controller
2025-10-12 15:00:00,Incident Created,INC-04410,OPERATIONAL_RISK_INCIDENT
2025-10-12 15:30:00,Resolved,INC-04403,Incident Closed
2025-10-12 15:30:00,Resolved,INC-04404,Incident Closed
2025-10-12 15:30:00,Incident Created,INC-04411,SUSTAINABILITY_INCIDENT
2025-10-12 15:30:00,Escalated,INC-04411,Supervisor
2025-10-12 16:00:00,Resolved,INC-04405,Incident Closed
2025-10-12 16:00:00,Resolved,INC-04406,Incident Closed
2025-10-12 16:00:00,Escalated,INC-04412,Supervisor
2025-10-12 16:00:00,Incident Created,INC-04412,SUSTAINABILITY_INCIDENT
2025-10-12 16:00:00,Escalated,INC-04413,Regional Controller
2025-10-12 16:00:00,Incident Created,INC-04413,OPERATIONAL_RISK_INCIDENT
2025-10-12 16:30:00,Resolved,INC-04407,Incident Closed
2025-10-12 16:30:00,Resolved,INC-04408,Incident Closed
2025-10-12 16:30:00,Incident Created,INC-04414,SUSTAINABILITY_INCIDENT
2025-10-12 16:30:00,Escalated,INC-04414,Supervisor
2025-10-12 16:30:00,Escalated,INC-04415,Regional Controller
2025-10-12 16:30:00,Incident Created,INC-04415,OPERATIONAL_RISK_INCIDENT
2025-10-12 17:00:00,Resolved,INC-04409,Incident Closed
2025-10-12 17:00:00,Resolved,INC-04410,Incident Closed
2025-10-12 17:00:00,Incident Created,INC-04416,SUSTAINABILITY_INCIDENT
2025-10-12 17:00:00,Escalated,INC-04416,Supervisor
2025-10-12 17:30:00,Resolved,INC-04411,Incident Closed
2025-10-12 17:30:00,Incident Created,INC-04417,SUSTAINABILITY_INCIDENT
2025-10-12 17:30:00,Escalated,INC-04417,Supervisor
2025-10-12 17:30:00,Escalated,INC-04418,Regional Controller
2025-10-12 17:30:00,Incident Created,INC-04418,OPERATIONAL_RISK_INCIDENT
2025-10-12 18:00:00,Resolved,INC-04412,Incident Closed
2025-10-12 18:00:00,Resolved,INC-04413,Incident Closed
2025-10-12 18:00:00,Incident Created,INC-04419,SUSTAINABILITY_INCIDENT
2025-10-12 18:00:00,Escalated,INC-04419,Supervisor
2025-10-12 18:00:00,Incident Created,INC-04420,OPERATIONAL_RISK_INCIDENT
2025-10-12 18:00:00,Escalated,INC-04420,Regional Controller
2025-10-12 18:30:00,Resolved,INC-04414,Incident Closed
2025-10-12 18:30:00,Resolved,INC-04415,Incident Closed
2025-10-12 18:30:00,Incident Created,INC-04421,SUSTAINABILITY_INCIDENT
2025-10-12 18:30:00,Escalated,INC-04421,Supervisor
2025-10-12 19:00:00,Resolved,INC-04416,Incident Closed
2025-10-12 19:00:00,Escalated,INC-04422,Supervisor
2025-10-12 19:00:00,Incident Created,INC-04422,SUSTAINABILITY_INCIDENT
2025-10-12 19:30:00,Resolved,INC-04417,Incident Closed
2025-10-12 19:30:00,Resolved,INC-04418,Incident Closed
2025-10-12 19:30:00,Escalated,INC-04423,Supervisor
2025-10-12 19:30:00,Incident Created,INC-04423,SUSTAINABILITY_INCIDENT
2025-10-12 20:00:00,Resolved,INC-04419,Incident Closed
2025-10-12 20:00:00,Resolved,INC-04420,Incident Closed
2025-10-12 20:00:00,Escalated,INC-04424,Supervisor
2025-10-12 20:00:00,Incident Created,INC-04424,SUSTAINABILITY_INCIDENT
2025-10-12 20:30:00,Resolved,INC-04421,Incident Closed
2025-10-12 20:30:00,Incident Created,INC-04425,SUSTAINABILITY_INCIDENT
2025-10-12 20:30:00,Escalated,INC-04425,Supervisor
2025-10-12 21:00:00,Resolved,INC-04422,Incident Closed
2025-10-12 21:00:00,Incident Created,INC-04426,SUSTAINABILITY_INCIDENT
2025-10-12 21:00:00,Escalated,INC-04426,Supervisor
2025-10-12 21:30:00,Resolved,INC-04423,Incident Closed
2025-10-12 21:30:00,Escalated,INC-04427,Supervisor
2025-10-12 21:30:00,Incident Created,INC-04427,SUSTAINABILITY_INCIDENT
2025-10-12 22:00:00,Resolved,INC-04424,Incident Closed
2025-10-12 22:00:00,Incident Created,INC-04428,SUSTAINABILITY_INCIDENT
2025-10-12 22:00:00,Escalated,INC-04428,Supervisor
2025-10-12 22:30:00,Resolved,INC-04425,Incident Closed
2025-10-12 22:30:00,Incident Created,INC-04429,SUSTAINABILITY_INCIDENT
2025-10-12 22:30:00,Escalated,INC-04429,Supervisor
2025-10-12 23:00:00,Resolved,INC-04426,Incident Closed
2025-10-12 23:00:00,Incident Created,INC-04430,SUSTAINABILITY_INCIDENT
2025-10-12 23:00:00,Escalated,INC-04430,Supervisor
2025-10-12 23:30:00,Resolved,INC-04427,Incident Closed
2025-10-12 23:30:00,Escalated,INC-04431,Supervisor
2025-10-12 23:30:00,Incident Created,INC-04431,SUSTAINABILITY_INCIDENT
2025-10-13 00:00:00,Resolved,INC-04428,Incident Closed
2025-10-13 00:00:00,Escalated,INC-04432,Supervisor
2025-10-13 00:00:00,Incident Created,INC-04432,SUSTAINABILITY_INCIDENT
2025-10-13 00:30:00,Resolved,INC-04429,Incident Closed
2025-10-13 00:30:00,Escalated,INC-04433,Supervisor
2025-10-13 00:30:00,Incident Created,INC-04433,SUSTAINABILITY_INCIDENT
2025-10-13 01:00:00,Resolved,INC-04430,Incident Closed
2025-10-13 01:00:00,Incident Created,INC-04434,SUSTAINABILITY_INCIDENT
2025-10-13 01:00:00,Escalated,INC-04434,Supervisor
2025-10-13 01:30:00,Resolved,INC-04431,Incident Closed
2025-10-13 01:30:00,Escalated,INC-04435,Supervisor
2025-10-13 01:30:00,Incident Created,INC-04435,SUSTAINABILITY_INCIDENT
2025-10-13 02:00:00,Resolved,INC-04432,Incident Closed
2025-10-13 02:00:00,Escalated,INC-04436,Supervisor
2025-10-13 02:00:00,Incident Created,INC-04436,SUSTAINABILITY_INCIDENT
2025-10-13 02:30:00,Resolved,INC-04433,Incident Closed
2025-10-13 02:30:00,Incident Created,INC-04437,SUSTAINABILITY_INCIDENT
2025-10-13 02:30:00,Escalated,INC-04437,Supervisor
2025-10-13 03:00:00,Resolved,INC-04434,Incident Closed
2025-10-13 03:00:00,Incident Created,INC-04438,SUSTAINABILITY_INCIDENT
2025-10-13 03:00:00,Escalated,INC-04438,Supervisor
2025-10-13 03:30:00,Resolved,INC-04435,Incident Closed
2025-10-13 03:30:00,Incident Created,INC-04439,SUSTAINABILITY_INCIDENT
2025-10-13 03:30:00,Escalated,INC-04439,Supervisor
2025-10-13 04:00:00,Resolved,INC-04436,Incident Closed
2025-10-13 04:00:00,Incident Created,INC-04440,SUSTAINABILITY_INCIDENT
2025-10-13 04:00:00,Escalated,INC-04440,Supervisor
2025-10-13 04:30:00,Resolved,INC-04437,Incident Closed
2025-10-13 04:30:00,Escalated,INC-04441,Supervisor
2025-10-13 04:30:00,Incident Created,INC-04441,SUSTAINABILITY_INCIDENT
2025-10-13 05:00:00,Resolved,INC-04438,Incident Closed
2025-10-13 05:00:00,Incident Created,INC-04442,SUSTAINABILITY_INCIDENT
2025-10-13 05:00:00,Escalated,INC-04442,Supervisor
2025-10-13 05:30:00,Resolved,INC-04439,Incident Closed
2025-10-13 05:30:00,Escalated,INC-04443,Supervisor
2025-10-13 05:30:00,Incident Created,INC-04443,SUSTAINABILITY_INCIDENT
2025-10-13 06:00:00,Resolved,INC-04440,Incident Closed
2025-10-13 06:00:00,Incident Created,INC-04444,SUSTAINABILITY_INCIDENT
2025-10-13 06:00:00,Escalated,INC-04444,Supervisor
2025-10-13 06:30:00,Resolved,INC-04441,Incident Closed
2025-10-13 06:30:00,Incident Created,INC-04445,SUSTAINABILITY_INCIDENT
2025-10-13 06:30:00,Escalated,INC-04445,Supervisor
2025-10-13 07:00:00,Resolved,INC-04442,Incident Closed
2025-10-13 07:00:00,Escalated,INC-04446,Supervisor
2025-10-13 07:00:00,Incident Created,INC-04446,SUSTAINABILITY_INCIDENT
2025-10-13 07:30:00,Resolved,INC-04443,Incident Closed
2025-10-13 07:30:00,Escalated,INC-04447,Supervisor
2025-10-13 07:30:00,Incident Created,INC-04447,SUSTAINABILITY_INCIDENT
2025-10-13 08:00:00,Resolved,INC-04444,Incident Closed
2025-10-13 08:00:00,Escalated,INC-04448,Supervisor
2025-10-13 08:00:00,Incident Created,INC-04448,SUSTAINABILITY_INCIDENT
2025-10-13 08:30:00,Resolved,INC-04445,Incident Closed
2025-10-13 08:30:00,Escalated,INC-04449,Supervisor
2025-10-13 08:30:00,Incident Created,INC-04449,SUSTAINABILITY_INCIDENT
2025-10-13 09:00:00,Resolved,INC-04446,Incident Closed
2025-10-13 09:00:00,Escalated,INC-04450,Supervisor
2025-10-13 09:00:00,Incident Created,INC-04450,SUSTAINABILITY_INCIDENT
2025-10-13 09:30:00,Resolved,INC-04447,Incident Closed
2025-10-13 09:30:00,Escalated,INC-04451,Supervisor
2025-10-13 09:30:00,Incident Created,INC-04451,SUSTAINABILITY_INCIDENT
2025-10-13 10:00:00,Resolved,INC-04448,Incident Closed
2025-10-13 10:00:00,Incident Created,INC-04452,SUSTAINABILITY_INCIDENT
2025-10-13 10:00:00,Escalated,INC-04452,Supervisor
2025-10-13 10:30:00,Resolved,INC-04449,Incident Closed
2025-10-13 10:30:00,Escalated,INC-04453,Supervisor
2025-10-13 10:30:00,Incident Created,INC-04453,SUSTAINABILITY_INCIDENT
2025-10-13 11:00:00,Resolved,INC-04450,Incident Closed
2025-10-13 11:00:00,Incident Created,INC-04454,SUSTAINABILITY_INCIDENT
2025-10-13 11:00:00,Escalated,INC-04454,Supervisor
2025-10-13 11:30:00,Resolved,INC-04451,Incident Closed
2025-10-13 11:30:00,Escalated,INC-04455,Supervisor
2025-10-13 11:30:00,Incident Created,INC-04455,SUSTAINABILITY_INCIDENT
2025-10-13 12:00:00,Resolved,INC-04452,Incident Closed
2025-10-13 12:00:00,Incident Created,INC-04456,SUSTAINABILITY_INCIDENT
2025-10-13 12:00:00,Escalated,INC-04456,Supervisor
2025-10-13 12:30:00,Resolved,INC-04453,Incident Closed
2025-10-13 12:30:00,Incident Created,INC-04457,SUSTAINABILITY_INCIDENT
2025-10-13 12:30:00,Escalated,INC-04457,Supervisor
2025-10-13 13:00:00,Resolved,INC-04454,Incident Closed
2025-10-13 13:00:00,Incident Created,INC-04458,SUSTAINABILITY_INCIDENT
2025-10-13 13:00:00,Escalated,INC-04458,Supervisor
2025-10-13 13:30:00,Resolved,INC-04455,Incident Closed
2025-10-13 13:30:00,Escalated,INC-04459,Supervisor
2025-10-13 13:30:00,Incident Created,INC-04459,SUSTAINABILITY_INCIDENT
2025-10-13 14:00:00,Resolved,INC-04456,Incident Closed
2025-10-13 14:00:00,Incident Created,INC-04460,SUSTAINABILITY_INCIDENT
2025-10-13 14:00:00,Escalated,INC-04460,Supervisor
2025-10-13 14:30:00,Resolved,INC-04457,Incident Closed
2025-10-13 14:30:00,Incident Created,INC-04461,SUSTAINABILITY_INCIDENT
2025-10-13 14:30:00,Escalated,INC-04461,Supervisor
2025-10-13 15:00:00,Resolved,INC-04458,Incident Closed
2025-10-13 15:00:00,Incident Created,INC-04462,SUSTAINABILITY_INCIDENT
2025-10-13 15:00:00,Escalated,INC-04462,Supervisor
2025-10-13 15:30:00,Resolved,INC-04459,Incident Closed
2025-10-13 15:30:00,Incident Created,INC-04463,SUSTAINABILITY_INCIDENT
2025-10-13 15:30:00,Escalated,INC-04463,Supervisor
2025-10-13 16:00:00,Resolved,INC-04460,Incident Closed
2025-10-13 16:00:00,Incident Created,INC-04464,SUSTAINABILITY_INCIDENT
2025-10-13 16:00:00,Escalated,INC-04464,Supervisor
2025-10-13 16:30:00,Resolved,INC-04461,Incident Closed
2025-10-13 16:30:00,Escalated,INC-04465,Supervisor
2025-10-13 16:30:00,Incident Created,INC-04465,SUSTAINABILITY_INCIDENT
2025-10-13 17:00:00,Resolved,INC-04462,Incident Closed
2025-10-13 17:00:00,Escalated,INC-04466,Supervisor
2025-10-13 17:00:00,Incident Created,INC-04466,SUSTAINABILITY_INCIDENT
2025-10-13 17:30:00,Resolved,INC-04463,Incident Closed
2025-10-13 17:30:00,Escalated,INC-04467,Supervisor
2025-10-13 17:30:00,Incident Created,INC-04467,SUSTAINABILITY_INCIDENT
2025-10-13 18:00:00,Resolved,INC-04464,Incident Closed
2025-10-13 18:00:00,Incident Created,INC-04468,SUSTAINABILITY_INCIDENT
2025-10-13 18:00:00,Escalated,INC-04468,Supervisor
2025-10-13 18:30:00,Resolved,INC-04465,Incident Closed
2025-10-13 18:30:00,Incident Created,INC-04469,SUSTAINABILITY_INCIDENT
2025-10-13 18:30:00,Escalated,INC-04469,Supervisor
2025-10-13 19:00:00,Resolved,INC-04466,Incident Closed
2025-10-13 19:00:00,Incident Created,INC-04470,SUSTAINABILITY_INCIDENT
2025-10-13 19:00:00,Escalated,INC-04470,Supervisor
2025-10-13 19:30:00,Resolved,INC-04467,Incident Closed
2025-10-13 19:30:00,Incident Created,INC-04471,SUSTAINABILITY_INCIDENT
2025-10-13 19:30:00,Escalated,INC-04471,Supervisor
2025-10-13 20:00:00,Resolved,INC-04468,Incident Closed
2025-10-13 20:00:00,Escalated,INC-04472,Supervisor
2025-10-13 20:00:00,Incident Created,INC-04472,SUSTAINABILITY_INCIDENT
2025-10-13 20:30:00,Resolved,INC-04469,Incident Closed
2025-10-13 20:30:00,Incident Created,INC-04473,SUSTAINABILITY_INCIDENT
2025-10-13 20:30:00,Escalated,INC-04473,Supervisor
2025-10-13 21:00:00,Resolved,INC-04470,Incident Closed
2025-10-13 21:00:00,Incident Created,INC-04474,SUSTAINABILITY_INCIDENT
2025-10-13 21:00:00,Escalated,INC-04474,Supervisor
2025-10-13 21:30:00,Resolved,INC-04471,Incident Closed
2025-10-13 21:30:00,Incident Created,INC-04475,SUSTAINABILITY_INCIDENT
2025-10-13 21:30:00,Escalated,INC-04475,Supervisor
2025-10-13 22:00:00,Resolved,INC-04472,Incident Closed
2025-10-13 22:00:00,Escalated,INC-04476,Supervisor
2025-10-13 22:00:00,Incident Created,INC-04476,SUSTAINABILITY_INCIDENT
2025-10-13 22:30:00,Resolved,INC-04473,Incident Closed
2025-10-13 22:30:00,Escalated,INC-04477,Supervisor
2025-10-13 22:30:00,Incident Created,INC-04477,SUSTAINABILITY_INCIDENT
2025-10-13 23:00:00,Resolved,INC-04474,Incident Closed
2025-10-13 23:00:00,Escalated,INC-04478,Supervisor
2025-10-13 23:00:00,Incident Created,INC-04478,SUSTAINABILITY_INCIDENT
2025-10-13 23:30:00,Resolved,INC-04475,Incident Closed
2025-10-13 23:30:00,Escalated,INC-04479,Supervisor
2025-10-13 23:30:00,Incident Created,INC-04479,SUSTAINABILITY_INCIDENT
2025-10-14 00:00:00,Resolved,INC-04476,Incident Closed
2025-10-14 00:00:00,Escalated,INC-04480,Supervisor
2025-10-14 00:00:00,Incident Created,INC-04480,SUSTAINABILITY_INCIDENT
2025-10-14 00:30:00,Resolved,INC-04477,Incident Closed
2025-10-14 00:30:00,Incident Created,INC-04481,SUSTAINABILITY_INCIDENT
2025-10-14 00:30:00,Escalated,INC-04481,Supervisor
2025-10-14 01:00:00,Resolved,INC-04478,Incident Closed
2025-10-14 01:00:00,Incident Created,INC-04482,SUSTAINABILITY_INCIDENT
2025-10-14 01:00:00,Escalated,INC-04482,Supervisor
2025-10-14 01:30:00,Resolved,INC-04479,Incident Closed
2025-10-14 01:30:00,Escalated,INC-04483,Supervisor
2025-10-14 01:30:00,Incident Created,INC-04483,SUSTAINABILITY_INCIDENT
2025-10-14 02:00:00,Resolved,INC-04480,Incident Closed
2025-10-14 02:00:00,Incident Created,INC-04484,SUSTAINABILITY_INCIDENT
2025-10-14 02:00:00,Escalated,INC-04484,Supervisor
2025-10-14 02:30:00,Resolved,INC-04481,Incident Closed
2025-10-14 02:30:00,Escalated,INC-04485,Supervisor
2025-10-14 02:30:00,Incident Created,INC-04485,SUSTAINABILITY_INCIDENT
2025-10-14 03:00:00,Resolved,INC-04482,Incident Closed
2025-10-14 03:00:00,Escalated,INC-04486,Supervisor
2025-10-14 03:00:00,Incident Created,INC-04486,SUSTAINABILITY_INCIDENT
2025-10-14 03:30:00,Resolved,INC-04483,Incident Closed
2025-10-14 03:30:00,Escalated,INC-04487,Supervisor
2025-10-14 03:30:00,Incident Created,INC-04487,SUSTAINABILITY_INCIDENT
2025-10-14 04:00:00,Resolved,INC-04484,Incident Closed
2025-10-14 04:00:00,Escalated,INC-04488,Supervisor
2025-10-14 04:00:00,Incident Created,INC-04488,SUSTAINABILITY_INCIDENT
2025-10-14 04:30:00,Resolved,INC-04485,Incident Closed
2025-10-14 04:30:00,Incident Created,INC-04489,SUSTAINABILITY_INCIDENT
2025-10-14 04:30:00,Escalated,INC-04489,Supervisor
2025-10-14 05:00:00,Resolved,INC-04486,Incident Closed
2025-10-14 05:00:00,Escalated,INC-04490,Supervisor
2025-10-14 05:00:00,Incident Created,INC-04490,SUSTAINABILITY_INCIDENT
2025-10-14 05:30:00,Resolved,INC-04487,Incident Closed
2025-10-14 05:30:00,Incident Created,INC-04491,SUSTAINABILITY_INCIDENT
2025-10-14 05:30:00,Escalated,INC-04491,Supervisor
2025-10-14 06:00:00,Resolved,INC-04488,Incident Closed
2025-10-14 06:00:00,Incident Created,INC-04492,SUSTAINABILITY_INCIDENT
2025-10-14 06:00:00,Escalated,INC-04492,Supervisor
2025-10-14 06:30:00,Resolved,INC-04489,Incident Closed
2025-10-14 06:30:00,Incident Created,INC-04493,SUSTAINABILITY_INCIDENT
2025-10-14 06:30:00,Escalated,INC-04493,Supervisor
2025-10-14 07:00:00,Resolved,INC-04490,Incident Closed
2025-10-14 07:00:00,Escalated,INC-04494,Supervisor
2025-10-14 07:00:00,Incident Created,INC-04494,SUSTAINABILITY_INCIDENT
2025-10-14 07:30:00,Resolved,INC-04491,Incident Closed
2025-10-14 07:30:00,Escalated,INC-04495,Supervisor
2025-10-14 07:30:00,Incident Created,INC-04495,SUSTAINABILITY_INCIDENT
2025-10-14 08:00:00,Resolved,INC-04492,Incident Closed
2025-10-14 08:00:00,Escalated,INC-04496,Supervisor
2025-10-14 08:00:00,Incident Created,INC-04496,SUSTAINABILITY_INCIDENT
2025-10-14 08:30:00,Resolved,INC-04493,Incident Closed
2025-10-14 08:30:00,Escalated,INC-04497,Supervisor
2025-10-14 08:30:00,Incident Created,INC-04497,SUSTAINABILITY_INCIDENT
2025-10-14 09:00:00,Resolved,INC-04494,Incident Closed
2025-10-14 09:00:00,Incident Created,INC-04498,SUSTAINABILITY_INCIDENT
2025-10-14 09:00:00,Escalated,INC-04498,Supervisor
2025-10-14 09:30:00,Resolved,INC-04495,Incident Closed
2025-10-14 09:30:00,Incident Created,INC-04499,SUSTAINABILITY_INCIDENT
2025-10-14 09:30:00,Escalated,INC-04499,Supervisor
2025-10-14 10:00:00,Resolved,INC-04496,Incident Closed
2025-10-14 10:00:00,Incident Created,INC-04500,SUSTAINABILITY_INCIDENT
2025-10-14 10:00:00,Escalated,INC-04500,Supervisor
2025-10-14 10:30:00,Resolved,INC-04497,Incident Closed
2025-10-14 10:30:00,Escalated,INC-04501,Supervisor
2025-10-14 10:30:00,Incident Created,INC-04501,SUSTAINABILITY_INCIDENT
2025-10-14 11:00:00,Resolved,INC-04498,Incident Closed
2025-10-14 11:00:00,Escalated,INC-04502,Supervisor
2025-10-14 11:00:00,Incident Created,INC-04502,SUSTAINABILITY_INCIDENT
2025-10-14 11:30:00,Resolved,INC-04499,Incident Closed
2025-10-14 11:30:00,Escalated,INC-04503,Supervisor
2025-10-14 11:30:00,Incident Created,INC-04503,SUSTAINABILITY_INCIDENT
2025-10-14 12:00:00,Resolved,INC-04500,Incident Closed
2025-10-14 12:00:00,Escalated,INC-04504,Supervisor
2025-10-14 12:00:00,Incident Created,INC-04504,SUSTAINABILITY_INCIDENT
2025-10-14 12:30:00,Resolved,INC-04501,Incident Closed
2025-10-14 12:30:00,Escalated,INC-04505,Supervisor
2025-10-14 12:30:00,Incident Created,INC-04505,SUSTAINABILITY_INCIDENT
2025-10-14 13:00:00,Resolved,INC-04502,Incident Closed
2025-10-14 13:00:00,Incident Created,INC-04506,SUSTAINABILITY_INCIDENT
2025-10-14 13:00:00,Escalated,INC-04506,Supervisor
2025-10-14 13:30:00,Resolved,INC-04503,Incident Closed
2025-10-14 13:30:00,Incident Created,INC-04507,SUSTAINABILITY_INCIDENT
2025-10-14 13:30:00,Escalated,INC-04507,Supervisor
2025-10-14 13:30:00,Incident Created,INC-04508,OPERATIONAL_RISK_INCIDENT
2025-10-14 13:30:00,Escalated,INC-04508,Regional Controller
2025-10-14 14:00:00,Resolved,INC-04504,Incident Closed
2025-10-14 14:00:00,Escalated,INC-04509,Supervisor
2025-10-14 14:00:00,Incident Created,INC-04509,SUSTAINABILITY_INCIDENT
2025-10-14 14:30:00,Resolved,INC-04505,Incident Closed
2025-10-14 14:30:00,Escalated,INC-04510,Supervisor
2025-10-14 14:30:00,Incident Created,INC-04510,SUSTAINABILITY_INCIDENT
2025-10-14 15:00:00,Resolved,INC-04506,Incident Closed
2025-10-14 15:00:00,Escalated,INC-04511,Supervisor
2025-10-14 15:00:00,Incident Created,INC-04511,SUSTAINABILITY_INCIDENT
2025-10-14 15:30:00,Resolved,INC-04507,Incident Closed
2025-10-14 15:30:00,Resolved,INC-04508,Incident Closed
2025-10-14 15:30:00,Escalated,INC-04512,Supervisor
2025-10-14 15:30:00,Incident Created,INC-04512,SUSTAINABILITY_INCIDENT
2025-10-14 16:00:00,Resolved,INC-04509,Incident Closed
2025-10-14 16:00:00,Incident Created,INC-04513,SUSTAINABILITY_INCIDENT
2025-10-14 16:00:00,Escalated,INC-04513,Supervisor
2025-10-14 16:30:00,Resolved,INC-04510,Incident Closed
2025-10-14 16:30:00,Incident Created,INC-04514,SUSTAINABILITY_INCIDENT
2025-10-14 16:30:00,Escalated,INC-04514,Supervisor
2025-10-14 17:00:00,Resolved,INC-04511,Incident Closed
2025-10-14 17:00:00,Incident Created,INC-04515,SUSTAINABILITY_INCIDENT
2025-10-14 17:00:00,Escalated,INC-04515,Supervisor
2025-10-14 17:30:00,Resolved,INC-04512,Incident Closed
2025-10-14 17:30:00,Incident Created,INC-04516,SUSTAINABILITY_INCIDENT
2025-10-14 17:30:00,Escalated,INC-04516,Supervisor
2025-10-14 18:00:00,Resolved,INC-04513,Incident Closed
2025-10-14 18:00:00,Escalated,INC-04517,Supervisor
2025-10-14 18:00:00,Incident Created,INC-04517,SUSTAINABILITY_INCIDENT
2025-10-14 18:30:00,Resolved,INC-04514,Incident Closed
2025-10-14 18:30:00,Escalated,INC-04518,Supervisor
2025-10-14 18:30:00,Incident Created,INC-04518,SUSTAINABILITY_INCIDENT
2025-10-14 19:00:00,Resolved,INC-04515,Incident Closed
2025-10-14 19:00:00,Incident Created,INC-04519,SUSTAINABILITY_INCIDENT
2025-10-14 19:00:00,Escalated,INC-04519,Supervisor
2025-10-14 19:30:00,Resolved,INC-04516,Incident Closed
2025-10-14 19:30:00,Escalated,INC-04520,Supervisor
2025-10-14 19:30:00,Incident Created,INC-04520,SUSTAINABILITY_INCIDENT
2025-10-14 20:00:00,Resolved,INC-04517,Incident Closed
2025-10-14 20:00:00,Escalated,INC-04521,Supervisor
2025-10-14 20:00:00,Incident Created,INC-04521,SUSTAINABILITY_INCIDENT
2025-10-14 20:30:00,Resolved,INC-04518,Incident Closed
2025-10-14 20:30:00,Incident Created,INC-04522,SUSTAINABILITY_INCIDENT
2025-10-14 20:30:00,Escalated,INC-04522,Supervisor
2025-10-14 21:00:00,Resolved,INC-04519,Incident Closed
2025-10-14 21:00:00,Incident Created,INC-04523,SUSTAINABILITY_INCIDENT
2025-10-14 21:00:00,Escalated,INC-04523,Supervisor
2025-10-14 21:30:00,Resolved,INC-04520,Incident Closed
2025-10-14 21:30:00,Incident Created,INC-04524,SUSTAINABILITY_INCIDENT
2025-10-14 21:30:00,Escalated,INC-04524,Supervisor
2025-10-14 22:00:00,Resolved,INC-04521,Incident Closed
2025-10-14 22:00:00,Incident Created,INC-04525,SUSTAINABILITY_INCIDENT
2025-10-14 22:00:00,Escalated,INC-04525,Supervisor
2025-10-14 22:30:00,Resolved,INC-04522,Incident Closed
2025-10-14 22:30:00,Incident Created,INC-04526,SUSTAINABILITY_INCIDENT
2025-10-14 22:30:00,Escalated,INC-04526,Supervisor
2025-10-14 23:00:00,Resolved,INC-04523,Incident Closed
2025-10-14 23:00:00,Incident Created,INC-04527,SUSTAINABILITY_INCIDENT
2025-10-14 23:00:00,Escalated,INC-04527,Supervisor
2025-10-14 23:30:00,Resolved,INC-04524,Incident Closed
2025-10-14 23:30:00,Incident Created,INC-04528,SUSTAINABILITY_INCIDENT
2025-10-14 23:30:00,Escalated,INC-04528,Supervisor
2025-10-15 00:00:00,Resolved,INC-04525,Incident Closed
2025-10-15 00:00:00,Incident Created,INC-04529,SUSTAINABILITY_INCIDENT
2025-10-15 00:00:00,Escalated,INC-04529,Supervisor
2025-10-15 00:30:00,Resolved,INC-04526,Incident Closed
2025-10-15 00:30:00,Incident Created,INC-04530,SUSTAINABILITY_INCIDENT
2025-10-15 00:30:00,Escalated,INC-04530,Supervisor
2025-10-15 01:00:00,Resolved,INC-04527,Incident Closed
2025-10-15 01:00:00,Incident Created,INC-04531,SUSTAINABILITY_INCIDENT
2025-10-15 01:00:00,Escalated,INC-04531,Supervisor
2025-10-15 01:30:00,Resolved,INC-04528,Incident Closed
2025-10-15 01:30:00,Incident Created,INC-04532,SUSTAINABILITY_INCIDENT
2025-10-15 01:30:00,Escalated,INC-04532,Supervisor
2025-10-15 02:00:00,Resolved,INC-04529,Incident Closed
2025-10-15 02:00:00,Escalated,INC-04533,Supervisor
2025-10-15 02:00:00,Incident Created,INC-04533,SUSTAINABILITY_INCIDENT
2025-10-15 02:30:00,Resolved,INC-04530,Incident Closed
2025-10-15 02:30:00,Escalated,INC-04534,Supervisor
2025-10-15 02:30:00,Incident Created,INC-04534,SUSTAINABILITY_INCIDENT
2025-10-15 03:00:00,Resolved,INC-04531,Incident Closed
2025-10-15 03:00:00,Escalated,INC-04535,Supervisor
2025-10-15 03:00:00,Incident Created,INC-04535,SUSTAINABILITY_INCIDENT
2025-10-15 03:30:00,Resolved,INC-04532,Incident Closed
2025-10-15 03:30:00,Escalated,INC-04536,Supervisor
2025-10-15 03:30:00,Incident Created,INC-04536,SUSTAINABILITY_INCIDENT
2025-10-15 04:00:00,Resolved,INC-04533,Incident Closed
2025-10-15 04:00:00,Escalated,INC-04537,Supervisor
2025-10-15 04:00:00,Incident Created,INC-04537,SUSTAINABILITY_INCIDENT
2025-10-15 04:30:00,Resolved,INC-04534,Incident Closed
2025-10-15 04:30:00,Incident Created,INC-04538,SUSTAINABILITY_INCIDENT
2025-10-15 04:30:00,Escalated,INC-04538,Supervisor
2025-10-15 05:00:00,Resolved,INC-04535,Incident Closed
2025-10-15 05:00:00,Incident Created,INC-04539,SUSTAINABILITY_INCIDENT
2025-10-15 05:00:00,Escalated,INC-04539,Supervisor
2025-10-15 05:30:00,Resolved,INC-04536,Incident Closed
2025-10-15 05:30:00,Incident Created,INC-04540,SUSTAINABILITY_INCIDENT
2025-10-15 05:30:00,Escalated,INC-04540,Supervisor
2025-10-15 06:00:00,Resolved,INC-04537,Incident Closed
2025-10-15 06:00:00,Incident Created,INC-04541,SUSTAINABILITY_INCIDENT
2025-10-15 06:00:00,Escalated,INC-04541,Supervisor
2025-10-15 06:30:00,Resolved,INC-04538,Incident Closed
2025-10-15 06:30:00,Escalated,INC-04542,Supervisor
2025-10-15 06:30:00,Incident Created,INC-04542,SUSTAINABILITY_INCIDENT
2025-10-15 07:00:00,Resolved,INC-04539,Incident Closed
2025-10-15 07:00:00,Escalated,INC-04543,Supervisor
2025-10-15 07:00:00,Incident Created,INC-04543,SUSTAINABILITY_INCIDENT
2025-10-15 07:30:00,Resolved,INC-04540,Incident Closed
2025-10-15 07:30:00,Escalated,INC-04544,Supervisor
2025-10-15 07:30:00,Incident Created,INC-04544,SUSTAINABILITY_INCIDENT
2025-10-15 08:00:00,Resolved,INC-04541,Incident Closed
2025-10-15 08:00:00,Incident Created,INC-04545,SUSTAINABILITY_INCIDENT
2025-10-15 08:00:00,Escalated,INC-04545,Supervisor
2025-10-15 08:30:00,Resolved,INC-04542,Incident Closed
2025-10-15 08:30:00,Incident Created,INC-04546,SUSTAINABILITY_INCIDENT
2025-10-15 08:30:00,Escalated,INC-04546,Supervisor
2025-10-15 09:00:00,Resolved,INC-04543,Incident Closed
2025-10-15 09:00:00,Incident Created,INC-04547,SUSTAINABILITY_INCIDENT
2025-10-15 09:00:00,Escalated,INC-04547,Supervisor
2025-10-15 09:30:00,Resolved,INC-04544,Incident Closed
2025-10-15 09:30:00,Escalated,INC-04548,Supervisor
2025-10-15 09:30:00,Incident Created,INC-04548,SUSTAINABILITY_INCIDENT
2025-10-15 10:00:00,Resolved,INC-04545,Incident Closed
2025-10-15 10:00:00,Escalated,INC-04549,Supervisor
2025-10-15 10:00:00,Incident Created,INC-04549,SUSTAINABILITY_INCIDENT
2025-10-15 10:00:00,Escalated,INC-04550,Regional Controller
2025-10-15 10:00:00,Incident Created,INC-04550,OPERATIONAL_RISK_INCIDENT
2025-10-15 10:30:00,Resolved,INC-04546,Incident Closed
2025-10-15 10:30:00,Escalated,INC-04551,Supervisor
2025-10-15 10:30:00,Incident Created,INC-04551,SUSTAINABILITY_INCIDENT
2025-10-15 11:00:00,Resolved,INC-04547,Incident Closed
2025-10-15 11:00:00,Escalated,INC-04552,Supervisor
2025-10-15 11:00:00,Incident Created,INC-04552,SUSTAINABILITY_INCIDENT
2025-10-15 11:30:00,Resolved,INC-04548,Incident Closed
2025-10-15 11:30:00,Incident Created,INC-04553,SUSTAINABILITY_INCIDENT
2025-10-15 11:30:00,Escalated,INC-04553,Supervisor
2025-10-15 11:30:00,Incident Created,INC-04554,OPERATIONAL_RISK_INCIDENT
2025-10-15 11:30:00,Escalated,INC-04554,Regional Controller
2025-10-15 12:00:00,Resolved,INC-04549,Incident Closed
2025-10-15 12:00:00,Resolved,INC-04550,Incident Closed
2025-10-15 12:00:00,Escalated,INC-04555,Supervisor
2025-10-15 12:00:00,Incident Created,INC-04555,SUSTAINABILITY_INCIDENT
2025-10-15 12:00:00,Escalated,INC-04556,Regional Controller
2025-10-15 12:00:00,Incident Created,INC-04556,OPERATIONAL_RISK_INCIDENT
2025-10-15 12:30:00,Resolved,INC-04551,Incident Closed
2025-10-15 12:30:00,Escalated,INC-04557,Supervisor
2025-10-15 12:30:00,Incident Created,INC-04557,SUSTAINABILITY_INCIDENT
2025-10-15 12:30:00,Escalated,INC-04558,Regional Controller
2025-10-15 12:30:00,Incident Created,INC-04558,OPERATIONAL_RISK_INCIDENT
2025-10-15 13:00:00,Resolved,INC-04552,Incident Closed
2025-10-15 13:00:00,Escalated,INC-04559,Supervisor
2025-10-15 13:00:00,Incident Created,INC-04559,SUSTAINABILITY_INCIDENT
2025-10-15 13:00:00,Incident Created,INC-04560,OPERATIONAL_RISK_INCIDENT
2025-10-15 13:00:00,Escalated,INC-04560,Regional Controller
2025-10-15 13:30:00,Resolved,INC-04553,Incident Closed
2025-10-15 13:30:00,Resolved,INC-04554,Incident Closed
2025-10-15 13:30:00,Escalated,INC-04561,Supervisor
2025-10-15 13:30:00,Incident Created,INC-04561,SUSTAINABILITY_INCIDENT
2025-10-15 13:30:00,Escalated,INC-04562,Regional Controller
2025-10-15 13:30:00,Incident Created,INC-04562,OPERATIONAL_RISK_INCIDENT
2025-10-15 14:00:00,Resolved,INC-04555,Incident Closed
2025-10-15 14:00:00,Resolved,INC-04556,Incident Closed
2025-10-15 14:00:00,Escalated,INC-04563,Supervisor
2025-10-15 14:00:00,Incident Created,INC-04563,SUSTAINABILITY_INCIDENT
2025-10-15 14:00:00,Escalated,INC-04564,Regional Controller
2025-10-15 14:00:00,Incident Created,INC-04564,OPERATIONAL_RISK_INCIDENT
2025-10-15 14:30:00,Resolved,INC-04557,Incident Closed
2025-10-15 14:30:00,Resolved,INC-04558,Incident Closed
2025-10-15 14:30:00,Incident Created,INC-04565,SUSTAINABILITY_INCIDENT
2025-10-15 14:30:00,Escalated,INC-04565,Supervisor
2025-10-15 15:00:00,Resolved,INC-04559,Incident Closed
2025-10-15 15:00:00,Resolved,INC-04560,Incident Closed
2025-10-15 15:00:00,Escalated,INC-04566,Supervisor
2025-10-15 15:00:00,Incident Created,INC-04566,SUSTAINABILITY_INCIDENT
2025-10-15 15:30:00,Resolved,INC-04561,Incident Closed
2025-10-15 15:30:00,Resolved,INC-04562,Incident Closed
2025-10-15 15:30:00,Escalated,INC-04567,Supervisor
2025-10-15 15:30:00,Incident Created,INC-04567,SUSTAINABILITY_INCIDENT
2025-10-15 16:00:00,Resolved,INC-04563,Incident Closed
2025-10-15 16:00:00,Resolved,INC-04564,Incident Closed
2025-10-15 16:00:00,Incident Created,INC-04568,SUSTAINABILITY_INCIDENT
2025-10-15 16:00:00,Escalated,INC-04568,Supervisor
2025-10-15 16:30:00,Resolved,INC-04565,Incident Closed
2025-10-15 16:30:00,Incident Created,INC-04569,SUSTAINABILITY_INCIDENT
2025-10-15 16:30:00,Escalated,INC-04569,Supervisor
2025-10-15 17:00:00,Resolved,INC-04566,Incident Closed
2025-10-15 17:00:00,Escalated,INC-04570,Supervisor
2025-10-15 17:00:00,Incident Created,INC-04570,SUSTAINABILITY_INCIDENT
2025-10-15 17:30:00,Resolved,INC-04567,Incident Closed
2025-10-15 17:30:00,Incident Created,INC-04571,SUSTAINABILITY_INCIDENT
2025-10-15 17:30:00,Escalated,INC-04571,Supervisor
2025-10-15 18:00:00,Resolved,INC-04568,Incident Closed
2025-10-15 18:00:00,Escalated,INC-04572,Supervisor
2025-10-15 18:00:00,Incident Created,INC-04572,SUSTAINABILITY_INCIDENT
2025-10-15 18:30:00,Resolved,INC-04569,Incident Closed
2025-10-15 18:30:00,Escalated,INC-04573,Supervisor
2025-10-15 18:30:00,Incident Created,INC-04573,SUSTAINABILITY_INCIDENT
2025-10-15 19:00:00,Resolved,INC-04570,Incident Closed
2025-10-15 19:00:00,Escalated,INC-04574,Supervisor
2025-10-15 19:00:00,Incident Created,INC-04574,SUSTAINABILITY_INCIDENT
2025-10-15 19:30:00,Resolved,INC-04571,Incident Closed
2025-10-15 19:30:00,Incident Created,INC-04575,SUSTAINABILITY_INCIDENT
2025-10-15 19:30:00,Escalated,INC-04575,Supervisor
2025-10-15 20:00:00,Resolved,INC-04572,Incident Closed
2025-10-15 20:00:00,Incident Created,INC-04576,SUSTAINABILITY_INCIDENT
2025-10-15 20:00:00,Escalated,INC-04576,Supervisor
2025-10-15 20:30:00,Resolved,INC-04573,Incident Closed
2025-10-15 20:30:00,Escalated,INC-04577,Supervisor
2025-10-15 20:30:00,Incident Created,INC-04577,SUSTAINABILITY_INCIDENT
2025-10-15 21:00:00,Resolved,INC-04574,Incident Closed
2025-10-15 21:00:00,Incident Created,INC-04578,SUSTAINABILITY_INCIDENT
2025-10-15 21:00:00,Escalated,INC-04578,Supervisor
2025-10-15 21:30:00,Resolved,INC-04575,Incident Closed
2025-10-15 21:30:00,Incident Created,INC-04579,SUSTAINABILITY_INCIDENT
2025-10-15 21:30:00,Escalated,INC-04579,Supervisor
2025-10-15 22:00:00,Resolved,INC-04576,Incident Closed
2025-10-15 22:00:00,Incident Created,INC-04580,SUSTAINABILITY_INCIDENT
2025-10-15 22:00:00,Escalated,INC-04580,Supervisor
2025-10-15 22:30:00,Resolved,INC-04577,Incident Closed
2025-10-15 22:30:00,Escalated,INC-04581,Supervisor
2025-10-15 22:30:00,Incident Created,INC-04581,SUSTAINABILITY_INCIDENT
2025-10-15 23:00:00,Resolved,INC-04578,Incident Closed
2025-10-15 23:00:00,Escalated,INC-04582,Supervisor
2025-10-15 23:00:00,Incident Created,INC-04582,SUSTAINABILITY_INCIDENT
2025-10-15 23:30:00,Resolved,INC-04579,Incident Closed
2025-10-15 23:30:00,Escalated,INC-04583,Supervisor
2025-10-15 23:30:00,Incident Created,INC-04583,SUSTAINABILITY_INCIDENT
2025-10-16 00:00:00,Resolved,INC-04580,Incident Closed
2025-10-16 00:00:00,Incident Created,INC-04584,SUSTAINABILITY_INCIDENT
2025-10-16 00:00:00,Escalated,INC-04584,Supervisor
2025-10-16 00:30:00,Resolved,INC-04581,Incident Closed
2025-10-16 00:30:00,Incident Created,INC-04585,SUSTAINABILITY_INCIDENT
2025-10-16 00:30:00,Escalated,INC-04585,Supervisor
2025-10-16 01:00:00,Resolved,INC-04582,Incident Closed
2025-10-16 01:00:00,Incident Created,INC-04586,SUSTAINABILITY_INCIDENT
2025-10-16 01:00:00,Escalated,INC-04586,Supervisor
2025-10-16 01:30:00,Resolved,INC-04583,Incident Closed
2025-10-16 01:30:00,Escalated,INC-04587,Supervisor
2025-10-16 01:30:00,Incident Created,INC-04587,SUSTAINABILITY_INCIDENT
2025-10-16 02:00:00,Resolved,INC-04584,Incident Closed
2025-10-16 02:00:00,Incident Created,INC-04588,SUSTAINABILITY_INCIDENT
2025-10-16 02:00:00,Escalated,INC-04588,Supervisor
2025-10-16 02:30:00,Resolved,INC-04585,Incident Closed
2025-10-16 02:30:00,Escalated,INC-04589,Supervisor
2025-10-16 02:30:00,Incident Created,INC-04589,SUSTAINABILITY_INCIDENT
2025-10-16 03:00:00,Resolved,INC-04586,Incident Closed
2025-10-16 03:30:00,Resolved,INC-04587,Incident Closed
2025-10-16 04:00:00,Resolved,INC-04588,Incident Closed
2025-10-16 04:00:00,Incident Created,INC-04590,SUSTAINABILITY_INCIDENT
2025-10-16 04:00:00,Escalated,INC-04590,Supervisor
2025-10-16 04:30:00,Resolved,INC-04589,Incident Closed
2025-10-16 04:30:00,Incident Created,INC-04591,SUSTAINABILITY_INCIDENT
2025-10-16 04:30:00,Escalated,INC-04591,Supervisor
2025-10-16 05:00:00,Incident Created,INC-04592,SUSTAINABILITY_INCIDENT
2025-10-16 05:00:00,Escalated,INC-04592,Supervisor
2025-10-16 05:30:00,Incident Created,INC-04593,SUSTAINABILITY_INCIDENT
2025-10-16 05:30:00,Escalated,INC-04593,Supervisor
2025-10-16 06:00:00,Resolved,INC-04590,Incident Closed
2025-10-16 06:00:00,Incident Created,INC-04594,SUSTAINABILITY_INCIDENT
2025-10-16 06:00:00,Escalated,INC-04594,Supervisor
2025-10-16 06:30:00,Resolved,INC-04591,Incident Closed
2025-10-16 06:30:00,Incident Created,INC-04595,SUSTAINABILITY_INCIDENT
2025-10-16 06:30:00,Escalated,INC-04595,Supervisor
2025-10-16 07:00:00,Resolved,INC-04592,Incident Closed
2025-10-16 07:00:00,Escalated,INC-04596,Supervisor
2025-10-16 07:00:00,Incident Created,INC-04596,SUSTAINABILITY_INCIDENT
2025-10-16 07:30:00,Resolved,INC-04593,Incident Closed
2025-10-16 07:30:00,Escalated,INC-04597,Supervisor
2025-10-16 07:30:00,Incident Created,INC-04597,SUSTAINABILITY_INCIDENT
2025-10-16 08:00:00,Resolved,INC-04594,Incident Closed
2025-10-16 08:00:00,Incident Created,INC-04598,SUSTAINABILITY_INCIDENT
2025-10-16 08:00:00,Escalated,INC-04598,Supervisor
2025-10-16 08:30:00,Resolved,INC-04595,Incident Closed
2025-10-16 08:30:00,Escalated,INC-04599,Supervisor
2025-10-16 08:30:00,Incident Created,INC-04599,SUSTAINABILITY_INCIDENT
2025-10-16 09:00:00,Resolved,INC-04596,Incident Closed
2025-10-16 09:00:00,Incident Created,INC-04600,SUSTAINABILITY_INCIDENT
2025-10-16 09:00:00,Escalated,INC-04600,Supervisor
2025-10-16 09:30:00,Resolved,INC-04597,Incident Closed
2025-10-16 09:30:00,Escalated,INC-04601,Supervisor
2025-10-16 09:30:00,Incident Created,INC-04601,SUSTAINABILITY_INCIDENT
2025-10-16 10:00:00,Resolved,INC-04598,Incident Closed
2025-10-16 10:00:00,Incident Created,INC-04602,SUSTAINABILITY_INCIDENT
2025-10-16 10:00:00,Escalated,INC-04602,Supervisor
2025-10-16 10:30:00,Resolved,INC-04599,Incident Closed
2025-10-16 10:30:00,Incident Created,INC-04603,SUSTAINABILITY_INCIDENT
2025-10-16 10:30:00,Escalated,INC-04603,Supervisor
2025-10-16 11:00:00,Resolved,INC-04600,Incident Closed
2025-10-16 11:00:00,Incident Created,INC-04604,SUSTAINABILITY_INCIDENT
2025-10-16 11:00:00,Escalated,INC-04604,Supervisor
2025-10-16 11:30:00,Resolved,INC-04601,Incident Closed
2025-10-16 12:00:00,Resolved,INC-04602,Incident Closed
2025-10-16 12:00:00,Incident Created,INC-04605,SUSTAINABILITY_INCIDENT
2025-10-16 12:00:00,Escalated,INC-04605,Supervisor
2025-10-16 12:30:00,Resolved,INC-04603,Incident Closed
2025-10-16 12:30:00,Incident Created,INC-04606,SUSTAINABILITY_INCIDENT
2025-10-16 12:30:00,Escalated,INC-04606,Supervisor
2025-10-16 13:00:00,Resolved,INC-04604,Incident Closed
2025-10-16 13:00:00,Escalated,INC-04607,Supervisor
2025-10-16 13:00:00,Incident Created,INC-04607,SUSTAINABILITY_INCIDENT
2025-10-16 13:30:00,Incident Created,INC-04608,SUSTAINABILITY_INCIDENT
2025-10-16 13:30:00,Escalated,INC-04608,Supervisor
2025-10-16 14:00:00,Resolved,INC-04605,Incident Closed
2025-10-16 14:00:00,Incident Created,INC-04609,SUSTAINABILITY_INCIDENT
2025-10-16 14:00:00,Escalated,INC-04609,Supervisor
2025-10-16 14:30:00,Resolved,INC-04606,Incident Closed
2025-10-16 14:30:00,Incident Created,INC-04610,SUSTAINABILITY_INCIDENT
2025-10-16 14:30:00,Escalated,INC-04610,Supervisor
2025-10-16 15:00:00,Resolved,INC-04607,Incident Closed
2025-10-16 15:00:00,Incident Created,INC-04611,SUSTAINABILITY_INCIDENT
2025-10-16 15:00:00,Escalated,INC-04611,Supervisor
2025-10-16 15:30:00,Resolved,INC-04608,Incident Closed
2025-10-16 15:30:00,Incident Created,INC-04612,SUSTAINABILITY_INCIDENT
2025-10-16 15:30:00,Escalated,INC-04612,Supervisor
2025-10-16 16:00:00,Resolved,INC-04609,Incident Closed
2025-10-16 16:00:00,Escalated,INC-04613,Supervisor
2025-10-16 16:00:00,Incident Created,INC-04613,SUSTAINABILITY_INCIDENT
2025-10-16 16:30:00,Resolved,INC-04610,Incident Closed
2025-10-16 16:30:00,Escalated,INC-04614,Supervisor
2025-10-16 16:30:00,Incident Created,INC-04614,SUSTAINABILITY_INCIDENT
2025-10-16 17:00:00,Resolved,INC-04611,Incident Closed
2025-10-16 17:00:00,Escalated,INC-04615,Supervisor
2025-10-16 17:00:00,Incident Created,INC-04615,SUSTAINABILITY_INCIDENT
2025-10-16 17:30:00,Resolved,INC-04612,Incident Closed
2025-10-16 17:30:00,Escalated,INC-04616,Supervisor
2025-10-16 17:30:00,Incident Created,INC-04616,SUSTAINABILITY_INCIDENT
2025-10-16 18:00:00,Resolved,INC-04613,Incident Closed
2025-10-16 18:00:00,Escalated,INC-04617,Supervisor
2025-10-16 18:00:00,Incident Created,INC-04617,SUSTAINABILITY_INCIDENT
2025-10-16 18:30:00,Resolved,INC-04614,Incident Closed
2025-10-16 18:30:00,Incident Created,INC-04618,SUSTAINABILITY_INCIDENT
2025-10-16 18:30:00,Escalated,INC-04618,Supervisor
2025-10-16 19:00:00,Resolved,INC-04615,Incident Closed
2025-10-16 19:00:00,Incident Created,INC-04619,SUSTAINABILITY_INCIDENT
2025-10-16 19:00:00,Escalated,INC-04619,Supervisor
2025-10-16 19:30:00,Resolved,INC-04616,Incident Closed
2025-10-16 19:30:00,Incident Created,INC-04620,SUSTAINABILITY_INCIDENT
2025-10-16 19:30:00,Escalated,INC-04620,Supervisor
2025-10-16 20:00:00,Resolved,INC-04617,Incident Closed
2025-10-16 20:00:00,Incident Created,INC-04621,SUSTAINABILITY_INCIDENT
2025-10-16 20:00:00,Escalated,INC-04621,Supervisor
2025-10-16 20:30:00,Resolved,INC-04618,Incident Closed
2025-10-16 20:30:00,Incident Created,INC-04622,SUSTAINABILITY_INCIDENT
2025-10-16 20:30:00,Escalated,INC-04622,Supervisor
2025-10-16 21:00:00,Resolved,INC-04619,Incident Closed
2025-10-16 21:00:00,Incident Created,INC-04623,SUSTAINABILITY_INCIDENT
2025-10-16 21:00:00,Escalated,INC-04623,Supervisor
2025-10-16 21:30:00,Resolved,INC-04620,Incident Closed
2025-10-16 21:30:00,Escalated,INC-04624,Supervisor
2025-10-16 21:30:00,Incident Created,INC-04624,SUSTAINABILITY_INCIDENT
2025-10-16 22:00:00,Resolved,INC-04621,Incident Closed
2025-10-16 22:00:00,Escalated,INC-04625,Supervisor
2025-10-16 22:00:00,Incident Created,INC-04625,SUSTAINABILITY_INCIDENT
2025-10-16 22:30:00,Resolved,INC-04622,Incident Closed
2025-10-16 22:30:00,Escalated,INC-04626,Supervisor
2025-10-16 22:30:00,Incident Created,INC-04626,SUSTAINABILITY_INCIDENT
2025-10-16 23:00:00,Resolved,INC-04623,Incident Closed
2025-10-16 23:00:00,Incident Created,INC-04627,SUSTAINABILITY_INCIDENT
2025-10-16 23:00:00,Escalated,INC-04627,Supervisor
2025-10-16 23:30:00,Resolved,INC-04624,Incident Closed
2025-10-16 23:30:00,Incident Created,INC-04628,SUSTAINABILITY_INCIDENT
2025-10-16 23:30:00,Escalated,INC-04628,Supervisor
2025-10-17 00:00:00,Resolved,INC-04625,Incident Closed
2025-10-17 00:00:00,Incident Created,INC-04629,SUSTAINABILITY_INCIDENT
2025-10-17 00:00:00,Escalated,INC-04629,Supervisor
2025-10-17 00:30:00,Resolved,INC-04626,Incident Closed
2025-10-17 00:30:00,Escalated,INC-04630,Supervisor
2025-10-17 00:30:00,Incident Created,INC-04630,SUSTAINABILITY_INCIDENT
2025-10-17 01:00:00,Resolved,INC-04627,Incident Closed
2025-10-17 01:00:00,Escalated,INC-04631,Supervisor
2025-10-17 01:00:00,Incident Created,INC-04631,SUSTAINABILITY_INCIDENT
2025-10-17 01:30:00,Resolved,INC-04628,Incident Closed
2025-10-17 01:30:00,Escalated,INC-04632,Supervisor
2025-10-17 01:30:00,Incident Created,INC-04632,SUSTAINABILITY_INCIDENT
2025-10-17 02:00:00,Resolved,INC-04629,Incident Closed
2025-10-17 02:00:00,Escalated,INC-04633,Supervisor
2025-10-17 02:00:00,Incident Created,INC-04633,SUSTAINABILITY_INCIDENT
2025-10-17 02:30:00,Resolved,INC-04630,Incident Closed
2025-10-17 02:30:00,Escalated,INC-04634,Supervisor
2025-10-17 02:30:00,Incident Created,INC-04634,SUSTAINABILITY_INCIDENT
2025-10-17 03:00:00,Resolved,INC-04631,Incident Closed
2025-10-17 03:00:00,Incident Created,INC-04635,SUSTAINABILITY_INCIDENT
2025-10-17 03:00:00,Escalated,INC-04635,Supervisor
2025-10-17 03:30:00,Resolved,INC-04632,Incident Closed
2025-10-17 03:30:00,Incident Created,INC-04636,SUSTAINABILITY_INCIDENT
2025-10-17 03:30:00,Escalated,INC-04636,Supervisor
2025-10-17 04:00:00,Resolved,INC-04633,Incident Closed
2025-10-17 04:00:00,Escalated,INC-04637,Supervisor
2025-10-17 04:00:00,Incident Created,INC-04637,SUSTAINABILITY_INCIDENT
2025-10-17 04:30:00,Resolved,INC-04634,Incident Closed
2025-10-17 04:30:00,Escalated,INC-04638,Supervisor
2025-10-17 04:30:00,Incident Created,INC-04638,SUSTAINABILITY_INCIDENT
2025-10-17 05:00:00,Resolved,INC-04635,Incident Closed
2025-10-17 05:00:00,Escalated,INC-04639,Supervisor
2025-10-17 05:00:00,Incident Created,INC-04639,SUSTAINABILITY_INCIDENT
2025-10-17 05:30:00,Resolved,INC-04636,Incident Closed
2025-10-17 05:30:00,Escalated,INC-04640,Supervisor
2025-10-17 05:30:00,Incident Created,INC-04640,SUSTAINABILITY_INCIDENT
2025-10-17 06:00:00,Resolved,INC-04637,Incident Closed
2025-10-17 06:00:00,Incident Created,INC-04641,SUSTAINABILITY_INCIDENT
2025-10-17 06:00:00,Escalated,INC-04641,Supervisor
2025-10-17 06:30:00,Resolved,INC-04638,Incident Closed
2025-10-17 06:30:00,Incident Created,INC-04642,SUSTAINABILITY_INCIDENT
2025-10-17 06:30:00,Escalated,INC-04642,Supervisor
2025-10-17 07:00:00,Resolved,INC-04639,Incident Closed
2025-10-17 07:00:00,Incident Created,INC-04643,SUSTAINABILITY_INCIDENT
2025-10-17 07:00:00,Escalated,INC-04643,Supervisor
2025-10-17 07:30:00,Resolved,INC-04640,Incident Closed
2025-10-17 07:30:00,Incident Created,INC-04644,SUSTAINABILITY_INCIDENT
2025-10-17 07:30:00,Escalated,INC-04644,Supervisor
2025-10-17 08:00:00,Resolved,INC-04641,Incident Closed
2025-10-17 08:00:00,Incident Created,INC-04645,SUSTAINABILITY_INCIDENT
2025-10-17 08:00:00,Escalated,INC-04645,Supervisor
2025-10-17 08:30:00,Resolved,INC-04642,Incident Closed
2025-10-17 08:30:00,Escalated,INC-04646,Supervisor
2025-10-17 08:30:00,Incident Created,INC-04646,SUSTAINABILITY_INCIDENT
2025-10-17 09:00:00,Resolved,INC-04643,Incident Closed
2025-10-17 09:00:00,Escalated,INC-04647,Supervisor
2025-10-17 09:00:00,Incident Created,INC-04647,SUSTAINABILITY_INCIDENT
2025-10-17 09:30:00,Resolved,INC-04644,Incident Closed
2025-10-17 09:30:00,Incident Created,INC-04648,SUSTAINABILITY_INCIDENT
2025-10-17 09:30:00,Escalated,INC-04648,Supervisor
2025-10-17 10:00:00,Resolved,INC-04645,Incident Closed
2025-10-17 10:00:00,Escalated,INC-04649,Supervisor
2025-10-17 10:00:00,Incident Created,INC-04649,SUSTAINABILITY_INCIDENT
2025-10-17 10:30:00,Resolved,INC-04646,Incident Closed
2025-10-17 10:30:00,Escalated,INC-04650,Supervisor
2025-10-17 10:30:00,Incident Created,INC-04650,SUSTAINABILITY_INCIDENT
2025-10-17 11:00:00,Resolved,INC-04647,Incident Closed
2025-10-17 11:00:00,Incident Created,INC-04651,SUSTAINABILITY_INCIDENT
2025-10-17 11:00:00,Escalated,INC-04651,Supervisor
2025-10-17 11:30:00,Resolved,INC-04648,Incident Closed
2025-10-17 11:30:00,Incident Created,INC-04652,SUSTAINABILITY_INCIDENT
2025-10-17 11:30:00,Escalated,INC-04652,Supervisor
2025-10-17 12:00:00,Resolved,INC-04649,Incident Closed
2025-10-17 12:00:00,Incident Created,INC-04653,SUSTAINABILITY_INCIDENT
2025-10-17 12:00:00,Escalated,INC-04653,Supervisor
2025-10-17 12:30:00,Resolved,INC-04650,Incident Closed
2025-10-17 12:30:00,Incident Created,INC-04654,SUSTAINABILITY_INCIDENT
2025-10-17 12:30:00,Escalated,INC-04654,Supervisor
2025-10-17 13:00:00,Resolved,INC-04651,Incident Closed
2025-10-17 13:00:00,Incident Created,INC-04655,SUSTAINABILITY_INCIDENT
2025-10-17 13:00:00,Escalated,INC-04655,Supervisor
2025-10-17 13:30:00,Resolved,INC-04652,Incident Closed
2025-10-17 13:30:00,Incident Created,INC-04656,SUSTAINABILITY_INCIDENT
2025-10-17 13:30:00,Escalated,INC-04656,Supervisor
2025-10-17 14:00:00,Resolved,INC-04653,Incident Closed
2025-10-17 14:00:00,Incident Created,INC-04657,SUSTAINABILITY_INCIDENT
2025-10-17 14:00:00,Escalated,INC-04657,Supervisor
2025-10-17 14:30:00,Resolved,INC-04654,Incident Closed
2025-10-17 14:30:00,Incident Created,INC-04658,SUSTAINABILITY_INCIDENT
2025-10-17 14:30:00,Escalated,INC-04658,Supervisor
2025-10-17 15:00:00,Resolved,INC-04655,Incident Closed
2025-10-17 15:00:00,Incident Created,INC-04659,SUSTAINABILITY_INCIDENT
2025-10-17 15:00:00,Escalated,INC-04659,Supervisor
2025-10-17 15:30:00,Resolved,INC-04656,Incident Closed
2025-10-17 15:30:00,Incident Created,INC-04660,SUSTAINABILITY_INCIDENT
2025-10-17 15:30:00,Escalated,INC-04660,Supervisor
2025-10-17 16:00:00,Resolved,INC-04657,Incident Closed
2025-10-17 16:00:00,Incident Created,INC-04661,SUSTAINABILITY_INCIDENT
2025-10-17 16:00:00,Escalated,INC-04661,Supervisor
2025-10-17 16:30:00,Resolved,INC-04658,Incident Closed
2025-10-17 16:30:00,Escalated,INC-04662,Supervisor
2025-10-17 16:30:00,Incident Created,INC-04662,SUSTAINABILITY_INCIDENT
2025-10-17 17:00:00,Resolved,INC-04659,Incident Closed
2025-10-17 17:00:00,Escalated,INC-04663,Supervisor
2025-10-17 17:00:00,Incident Created,INC-04663,SUSTAINABILITY_INCIDENT
2025-10-17 17:30:00,Resolved,INC-04660,Incident Closed
2025-10-17 17:30:00,Escalated,INC-04664,Supervisor
2025-10-17 17:30:00,Incident Created,INC-04664,SUSTAINABILITY_INCIDENT
2025-10-17 18:00:00,Resolved,INC-04661,Incident Closed
2025-10-17 18:00:00,Escalated,INC-04665,Supervisor
2025-10-17 18:00:00,Incident Created,INC-04665,SUSTAINABILITY_INCIDENT
2025-10-17 18:30:00,Resolved,INC-04662,Incident Closed
2025-10-17 18:30:00,Escalated,INC-04666,Supervisor
2025-10-17 18:30:00,Incident Created,INC-04666,SUSTAINABILITY_INCIDENT
2025-10-17 19:00:00,Resolved,INC-04663,Incident Closed
2025-10-17 19:00:00,Incident Created,INC-04667,SUSTAINABILITY_INCIDENT
2025-10-17 19:00:00,Escalated,INC-04667,Supervisor
2025-10-17 19:30:00,Resolved,INC-04664,Incident Closed
2025-10-17 19:30:00,Escalated,INC-04668,Supervisor
2025-10-17 19:30:00,Incident Created,INC-04668,SUSTAINABILITY_INCIDENT
2025-10-17 20:00:00,Resolved,INC-04665,Incident Closed
2025-10-17 20:00:00,Incident Created,INC-04669,SUSTAINABILITY_INCIDENT
2025-10-17 20:00:00,Escalated,INC-04669,Supervisor
2025-10-17 20:30:00,Resolved,INC-04666,Incident Closed
2025-10-17 20:30:00,Incident Created,INC-04670,SUSTAINABILITY_INCIDENT
2025-10-17 20:30:00,Escalated,INC-04670,Supervisor
2025-10-17 21:00:00,Resolved,INC-04667,Incident Closed
2025-10-17 21:00:00,Incident Created,INC-04671,SUSTAINABILITY_INCIDENT
2025-10-17 21:00:00,Escalated,INC-04671,Supervisor
2025-10-17 21:30:00,Resolved,INC-04668,Incident Closed
2025-10-17 21:30:00,Escalated,INC-04672,Supervisor
2025-10-17 21:30:00,Incident Created,INC-04672,SUSTAINABILITY_INCIDENT
2025-10-17 22:00:00,Resolved,INC-04669,Incident Closed
2025-10-17 22:00:00,Escalated,INC-04673,Supervisor
2025-10-17 22:00:00,Incident Created,INC-04673,SUSTAINABILITY_INCIDENT
2025-10-17 22:30:00,Resolved,INC-04670,Incident Closed
2025-10-17 22:30:00,Escalated,INC-04674,Supervisor
2025-10-17 22:30:00,Incident Created,INC-04674,SUSTAINABILITY_INCIDENT
2025-10-17 23:00:00,Resolved,INC-04671,Incident Closed
2025-10-17 23:30:00,Resolved,INC-04672,Incident Closed
2025-10-18 00:00:00,Resolved,INC-04673,Incident Closed
2025-10-18 00:30:00,Resolved,INC-04674,Incident Closed
2025-10-19 03:00:00,Escalated,INC-04675,Operator
2025-10-19 03:00:00,Incident Created,INC-04675,OVER_GENERATION_INCIDENT
2025-10-19 03:30:00,Incident Created,INC-04676,OVER_GENERATION_INCIDENT
2025-10-19 03:30:00,Escalated,INC-04676,Operator
2025-10-19 04:00:00,Escalated,INC-04677,Operator
2025-10-19 04:00:00,Incident Created,INC-04677,OVER_GENERATION_INCIDENT
2025-10-19 04:30:00,Incident Created,INC-04678,OVER_GENERATION_INCIDENT
2025-10-19 04:30:00,Escalated,INC-04678,Operator
2025-10-19 05:00:00,Resolved,INC-04675,Incident Closed
2025-10-19 05:00:00,Incident Created,INC-04679,OVER_GENERATION_INCIDENT
2025-10-19 05:00:00,Escalated,INC-04679,Operator
2025-10-19 05:30:00,Resolved,INC-04676,Incident Closed
2025-10-19 05:30:00,Incident Created,INC-04680,OVER_GENERATION_INCIDENT
2025-10-19 05:30:00,Escalated,INC-04680,Operator
2025-10-19 06:00:00,Resolved,INC-04677,Incident Closed
2025-10-19 06:00:00,Incident Created,INC-04681,OVER_GENERATION_INCIDENT
2025-10-19 06:00:00,Escalated,INC-04681,Operator
2025-10-19 06:30:00,Resolved,INC-04678,Incident Closed
2025-10-19 06:30:00,Incident Created,INC-04682,OVER_GENERATION_INCIDENT
2025-10-19 06:30:00,Escalated,INC-04682,Operator
2025-10-19 07:00:00,Resolved,INC-04679,Incident Closed
2025-10-19 07:30:00,Resolved,INC-04680,Incident Closed
2025-10-19 08:00:00,Resolved,INC-04681,Incident Closed
2025-10-19 08:30:00,Resolved,INC-04682,Incident Closed
2025-10-19 09:00:00,Incident Created,INC-04683,CURTAILMENT_RISK_INCIDENT
2025-10-19 09:00:00,Escalated,INC-04683,Supervisor
2025-10-19 09:30:00,Incident Created,INC-04684,CURTAILMENT_RISK_INCIDENT
2025-10-19 09:30:00,Escalated,INC-04684,Supervisor
2025-10-19 10:00:00,Incident Created,INC-04685,CURTAILMENT_RISK_INCIDENT
2025-10-19 10:00:00,Escalated,INC-04685,Supervisor
2025-10-19 10:30:00,Incident Created,INC-04686,CURTAILMENT_RISK_INCIDENT
2025-10-19 10:30:00,Escalated,INC-04686,Supervisor
2025-10-19 11:00:00,Resolved,INC-04683,Incident Closed
2025-10-19 11:00:00,Incident Created,INC-04687,CURTAILMENT_RISK_INCIDENT
2025-10-19 11:00:00,Escalated,INC-04687,Supervisor
2025-10-19 11:30:00,Resolved,INC-04684,Incident Closed
2025-10-19 11:30:00,Incident Created,INC-04688,CURTAILMENT_RISK_INCIDENT
2025-10-19 11:30:00,Escalated,INC-04688,Supervisor
2025-10-19 12:00:00,Resolved,INC-04685,Incident Closed
2025-10-19 12:00:00,Incident Created,INC-04689,CURTAILMENT_RISK_INCIDENT
2025-10-19 12:00:00,Escalated,INC-04689,Supervisor
2025-10-19 12:30:00,Resolved,INC-04686,Incident Closed
2025-10-19 12:30:00,Incident Created,INC-04690,CURTAILMENT_RISK_INCIDENT
2025-10-19 12:30:00,Escalated,INC-04690,Supervisor
2025-10-19 13:00:00,Resolved,INC-04687,Incident Closed
2025-10-19 13:00:00,Incident Created,INC-04691,CURTAILMENT_RISK_INCIDENT
2025-10-19 13:00:00,Escalated,INC-04691,Supervisor
2025-10-19 13:30:00,Resolved,INC-04688,Incident Closed
2025-10-19 13:30:00,Incident Created,INC-04692,CURTAILMENT_RISK_INCIDENT
2025-10-19 13:30:00,Escalated,INC-04692,Supervisor
2025-10-19 14:00:00,Resolved,INC-04689,Incident Closed
2025-10-19 14:30:00,Resolved,INC-04690,Incident Closed
2025-10-19 15:00:00,Resolved,INC-04691,Incident Closed
2025-10-19 15:30:00,Resolved,INC-04692,Incident Closed
2025-10-22 14:30:00,Escalated,INC-04693,Supervisor
2025-10-22 14:30:00,Incident Created,INC-04693,SUSTAINABILITY_INCIDENT
2025-10-22 15:00:00,Incident Created,INC-04694,SUSTAINABILITY_INCIDENT
2025-10-22 15:00:00,Escalated,INC-04694,Supervisor
2025-10-22 15:30:00,Escalated,INC-04695,Supervisor
2025-10-22 15:30:00,Incident Created,INC-04695,SUSTAINABILITY_INCIDENT
2025-10-22 16:00:00,Escalated,INC-04696,Supervisor
2025-10-22 16:00:00,Incident Created,INC-04696,SUSTAINABILITY_INCIDENT
2025-10-22 16:30:00,Resolved,INC-04693,Incident Closed
2025-10-22 16:30:00,Escalated,INC-04697,Supervisor
2025-10-22 16:30:00,Incident Created,INC-04697,SUSTAINABILITY_INCIDENT
2025-10-22 17:00:00,Resolved,INC-04694,Incident Closed
2025-10-22 17:00:00,Escalated,INC-04698,Supervisor
2025-10-22 17:00:00,Incident Created,INC-04698,SUSTAINABILITY_INCIDENT
2025-10-22 17:30:00,Resolved,INC-04695,Incident Closed
2025-10-22 17:30:00,Incident Created,INC-04699,SUSTAINABILITY_INCIDENT
2025-10-22 17:30:00,Escalated,INC-04699,Supervisor
2025-10-22 18:00:00,Resolved,INC-04696,Incident Closed
2025-10-22 18:00:00,Incident Created,INC-04700,SUSTAINABILITY_INCIDENT
2025-10-22 18:00:00,Escalated,INC-04700,Supervisor
2025-10-22 18:30:00,Resolved,INC-04697,Incident Closed
2025-10-22 18:30:00,Escalated,INC-04701,Supervisor
2025-10-22 18:30:00,Incident Created,INC-04701,SUSTAINABILITY_INCIDENT
2025-10-22 19:00:00,Resolved,INC-04698,Incident Closed
2025-10-22 19:00:00,Escalated,INC-04702,Supervisor
2025-10-22 19:00:00,Incident Created,INC-04702,SUSTAINABILITY_INCIDENT
2025-10-22 19:30:00,Resolved,INC-04699,Incident Closed
2025-10-22 19:30:00,Escalated,INC-04703,Supervisor
2025-10-22 19:30:00,Incident Created,INC-04703,SUSTAINABILITY_INCIDENT
2025-10-22 20:00:00,Resolved,INC-04700,Incident Closed
2025-10-22 20:00:00,Escalated,INC-04704,Supervisor
2025-10-22 20:00:00,Incident Created,INC-04704,SUSTAINABILITY_INCIDENT
2025-10-22 20:30:00,Resolved,INC-04701,Incident Closed
2025-10-22 20:30:00,Escalated,INC-04705,Supervisor
2025-10-22 20:30:00,Incident Created,INC-04705,SUSTAINABILITY_INCIDENT
2025-10-22 21:00:00,Resolved,INC-04702,Incident Closed
2025-10-22 21:00:00,Escalated,INC-04706,Supervisor
2025-10-22 21:00:00,Incident Created,INC-04706,SUSTAINABILITY_INCIDENT
2025-10-22 21:30:00,Resolved,INC-04703,Incident Closed
2025-10-22 21:30:00,Escalated,INC-04707,Supervisor
2025-10-22 21:30:00,Incident Created,INC-04707,SUSTAINABILITY_INCIDENT
2025-10-22 22:00:00,Resolved,INC-04704,Incident Closed
2025-10-22 22:30:00,Resolved,INC-04705,Incident Closed
2025-10-22 23:00:00,Resolved,INC-04706,Incident Closed
2025-10-22 23:30:00,Resolved,INC-04707,Incident Closed
2025-10-23 10:30:00,Escalated,INC-04708,Supervisor
2025-10-23 10:30:00,Incident Created,INC-04708,CURTAILMENT_RISK_INCIDENT
2025-10-23 11:00:00,Incident Created,INC-04709,CURTAILMENT_RISK_INCIDENT
2025-10-23 11:00:00,Escalated,INC-04709,Supervisor
2025-10-23 11:30:00,Incident Created,INC-04710,CURTAILMENT_RISK_INCIDENT
2025-10-23 11:30:00,Escalated,INC-04710,Supervisor
2025-10-23 12:00:00,Incident Created,INC-04711,CURTAILMENT_RISK_INCIDENT
2025-10-23 12:00:00,Escalated,INC-04711,Supervisor
2025-10-23 12:30:00,Resolved,INC-04708,Incident Closed
2025-10-23 12:30:00,Incident Created,INC-04712,CURTAILMENT_RISK_INCIDENT
2025-10-23 12:30:00,Escalated,INC-04712,Supervisor
2025-10-23 13:00:00,Resolved,INC-04709,Incident Closed
2025-10-23 13:00:00,Escalated,INC-04713,Supervisor
2025-10-23 13:00:00,Incident Created,INC-04713,CURTAILMENT_RISK_INCIDENT
2025-10-23 13:30:00,Resolved,INC-04710,Incident Closed
2025-10-23 13:30:00,Escalated,INC-04714,Supervisor
2025-10-23 13:30:00,Incident Created,INC-04714,CURTAILMENT_RISK_INCIDENT
2025-10-23 14:00:00,Resolved,INC-04711,Incident Closed
2025-10-23 14:00:00,Incident Created,INC-04715,CURTAILMENT_RISK_INCIDENT
2025-10-23 14:00:00,Escalated,INC-04715,Supervisor
2025-10-23 14:30:00,Resolved,INC-04712,Incident Closed
2025-10-23 14:30:00,Escalated,INC-04716,Supervisor
2025-10-23 14:30:00,Incident Created,INC-04716,CURTAILMENT_RISK_INCIDENT
2025-10-23 15:00:00,Resolved,INC-04713,Incident Closed
2025-10-23 15:00:00,Incident Created,INC-04717,CURTAILMENT_RISK_INCIDENT
2025-10-23 15:00:00,Escalated,INC-04717,Supervisor
2025-10-23 15:30:00,Resolved,INC-04714,Incident Closed
2025-10-23 16:00:00,Resolved,INC-04715,Incident Closed
2025-10-23 16:30:00,Resolved,INC-04716,Incident Closed
2025-10-23 17:00:00,Resolved,INC-04717,Incident Closed
2025-10-24 08:30:00,Incident Created,INC-04718,CURTAILMENT_RISK_INCIDENT
2025-10-24 08:30:00,Escalated,INC-04718,Supervisor
2025-10-24 09:00:00,Escalated,INC-04719,Supervisor
2025-10-24 09:00:00,Incident Created,INC-04719,CURTAILMENT_RISK_INCIDENT
2025-10-24 09:30:00,Incident Created,INC-04720,CURTAILMENT_RISK_INCIDENT
2025-10-24 09:30:00,Escalated,INC-04720,Supervisor
2025-10-24 10:00:00,Escalated,INC-04721,Supervisor
2025-10-24 10:00:00,Incident Created,INC-04721,CURTAILMENT_RISK_INCIDENT
2025-10-24 10:30:00,Resolved,INC-04718,Incident Closed
2025-10-24 10:30:00,Incident Created,INC-04722,CURTAILMENT_RISK_INCIDENT
2025-10-24 10:30:00,Escalated,INC-04722,Supervisor
2025-10-24 11:00:00,Resolved,INC-04719,Incident Closed
2025-10-24 11:00:00,Escalated,INC-04723,Supervisor
2025-10-24 11:00:00,Incident Created,INC-04723,CURTAILMENT_RISK_INCIDENT
2025-10-24 11:30:00,Resolved,INC-04720,Incident Closed
2025-10-24 11:30:00,Escalated,INC-04724,Supervisor
2025-10-24 11:30:00,Incident Created,INC-04724,CURTAILMENT_RISK_INCIDENT
2025-10-24 12:00:00,Resolved,INC-04721,Incident Closed
2025-10-24 12:00:00,Escalated,INC-04725,Supervisor
2025-10-24 12:00:00,Incident Created,INC-04725,CURTAILMENT_RISK_INCIDENT
2025-10-24 12:30:00,Resolved,INC-04722,Incident Closed
2025-10-24 12:30:00,Escalated,INC-04726,Supervisor
2025-10-24 12:30:00,Incident Created,INC-04726,CURTAILMENT_RISK_INCIDENT
2025-10-24 13:00:00,Resolved,INC-04723,Incident Closed
2025-10-24 13:00:00,Incident Created,INC-04727,CURTAILMENT_RISK_INCIDENT
2025-10-24 13:00:00,Escalated,INC-04727,Supervisor
2025-10-24 13:30:00,Resolved,INC-04724,Incident Closed
2025-10-24 13:30:00,Escalated,INC-04728,Supervisor
2025-10-24 13:30:00,Incident Created,INC-04728,CURTAILMENT_RISK_INCIDENT
2025-10-24 14:00:00,Resolved,INC-04725,Incident Closed
2025-10-24 14:00:00,Incident Created,INC-04729,CURTAILMENT_RISK_INCIDENT
2025-10-24 14:00:00,Escalated,INC-04729,Supervisor
2025-10-24 14:30:00,Resolved,INC-04726,Incident Closed
2025-10-24 14:30:00,Escalated,INC-04730,Supervisor
2025-10-24 14:30:00,Incident Created,INC-04730,CURTAILMENT_RISK_INCIDENT
2025-10-24 15:00:00,Resolved,INC-04727,Incident Closed
2025-10-24 15:30:00,Resolved,INC-04728,Incident Closed
2025-10-24 16:00:00,Resolved,INC-04729,Incident Closed
2025-10-24 16:30:00,Resolved,INC-04730,Incident Closed
2025-10-25 04:00:00,Incident Created,INC-04731,OVER_GENERATION_INCIDENT
2025-10-25 04:00:00,Escalated,INC-04731,Operator
2025-10-25 04:30:00,Incident Created,INC-04732,OVER_GENERATION_INCIDENT
2025-10-25 04:30:00,Escalated,INC-04732,Operator
2025-10-25 05:00:00,Escalated,INC-04733,Operator
2025-10-25 05:00:00,Incident Created,INC-04733,OVER_GENERATION_INCIDENT
2025-10-25 05:00:00,Escalated,INC-04734,Supervisor
2025-10-25 05:00:00,Incident Created,INC-04734,CURTAILMENT_RISK_INCIDENT
2025-10-25 05:30:00,Escalated,INC-04735,Operator
2025-10-25 05:30:00,Incident Created,INC-04735,OVER_GENERATION_INCIDENT
2025-10-25 05:30:00,Escalated,INC-04736,Supervisor
2025-10-25 05:30:00,Incident Created,INC-04736,CURTAILMENT_RISK_INCIDENT
2025-10-25 06:00:00,Resolved,INC-04731,Incident Closed
2025-10-25 06:00:00,Incident Created,INC-04737,CURTAILMENT_RISK_INCIDENT
2025-10-25 06:00:00,Escalated,INC-04737,Supervisor
2025-10-25 06:30:00,Resolved,INC-04732,Incident Closed
2025-10-25 06:30:00,Escalated,INC-04738,Supervisor
2025-10-25 06:30:00,Incident Created,INC-04738,CURTAILMENT_RISK_INCIDENT
2025-10-25 07:00:00,Resolved,INC-04733,Incident Closed
2025-10-25 07:00:00,Resolved,INC-04734,Incident Closed
2025-10-25 07:00:00,Escalated,INC-04739,Supervisor
2025-10-25 07:00:00,Incident Created,INC-04739,CURTAILMENT_RISK_INCIDENT
2025-10-25 07:30:00,Resolved,INC-04735,Incident Closed
2025-10-25 07:30:00,Resolved,INC-04736,Incident Closed
2025-10-25 07:30:00,Escalated,INC-04740,Supervisor
2025-10-25 07:30:00,Incident Created,INC-04740,CURTAILMENT_RISK_INCIDENT
2025-10-25 08:00:00,Resolved,INC-04737,Incident Closed
2025-10-25 08:00:00,Incident Created,INC-04741,CURTAILMENT_RISK_INCIDENT
2025-10-25 08:00:00,Escalated,INC-04741,Supervisor
2025-10-25 08:30:00,Resolved,INC-04738,Incident Closed
2025-10-25 08:30:00,Incident Created,INC-04742,CURTAILMENT_RISK_INCIDENT
2025-10-25 08:30:00,Escalated,INC-04742,Supervisor
2025-10-25 09:00:00,Resolved,INC-04739,Incident Closed
2025-10-25 09:00:00,Incident Created,INC-04743,CURTAILMENT_RISK_INCIDENT
2025-10-25 09:00:00,Escalated,INC-04743,Supervisor
2025-10-25 09:30:00,Resolved,INC-04740,Incident Closed
2025-10-25 09:30:00,Incident Created,INC-04744,CURTAILMENT_RISK_INCIDENT
2025-10-25 09:30:00,Escalated,INC-04744,Supervisor
2025-10-25 10:00:00,Resolved,INC-04741,Incident Closed
2025-10-25 10:00:00,Escalated,INC-04745,Supervisor
2025-10-25 10:00:00,Incident Created,INC-04745,CURTAILMENT_RISK_INCIDENT
2025-10-25 10:30:00,Resolved,INC-04742,Incident Closed
2025-10-25 10:30:00,Escalated,INC-04746,Supervisor
2025-10-25 10:30:00,Incident Created,INC-04746,CURTAILMENT_RISK_INCIDENT
2025-10-25 11:00:00,Resolved,INC-04743,Incident Closed
2025-10-25 11:00:00,Incident Created,INC-04747,CURTAILMENT_RISK_INCIDENT
2025-10-25 11:00:00,Escalated,INC-04747,Supervisor
2025-10-25 11:30:00,Resolved,INC-04744,Incident Closed
2025-10-25 11:30:00,Escalated,INC-04748,Supervisor
2025-10-25 11:30:00,Incident Created,INC-04748,CURTAILMENT_RISK_INCIDENT
2025-10-25 12:00:00,Resolved,INC-04745,Incident Closed
2025-10-25 12:00:00,Escalated,INC-04749,Supervisor
2025-10-25 12:00:00,Incident Created,INC-04749,CURTAILMENT_RISK_INCIDENT
2025-10-25 12:30:00,Resolved,INC-04746,Incident Closed
2025-10-25 12:30:00,Incident Created,INC-04750,CURTAILMENT_RISK_INCIDENT
2025-10-25 12:30:00,Escalated,INC-04750,Supervisor
2025-10-25 13:00:00,Resolved,INC-04747,Incident Closed
2025-10-25 13:00:00,Escalated,INC-04751,Supervisor
2025-10-25 13:00:00,Incident Created,INC-04751,CURTAILMENT_RISK_INCIDENT
2025-10-25 13:30:00,Resolved,INC-04748,Incident Closed
2025-10-25 13:30:00,Escalated,INC-04752,Supervisor
2025-10-25 13:30:00,Incident Created,INC-04752,CURTAILMENT_RISK_INCIDENT
2025-10-25 14:00:00,Resolved,INC-04749,Incident Closed
2025-10-25 14:00:00,Escalated,INC-04753,Supervisor
2025-10-25 14:00:00,Incident Created,INC-04753,CURTAILMENT_RISK_INCIDENT
2025-10-25 14:30:00,Resolved,INC-04750,Incident Closed
2025-10-25 14:30:00,Incident Created,INC-04754,CURTAILMENT_RISK_INCIDENT
2025-10-25 14:30:00,Escalated,INC-04754,Supervisor
2025-10-25 15:00:00,Resolved,INC-04751,Incident Closed
2025-10-25 15:00:00,Incident Created,INC-04755,CURTAILMENT_RISK_INCIDENT
2025-10-25 15:00:00,Escalated,INC-04755,Supervisor
2025-10-25 15:30:00,Resolved,INC-04752,Incident Closed
2025-10-25 15:30:00,Escalated,INC-04756,Supervisor
2025-10-25 15:30:00,Incident Created,INC-04756,CURTAILMENT_RISK_INCIDENT
2025-10-25 16:00:00,Resolved,INC-04753,Incident Closed
2025-10-25 16:00:00,Escalated,INC-04757,Supervisor
2025-10-25 16:00:00,Incident Created,INC-04757,CURTAILMENT_RISK_INCIDENT
2025-10-25 16:30:00,Resolved,INC-04754,Incident Closed
2025-10-25 16:30:00,Escalated,INC-04758,Supervisor
2025-10-25 16:30:00,Incident Created,INC-04758,CURTAILMENT_RISK_INCIDENT
2025-10-25 17:00:00,Resolved,INC-04755,Incident Closed
2025-10-25 17:00:00,Escalated,INC-04759,Supervisor
2025-10-25 17:00:00,Incident Created,INC-04759,CURTAILMENT_RISK_INCIDENT
2025-10-25 17:30:00,Resolved,INC-04756,Incident Closed
2025-10-25 17:30:00,Incident Created,INC-04760,CURTAILMENT_RISK_INCIDENT
2025-10-25 17:30:00,Escalated,INC-04760,Supervisor
2025-10-25 18:00:00,Resolved,INC-04757,Incident Closed
2025-10-25 18:30:00,Resolved,INC-04758,Incident Closed
2025-10-25 19:00:00,Resolved,INC-04759,Incident Closed
2025-10-25 19:30:00,Resolved,INC-04760,Incident Closed
2025-10-26 05:30:00,Escalated,INC-04761,Operator
2025-10-26 05:30:00,Incident Created,INC-04761,OVER_GENERATION_INCIDENT
2025-10-26 06:00:00,Escalated,INC-04762,Operator
2025-10-26 06:00:00,Incident Created,INC-04762,OVER_GENERATION_INCIDENT
2025-10-26 07:30:00,Resolved,INC-04761,Incident Closed
2025-10-26 08:00:00,Resolved,INC-04762,Incident Closed
2025-10-26 08:30:00,Escalated,INC-04763,Supervisor
2025-10-26 08:30:00,Incident Created,INC-04763,CURTAILMENT_RISK_INCIDENT
2025-10-26 09:00:00,Escalated,INC-04764,Supervisor
2025-10-26 09:00:00,Incident Created,INC-04764,CURTAILMENT_RISK_INCIDENT
2025-10-26 09:30:00,Incident Created,INC-04765,CURTAILMENT_RISK_INCIDENT
2025-10-26 09:30:00,Escalated,INC-04765,Supervisor
2025-10-26 10:00:00,Incident Created,INC-04766,CURTAILMENT_RISK_INCIDENT
2025-10-26 10:00:00,Escalated,INC-04766,Supervisor
2025-10-26 10:30:00,Resolved,INC-04763,Incident Closed
2025-10-26 10:30:00,Incident Created,INC-04767,CURTAILMENT_RISK_INCIDENT
2025-10-26 10:30:00,Escalated,INC-04767,Supervisor
2025-10-26 11:00:00,Resolved,INC-04764,Incident Closed
2025-10-26 11:00:00,Incident Created,INC-04768,CURTAILMENT_RISK_INCIDENT
2025-10-26 11:00:00,Escalated,INC-04768,Supervisor
2025-10-26 11:30:00,Resolved,INC-04765,Incident Closed
2025-10-26 12:00:00,Resolved,INC-04766,Incident Closed
2025-10-26 12:30:00,Resolved,INC-04767,Incident Closed
2025-10-26 13:00:00,Resolved,INC-04768,Incident Closed
2025-10-26 15:30:00,Escalated,INC-04769,Supervisor
2025-10-26 15:30:00,Incident Created,INC-04769,CURTAILMENT_RISK_INCIDENT
2025-10-26 16:00:00,Incident Created,INC-04770,CURTAILMENT_RISK_INCIDENT
2025-10-26 16:00:00,Escalated,INC-04770,Supervisor
2025-10-26 16:30:00,Escalated,INC-04771,Supervisor
2025-10-26 16:30:00,Incident Created,INC-04771,CURTAILMENT_RISK_INCIDENT
2025-10-26 17:00:00,Incident Created,INC-04772,CURTAILMENT_RISK_INCIDENT
2025-10-26 17:00:00,Escalated,INC-04772,Supervisor
2025-10-26 17:30:00,Resolved,INC-04769,Incident Closed
2025-10-26 18:00:00,Resolved,INC-04770,Incident Closed
2025-10-26 18:30:00,Resolved,INC-04771,Incident Closed
2025-10-26 19:00:00,Resolved,INC-04772,Incident Closed
2025-10-26 22:30:00,Incident Created,INC-04773,CURTAILMENT_RISK_INCIDENT
2025-10-26 22:30:00,Escalated,INC-04773,Supervisor
2025-10-26 23:00:00,Incident Created,INC-04774,CURTAILMENT_RISK_INCIDENT
2025-10-26 23:00:00,Escalated,INC-04774,Supervisor
2025-10-26 23:30:00,Incident Created,INC-04775,CURTAILMENT_RISK_INCIDENT
2025-10-26 23:30:00,Escalated,INC-04775,Supervisor
2025-10-27 00:00:00,Escalated,INC-04776,Supervisor
2025-10-27 00:00:00,Incident Created,INC-04776,CURTAILMENT_RISK_INCIDENT
2025-10-27 00:30:00,Resolved,INC-04773,Incident Closed
2025-10-27 00:30:00,Escalated,INC-04777,Supervisor
2025-10-27 00:30:00,Incident Created,INC-04777,CURTAILMENT_RISK_INCIDENT
2025-10-27 01:00:00,Resolved,INC-04774,Incident Closed
2025-10-27 01:00:00,Escalated,INC-04778,Supervisor
2025-10-27 01:00:00,Incident Created,INC-04778,CURTAILMENT_RISK_INCIDENT
2025-10-27 01:30:00,Resolved,INC-04775,Incident Closed
2025-10-27 01:30:00,Escalated,INC-04779,Supervisor
2025-10-27 01:30:00,Incident Created,INC-04779,CURTAILMENT_RISK_INCIDENT
2025-10-27 02:00:00,Resolved,INC-04776,Incident Closed
2025-10-27 02:00:00,Incident Created,INC-04780,CURTAILMENT_RISK_INCIDENT
2025-10-27 02:00:00,Escalated,INC-04780,Supervisor
2025-10-27 02:30:00,Resolved,INC-04777,Incident Closed
2025-10-27 02:30:00,Escalated,INC-04781,Operator
2025-10-27 02:30:00,Incident Created,INC-04781,OVER_GENERATION_INCIDENT
2025-10-27 02:30:00,Escalated,INC-04782,Supervisor
2025-10-27 02:30:00,Incident Created,INC-04782,CURTAILMENT_RISK_INCIDENT
2025-10-27 03:00:00,Resolved,INC-04778,Incident Closed
2025-10-27 03:00:00,Escalated,INC-04783,Operator
2025-10-27 03:00:00,Incident Created,INC-04783,OVER_GENERATION_INCIDENT
2025-10-27 03:00:00,Escalated,INC-04784,Supervisor
2025-10-27 03:00:00,Incident Created,INC-04784,CURTAILMENT_RISK_INCIDENT
2025-10-27 03:30:00,Resolved,INC-04779,Incident Closed
2025-10-27 03:30:00,Incident Created,INC-04785,OVER_GENERATION_INCIDENT
2025-10-27 03:30:00,Escalated,INC-04785,Operator
2025-10-27 03:30:00,Incident Created,INC-04786,CURTAILMENT_RISK_INCIDENT
2025-10-27 03:30:00,Escalated,INC-04786,Supervisor
2025-10-27 04:00:00,Resolved,INC-04780,Incident Closed
2025-10-27 04:00:00,Incident Created,INC-04787,OVER_GENERATION_INCIDENT
2025-10-27 04:00:00,Escalated,INC-04787,Operator
2025-10-27 04:00:00,Escalated,INC-04788,Supervisor
2025-10-27 04:00:00,Incident Created,INC-04788,CURTAILMENT_RISK_INCIDENT
2025-10-27 04:30:00,Resolved,INC-04781,Incident Closed
2025-10-27 04:30:00,Resolved,INC-04782,Incident Closed
2025-10-27 04:30:00,Escalated,INC-04789,Operator
2025-10-27 04:30:00,Incident Created,INC-04789,OVER_GENERATION_INCIDENT
2025-10-27 05:00:00,Resolved,INC-04783,Incident Closed
2025-10-27 05:00:00,Resolved,INC-04784,Incident Closed
2025-10-27 05:00:00,Escalated,INC-04790,Operator
2025-10-27 05:00:00,Incident Created,INC-04790,OVER_GENERATION_INCIDENT
2025-10-27 05:30:00,Resolved,INC-04785,Incident Closed
2025-10-27 05:30:00,Resolved,INC-04786,Incident Closed
2025-10-27 06:00:00,Resolved,INC-04787,Incident Closed
2025-10-27 06:00:00,Resolved,INC-04788,Incident Closed
2025-10-27 06:30:00,Resolved,INC-04789,Incident Closed
2025-10-27 07:00:00,Resolved,INC-04790,Incident Closed
2025-10-27 07:30:00,Escalated,INC-04791,Supervisor
2025-10-27 07:30:00,Incident Created,INC-04791,CURTAILMENT_RISK_INCIDENT
2025-10-27 08:00:00,Escalated,INC-04792,Supervisor
2025-10-27 08:00:00,Incident Created,INC-04792,CURTAILMENT_RISK_INCIDENT
2025-10-27 08:30:00,Escalated,INC-04793,Supervisor
2025-10-27 08:30:00,Incident Created,INC-04793,CURTAILMENT_RISK_INCIDENT
2025-10-27 09:00:00,Escalated,INC-04794,Supervisor
2025-10-27 09:00:00,Incident Created,INC-04794,CURTAILMENT_RISK_INCIDENT
2025-10-27 09:30:00,Resolved,INC-04791,Incident Closed
2025-10-27 09:30:00,Incident Created,INC-04795,CURTAILMENT_RISK_INCIDENT
2025-10-27 09:30:00,Escalated,INC-04795,Supervisor
2025-10-27 10:00:00,Resolved,INC-04792,Incident Closed
2025-10-27 10:00:00,Escalated,INC-04796,Supervisor
2025-10-27 10:00:00,Incident Created,INC-04796,CURTAILMENT_RISK_INCIDENT
2025-10-27 10:30:00,Resolved,INC-04793,Incident Closed
2025-10-27 10:30:00,Escalated,INC-04797,Supervisor
2025-10-27 10:30:00,Incident Created,INC-04797,CURTAILMENT_RISK_INCIDENT
2025-10-27 11:00:00,Resolved,INC-04794,Incident Closed
2025-10-27 11:00:00,Escalated,INC-04798,Supervisor
2025-10-27 11:00:00,Incident Created,INC-04798,CURTAILMENT_RISK_INCIDENT
2025-10-27 11:30:00,Resolved,INC-04795,Incident Closed
2025-10-27 11:30:00,Escalated,INC-04799,Supervisor
2025-10-27 11:30:00,Incident Created,INC-04799,CURTAILMENT_RISK_INCIDENT
2025-10-27 12:00:00,Resolved,INC-04796,Incident Closed
2025-10-27 12:00:00,Incident Created,INC-04800,CURTAILMENT_RISK_INCIDENT
2025-10-27 12:00:00,Escalated,INC-04800,Supervisor
2025-10-27 12:30:00,Resolved,INC-04797,Incident Closed
2025-10-27 12:30:00,Incident Created,INC-04801,CURTAILMENT_RISK_INCIDENT
2025-10-27 12:30:00,Escalated,INC-04801,Supervisor
2025-10-27 13:00:00,Resolved,INC-04798,Incident Closed
2025-10-27 13:00:00,Escalated,INC-04802,Supervisor
2025-10-27 13:00:00,Incident Created,INC-04802,CURTAILMENT_RISK_INCIDENT
2025-10-27 13:30:00,Resolved,INC-04799,Incident Closed
2025-10-27 13:30:00,Escalated,INC-04803,Supervisor
2025-10-27 13:30:00,Incident Created,INC-04803,CURTAILMENT_RISK_INCIDENT
2025-10-27 14:00:00,Resolved,INC-04800,Incident Closed
2025-10-27 14:30:00,Resolved,INC-04801,Incident Closed
2025-10-27 15:00:00,Resolved,INC-04802,Incident Closed
2025-10-27 15:30:00,Resolved,INC-04803,Incident Closed
2025-10-28 03:30:00,Escalated,INC-04804,Operator
2025-10-28 03:30:00,Incident Created,INC-04804,OVER_GENERATION_INCIDENT
2025-10-28 04:00:00,Escalated,INC-04805,Operator
2025-10-28 04:00:00,Incident Created,INC-04805,OVER_GENERATION_INCIDENT
2025-10-28 04:30:00,Escalated,INC-04806,Operator
2025-10-28 04:30:00,Incident Created,INC-04806,OVER_GENERATION_INCIDENT
2025-10-28 05:30:00,Resolved,INC-04804,Incident Closed
2025-10-28 06:00:00,Resolved,INC-04805,Incident Closed
2025-10-28 06:30:00,Resolved,INC-04806,Incident Closed
2025-10-28 06:30:00,Escalated,INC-04807,Supervisor
2025-10-28 06:30:00,Incident Created,INC-04807,CURTAILMENT_RISK_INCIDENT
2025-10-28 07:00:00,Escalated,INC-04808,Supervisor
2025-10-28 07:00:00,Incident Created,INC-04808,CURTAILMENT_RISK_INCIDENT
2025-10-28 07:30:00,Escalated,INC-04809,Supervisor
2025-10-28 07:30:00,Incident Created,INC-04809,CURTAILMENT_RISK_INCIDENT
2025-10-28 08:00:00,Incident Created,INC-04810,CURTAILMENT_RISK_INCIDENT
2025-10-28 08:00:00,Escalated,INC-04810,Supervisor
2025-10-28 08:30:00,Resolved,INC-04807,Incident Closed
2025-10-28 08:30:00,Incident Created,INC-04811,CURTAILMENT_RISK_INCIDENT
2025-10-28 08:30:00,Escalated,INC-04811,Supervisor
2025-10-28 09:00:00,Resolved,INC-04808,Incident Closed
2025-10-28 09:00:00,Escalated,INC-04812,Supervisor
2025-10-28 09:00:00,Incident Created,INC-04812,CURTAILMENT_RISK_INCIDENT
2025-10-28 09:30:00,Resolved,INC-04809,Incident Closed
2025-10-28 09:30:00,Escalated,INC-04813,Supervisor
2025-10-28 09:30:00,Incident Created,INC-04813,CURTAILMENT_RISK_INCIDENT
2025-10-28 10:00:00,Resolved,INC-04810,Incident Closed
2025-10-28 10:00:00,Incident Created,INC-04814,CURTAILMENT_RISK_INCIDENT
2025-10-28 10:00:00,Escalated,INC-04814,Supervisor
2025-10-28 10:30:00,Resolved,INC-04811,Incident Closed
2025-10-28 10:30:00,Incident Created,INC-04815,CURTAILMENT_RISK_INCIDENT
2025-10-28 10:30:00,Escalated,INC-04815,Supervisor
2025-10-28 11:00:00,Resolved,INC-04812,Incident Closed
2025-10-28 11:00:00,Escalated,INC-04816,Supervisor
2025-10-28 11:00:00,Incident Created,INC-04816,CURTAILMENT_RISK_INCIDENT
2025-10-28 11:30:00,Resolved,INC-04813,Incident Closed
2025-10-28 11:30:00,Incident Created,INC-04817,CURTAILMENT_RISK_INCIDENT
2025-10-28 11:30:00,Escalated,INC-04817,Supervisor
2025-10-28 12:00:00,Resolved,INC-04814,Incident Closed
2025-10-28 12:00:00,Incident Created,INC-04818,CURTAILMENT_RISK_INCIDENT
2025-10-28 12:00:00,Escalated,INC-04818,Supervisor
2025-10-28 12:30:00,Resolved,INC-04815,Incident Closed
2025-10-28 12:30:00,Escalated,INC-04819,Supervisor
2025-10-28 12:30:00,Incident Created,INC-04819,CURTAILMENT_RISK_INCIDENT
2025-10-28 13:00:00,Resolved,INC-04816,Incident Closed
2025-10-28 13:00:00,Escalated,INC-04820,Supervisor
2025-10-28 13:00:00,Incident Created,INC-04820,CURTAILMENT_RISK_INCIDENT
2025-10-28 13:30:00,Resolved,INC-04817,Incident Closed
2025-10-28 13:30:00,Escalated,INC-04821,Supervisor
2025-10-28 13:30:00,Incident Created,INC-04821,CURTAILMENT_RISK_INCIDENT
2025-10-28 14:00:00,Resolved,INC-04818,Incident Closed
2025-10-28 14:00:00,Escalated,INC-04822,Supervisor
2025-10-28 14:00:00,Incident Created,INC-04822,CURTAILMENT_RISK_INCIDENT
2025-10-28 14:30:00,Resolved,INC-04819,Incident Closed
2025-10-28 14:30:00,Escalated,INC-04823,Supervisor
2025-10-28 14:30:00,Incident Created,INC-04823,CURTAILMENT_RISK_INCIDENT
2025-10-28 15:00:00,Resolved,INC-04820,Incident Closed
2025-10-28 15:00:00,Escalated,INC-04824,Supervisor
2025-10-28 15:00:00,Incident Created,INC-04824,CURTAILMENT_RISK_INCIDENT
2025-10-28 15:30:00,Resolved,INC-04821,Incident Closed
2025-10-28 15:30:00,Escalated,INC-04825,Supervisor
2025-10-28 15:30:00,Incident Created,INC-04825,CURTAILMENT_RISK_INCIDENT
2025-10-28 16:00:00,Resolved,INC-04822,Incident Closed
2025-10-28 16:00:00,Incident Created,INC-04826,CURTAILMENT_RISK_INCIDENT
2025-10-28 16:00:00,Escalated,INC-04826,Supervisor
2025-10-28 16:30:00,Resolved,INC-04823,Incident Closed
2025-10-28 17:00:00,Resolved,INC-04824,Incident Closed
2025-10-28 17:30:00,Resolved,INC-04825,Incident Closed
2025-10-28 18:00:00,Resolved,INC-04826,Incident Closed
2025-10-30 18:00:00,Incident Created,INC-04827,CURTAILMENT_RISK_INCIDENT
2025-10-30 18:00:00,Escalated,INC-04827,Supervisor
2025-10-30 18:30:00,Escalated,INC-04828,Supervisor
2025-10-30 18:30:00,Incident Created,INC-04828,CURTAILMENT_RISK_INCIDENT
2025-10-30 19:00:00,Escalated,INC-04829,Supervisor
2025-10-30 19:00:00,Incident Created,INC-04829,CURTAILMENT_RISK_INCIDENT
2025-10-30 19:30:00,Escalated,INC-04830,Supervisor
2025-10-30 19:30:00,Incident Created,INC-04830,CURTAILMENT_RISK_INCIDENT
2025-10-30 20:00:00,Resolved,INC-04827,Incident Closed
2025-10-30 20:00:00,Escalated,INC-04831,Supervisor
2025-10-30 20:00:00,Incident Created,INC-04831,CURTAILMENT_RISK_INCIDENT
2025-10-30 20:30:00,Resolved,INC-04828,Incident Closed
2025-10-30 20:30:00,Escalated,INC-04832,Supervisor
2025-10-30 20:30:00,Incident Created,INC-04832,CURTAILMENT_RISK_INCIDENT
2025-10-30 21:00:00,Resolved,INC-04829,Incident Closed
2025-10-30 21:00:00,Incident Created,INC-04833,CURTAILMENT_RISK_INCIDENT
2025-10-30 21:00:00,Escalated,INC-04833,Supervisor
2025-10-30 21:30:00,Resolved,INC-04830,Incident Closed
2025-10-30 21:30:00,Incident Created,INC-04834,CURTAILMENT_RISK_INCIDENT
2025-10-30 21:30:00,Escalated,INC-04834,Supervisor
2025-10-30 22:00:00,Resolved,INC-04831,Incident Closed
2025-10-30 22:00:00,Escalated,INC-04835,Supervisor
2025-10-30 22:00:00,Incident Created,INC-04835,CURTAILMENT_RISK_INCIDENT
2025-10-30 22:30:00,Resolved,INC-04832,Incident Closed
2025-10-30 22:30:00,Incident Created,INC-04836,CURTAILMENT_RISK_INCIDENT
2025-10-30 22:30:00,Escalated,INC-04836,Supervisor
2025-10-30 23:00:00,Resolved,INC-04833,Incident Closed
2025-10-30 23:00:00,Incident Created,INC-04837,CURTAILMENT_RISK_INCIDENT
2025-10-30 23:00:00,Escalated,INC-04837,Supervisor
2025-10-30 23:30:00,Resolved,INC-04834,Incident Closed
2025-10-30 23:30:00,Incident Created,INC-04838,CURTAILMENT_RISK_INCIDENT
2025-10-30 23:30:00,Escalated,INC-04838,Supervisor
2025-10-31 00:00:00,Resolved,INC-04835,Incident Closed
2025-10-31 00:00:00,Escalated,INC-04839,Supervisor
2025-10-31 00:00:00,Incident Created,INC-04839,CURTAILMENT_RISK_INCIDENT
2025-10-31 00:30:00,Resolved,INC-04836,Incident Closed
2025-10-31 00:30:00,Escalated,INC-04840,Supervisor
2025-10-31 00:30:00,Incident Created,INC-04840,CURTAILMENT_RISK_INCIDENT
2025-10-31 01:00:00,Resolved,INC-04837,Incident Closed
2025-10-31 01:00:00,Escalated,INC-04841,Supervisor
2025-10-31 01:00:00,Incident Created,INC-04841,CURTAILMENT_RISK_INCIDENT
2025-10-31 01:30:00,Resolved,INC-04838,Incident Closed
2025-10-31 01:30:00,Incident Created,INC-04842,CURTAILMENT_RISK_INCIDENT
2025-10-31 01:30:00,Escalated,INC-04842,Supervisor
2025-10-31 02:00:00,Resolved,INC-04839,Incident Closed
2025-10-31 02:00:00,Escalated,INC-04843,Supervisor
2025-10-31 02:00:00,Incident Created,INC-04843,CURTAILMENT_RISK_INCIDENT
2025-10-31 02:30:00,Resolved,INC-04840,Incident Closed
2025-10-31 02:30:00,Escalated,INC-04844,Supervisor
2025-10-31 02:30:00,Incident Created,INC-04844,CURTAILMENT_RISK_INCIDENT
2025-10-31 03:00:00,Resolved,INC-04841,Incident Closed
2025-10-31 03:00:00,Incident Created,INC-04845,CURTAILMENT_RISK_INCIDENT
2025-10-31 03:00:00,Escalated,INC-04845,Supervisor
2025-10-31 03:30:00,Resolved,INC-04842,Incident Closed
2025-10-31 03:30:00,Incident Created,INC-04846,CURTAILMENT_RISK_INCIDENT
2025-10-31 03:30:00,Escalated,INC-04846,Supervisor
2025-10-31 04:00:00,Resolved,INC-04843,Incident Closed
2025-10-31 04:00:00,Incident Created,INC-04847,CURTAILMENT_RISK_INCIDENT
2025-10-31 04:00:00,Escalated,INC-04847,Supervisor
2025-10-31 04:30:00,Resolved,INC-04844,Incident Closed
2025-10-31 04:30:00,Incident Created,INC-04848,CURTAILMENT_RISK_INCIDENT
2025-10-31 04:30:00,Escalated,INC-04848,Supervisor
2025-10-31 05:00:00,Resolved,INC-04845,Incident Closed
2025-10-31 05:00:00,Incident Created,INC-04849,CURTAILMENT_RISK_INCIDENT
2025-10-31 05:00:00,Escalated,INC-04849,Supervisor
2025-10-31 05:30:00,Resolved,INC-04846,Incident Closed
2025-10-31 05:30:00,Incident Created,INC-04850,CURTAILMENT_RISK_INCIDENT
2025-10-31 05:30:00,Escalated,INC-04850,Supervisor
2025-10-31 06:00:00,Resolved,INC-04847,Incident Closed
2025-10-31 06:30:00,Resolved,INC-04848,Incident Closed
2025-10-31 07:00:00,Resolved,INC-04849,Incident Closed
2025-10-31 07:30:00,Resolved,INC-04850,Incident Closed
2025-10-31 07:30:00,Incident Created,INC-04851,CURTAILMENT_RISK_INCIDENT
2025-10-31 07:30:00,Escalated,INC-04851,Supervisor
2025-10-31 08:00:00,Incident Created,INC-04852,CURTAILMENT_RISK_INCIDENT
2025-10-31 08:00:00,Escalated,INC-04852,Supervisor
2025-10-31 08:30:00,Incident Created,INC-04853,CURTAILMENT_RISK_INCIDENT
2025-10-31 08:30:00,Escalated,INC-04853,Supervisor
2025-10-31 09:00:00,Incident Created,INC-04854,CURTAILMENT_RISK_INCIDENT
2025-10-31 09:00:00,Escalated,INC-04854,Supervisor
2025-10-31 09:30:00,Resolved,INC-04851,Incident Closed
2025-10-31 09:30:00,Incident Created,INC-04855,CURTAILMENT_RISK_INCIDENT
2025-10-31 09:30:00,Escalated,INC-04855,Supervisor
2025-10-31 10:00:00,Resolved,INC-04852,Incident Closed
2025-10-31 10:00:00,Escalated,INC-04856,Supervisor
2025-10-31 10:00:00,Incident Created,INC-04856,CURTAILMENT_RISK_INCIDENT
2025-10-31 10:30:00,Resolved,INC-04853,Incident Closed
2025-10-31 10:30:00,Escalated,INC-04857,Supervisor
2025-10-31 10:30:00,Incident Created,INC-04857,CURTAILMENT_RISK_INCIDENT
2025-10-31 11:00:00,Resolved,INC-04854,Incident Closed
2025-10-31 11:00:00,Escalated,INC-04858,Supervisor
2025-10-31 11:00:00,Incident Created,INC-04858,CURTAILMENT_RISK_INCIDENT
2025-10-31 11:30:00,Resolved,INC-04855,Incident Closed
2025-10-31 11:30:00,Escalated,INC-04859,Supervisor
2025-10-31 11:30:00,Incident Created,INC-04859,CURTAILMENT_RISK_INCIDENT
2025-10-31 12:00:00,Resolved,INC-04856,Incident Closed
2025-10-31 12:00:00,Incident Created,INC-04860,CURTAILMENT_RISK_INCIDENT
2025-10-31 12:00:00,Escalated,INC-04860,Supervisor
2025-10-31 12:30:00,Resolved,INC-04857,Incident Closed
2025-10-31 12:30:00,Incident Created,INC-04861,CURTAILMENT_RISK_INCIDENT
2025-10-31 12:30:00,Escalated,INC-04861,Supervisor
2025-10-31 13:00:00,Resolved,INC-04858,Incident Closed
2025-10-31 13:00:00,Incident Created,INC-04862,CURTAILMENT_RISK_INCIDENT
2025-10-31 13:00:00,Escalated,INC-04862,Supervisor
2025-10-31 13:30:00,Resolved,INC-04859,Incident Closed
2025-10-31 13:30:00,Incident Created,INC-04863,CURTAILMENT_RISK_INCIDENT
2025-10-31 13:30:00,Escalated,INC-04863,Supervisor
2025-10-31 14:00:00,Resolved,INC-04860,Incident Closed
2025-10-31 14:00:00,Incident Created,INC-04864,CURTAILMENT_RISK_INCIDENT
2025-10-31 14:00:00,Escalated,INC-04864,Supervisor
2025-10-31 14:30:00,Resolved,INC-04861,Incident Closed
2025-10-31 14:30:00,Escalated,INC-04865,Supervisor
2025-10-31 14:30:00,Incident Created,INC-04865,CURTAILMENT_RISK_INCIDENT
2025-10-31 15:00:00,Resolved,INC-04862,Incident Closed
2025-10-31 15:00:00,Incident Created,INC-04866,CURTAILMENT_RISK_INCIDENT
2025-10-31 15:00:00,Escalated,INC-04866,Supervisor
2025-10-31 15:30:00,Resolved,INC-04863,Incident Closed
2025-10-31 15:30:00,Incident Created,INC-04867,CURTAILMENT_RISK_INCIDENT
2025-10-31 15:30:00,Escalated,INC-04867,Supervisor
2025-10-31 16:00:00,Resolved,INC-04864,Incident Closed
2025-10-31 16:00:00,Incident Created,INC-04868,CURTAILMENT_RISK_INCIDENT
2025-10-31 16:00:00,Escalated,INC-04868,Supervisor
2025-10-31 16:30:00,Resolved,INC-04865,Incident Closed
2025-10-31 16:30:00,Incident Created,INC-04869,CURTAILMENT_RISK_INCIDENT
2025-10-31 16:30:00,Escalated,INC-04869,Supervisor
2025-10-31 17:00:00,Resolved,INC-04866,Incident Closed
2025-10-31 17:00:00,Escalated,INC-04870,Supervisor
2025-10-31 17:00:00,Incident Created,INC-04870,CURTAILMENT_RISK_INCIDENT
2025-10-31 17:30:00,Resolved,INC-04867,Incident Closed
2025-10-31 17:30:00,Incident Created,INC-04871,CURTAILMENT_RISK_INCIDENT
2025-10-31 17:30:00,Escalated,INC-04871,Supervisor
2025-10-31 18:00:00,Resolved,INC-04868,Incident Closed
2025-10-31 18:00:00,Escalated,INC-04872,Supervisor
2025-10-31 18:00:00,Incident Created,INC-04872,CURTAILMENT_RISK_INCIDENT
2025-10-31 18:30:00,Resolved,INC-04869,Incident Closed
2025-10-31 18:30:00,Escalated,INC-04873,Supervisor
2025-10-31 18:30:00,Incident Created,INC-04873,CURTAILMENT_RISK_INCIDENT
2025-10-31 19:00:00,Resolved,INC-04870,Incident Closed
2025-10-31 19:00:00,Escalated,INC-04874,Supervisor
2025-10-31 19:00:00,Incident Created,INC-04874,CURTAILMENT_RISK_INCIDENT
2025-10-31 19:30:00,Resolved,INC-04871,Incident Closed
2025-10-31 19:30:00,Incident Created,INC-04875,CURTAILMENT_RISK_INCIDENT
2025-10-31 19:30:00,Escalated,INC-04875,Supervisor
2025-10-31 20:00:00,Resolved,INC-04872,Incident Closed
2025-10-31 20:00:00,Incident Created,INC-04876,CURTAILMENT_RISK_INCIDENT
2025-10-31 20:00:00,Escalated,INC-04876,Supervisor
2025-10-31 20:30:00,Resolved,INC-04873,Incident Closed
2025-10-31 20:30:00,Escalated,INC-04877,Supervisor
2025-10-31 20:30:00,Incident Created,INC-04877,CURTAILMENT_RISK_INCIDENT
2025-10-31 21:00:00,Resolved,INC-04874,Incident Closed
2025-10-31 21:00:00,Escalated,INC-04878,Supervisor
2025-10-31 21:00:00,Incident Created,INC-04878,CURTAILMENT_RISK_INCIDENT
2025-10-31 21:30:00,Resolved,INC-04875,Incident Closed
2025-10-31 21:30:00,Escalated,INC-04879,Supervisor
2025-10-31 21:30:00,Incident Created,INC-04879,CURTAILMENT_RISK_INCIDENT
2025-10-31 22:00:00,Resolved,INC-04876,Incident Closed
2025-10-31 22:00:00,Incident Created,INC-04880,CURTAILMENT_RISK_INCIDENT
2025-10-31 22:00:00,Escalated,INC-04880,Supervisor
2025-10-31 22:30:00,Resolved,INC-04877,Incident Closed
2025-10-31 23:00:00,Resolved,INC-04878,Incident Closed
2025-10-31 23:30:00,Resolved,INC-04879,Incident Closed
2025-11-01 00:00:00,Resolved,INC-04880,Incident Closed
2025-11-01 00:30:00,Escalated,INC-04881,Supervisor
2025-11-01 00:30:00,Incident Created,INC-04881,CURTAILMENT_RISK_INCIDENT
2025-11-01 01:00:00,Escalated,INC-04882,Supervisor
2025-11-01 01:00:00,Incident Created,INC-04882,CURTAILMENT_RISK_INCIDENT
2025-11-01 01:30:00,Escalated,INC-04883,Supervisor
2025-11-01 01:30:00,Incident Created,INC-04883,CURTAILMENT_RISK_INCIDENT
2025-11-01 02:00:00,Escalated,INC-04884,Supervisor
2025-11-01 02:00:00,Incident Created,INC-04884,CURTAILMENT_RISK_INCIDENT
2025-11-01 02:30:00,Resolved,INC-04881,Incident Closed
2025-11-01 02:30:00,Escalated,INC-04885,Operator
2025-11-01 02:30:00,Incident Created,INC-04885,OVER_GENERATION_INCIDENT
2025-11-01 02:30:00,Escalated,INC-04886,Supervisor
2025-11-01 02:30:00,Incident Created,INC-04886,CURTAILMENT_RISK_INCIDENT
2025-11-01 03:00:00,Resolved,INC-04882,Incident Closed
2025-11-01 03:00:00,Incident Created,INC-04887,OVER_GENERATION_INCIDENT
2025-11-01 03:00:00,Escalated,INC-04887,Operator
2025-11-01 03:00:00,Incident Created,INC-04888,CURTAILMENT_RISK_INCIDENT
2025-11-01 03:00:00,Escalated,INC-04888,Supervisor
2025-11-01 03:30:00,Resolved,INC-04883,Incident Closed
2025-11-01 03:30:00,Incident Created,INC-04889,OVER_GENERATION_INCIDENT
2025-11-01 03:30:00,Escalated,INC-04889,Operator
2025-11-01 03:30:00,Incident Created,INC-04890,CURTAILMENT_RISK_INCIDENT
2025-11-01 03:30:00,Escalated,INC-04890,Supervisor
2025-11-01 04:00:00,Resolved,INC-04884,Incident Closed
2025-11-01 04:00:00,Escalated,INC-04891,Operator
2025-11-01 04:00:00,Incident Created,INC-04891,OVER_GENERATION_INCIDENT
2025-11-01 04:00:00,Incident Created,INC-04892,CURTAILMENT_RISK_INCIDENT
2025-11-01 04:00:00,Escalated,INC-04892,Supervisor
2025-11-01 04:30:00,Resolved,INC-04885,Incident Closed
2025-11-01 04:30:00,Resolved,INC-04886,Incident Closed
2025-11-01 04:30:00,Incident Created,INC-04893,OVER_GENERATION_INCIDENT
2025-11-01 04:30:00,Escalated,INC-04893,Operator
2025-11-01 05:00:00,Resolved,INC-04887,Incident Closed
2025-11-01 05:00:00,Resolved,INC-04888,Incident Closed
2025-11-01 05:00:00,Escalated,INC-04894,Operator
2025-11-01 05:00:00,Incident Created,INC-04894,OVER_GENERATION_INCIDENT
2025-11-01 05:30:00,Resolved,INC-04889,Incident Closed
2025-11-01 05:30:00,Resolved,INC-04890,Incident Closed
2025-11-01 05:30:00,Incident Created,INC-04895,OVER_GENERATION_INCIDENT
2025-11-01 05:30:00,Escalated,INC-04895,Operator
2025-11-01 06:00:00,Resolved,INC-04891,Incident Closed
2025-11-01 06:00:00,Resolved,INC-04892,Incident Closed
2025-11-01 06:00:00,Escalated,INC-04896,Operator
2025-11-01 06:00:00,Incident Created,INC-04896,OVER_GENERATION_INCIDENT
2025-11-01 06:30:00,Resolved,INC-04893,Incident Closed
2025-11-01 07:00:00,Resolved,INC-04894,Incident Closed
2025-11-01 07:30:00,Resolved,INC-04895,Incident Closed
2025-11-01 07:30:00,Incident Created,INC-04897,CURTAILMENT_RISK_INCIDENT
2025-11-01 07:30:00,Escalated,INC-04897,Supervisor
2025-11-01 08:00:00,Resolved,INC-04896,Incident Closed
2025-11-01 08:00:00,Escalated,INC-04898,Supervisor
2025-11-01 08:00:00,Incident Created,INC-04898,CURTAILMENT_RISK_INCIDENT
2025-11-01 08:30:00,Incident Created,INC-04899,CURTAILMENT_RISK_INCIDENT
2025-11-01 08:30:00,Escalated,INC-04899,Supervisor
2025-11-01 09:00:00,Escalated,INC-04900,Supervisor
2025-11-01 09:00:00,Incident Created,INC-04900,CURTAILMENT_RISK_INCIDENT
2025-11-01 09:30:00,Resolved,INC-04897,Incident Closed
2025-11-01 09:30:00,Incident Created,INC-04901,CURTAILMENT_RISK_INCIDENT
2025-11-01 09:30:00,Escalated,INC-04901,Supervisor
2025-11-01 10:00:00,Resolved,INC-04898,Incident Closed
2025-11-01 10:00:00,Incident Created,INC-04902,CURTAILMENT_RISK_INCIDENT
2025-11-01 10:00:00,Escalated,INC-04902,Supervisor
2025-11-01 10:30:00,Resolved,INC-04899,Incident Closed
2025-11-01 10:30:00,Escalated,INC-04903,Supervisor
2025-11-01 10:30:00,Incident Created,INC-04903,CURTAILMENT_RISK_INCIDENT
2025-11-01 11:00:00,Resolved,INC-04900,Incident Closed
2025-11-01 11:00:00,Incident Created,INC-04904,CURTAILMENT_RISK_INCIDENT
2025-11-01 11:00:00,Escalated,INC-04904,Supervisor
2025-11-01 11:30:00,Resolved,INC-04901,Incident Closed
2025-11-01 11:30:00,Escalated,INC-04905,Supervisor
2025-11-01 11:30:00,Incident Created,INC-04905,CURTAILMENT_RISK_INCIDENT
2025-11-01 12:00:00,Resolved,INC-04902,Incident Closed
2025-11-01 12:00:00,Incident Created,INC-04906,CURTAILMENT_RISK_INCIDENT
2025-11-01 12:00:00,Escalated,INC-04906,Supervisor
2025-11-01 12:30:00,Resolved,INC-04903,Incident Closed
2025-11-01 12:30:00,Escalated,INC-04907,Supervisor
2025-11-01 12:30:00,Incident Created,INC-04907,CURTAILMENT_RISK_INCIDENT
2025-11-01 13:00:00,Resolved,INC-04904,Incident Closed
2025-11-01 13:00:00,Escalated,INC-04908,Supervisor
2025-11-01 13:00:00,Incident Created,INC-04908,CURTAILMENT_RISK_INCIDENT
2025-11-01 13:30:00,Resolved,INC-04905,Incident Closed
2025-11-01 13:30:00,Escalated,INC-04909,Supervisor
2025-11-01 13:30:00,Incident Created,INC-04909,CURTAILMENT_RISK_INCIDENT
2025-11-01 14:00:00,Resolved,INC-04906,Incident Closed
2025-11-01 14:00:00,Escalated,INC-04910,Supervisor
2025-11-01 14:00:00,Incident Created,INC-04910,CURTAILMENT_RISK_INCIDENT
2025-11-01 14:30:00,Resolved,INC-04907,Incident Closed
2025-11-01 14:30:00,Incident Created,INC-04911,CURTAILMENT_RISK_INCIDENT
2025-11-01 14:30:00,Escalated,INC-04911,Supervisor
2025-11-01 15:00:00,Resolved,INC-04908,Incident Closed
2025-11-01 15:30:00,Resolved,INC-04909,Incident Closed
2025-11-01 16:00:00,Resolved,INC-04910,Incident Closed
2025-11-01 16:30:00,Resolved,INC-04911,Incident Closed
2025-11-02 10:00:00,Incident Created,INC-04912,CURTAILMENT_RISK_INCIDENT
2025-11-02 10:00:00,Escalated,INC-04912,Supervisor
2025-11-02 10:30:00,Incident Created,INC-04913,CURTAILMENT_RISK_INCIDENT
2025-11-02 10:30:00,Escalated,INC-04913,Supervisor
2025-11-02 11:00:00,Incident Created,INC-04914,CURTAILMENT_RISK_INCIDENT
2025-11-02 11:00:00,Escalated,INC-04914,Supervisor
2025-11-02 11:30:00,Incident Created,INC-04915,CURTAILMENT_RISK_INCIDENT
2025-11-02 11:30:00,Escalated,INC-04915,Supervisor
2025-11-02 12:00:00,Resolved,INC-04912,Incident Closed
2025-11-02 12:00:00,Incident Created,INC-04916,CURTAILMENT_RISK_INCIDENT
2025-11-02 12:00:00,Escalated,INC-04916,Supervisor
2025-11-02 12:30:00,Resolved,INC-04913,Incident Closed
2025-11-02 12:30:00,Incident Created,INC-04917,CURTAILMENT_RISK_INCIDENT
2025-11-02 12:30:00,Escalated,INC-04917,Supervisor
2025-11-02 13:00:00,Resolved,INC-04914,Incident Closed
2025-11-02 13:00:00,Escalated,INC-04918,Supervisor
2025-11-02 13:00:00,Incident Created,INC-04918,CURTAILMENT_RISK_INCIDENT
2025-11-02 13:30:00,Resolved,INC-04915,Incident Closed
2025-11-02 13:30:00,Escalated,INC-04919,Supervisor
2025-11-02 13:30:00,Incident Created,INC-04919,CURTAILMENT_RISK_INCIDENT
2025-11-02 14:00:00,Resolved,INC-04916,Incident Closed
2025-11-02 14:00:00,Incident Created,INC-04920,CURTAILMENT_RISK_INCIDENT
2025-11-02 14:00:00,Escalated,INC-04920,Supervisor
2025-11-02 14:30:00,Resolved,INC-04917,Incident Closed
2025-11-02 15:00:00,Resolved,INC-04918,Incident Closed
2025-11-02 15:30:00,Resolved,INC-04919,Incident Closed
2025-11-02 16:00:00,Resolved,INC-04920,Incident Closed
2025-11-03 03:00:00,Escalated,INC-04921,Operator
2025-11-03 03:00:00,Incident Created,INC-04921,OVER_GENERATION_INCIDENT
2025-11-03 03:30:00,Escalated,INC-04922,Operator
2025-11-03 03:30:00,Incident Created,INC-04922,OVER_GENERATION_INCIDENT
2025-11-03 04:00:00,Escalated,INC-04923,Operator
2025-11-03 04:00:00,Incident Created,INC-04923,OVER_GENERATION_INCIDENT
2025-11-03 04:00:00,Escalated,INC-04924,Supervisor
2025-11-03 04:00:00,Incident Created,INC-04924,CURTAILMENT_RISK_INCIDENT
2025-11-03 04:30:00,Incident Created,INC-04925,OVER_GENERATION_INCIDENT
2025-11-03 04:30:00,Escalated,INC-04925,Operator
2025-11-03 04:30:00,Incident Created,INC-04926,CURTAILMENT_RISK_INCIDENT
2025-11-03 04:30:00,Escalated,INC-04926,Supervisor
2025-11-03 05:00:00,Resolved,INC-04921,Incident Closed
2025-11-03 05:00:00,Incident Created,INC-04927,OVER_GENERATION_INCIDENT
2025-11-03 05:00:00,Escalated,INC-04927,Operator
2025-11-03 05:00:00,Incident Created,INC-04928,CURTAILMENT_RISK_INCIDENT
2025-11-03 05:00:00,Escalated,INC-04928,Supervisor
2025-11-03 05:30:00,Resolved,INC-04922,Incident Closed
2025-11-03 05:30:00,Escalated,INC-04929,Supervisor
2025-11-03 05:30:00,Incident Created,INC-04929,CURTAILMENT_RISK_INCIDENT
2025-11-03 06:00:00,Resolved,INC-04923,Incident Closed
2025-11-03 06:00:00,Resolved,INC-04924,Incident Closed
2025-11-03 06:00:00,Incident Created,INC-04930,CURTAILMENT_RISK_INCIDENT
2025-11-03 06:00:00,Escalated,INC-04930,Supervisor
2025-11-03 06:30:00,Resolved,INC-04925,Incident Closed
2025-11-03 06:30:00,Resolved,INC-04926,Incident Closed
2025-11-03 06:30:00,Incident Created,INC-04931,CURTAILMENT_RISK_INCIDENT
2025-11-03 06:30:00,Escalated,INC-04931,Supervisor
2025-11-03 07:00:00,Resolved,INC-04927,Incident Closed
2025-11-03 07:00:00,Resolved,INC-04928,Incident Closed
2025-11-03 07:00:00,Escalated,INC-04932,Supervisor
2025-11-03 07:00:00,Incident Created,INC-04932,CURTAILMENT_RISK_INCIDENT
2025-11-03 07:30:00,Resolved,INC-04929,Incident Closed
2025-11-03 07:30:00,Incident Created,INC-04933,CURTAILMENT_RISK_INCIDENT
2025-11-03 07:30:00,Escalated,INC-04933,Supervisor
2025-11-03 08:00:00,Resolved,INC-04930,Incident Closed
2025-11-03 08:00:00,Incident Created,INC-04934,CURTAILMENT_RISK_INCIDENT
2025-11-03 08:00:00,Escalated,INC-04934,Supervisor
2025-11-03 08:30:00,Resolved,INC-04931,Incident Closed
2025-11-03 08:30:00,Escalated,INC-04935,Supervisor
2025-11-03 08:30:00,Incident Created,INC-04935,CURTAILMENT_RISK_INCIDENT
2025-11-03 09:00:00,Resolved,INC-04932,Incident Closed
2025-11-03 09:00:00,Incident Created,INC-04936,CURTAILMENT_RISK_INCIDENT
2025-11-03 09:00:00,Escalated,INC-04936,Supervisor
2025-11-03 09:30:00,Resolved,INC-04933,Incident Closed
2025-11-03 09:30:00,Escalated,INC-04937,Supervisor
2025-11-03 09:30:00,Incident Created,INC-04937,CURTAILMENT_RISK_INCIDENT
2025-11-03 10:00:00,Resolved,INC-04934,Incident Closed
2025-11-03 10:00:00,Escalated,INC-04938,Supervisor
2025-11-03 10:00:00,Incident Created,INC-04938,CURTAILMENT_RISK_INCIDENT
2025-11-03 10:30:00,Resolved,INC-04935,Incident Closed
2025-11-03 10:30:00,Escalated,INC-04939,Supervisor
2025-11-03 10:30:00,Incident Created,INC-04939,CURTAILMENT_RISK_INCIDENT
2025-11-03 11:00:00,Resolved,INC-04936,Incident Closed
2025-11-03 11:00:00,Escalated,INC-04940,Supervisor
2025-11-03 11:00:00,Incident Created,INC-04940,CURTAILMENT_RISK_INCIDENT
2025-11-03 11:30:00,Resolved,INC-04937,Incident Closed
2025-11-03 11:30:00,Incident Created,INC-04941,CURTAILMENT_RISK_INCIDENT
2025-11-03 11:30:00,Escalated,INC-04941,Supervisor
2025-11-03 12:00:00,Resolved,INC-04938,Incident Closed
2025-11-03 12:00:00,Incident Created,INC-04942,CURTAILMENT_RISK_INCIDENT
2025-11-03 12:00:00,Escalated,INC-04942,Supervisor
2025-11-03 12:30:00,Resolved,INC-04939,Incident Closed
2025-11-03 12:30:00,Escalated,INC-04943,Supervisor
2025-11-03 12:30:00,Incident Created,INC-04943,CURTAILMENT_RISK_INCIDENT
2025-11-03 13:00:00,Resolved,INC-04940,Incident Closed
2025-11-03 13:00:00,Incident Created,INC-04944,CURTAILMENT_RISK_INCIDENT
2025-11-03 13:00:00,Escalated,INC-04944,Supervisor
2025-11-03 13:30:00,Resolved,INC-04941,Incident Closed
2025-11-03 13:30:00,Incident Created,INC-04945,CURTAILMENT_RISK_INCIDENT
2025-11-03 13:30:00,Escalated,INC-04945,Supervisor
2025-11-03 14:00:00,Resolved,INC-04942,Incident Closed
2025-11-03 14:00:00,Incident Created,INC-04946,CURTAILMENT_RISK_INCIDENT
2025-11-03 14:00:00,Escalated,INC-04946,Supervisor
2025-11-03 14:30:00,Resolved,INC-04943,Incident Closed
2025-11-03 14:30:00,Escalated,INC-04947,Supervisor
2025-11-03 14:30:00,Incident Created,INC-04947,CURTAILMENT_RISK_INCIDENT
2025-11-03 15:00:00,Resolved,INC-04944,Incident Closed
2025-11-03 15:00:00,Incident Created,INC-04948,CURTAILMENT_RISK_INCIDENT
2025-11-03 15:00:00,Escalated,INC-04948,Supervisor
2025-11-03 15:30:00,Resolved,INC-04945,Incident Closed
2025-11-03 15:30:00,Escalated,INC-04949,Supervisor
2025-11-03 15:30:00,Incident Created,INC-04949,CURTAILMENT_RISK_INCIDENT
2025-11-03 16:00:00,Resolved,INC-04946,Incident Closed
2025-11-03 16:00:00,Escalated,INC-04950,Supervisor
2025-11-03 16:00:00,Incident Created,INC-04950,CURTAILMENT_RISK_INCIDENT
2025-11-03 16:30:00,Resolved,INC-04947,Incident Closed
2025-11-03 16:30:00,Escalated,INC-04951,Supervisor
2025-11-03 16:30:00,Incident Created,INC-04951,CURTAILMENT_RISK_INCIDENT
2025-11-03 17:00:00,Resolved,INC-04948,Incident Closed
2025-11-03 17:30:00,Resolved,INC-04949,Incident Closed
2025-11-03 18:00:00,Resolved,INC-04950,Incident Closed
2025-11-03 18:00:00,Escalated,INC-04952,Supervisor
2025-11-03 18:00:00,Incident Created,INC-04952,CURTAILMENT_RISK_INCIDENT
2025-11-03 18:30:00,Resolved,INC-04951,Incident Closed
2025-11-03 18:30:00,Incident Created,INC-04953,CURTAILMENT_RISK_INCIDENT
2025-11-03 18:30:00,Escalated,INC-04953,Supervisor
2025-11-03 19:00:00,Incident Created,INC-04954,CURTAILMENT_RISK_INCIDENT
2025-11-03 19:00:00,Escalated,INC-04954,Supervisor
2025-11-03 19:30:00,Incident Created,INC-04955,CURTAILMENT_RISK_INCIDENT
2025-11-03 19:30:00,Escalated,INC-04955,Supervisor
2025-11-03 20:00:00,Resolved,INC-04952,Incident Closed
2025-11-03 20:00:00,Escalated,INC-04956,Supervisor
2025-11-03 20:00:00,Incident Created,INC-04956,CURTAILMENT_RISK_INCIDENT
2025-11-03 20:30:00,Resolved,INC-04953,Incident Closed
2025-11-03 20:30:00,Escalated,INC-04957,Supervisor
2025-11-03 20:30:00,Incident Created,INC-04957,CURTAILMENT_RISK_INCIDENT
2025-11-03 21:00:00,Resolved,INC-04954,Incident Closed
2025-11-03 21:00:00,Incident Created,INC-04958,CURTAILMENT_RISK_INCIDENT
2025-11-03 21:00:00,Escalated,INC-04958,Supervisor
2025-11-03 21:30:00,Resolved,INC-04955,Incident Closed
2025-11-03 21:30:00,Escalated,INC-04959,Supervisor
2025-11-03 21:30:00,Incident Created,INC-04959,CURTAILMENT_RISK_INCIDENT
2025-11-03 22:00:00,Resolved,INC-04956,Incident Closed
2025-11-03 22:00:00,Escalated,INC-04960,Supervisor
2025-11-03 22:00:00,Incident Created,INC-04960,CURTAILMENT_RISK_INCIDENT
2025-11-03 22:30:00,Resolved,INC-04957,Incident Closed
2025-11-03 22:30:00,Escalated,INC-04961,Supervisor
2025-11-03 22:30:00,Incident Created,INC-04961,CURTAILMENT_RISK_INCIDENT
2025-11-03 23:00:00,Resolved,INC-04958,Incident Closed
2025-11-03 23:00:00,Escalated,INC-04962,Supervisor
2025-11-03 23:00:00,Incident Created,INC-04962,CURTAILMENT_RISK_INCIDENT
2025-11-03 23:30:00,Resolved,INC-04959,Incident Closed
2025-11-03 23:30:00,Escalated,INC-04963,Supervisor
2025-11-03 23:30:00,Incident Created,INC-04963,CURTAILMENT_RISK_INCIDENT
2025-11-04 00:00:00,Resolved,INC-04960,Incident Closed
2025-11-04 00:00:00,Incident Created,INC-04964,CURTAILMENT_RISK_INCIDENT
2025-11-04 00:00:00,Escalated,INC-04964,Supervisor
2025-11-04 00:30:00,Resolved,INC-04961,Incident Closed
2025-11-04 00:30:00,Incident Created,INC-04965,CURTAILMENT_RISK_INCIDENT
2025-11-04 00:30:00,Escalated,INC-04965,Supervisor
2025-11-04 01:00:00,Resolved,INC-04962,Incident Closed
2025-11-04 01:00:00,Incident Created,INC-04966,CURTAILMENT_RISK_INCIDENT
2025-11-04 01:00:00,Escalated,INC-04966,Supervisor
2025-11-04 01:30:00,Resolved,INC-04963,Incident Closed
2025-11-04 01:30:00,Escalated,INC-04967,Supervisor
2025-11-04 01:30:00,Incident Created,INC-04967,CURTAILMENT_RISK_INCIDENT
2025-11-04 02:00:00,Resolved,INC-04964,Incident Closed
2025-11-04 02:00:00,Escalated,INC-04968,Supervisor
2025-11-04 02:00:00,Incident Created,INC-04968,CURTAILMENT_RISK_INCIDENT
2025-11-04 02:30:00,Resolved,INC-04965,Incident Closed
2025-11-04 02:30:00,Escalated,INC-04969,Operator
2025-11-04 02:30:00,Incident Created,INC-04969,OVER_GENERATION_INCIDENT
2025-11-04 03:00:00,Resolved,INC-04966,Incident Closed
2025-11-04 03:00:00,Escalated,INC-04970,Operator
2025-11-04 03:00:00,Incident Created,INC-04970,OVER_GENERATION_INCIDENT
2025-11-04 03:30:00,Resolved,INC-04967,Incident Closed
2025-11-04 03:30:00,Incident Created,INC-04971,OVER_GENERATION_INCIDENT
2025-11-04 03:30:00,Escalated,INC-04971,Operator
2025-11-04 04:00:00,Resolved,INC-04968,Incident Closed
2025-11-04 04:00:00,Escalated,INC-04972,Operator
2025-11-04 04:00:00,Incident Created,INC-04972,OVER_GENERATION_INCIDENT
2025-11-04 04:30:00,Resolved,INC-04969,Incident Closed
2025-11-04 04:30:00,Escalated,INC-04973,Operator
2025-11-04 04:30:00,Incident Created,INC-04973,OVER_GENERATION_INCIDENT
2025-11-04 05:00:00,Resolved,INC-04970,Incident Closed
2025-11-04 05:00:00,Escalated,INC-04974,Operator
2025-11-04 05:00:00,Incident Created,INC-04974,OVER_GENERATION_INCIDENT
2025-11-04 05:30:00,Resolved,INC-04971,Incident Closed
2025-11-04 06:00:00,Resolved,INC-04972,Incident Closed
2025-11-04 06:30:00,Resolved,INC-04973,Incident Closed
2025-11-04 07:00:00,Resolved,INC-04974,Incident Closed
2025-11-04 09:30:00,Incident Created,INC-04975,CURTAILMENT_RISK_INCIDENT
2025-11-04 09:30:00,Escalated,INC-04975,Supervisor
2025-11-04 10:00:00,Incident Created,INC-04976,CURTAILMENT_RISK_INCIDENT
2025-11-04 10:00:00,Escalated,INC-04976,Supervisor
2025-11-04 10:30:00,Incident Created,INC-04977,CURTAILMENT_RISK_INCIDENT
2025-11-04 10:30:00,Escalated,INC-04977,Supervisor
2025-11-04 11:00:00,Escalated,INC-04978,Supervisor
2025-11-04 11:00:00,Incident Created,INC-04978,CURTAILMENT_RISK_INCIDENT
2025-11-04 11:30:00,Resolved,INC-04975,Incident Closed
2025-11-04 11:30:00,Incident Created,INC-04979,CURTAILMENT_RISK_INCIDENT
2025-11-04 11:30:00,Escalated,INC-04979,Supervisor
2025-11-04 12:00:00,Resolved,INC-04976,Incident Closed
2025-11-04 12:30:00,Resolved,INC-04977,Incident Closed
2025-11-04 13:00:00,Resolved,INC-04978,Incident Closed
2025-11-04 13:30:00,Resolved,INC-04979,Incident Closed
2025-11-06 06:30:00,Incident Created,INC-04980,SUSTAINABILITY_INCIDENT
2025-11-06 06:30:00,Escalated,INC-04980,Supervisor
2025-11-06 07:00:00,Incident Created,INC-04981,SUSTAINABILITY_INCIDENT
2025-11-06 07:00:00,Escalated,INC-04981,Supervisor
2025-11-06 07:30:00,Incident Created,INC-04982,SUSTAINABILITY_INCIDENT
2025-11-06 07:30:00,Escalated,INC-04982,Supervisor
2025-11-06 08:00:00,Escalated,INC-04983,Supervisor
2025-11-06 08:00:00,Incident Created,INC-04983,SUSTAINABILITY_INCIDENT
2025-11-06 08:30:00,Resolved,INC-04980,Incident Closed
2025-11-06 08:30:00,Incident Created,INC-04984,SUSTAINABILITY_INCIDENT
2025-11-06 08:30:00,Escalated,INC-04984,Supervisor
2025-11-06 09:00:00,Resolved,INC-04981,Incident Closed
2025-11-06 09:00:00,Incident Created,INC-04985,SUSTAINABILITY_INCIDENT
2025-11-06 09:00:00,Escalated,INC-04985,Supervisor
2025-11-06 09:30:00,Resolved,INC-04982,Incident Closed
2025-11-06 09:30:00,Incident Created,INC-04986,SUSTAINABILITY_INCIDENT
2025-11-06 09:30:00,Escalated,INC-04986,Supervisor
2025-11-06 10:00:00,Resolved,INC-04983,Incident Closed
2025-11-06 10:00:00,Escalated,INC-04987,Supervisor
2025-11-06 10:00:00,Incident Created,INC-04987,SUSTAINABILITY_INCIDENT
2025-11-06 10:30:00,Resolved,INC-04984,Incident Closed
2025-11-06 11:00:00,Resolved,INC-04985,Incident Closed
2025-11-06 11:00:00,Escalated,INC-04988,Supervisor
2025-11-06 11:00:00,Incident Created,INC-04988,SUSTAINABILITY_INCIDENT
2025-11-06 11:30:00,Resolved,INC-04986,Incident Closed
2025-11-06 11:30:00,Escalated,INC-04989,Supervisor
2025-11-06 11:30:00,Incident Created,INC-04989,SUSTAINABILITY_INCIDENT
2025-11-06 12:00:00,Resolved,INC-04987,Incident Closed
2025-11-06 12:00:00,Incident Created,INC-04990,SUSTAINABILITY_INCIDENT
2025-11-06 12:00:00,Escalated,INC-04990,Supervisor
2025-11-06 12:30:00,Incident Created,INC-04991,SUSTAINABILITY_INCIDENT
2025-11-06 12:30:00,Escalated,INC-04991,Supervisor
2025-11-06 13:00:00,Resolved,INC-04988,Incident Closed
2025-11-06 13:00:00,Escalated,INC-04992,Supervisor
2025-11-06 13:00:00,Incident Created,INC-04992,SUSTAINABILITY_INCIDENT
2025-11-06 13:30:00,Resolved,INC-04989,Incident Closed
2025-11-06 13:30:00,Escalated,INC-04993,Supervisor
2025-11-06 13:30:00,Incident Created,INC-04993,SUSTAINABILITY_INCIDENT
2025-11-06 14:00:00,Resolved,INC-04990,Incident Closed
2025-11-06 14:00:00,Escalated,INC-04994,Supervisor
2025-11-06 14:00:00,Incident Created,INC-04994,SUSTAINABILITY_INCIDENT
2025-11-06 14:30:00,Resolved,INC-04991,Incident Closed
2025-11-06 14:30:00,Escalated,INC-04995,Supervisor
2025-11-06 14:30:00,Incident Created,INC-04995,SUSTAINABILITY_INCIDENT
2025-11-06 15:00:00,Resolved,INC-04992,Incident Closed
2025-11-06 15:00:00,Escalated,INC-04996,Supervisor
2025-11-06 15:00:00,Incident Created,INC-04996,SUSTAINABILITY_INCIDENT
2025-11-06 15:30:00,Resolved,INC-04993,Incident Closed
2025-11-06 15:30:00,Incident Created,INC-04997,SUSTAINABILITY_INCIDENT
2025-11-06 15:30:00,Escalated,INC-04997,Supervisor
2025-11-06 16:00:00,Resolved,INC-04994,Incident Closed
2025-11-06 16:00:00,Escalated,INC-04998,Supervisor
2025-11-06 16:00:00,Incident Created,INC-04998,SUSTAINABILITY_INCIDENT
2025-11-06 16:30:00,Resolved,INC-04995,Incident Closed
2025-11-06 16:30:00,Incident Created,INC-04999,SUSTAINABILITY_INCIDENT
2025-11-06 16:30:00,Escalated,INC-04999,Supervisor
2025-11-06 17:00:00,Resolved,INC-04996,Incident Closed
2025-11-06 17:00:00,Incident Created,INC-05000,SUSTAINABILITY_INCIDENT
2025-11-06 17:00:00,Escalated,INC-05000,Supervisor
2025-11-06 17:30:00,Resolved,INC-04997,Incident Closed
2025-11-06 17:30:00,Incident Created,INC-05001,SUSTAINABILITY_INCIDENT
2025-11-06 17:30:00,Escalated,INC-05001,Supervisor
2025-11-06 18:00:00,Resolved,INC-04998,Incident Closed
2025-11-06 18:00:00,Escalated,INC-05002,Supervisor
2025-11-06 18:00:00,Incident Created,INC-05002,SUSTAINABILITY_INCIDENT
2025-11-06 18:30:00,Resolved,INC-04999,Incident Closed
2025-11-06 18:30:00,Incident Created,INC-05003,SUSTAINABILITY_INCIDENT
2025-11-06 18:30:00,Escalated,INC-05003,Supervisor
2025-11-06 19:00:00,Resolved,INC-05000,Incident Closed
2025-11-06 19:00:00,Escalated,INC-05004,Supervisor
2025-11-06 19:00:00,Incident Created,INC-05004,SUSTAINABILITY_INCIDENT
2025-11-06 19:30:00,Resolved,INC-05001,Incident Closed
2025-11-06 19:30:00,Escalated,INC-05005,Supervisor
2025-11-06 19:30:00,Incident Created,INC-05005,SUSTAINABILITY_INCIDENT
2025-11-06 20:00:00,Resolved,INC-05002,Incident Closed
2025-11-06 20:00:00,Escalated,INC-05006,Supervisor
2025-11-06 20:00:00,Incident Created,INC-05006,SUSTAINABILITY_INCIDENT
2025-11-06 20:30:00,Resolved,INC-05003,Incident Closed
2025-11-06 20:30:00,Escalated,INC-05007,Supervisor
2025-11-06 20:30:00,Incident Created,INC-05007,SUSTAINABILITY_INCIDENT
2025-11-06 21:00:00,Resolved,INC-05004,Incident Closed
2025-11-06 21:00:00,Incident Created,INC-05008,SUSTAINABILITY_INCIDENT
2025-11-06 21:00:00,Escalated,INC-05008,Supervisor
2025-11-06 21:30:00,Resolved,INC-05005,Incident Closed
2025-11-06 21:30:00,Escalated,INC-05009,Supervisor
2025-11-06 21:30:00,Incident Created,INC-05009,SUSTAINABILITY_INCIDENT
2025-11-06 22:00:00,Resolved,INC-05006,Incident Closed
2025-11-06 22:00:00,Incident Created,INC-05010,SUSTAINABILITY_INCIDENT
2025-11-06 22:00:00,Escalated,INC-05010,Supervisor
2025-11-06 22:30:00,Resolved,INC-05007,Incident Closed
2025-11-06 22:30:00,Incident Created,INC-05011,SUSTAINABILITY_INCIDENT
2025-11-06 22:30:00,Escalated,INC-05011,Supervisor
2025-11-06 23:00:00,Resolved,INC-05008,Incident Closed
2025-11-06 23:00:00,Incident Created,INC-05012,SUSTAINABILITY_INCIDENT
2025-11-06 23:00:00,Escalated,INC-05012,Supervisor
2025-11-06 23:30:00,Resolved,INC-05009,Incident Closed
2025-11-06 23:30:00,Incident Created,INC-05013,SUSTAINABILITY_INCIDENT
2025-11-06 23:30:00,Escalated,INC-05013,Supervisor
2025-11-07 00:00:00,Resolved,INC-05010,Incident Closed
2025-11-07 00:00:00,Escalated,INC-05014,Supervisor
2025-11-07 00:00:00,Incident Created,INC-05014,SUSTAINABILITY_INCIDENT
2025-11-07 00:30:00,Resolved,INC-05011,Incident Closed
2025-11-07 00:30:00,Escalated,INC-05015,Supervisor
2025-11-07 00:30:00,Incident Created,INC-05015,SUSTAINABILITY_INCIDENT
2025-11-07 01:00:00,Resolved,INC-05012,Incident Closed
2025-11-07 01:00:00,Escalated,INC-05016,Supervisor
2025-11-07 01:00:00,Incident Created,INC-05016,SUSTAINABILITY_INCIDENT
2025-11-07 01:30:00,Resolved,INC-05013,Incident Closed
2025-11-07 01:30:00,Incident Created,INC-05017,SUSTAINABILITY_INCIDENT
2025-11-07 01:30:00,Escalated,INC-05017,Supervisor
2025-11-07 02:00:00,Resolved,INC-05014,Incident Closed
2025-11-07 02:00:00,Incident Created,INC-05018,SUSTAINABILITY_INCIDENT
2025-11-07 02:00:00,Escalated,INC-05018,Supervisor
2025-11-07 02:30:00,Resolved,INC-05015,Incident Closed
2025-11-07 02:30:00,Incident Created,INC-05019,SUSTAINABILITY_INCIDENT
2025-11-07 02:30:00,Escalated,INC-05019,Supervisor
2025-11-07 03:00:00,Resolved,INC-05016,Incident Closed
2025-11-07 03:00:00,Incident Created,INC-05020,SUSTAINABILITY_INCIDENT
2025-11-07 03:00:00,Escalated,INC-05020,Supervisor
2025-11-07 03:30:00,Resolved,INC-05017,Incident Closed
2025-11-07 03:30:00,Escalated,INC-05021,Supervisor
2025-11-07 03:30:00,Incident Created,INC-05021,SUSTAINABILITY_INCIDENT
2025-11-07 04:00:00,Resolved,INC-05018,Incident Closed
2025-11-07 04:30:00,Resolved,INC-05019,Incident Closed
2025-11-07 05:00:00,Resolved,INC-05020,Incident Closed
2025-11-07 05:30:00,Resolved,INC-05021,Incident Closed
2025-11-07 06:00:00,Escalated,INC-05022,Supervisor
2025-11-07 06:00:00,Incident Created,INC-05022,SUSTAINABILITY_INCIDENT
2025-11-07 06:30:00,Escalated,INC-05023,Supervisor
2025-11-07 06:30:00,Incident Created,INC-05023,SUSTAINABILITY_INCIDENT
2025-11-07 07:00:00,Escalated,INC-05024,Supervisor
2025-11-07 07:00:00,Incident Created,INC-05024,SUSTAINABILITY_INCIDENT
2025-11-07 07:30:00,Incident Created,INC-05025,SUSTAINABILITY_INCIDENT
2025-11-07 07:30:00,Escalated,INC-05025,Supervisor
2025-11-07 08:00:00,Resolved,INC-05022,Incident Closed
2025-11-07 08:00:00,Incident Created,INC-05026,SUSTAINABILITY_INCIDENT
2025-11-07 08:00:00,Escalated,INC-05026,Supervisor
2025-11-07 08:30:00,Resolved,INC-05023,Incident Closed
2025-11-07 08:30:00,Incident Created,INC-05027,SUSTAINABILITY_INCIDENT
2025-11-07 08:30:00,Escalated,INC-05027,Supervisor
2025-11-07 09:00:00,Resolved,INC-05024,Incident Closed
2025-11-07 09:00:00,Incident Created,INC-05028,SUSTAINABILITY_INCIDENT
2025-11-07 09:00:00,Escalated,INC-05028,Supervisor
2025-11-07 09:30:00,Resolved,INC-05025,Incident Closed
2025-11-07 10:00:00,Resolved,INC-05026,Incident Closed
2025-11-07 10:30:00,Resolved,INC-05027,Incident Closed
2025-11-07 11:00:00,Resolved,INC-05028,Incident Closed
2025-11-08 07:00:00,Incident Created,INC-05029,SUSTAINABILITY_INCIDENT
2025-11-08 07:00:00,Escalated,INC-05029,Supervisor
2025-11-08 07:30:00,Incident Created,INC-05030,SUSTAINABILITY_INCIDENT
2025-11-08 07:30:00,Escalated,INC-05030,Supervisor
2025-11-08 09:00:00,Resolved,INC-05029,Incident Closed
2025-11-08 09:30:00,Resolved,INC-05030,Incident Closed
2025-11-08 15:00:00,Incident Created,INC-05031,SUSTAINABILITY_INCIDENT
2025-11-08 15:00:00,Escalated,INC-05031,Supervisor
2025-11-08 15:30:00,Incident Created,INC-05032,SUSTAINABILITY_INCIDENT
2025-11-08 15:30:00,Escalated,INC-05032,Supervisor
2025-11-08 16:00:00,Escalated,INC-05033,Supervisor
2025-11-08 16:00:00,Incident Created,INC-05033,SUSTAINABILITY_INCIDENT
2025-11-08 16:30:00,Incident Created,INC-05034,SUSTAINABILITY_INCIDENT
2025-11-08 16:30:00,Escalated,INC-05034,Supervisor
2025-11-08 17:00:00,Resolved,INC-05031,Incident Closed
2025-11-08 17:00:00,Incident Created,INC-05035,SUSTAINABILITY_INCIDENT
2025-11-08 17:00:00,Escalated,INC-05035,Supervisor
2025-11-08 17:30:00,Resolved,INC-05032,Incident Closed
2025-11-08 17:30:00,Escalated,INC-05036,Supervisor
2025-11-08 17:30:00,Incident Created,INC-05036,SUSTAINABILITY_INCIDENT
2025-11-08 18:00:00,Resolved,INC-05033,Incident Closed
2025-11-08 18:00:00,Escalated,INC-05037,Supervisor
2025-11-08 18:00:00,Incident Created,INC-05037,SUSTAINABILITY_INCIDENT
2025-11-08 18:30:00,Resolved,INC-05034,Incident Closed
2025-11-08 18:30:00,Escalated,INC-05038,Supervisor
2025-11-08 18:30:00,Incident Created,INC-05038,SUSTAINABILITY_INCIDENT
2025-11-08 19:00:00,Resolved,INC-05035,Incident Closed
2025-11-08 19:00:00,Incident Created,INC-05039,SUSTAINABILITY_INCIDENT
2025-11-08 19:00:00,Escalated,INC-05039,Supervisor
2025-11-08 19:30:00,Resolved,INC-05036,Incident Closed
2025-11-08 19:30:00,Incident Created,INC-05040,SUSTAINABILITY_INCIDENT
2025-11-08 19:30:00,Escalated,INC-05040,Supervisor
2025-11-08 20:00:00,Resolved,INC-05037,Incident Closed
2025-11-08 20:00:00,Incident Created,INC-05041,SUSTAINABILITY_INCIDENT
2025-11-08 20:00:00,Escalated,INC-05041,Supervisor
2025-11-08 20:30:00,Resolved,INC-05038,Incident Closed
2025-11-08 21:00:00,Resolved,INC-05039,Incident Closed
2025-11-08 21:30:00,Resolved,INC-05040,Incident Closed
2025-11-08 22:00:00,Resolved,INC-05041,Incident Closed
2025-11-10 17:00:00,Escalated,INC-05042,Regional Controller
2025-11-10 17:00:00,Incident Created,INC-05042,PEAK_LOAD_EMISSIONS_INCIDENT
2025-11-10 17:30:00,Incident Created,INC-05043,PEAK_LOAD_EMISSIONS_INCIDENT
2025-11-10 17:30:00,Escalated,INC-05043,Regional Controller
2025-11-10 18:00:00,Escalated,INC-05044,Regional Controller
2025-11-10 18:00:00,Incident Created,INC-05044,PEAK_LOAD_EMISSIONS_INCIDENT
2025-11-10 19:00:00,Resolved,INC-05042,Incident Closed
2025-11-10 19:30:00,Resolved,INC-05043,Incident Closed
2025-11-10 20:00:00,Resolved,INC-05044,Incident Closed
2025-11-11 13:00:00,Incident Created,INC-05045,CURTAILMENT_RISK_INCIDENT
2025-11-11 13:00:00,Escalated,INC-05045,Supervisor
2025-11-11 13:30:00,Incident Created,INC-05046,CURTAILMENT_RISK_INCIDENT
2025-11-11 13:30:00,Escalated,INC-05046,Supervisor
2025-11-11 14:00:00,Incident Created,INC-05047,CURTAILMENT_RISK_INCIDENT
2025-11-11 14:00:00,Escalated,INC-05047,Supervisor
2025-11-11 14:30:00,Incident Created,INC-05048,CURTAILMENT_RISK_INCIDENT
2025-11-11 14:30:00,Escalated,INC-05048,Supervisor
2025-11-11 15:00:00,Resolved,INC-05045,Incident Closed
2025-11-11 15:00:00,Incident Created,INC-05049,CURTAILMENT_RISK_INCIDENT
2025-11-11 15:00:00,Escalated,INC-05049,Supervisor
2025-11-11 15:30:00,Resolved,INC-05046,Incident Closed
2025-11-11 15:30:00,Incident Created,INC-05050,CURTAILMENT_RISK_INCIDENT
2025-11-11 15:30:00,Escalated,INC-05050,Supervisor
2025-11-11 16:00:00,Resolved,INC-05047,Incident Closed
2025-11-11 16:00:00,Escalated,INC-05051,Supervisor
2025-11-11 16:00:00,Incident Created,INC-05051,CURTAILMENT_RISK_INCIDENT
2025-11-11 16:30:00,Resolved,INC-05048,Incident Closed
2025-11-11 16:30:00,Escalated,INC-05052,Supervisor
2025-11-11 16:30:00,Incident Created,INC-05052,CURTAILMENT_RISK_INCIDENT
2025-11-11 17:00:00,Resolved,INC-05049,Incident Closed
2025-11-11 17:00:00,Incident Created,INC-05053,CURTAILMENT_RISK_INCIDENT
2025-11-11 17:00:00,Escalated,INC-05053,Supervisor
2025-11-11 17:30:00,Resolved,INC-05050,Incident Closed
2025-11-11 17:30:00,Escalated,INC-05054,Supervisor
2025-11-11 17:30:00,Incident Created,INC-05054,CURTAILMENT_RISK_INCIDENT
2025-11-11 18:00:00,Resolved,INC-05051,Incident Closed
2025-11-11 18:00:00,Incident Created,INC-05055,CURTAILMENT_RISK_INCIDENT
2025-11-11 18:00:00,Escalated,INC-05055,Supervisor
2025-11-11 18:30:00,Resolved,INC-05052,Incident Closed
2025-11-11 18:30:00,Escalated,INC-05056,Supervisor
2025-11-11 18:30:00,Incident Created,INC-05056,CURTAILMENT_RISK_INCIDENT
2025-11-11 19:00:00,Resolved,INC-05053,Incident Closed
2025-11-11 19:00:00,Escalated,INC-05057,Supervisor
2025-11-11 19:00:00,Incident Created,INC-05057,CURTAILMENT_RISK_INCIDENT
2025-11-11 19:30:00,Resolved,INC-05054,Incident Closed
2025-11-11 19:30:00,Incident Created,INC-05058,CURTAILMENT_RISK_INCIDENT
2025-11-11 19:30:00,Escalated,INC-05058,Supervisor
2025-11-11 20:00:00,Resolved,INC-05055,Incident Closed
2025-11-11 20:00:00,Incident Created,INC-05059,CURTAILMENT_RISK_INCIDENT
2025-11-11 20:00:00,Escalated,INC-05059,Supervisor
2025-11-11 20:30:00,Resolved,INC-05056,Incident Closed
2025-11-11 20:30:00,Escalated,INC-05060,Supervisor
2025-11-11 20:30:00,Incident Created,INC-05060,CURTAILMENT_RISK_INCIDENT
2025-11-11 21:00:00,Resolved,INC-05057,Incident Closed
2025-11-11 21:00:00,Escalated,INC-05061,Supervisor
2025-11-11 21:00:00,Incident Created,INC-05061,CURTAILMENT_RISK_INCIDENT
2025-11-11 21:30:00,Resolved,INC-05058,Incident Closed
2025-11-11 21:30:00,Escalated,INC-05062,Supervisor
2025-11-11 21:30:00,Incident Created,INC-05062,CURTAILMENT_RISK_INCIDENT
2025-11-11 22:00:00,Resolved,INC-05059,Incident Closed
2025-11-11 22:00:00,Escalated,INC-05063,Supervisor
2025-11-11 22:00:00,Incident Created,INC-05063,CURTAILMENT_RISK_INCIDENT
2025-11-11 22:30:00,Resolved,INC-05060,Incident Closed
2025-11-11 22:30:00,Incident Created,INC-05064,CURTAILMENT_RISK_INCIDENT
2025-11-11 22:30:00,Escalated,INC-05064,Supervisor
2025-11-11 23:00:00,Resolved,INC-05061,Incident Closed
2025-11-11 23:00:00,Incident Created,INC-05065,CURTAILMENT_RISK_INCIDENT
2025-11-11 23:00:00,Escalated,INC-05065,Supervisor
2025-11-11 23:30:00,Resolved,INC-05062,Incident Closed
2025-11-12 00:00:00,Resolved,INC-05063,Incident Closed
2025-11-12 00:30:00,Resolved,INC-05064,Incident Closed
2025-11-12 01:00:00,Resolved,INC-05065,Incident Closed
2025-11-13 09:00:00,Incident Created,INC-05066,CURTAILMENT_RISK_INCIDENT
2025-11-13 09:00:00,Escalated,INC-05066,Supervisor
2025-11-13 09:30:00,Incident Created,INC-05067,CURTAILMENT_RISK_INCIDENT
2025-11-13 09:30:00,Escalated,INC-05067,Supervisor
2025-11-13 10:00:00,Escalated,INC-05068,Supervisor
2025-11-13 10:00:00,Incident Created,INC-05068,CURTAILMENT_RISK_INCIDENT
2025-11-13 10:30:00,Escalated,INC-05069,Supervisor
2025-11-13 10:30:00,Incident Created,INC-05069,CURTAILMENT_RISK_INCIDENT
2025-11-13 11:00:00,Resolved,INC-05066,Incident Closed
2025-11-13 11:00:00,Escalated,INC-05070,Supervisor
2025-11-13 11:00:00,Incident Created,INC-05070,CURTAILMENT_RISK_INCIDENT
2025-11-13 11:30:00,Resolved,INC-05067,Incident Closed
2025-11-13 11:30:00,Escalated,INC-05071,Supervisor
2025-11-13 11:30:00,Incident Created,INC-05071,CURTAILMENT_RISK_INCIDENT
2025-11-13 12:00:00,Resolved,INC-05068,Incident Closed
2025-11-13 12:30:00,Resolved,INC-05069,Incident Closed
2025-11-13 13:00:00,Resolved,INC-05070,Incident Closed
2025-11-13 13:30:00,Resolved,INC-05071,Incident Closed
2025-11-14 07:30:00,Escalated,INC-05072,Supervisor
2025-11-14 07:30:00,Incident Created,INC-05072,CURTAILMENT_RISK_INCIDENT
2025-11-14 08:00:00,Escalated,INC-05073,Supervisor
2025-11-14 08:00:00,Incident Created,INC-05073,CURTAILMENT_RISK_INCIDENT
2025-11-14 08:30:00,Incident Created,INC-05074,CURTAILMENT_RISK_INCIDENT
2025-11-14 08:30:00,Escalated,INC-05074,Supervisor
2025-11-14 09:00:00,Incident Created,INC-05075,CURTAILMENT_RISK_INCIDENT
2025-11-14 09:00:00,Escalated,INC-05075,Supervisor
2025-11-14 09:30:00,Resolved,INC-05072,Incident Closed
2025-11-14 09:30:00,Incident Created,INC-05076,CURTAILMENT_RISK_INCIDENT
2025-11-14 09:30:00,Escalated,INC-05076,Supervisor
2025-11-14 10:00:00,Resolved,INC-05073,Incident Closed
2025-11-14 10:00:00,Incident Created,INC-05077,CURTAILMENT_RISK_INCIDENT
2025-11-14 10:00:00,Escalated,INC-05077,Supervisor
2025-11-14 10:30:00,Resolved,INC-05074,Incident Closed
2025-11-14 10:30:00,Incident Created,INC-05078,CURTAILMENT_RISK_INCIDENT
2025-11-14 10:30:00,Escalated,INC-05078,Supervisor
2025-11-14 11:00:00,Resolved,INC-05075,Incident Closed
2025-11-14 11:00:00,Escalated,INC-05079,Supervisor
2025-11-14 11:00:00,Incident Created,INC-05079,CURTAILMENT_RISK_INCIDENT
2025-11-14 11:30:00,Resolved,INC-05076,Incident Closed
2025-11-14 11:30:00,Escalated,INC-05080,Supervisor
2025-11-14 11:30:00,Incident Created,INC-05080,CURTAILMENT_RISK_INCIDENT
2025-11-14 12:00:00,Resolved,INC-05077,Incident Closed
2025-11-14 12:00:00,Escalated,INC-05081,Supervisor
2025-11-14 12:00:00,Incident Created,INC-05081,CURTAILMENT_RISK_INCIDENT
2025-11-14 12:30:00,Resolved,INC-05078,Incident Closed
2025-11-14 12:30:00,Escalated,INC-05082,Supervisor
2025-11-14 12:30:00,Incident Created,INC-05082,CURTAILMENT_RISK_INCIDENT
2025-11-14 13:00:00,Resolved,INC-05079,Incident Closed
2025-11-14 13:00:00,Incident Created,INC-05083,CURTAILMENT_RISK_INCIDENT
2025-11-14 13:00:00,Escalated,INC-05083,Supervisor
2025-11-14 13:30:00,Resolved,INC-05080,Incident Closed
2025-11-14 13:30:00,Incident Created,INC-05084,CURTAILMENT_RISK_INCIDENT
2025-11-14 13:30:00,Escalated,INC-05084,Supervisor
2025-11-14 14:00:00,Resolved,INC-05081,Incident Closed
2025-11-14 14:00:00,Incident Created,INC-05085,CURTAILMENT_RISK_INCIDENT
2025-11-14 14:00:00,Escalated,INC-05085,Supervisor
2025-11-14 14:30:00,Resolved,INC-05082,Incident Closed
2025-11-14 14:30:00,Escalated,INC-05086,Supervisor
2025-11-14 14:30:00,Incident Created,INC-05086,CURTAILMENT_RISK_INCIDENT
2025-11-14 15:00:00,Resolved,INC-05083,Incident Closed
2025-11-14 15:00:00,Escalated,INC-05087,Supervisor
2025-11-14 15:00:00,Incident Created,INC-05087,CURTAILMENT_RISK_INCIDENT
2025-11-14 15:30:00,Resolved,INC-05084,Incident Closed
2025-11-14 15:30:00,Escalated,INC-05088,Supervisor
2025-11-14 15:30:00,Incident Created,INC-05088,CURTAILMENT_RISK_INCIDENT
2025-11-14 16:00:00,Resolved,INC-05085,Incident Closed
2025-11-14 16:00:00,Escalated,INC-05089,Supervisor
2025-11-14 16:00:00,Incident Created,INC-05089,CURTAILMENT_RISK_INCIDENT
2025-11-14 16:30:00,Resolved,INC-05086,Incident Closed
2025-11-14 16:30:00,Escalated,INC-05090,Supervisor
2025-11-14 16:30:00,Incident Created,INC-05090,CURTAILMENT_RISK_INCIDENT
2025-11-14 17:00:00,Resolved,INC-05087,Incident Closed
2025-11-14 17:00:00,Incident Created,INC-05091,CURTAILMENT_RISK_INCIDENT
2025-11-14 17:00:00,Escalated,INC-05091,Supervisor
2025-11-14 17:30:00,Resolved,INC-05088,Incident Closed
2025-11-14 17:30:00,Incident Created,INC-05092,CURTAILMENT_RISK_INCIDENT
2025-11-14 17:30:00,Escalated,INC-05092,Supervisor
2025-11-14 18:00:00,Resolved,INC-05089,Incident Closed
2025-11-14 18:00:00,Incident Created,INC-05093,CURTAILMENT_RISK_INCIDENT
2025-11-14 18:00:00,Escalated,INC-05093,Supervisor
2025-11-14 18:30:00,Resolved,INC-05090,Incident Closed
2025-11-14 18:30:00,Incident Created,INC-05094,CURTAILMENT_RISK_INCIDENT
2025-11-14 18:30:00,Escalated,INC-05094,Supervisor
2025-11-14 19:00:00,Resolved,INC-05091,Incident Closed
2025-11-14 19:00:00,Escalated,INC-05095,Supervisor
2025-11-14 19:00:00,Incident Created,INC-05095,CURTAILMENT_RISK_INCIDENT
2025-11-14 19:30:00,Resolved,INC-05092,Incident Closed
2025-11-14 19:30:00,Incident Created,INC-05096,CURTAILMENT_RISK_INCIDENT
2025-11-14 19:30:00,Escalated,INC-05096,Supervisor
2025-11-14 20:00:00,Resolved,INC-05093,Incident Closed
2025-11-14 20:00:00,Incident Created,INC-05097,CURTAILMENT_RISK_INCIDENT
2025-11-14 20:00:00,Escalated,INC-05097,Supervisor
2025-11-14 20:30:00,Resolved,INC-05094,Incident Closed
2025-11-14 20:30:00,Incident Created,INC-05098,CURTAILMENT_RISK_INCIDENT
2025-11-14 20:30:00,Escalated,INC-05098,Supervisor
2025-11-14 21:00:00,Resolved,INC-05095,Incident Closed
2025-11-14 21:00:00,Incident Created,INC-05099,CURTAILMENT_RISK_INCIDENT
2025-11-14 21:00:00,Escalated,INC-05099,Supervisor
2025-11-14 21:30:00,Resolved,INC-05096,Incident Closed
2025-11-14 21:30:00,Incident Created,INC-05100,CURTAILMENT_RISK_INCIDENT
2025-11-14 21:30:00,Escalated,INC-05100,Supervisor
2025-11-14 22:00:00,Resolved,INC-05097,Incident Closed
2025-11-14 22:00:00,Escalated,INC-05101,Supervisor
2025-11-14 22:00:00,Incident Created,INC-05101,CURTAILMENT_RISK_INCIDENT
2025-11-14 22:30:00,Resolved,INC-05098,Incident Closed
2025-11-14 22:30:00,Escalated,INC-05102,Supervisor
2025-11-14 22:30:00,Incident Created,INC-05102,CURTAILMENT_RISK_INCIDENT
2025-11-14 23:00:00,Resolved,INC-05099,Incident Closed
2025-11-14 23:30:00,Resolved,INC-05100,Incident Closed
2025-11-15 00:00:00,Resolved,INC-05101,Incident Closed
2025-11-15 00:30:00,Resolved,INC-05102,Incident Closed
2025-11-17 09:30:00,Incident Created,INC-05103,CURTAILMENT_RISK_INCIDENT
2025-11-17 09:30:00,Escalated,INC-05103,Supervisor
2025-11-17 10:00:00,Incident Created,INC-05104,CURTAILMENT_RISK_INCIDENT
2025-11-17 10:00:00,Escalated,INC-05104,Supervisor
2025-11-17 10:30:00,Escalated,INC-05105,Supervisor
2025-11-17 10:30:00,Incident Created,INC-05105,CURTAILMENT_RISK_INCIDENT
2025-11-17 11:00:00,Incident Created,INC-05106,CURTAILMENT_RISK_INCIDENT
2025-11-17 11:00:00,Escalated,INC-05106,Supervisor
2025-11-17 11:30:00,Resolved,INC-05103,Incident Closed
2025-11-17 11:30:00,Incident Created,INC-05107,CURTAILMENT_RISK_INCIDENT
2025-11-17 11:30:00,Escalated,INC-05107,Supervisor
2025-11-17 12:00:00,Resolved,INC-05104,Incident Closed
2025-11-17 12:00:00,Incident Created,INC-05108,CURTAILMENT_RISK_INCIDENT
2025-11-17 12:00:00,Escalated,INC-05108,Supervisor
2025-11-17 12:30:00,Resolved,INC-05105,Incident Closed
2025-11-17 13:00:00,Resolved,INC-05106,Incident Closed
2025-11-17 13:30:00,Resolved,INC-05107,Incident Closed
2025-11-17 14:00:00,Resolved,INC-05108,Incident Closed
2025-11-17 16:00:00,Incident Created,INC-05109,PEAK_LOAD_EMISSIONS_INCIDENT
2025-11-17 16:00:00,Escalated,INC-05109,Regional Controller
2025-11-17 16:30:00,Escalated,INC-05110,Regional Controller
2025-11-17 16:30:00,Incident Created,INC-05110,PEAK_LOAD_EMISSIONS_INCIDENT
2025-11-17 17:00:00,Incident Created,INC-05111,PEAK_LOAD_EMISSIONS_INCIDENT
2025-11-17 17:00:00,Escalated,INC-05111,Regional Controller
2025-11-17 17:30:00,Escalated,INC-05112,Regional Controller
2025-11-17 17:30:00,Incident Created,INC-05112,PEAK_LOAD_EMISSIONS_INCIDENT
2025-11-17 18:00:00,Resolved,INC-05109,Incident Closed
2025-11-17 18:00:00,Incident Created,INC-05113,PEAK_LOAD_EMISSIONS_INCIDENT
2025-11-17 18:00:00,Escalated,INC-05113,Regional Controller
2025-11-17 18:30:00,Resolved,INC-05110,Incident Closed
2025-11-17 18:30:00,Escalated,INC-05114,Regional Controller
2025-11-17 18:30:00,Incident Created,INC-05114,PEAK_LOAD_EMISSIONS_INCIDENT
2025-11-17 19:00:00,Resolved,INC-05111,Incident Closed
2025-11-17 19:00:00,Incident Created,INC-05115,PEAK_LOAD_EMISSIONS_INCIDENT
2025-11-17 19:00:00,Escalated,INC-05115,Regional Controller
2025-11-17 19:30:00,Resolved,INC-05112,Incident Closed
2025-11-17 19:30:00,Incident Created,INC-05116,PEAK_LOAD_EMISSIONS_INCIDENT
2025-11-17 19:30:00,Escalated,INC-05116,Regional Controller
2025-11-17 20:00:00,Resolved,INC-05113,Incident Closed
2025-11-17 20:00:00,Escalated,INC-05117,Regional Controller
2025-11-17 20:00:00,Incident Created,INC-05117,PEAK_LOAD_EMISSIONS_INCIDENT
2025-11-17 20:30:00,Resolved,INC-05114,Incident Closed
2025-11-17 21:00:00,Resolved,INC-05115,Incident Closed
2025-11-17 21:30:00,Resolved,INC-05116,Incident Closed
2025-11-17 22:00:00,Resolved,INC-05117,Incident Closed
2025-11-18 17:00:00,Escalated,INC-05118,Regional Controller
2025-11-18 17:00:00,Incident Created,INC-05118,PEAK_LOAD_EMISSIONS_INCIDENT
2025-11-18 17:30:00,Escalated,INC-05119,Regional Controller
2025-11-18 17:30:00,Incident Created,INC-05119,PEAK_LOAD_EMISSIONS_INCIDENT
2025-11-18 18:00:00,Escalated,INC-05120,Regional Controller
2025-11-18 18:00:00,Incident Created,INC-05120,PEAK_LOAD_EMISSIONS_INCIDENT
2025-11-18 18:30:00,Escalated,INC-05121,Regional Controller
2025-11-18 18:30:00,Incident Created,INC-05121,PEAK_LOAD_EMISSIONS_INCIDENT
2025-11-18 19:00:00,Resolved,INC-05118,Incident Closed
2025-11-18 19:00:00,Incident Created,INC-05122,PEAK_LOAD_EMISSIONS_INCIDENT
2025-11-18 19:00:00,Escalated,INC-05122,Regional Controller
2025-11-18 19:30:00,Resolved,INC-05119,Incident Closed
2025-11-18 20:00:00,Resolved,INC-05120,Incident Closed
2025-11-18 20:30:00,Resolved,INC-05121,Incident Closed
2025-11-18 21:00:00,Resolved,INC-05122,Incident Closed
2025-11-19 09:30:00,Incident Created,INC-05123,CURTAILMENT_RISK_INCIDENT
2025-11-19 09:30:00,Escalated,INC-05123,Supervisor
2025-11-19 10:00:00,Incident Created,INC-05124,CURTAILMENT_RISK_INCIDENT
2025-11-19 10:00:00,Escalated,INC-05124,Supervisor
2025-11-19 10:30:00,Escalated,INC-05125,Supervisor
2025-11-19 10:30:00,Incident Created,INC-05125,CURTAILMENT_RISK_INCIDENT
2025-11-19 11:00:00,Incident Created,INC-05126,CURTAILMENT_RISK_INCIDENT
2025-11-19 11:00:00,Escalated,INC-05126,Supervisor
2025-11-19 11:30:00,Resolved,INC-05123,Incident Closed
2025-11-19 11:30:00,Escalated,INC-05127,Supervisor
2025-11-19 11:30:00,Incident Created,INC-05127,CURTAILMENT_RISK_INCIDENT
2025-11-19 12:00:00,Resolved,INC-05124,Incident Closed
2025-11-19 12:00:00,Escalated,INC-05128,Supervisor
2025-11-19 12:00:00,Incident Created,INC-05128,CURTAILMENT_RISK_INCIDENT
2025-11-19 12:30:00,Resolved,INC-05125,Incident Closed
2025-11-19 12:30:00,Incident Created,INC-05129,CURTAILMENT_RISK_INCIDENT
2025-11-19 12:30:00,Escalated,INC-05129,Supervisor
2025-11-19 13:00:00,Resolved,INC-05126,Incident Closed
2025-11-19 13:00:00,Incident Created,INC-05130,CURTAILMENT_RISK_INCIDENT
2025-11-19 13:00:00,Escalated,INC-05130,Supervisor
2025-11-19 13:30:00,Resolved,INC-05127,Incident Closed
2025-11-19 13:30:00,Incident Created,INC-05131,CURTAILMENT_RISK_INCIDENT
2025-11-19 13:30:00,Escalated,INC-05131,Supervisor
2025-11-19 14:00:00,Resolved,INC-05128,Incident Closed
2025-11-19 14:00:00,Incident Created,INC-05132,CURTAILMENT_RISK_INCIDENT
2025-11-19 14:00:00,Escalated,INC-05132,Supervisor
2025-11-19 14:30:00,Resolved,INC-05129,Incident Closed
2025-11-19 14:30:00,Escalated,INC-05133,Supervisor
2025-11-19 14:30:00,Incident Created,INC-05133,CURTAILMENT_RISK_INCIDENT
2025-11-19 15:00:00,Resolved,INC-05130,Incident Closed
2025-11-19 15:30:00,Resolved,INC-05131,Incident Closed
2025-11-19 16:00:00,Resolved,INC-05132,Incident Closed
2025-11-19 16:30:00,Resolved,INC-05133,Incident Closed
2025-11-20 10:00:00,Incident Created,INC-05134,CURTAILMENT_RISK_INCIDENT
2025-11-20 10:00:00,Escalated,INC-05134,Supervisor
2025-11-20 10:30:00,Escalated,INC-05135,Supervisor
2025-11-20 10:30:00,Incident Created,INC-05135,CURTAILMENT_RISK_INCIDENT
2025-11-20 11:00:00,Escalated,INC-05136,Supervisor
2025-11-20 11:00:00,Incident Created,INC-05136,CURTAILMENT_RISK_INCIDENT
2025-11-20 11:30:00,Incident Created,INC-05137,CURTAILMENT_RISK_INCIDENT
2025-11-20 11:30:00,Escalated,INC-05137,Supervisor
2025-11-20 12:00:00,Resolved,INC-05134,Incident Closed
2025-11-20 12:00:00,Escalated,INC-05138,Supervisor
2025-11-20 12:00:00,Incident Created,INC-05138,CURTAILMENT_RISK_INCIDENT
2025-11-20 12:30:00,Resolved,INC-05135,Incident Closed
2025-11-20 12:30:00,Incident Created,INC-05139,CURTAILMENT_RISK_INCIDENT
2025-11-20 12:30:00,Escalated,INC-05139,Supervisor
2025-11-20 13:00:00,Resolved,INC-05136,Incident Closed
2025-11-20 13:30:00,Resolved,INC-05137,Incident Closed
2025-11-20 14:00:00,Resolved,INC-05138,Incident Closed
2025-11-20 14:30:00,Resolved,INC-05139,Incident Closed
2025-11-20 15:00:00,Incident Created,INC-05140,PEAK_LOAD_EMISSIONS_INCIDENT
2025-11-20 15:00:00,Escalated,INC-05140,Regional Controller
2025-11-20 15:30:00,Incident Created,INC-05141,PEAK_LOAD_EMISSIONS_INCIDENT
2025-11-20 15:30:00,Escalated,INC-05141,Regional Controller
2025-11-20 16:00:00,Incident Created,INC-05142,PEAK_LOAD_EMISSIONS_INCIDENT
2025-11-20 16:00:00,Escalated,INC-05142,Regional Controller
2025-11-20 16:30:00,Incident Created,INC-05143,PEAK_LOAD_EMISSIONS_INCIDENT
2025-11-20 16:30:00,Escalated,INC-05143,Regional Controller
2025-11-20 17:00:00,Resolved,INC-05140,Incident Closed
2025-11-20 17:00:00,Incident Created,INC-05144,PEAK_LOAD_EMISSIONS_INCIDENT
2025-11-20 17:00:00,Escalated,INC-05144,Regional Controller
2025-11-20 17:30:00,Resolved,INC-05141,Incident Closed
2025-11-20 17:30:00,Escalated,INC-05145,Regional Controller
2025-11-20 17:30:00,Incident Created,INC-05145,PEAK_LOAD_EMISSIONS_INCIDENT
2025-11-20 18:00:00,Resolved,INC-05142,Incident Closed
2025-11-20 18:00:00,Escalated,INC-05146,Regional Controller
2025-11-20 18:00:00,Incident Created,INC-05146,PEAK_LOAD_EMISSIONS_INCIDENT
2025-11-20 18:30:00,Resolved,INC-05143,Incident Closed
2025-11-20 18:30:00,Escalated,INC-05147,Regional Controller
2025-11-20 18:30:00,Incident Created,INC-05147,PEAK_LOAD_EMISSIONS_INCIDENT
2025-11-20 19:00:00,Resolved,INC-05144,Incident Closed
2025-11-20 19:00:00,Incident Created,INC-05148,PEAK_LOAD_EMISSIONS_INCIDENT
2025-11-20 19:00:00,Escalated,INC-05148,Regional Controller
2025-11-20 19:30:00,Resolved,INC-05145,Incident Closed
2025-11-20 19:30:00,Incident Created,INC-05149,PEAK_LOAD_EMISSIONS_INCIDENT
2025-11-20 19:30:00,Escalated,INC-05149,Regional Controller
2025-11-20 20:00:00,Resolved,INC-05146,Incident Closed
2025-11-20 20:00:00,Incident Created,INC-05150,PEAK_LOAD_EMISSIONS_INCIDENT
2025-11-20 20:00:00,Escalated,INC-05150,Regional Controller
2025-11-20 20:30:00,Resolved,INC-05147,Incident Closed
2025-11-20 20:30:00,Escalated,INC-05151,Regional Controller
2025-11-20 20:30:00,Incident Created,INC-05151,PEAK_LOAD_EMISSIONS_INCIDENT
2025-11-20 21:00:00,Resolved,INC-05148,Incident Closed
2025-11-20 21:30:00,Resolved,INC-05149,Incident Closed
2025-11-20 22:00:00,Resolved,INC-05150,Incident Closed
2025-11-20 22:30:00,Resolved,INC-05151,Incident Closed
2025-11-21 03:30:00,Escalated,INC-05152,Supervisor
2025-11-21 03:30:00,Incident Created,INC-05152,SUSTAINABILITY_INCIDENT
2025-11-21 04:00:00,Escalated,INC-05153,Supervisor
2025-11-21 04:00:00,Incident Created,INC-05153,SUSTAINABILITY_INCIDENT
2025-11-21 04:30:00,Escalated,INC-05154,Supervisor
2025-11-21 04:30:00,Incident Created,INC-05154,SUSTAINABILITY_INCIDENT
2025-11-21 05:00:00,Incident Created,INC-05155,SUSTAINABILITY_INCIDENT
2025-11-21 05:00:00,Escalated,INC-05155,Supervisor
2025-11-21 05:30:00,Resolved,INC-05152,Incident Closed
2025-11-21 05:30:00,Incident Created,INC-05156,SUSTAINABILITY_INCIDENT
2025-11-21 05:30:00,Escalated,INC-05156,Supervisor
2025-11-21 06:00:00,Resolved,INC-05153,Incident Closed
2025-11-21 06:00:00,Incident Created,INC-05157,SUSTAINABILITY_INCIDENT
2025-11-21 06:00:00,Escalated,INC-05157,Supervisor
2025-11-21 06:30:00,Resolved,INC-05154,Incident Closed
2025-11-21 06:30:00,Incident Created,INC-05158,SUSTAINABILITY_INCIDENT
2025-11-21 06:30:00,Escalated,INC-05158,Supervisor
2025-11-21 07:00:00,Resolved,INC-05155,Incident Closed
2025-11-21 07:00:00,Incident Created,INC-05159,SUSTAINABILITY_INCIDENT
2025-11-21 07:00:00,Escalated,INC-05159,Supervisor
2025-11-21 07:30:00,Resolved,INC-05156,Incident Closed
2025-11-21 07:30:00,Escalated,INC-05160,Supervisor
2025-11-21 07:30:00,Incident Created,INC-05160,SUSTAINABILITY_INCIDENT
2025-11-21 08:00:00,Resolved,INC-05157,Incident Closed
2025-11-21 08:00:00,Incident Created,INC-05161,SUSTAINABILITY_INCIDENT
2025-11-21 08:00:00,Escalated,INC-05161,Supervisor
2025-11-21 08:00:00,Incident Created,INC-05162,PEAK_LOAD_EMISSIONS_INCIDENT
2025-11-21 08:00:00,Escalated,INC-05162,Regional Controller
2025-11-21 08:30:00,Resolved,INC-05158,Incident Closed
2025-11-21 08:30:00,Incident Created,INC-05163,SUSTAINABILITY_INCIDENT
2025-11-21 08:30:00,Escalated,INC-05163,Supervisor
2025-11-21 08:30:00,Incident Created,INC-05164,PEAK_LOAD_EMISSIONS_INCIDENT
2025-11-21 08:30:00,Escalated,INC-05164,Regional Controller
2025-11-21 09:00:00,Resolved,INC-05159,Incident Closed
2025-11-21 09:00:00,Incident Created,INC-05165,PEAK_LOAD_EMISSIONS_INCIDENT
2025-11-21 09:00:00,Escalated,INC-05165,Regional Controller
2025-11-21 09:30:00,Resolved,INC-05160,Incident Closed
2025-11-21 09:30:00,Incident Created,INC-05166,PEAK_LOAD_EMISSIONS_INCIDENT
2025-11-21 09:30:00,Escalated,INC-05166,Regional Controller
2025-11-21 10:00:00,Resolved,INC-05161,Incident Closed
2025-11-21 10:00:00,Resolved,INC-05162,Incident Closed
2025-11-21 10:30:00,Resolved,INC-05163,Incident Closed
2025-11-21 10:30:00,Resolved,INC-05164,Incident Closed
2025-11-21 11:00:00,Resolved,INC-05165,Incident Closed
2025-11-21 11:30:00,Resolved,INC-05166,Incident Closed
2025-11-21 15:30:00,Escalated,INC-05167,Regional Controller
2025-11-21 15:30:00,Incident Created,INC-05167,PEAK_LOAD_EMISSIONS_INCIDENT
2025-11-21 16:00:00,Escalated,INC-05168,Regional Controller
2025-11-21 16:00:00,Incident Created,INC-05168,PEAK_LOAD_EMISSIONS_INCIDENT
2025-11-21 16:30:00,Escalated,INC-05169,Regional Controller
2025-11-21 16:30:00,Incident Created,INC-05169,PEAK_LOAD_EMISSIONS_INCIDENT
2025-11-21 17:00:00,Incident Created,INC-05170,PEAK_LOAD_EMISSIONS_INCIDENT
2025-11-21 17:00:00,Escalated,INC-05170,Regional Controller
2025-11-21 17:30:00,Resolved,INC-05167,Incident Closed
2025-11-21 17:30:00,Escalated,INC-05171,Regional Controller
2025-11-21 17:30:00,Incident Created,INC-05171,PEAK_LOAD_EMISSIONS_INCIDENT
2025-11-21 18:00:00,Resolved,INC-05168,Incident Closed
2025-11-21 18:00:00,Incident Created,INC-05172,PEAK_LOAD_EMISSIONS_INCIDENT
2025-11-21 18:00:00,Escalated,INC-05172,Regional Controller
2025-11-21 18:30:00,Resolved,INC-05169,Incident Closed
2025-11-21 18:30:00,Incident Created,INC-05173,PEAK_LOAD_EMISSIONS_INCIDENT
2025-11-21 18:30:00,Escalated,INC-05173,Regional Controller
2025-11-21 19:00:00,Resolved,INC-05170,Incident Closed
2025-11-21 19:00:00,Incident Created,INC-05174,PEAK_LOAD_EMISSIONS_INCIDENT
2025-11-21 19:00:00,Escalated,INC-05174,Regional Controller
2025-11-21 19:30:00,Resolved,INC-05171,Incident Closed
2025-11-21 19:30:00,Incident Created,INC-05175,PEAK_LOAD_EMISSIONS_INCIDENT
2025-11-21 19:30:00,Escalated,INC-05175,Regional Controller
2025-11-21 20:00:00,Resolved,INC-05172,Incident Closed
2025-11-21 20:30:00,Resolved,INC-05173,Incident Closed
2025-11-21 21:00:00,Resolved,INC-05174,Incident Closed
2025-11-21 21:30:00,Resolved,INC-05175,Incident Closed
2025-11-23 10:00:00,Escalated,INC-05176,Supervisor
2025-11-23 10:00:00,Incident Created,INC-05176,CURTAILMENT_RISK_INCIDENT
2025-11-23 10:30:00,Escalated,INC-05177,Supervisor
2025-11-23 10:30:00,Incident Created,INC-05177,CURTAILMENT_RISK_INCIDENT
2025-11-23 11:00:00,Incident Created,INC-05178,CURTAILMENT_RISK_INCIDENT
2025-11-23 11:00:00,Escalated,INC-05178,Supervisor
2025-11-23 11:30:00,Escalated,INC-05179,Supervisor
2025-11-23 11:30:00,Incident Created,INC-05179,CURTAILMENT_RISK_INCIDENT
2025-11-23 12:00:00,Resolved,INC-05176,Incident Closed
2025-11-23 12:00:00,Incident Created,INC-05180,CURTAILMENT_RISK_INCIDENT
2025-11-23 12:00:00,Escalated,INC-05180,Supervisor
2025-11-23 12:30:00,Resolved,INC-05177,Incident Closed
2025-11-23 12:30:00,Incident Created,INC-05181,CURTAILMENT_RISK_INCIDENT
2025-11-23 12:30:00,Escalated,INC-05181,Supervisor
2025-11-23 13:00:00,Resolved,INC-05178,Incident Closed
2025-11-23 13:00:00,Escalated,INC-05182,Supervisor
2025-11-23 13:00:00,Incident Created,INC-05182,CURTAILMENT_RISK_INCIDENT
2025-11-23 13:30:00,Resolved,INC-05179,Incident Closed
2025-11-23 13:30:00,Escalated,INC-05183,Supervisor
2025-11-23 13:30:00,Incident Created,INC-05183,CURTAILMENT_RISK_INCIDENT
2025-11-23 14:00:00,Resolved,INC-05180,Incident Closed
2025-11-23 14:30:00,Resolved,INC-05181,Incident Closed
2025-11-23 15:00:00,Resolved,INC-05182,Incident Closed
2025-11-23 15:30:00,Resolved,INC-05183,Incident Closed
2025-11-23 17:30:00,Incident Created,INC-05184,GRID_STRESS_INCIDENT
2025-11-23 17:30:00,Escalated,INC-05184,Executive
2025-11-23 19:30:00,Resolved,INC-05184,Incident Closed
2025-11-25 15:00:00,Incident Created,INC-05185,PEAK_LOAD_EMISSIONS_INCIDENT
2025-11-25 15:00:00,Escalated,INC-05185,Regional Controller
2025-11-25 15:30:00,Incident Created,INC-05186,PEAK_LOAD_EMISSIONS_INCIDENT
2025-11-25 15:30:00,Escalated,INC-05186,Regional Controller
2025-11-25 16:00:00,Incident Created,INC-05187,SUSTAINABILITY_INCIDENT
2025-11-25 16:00:00,Escalated,INC-05187,Supervisor
2025-11-25 16:00:00,Incident Created,INC-05188,PEAK_LOAD_EMISSIONS_INCIDENT
2025-11-25 16:00:00,Escalated,INC-05188,Regional Controller
2025-11-25 16:30:00,Incident Created,INC-05189,SUSTAINABILITY_INCIDENT
2025-11-25 16:30:00,Escalated,INC-05189,Supervisor
2025-11-25 16:30:00,Incident Created,INC-05190,PEAK_LOAD_EMISSIONS_INCIDENT
2025-11-25 16:30:00,Escalated,INC-05190,Regional Controller
2025-11-25 17:00:00,Resolved,INC-05185,Incident Closed
2025-11-25 17:00:00,Escalated,INC-05191,Regional Controller
2025-11-25 17:00:00,Incident Created,INC-05191,PEAK_LOAD_EMISSIONS_INCIDENT
2025-11-25 17:30:00,Resolved,INC-05186,Incident Closed
2025-11-25 17:30:00,Escalated,INC-05192,Regional Controller
2025-11-25 17:30:00,Incident Created,INC-05192,PEAK_LOAD_EMISSIONS_INCIDENT
2025-11-25 18:00:00,Resolved,INC-05187,Incident Closed
2025-11-25 18:00:00,Resolved,INC-05188,Incident Closed
2025-11-25 18:00:00,Escalated,INC-05193,Regional Controller
2025-11-25 18:00:00,Incident Created,INC-05193,PEAK_LOAD_EMISSIONS_INCIDENT
2025-11-25 18:30:00,Resolved,INC-05189,Incident Closed
2025-11-25 18:30:00,Resolved,INC-05190,Incident Closed
2025-11-25 18:30:00,Incident Created,INC-05194,PEAK_LOAD_EMISSIONS_INCIDENT
2025-11-25 18:30:00,Escalated,INC-05194,Regional Controller
2025-11-25 19:00:00,Resolved,INC-05191,Incident Closed
2025-11-25 19:00:00,Incident Created,INC-05195,PEAK_LOAD_EMISSIONS_INCIDENT
2025-11-25 19:00:00,Escalated,INC-05195,Regional Controller
2025-11-25 19:30:00,Resolved,INC-05192,Incident Closed
2025-11-25 19:30:00,Escalated,INC-05196,Supervisor
2025-11-25 19:30:00,Incident Created,INC-05196,SUSTAINABILITY_INCIDENT
2025-11-25 19:30:00,Incident Created,INC-05197,PEAK_LOAD_EMISSIONS_INCIDENT
2025-11-25 19:30:00,Escalated,INC-05197,Regional Controller
2025-11-25 20:00:00,Resolved,INC-05193,Incident Closed
2025-11-25 20:00:00,Escalated,INC-05198,Supervisor
2025-11-25 20:00:00,Incident Created,INC-05198,SUSTAINABILITY_INCIDENT
2025-11-25 20:00:00,Escalated,INC-05199,Regional Controller
2025-11-25 20:00:00,Incident Created,INC-05199,PEAK_LOAD_EMISSIONS_INCIDENT
2025-11-25 20:30:00,Resolved,INC-05194,Incident Closed
2025-11-25 20:30:00,Escalated,INC-05200,Supervisor
2025-11-25 20:30:00,Incident Created,INC-05200,SUSTAINABILITY_INCIDENT
2025-11-25 20:30:00,Escalated,INC-05201,Regional Controller
2025-11-25 20:30:00,Incident Created,INC-05201,PEAK_LOAD_EMISSIONS_INCIDENT
2025-11-25 21:00:00,Resolved,INC-05195,Incident Closed
2025-11-25 21:00:00,Escalated,INC-05202,Supervisor
2025-11-25 21:00:00,Incident Created,INC-05202,SUSTAINABILITY_INCIDENT
2025-11-25 21:30:00,Resolved,INC-05196,Incident Closed
2025-11-25 21:30:00,Resolved,INC-05197,Incident Closed
2025-11-25 21:30:00,Incident Created,INC-05203,SUSTAINABILITY_INCIDENT
2025-11-25 21:30:00,Escalated,INC-05203,Supervisor
2025-11-25 22:00:00,Resolved,INC-05198,Incident Closed
2025-11-25 22:00:00,Resolved,INC-05199,Incident Closed
2025-11-25 22:00:00,Incident Created,INC-05204,SUSTAINABILITY_INCIDENT
2025-11-25 22:00:00,Escalated,INC-05204,Supervisor
2025-11-25 22:30:00,Resolved,INC-05200,Incident Closed
2025-11-25 22:30:00,Resolved,INC-05201,Incident Closed
2025-11-25 22:30:00,Escalated,INC-05205,Supervisor
2025-11-25 22:30:00,Incident Created,INC-05205,SUSTAINABILITY_INCIDENT
2025-11-25 23:00:00,Resolved,INC-05202,Incident Closed
2025-11-25 23:30:00,Resolved,INC-05203,Incident Closed
2025-11-26 00:00:00,Resolved,INC-05204,Incident Closed
2025-11-26 00:30:00,Resolved,INC-05205,Incident Closed
2025-11-26 08:00:00,Escalated,INC-05206,Regional Controller
2025-11-26 08:00:00,Incident Created,INC-05206,PEAK_LOAD_EMISSIONS_INCIDENT
2025-11-26 08:30:00,Escalated,INC-05207,Regional Controller
2025-11-26 08:30:00,Incident Created,INC-05207,PEAK_LOAD_EMISSIONS_INCIDENT
2025-11-26 09:00:00,Escalated,INC-05208,Regional Controller
2025-11-26 09:00:00,Incident Created,INC-05208,PEAK_LOAD_EMISSIONS_INCIDENT
2025-11-26 09:30:00,Escalated,INC-05209,Regional Controller
2025-11-26 09:30:00,Incident Created,INC-05209,PEAK_LOAD_EMISSIONS_INCIDENT
2025-11-26 10:00:00,Resolved,INC-05206,Incident Closed
2025-11-26 10:30:00,Resolved,INC-05207,Incident Closed
2025-11-26 11:00:00,Resolved,INC-05208,Incident Closed
2025-11-26 11:30:00,Resolved,INC-05209,Incident Closed
2025-11-27 11:00:00,Escalated,INC-05210,Supervisor
2025-11-27 11:00:00,Incident Created,INC-05210,CURTAILMENT_RISK_INCIDENT
2025-11-27 11:30:00,Escalated,INC-05211,Supervisor
2025-11-27 11:30:00,Incident Created,INC-05211,CURTAILMENT_RISK_INCIDENT
2025-11-27 13:00:00,Resolved,INC-05210,Incident Closed
2025-11-27 13:30:00,Resolved,INC-05211,Incident Closed
2025-11-27 15:00:00,Escalated,INC-05212,Supervisor
2025-11-27 15:00:00,Incident Created,INC-05212,CURTAILMENT_RISK_INCIDENT
2025-11-27 15:30:00,Escalated,INC-05213,Supervisor
2025-11-27 15:30:00,Incident Created,INC-05213,CURTAILMENT_RISK_INCIDENT
2025-11-27 17:00:00,Resolved,INC-05212,Incident Closed
2025-11-27 17:30:00,Resolved,INC-05213,Incident Closed
2025-11-27 20:30:00,Escalated,INC-05214,Supervisor
2025-11-27 20:30:00,Incident Created,INC-05214,CURTAILMENT_RISK_INCIDENT
2025-11-27 21:00:00,Incident Created,INC-05215,CURTAILMENT_RISK_INCIDENT
2025-11-27 21:00:00,Escalated,INC-05215,Supervisor
2025-11-27 21:30:00,Incident Created,INC-05216,CURTAILMENT_RISK_INCIDENT
2025-11-27 21:30:00,Escalated,INC-05216,Supervisor
2025-11-27 22:00:00,Escalated,INC-05217,Supervisor
2025-11-27 22:00:00,Incident Created,INC-05217,CURTAILMENT_RISK_INCIDENT
2025-11-27 22:30:00,Resolved,INC-05214,Incident Closed
2025-11-27 22:30:00,Escalated,INC-05218,Supervisor
2025-11-27 22:30:00,Incident Created,INC-05218,CURTAILMENT_RISK_INCIDENT
2025-11-27 23:00:00,Resolved,INC-05215,Incident Closed
2025-11-27 23:30:00,Resolved,INC-05216,Incident Closed
2025-11-27 23:30:00,Escalated,INC-05219,Supervisor
2025-11-27 23:30:00,Incident Created,INC-05219,CURTAILMENT_RISK_INCIDENT
2025-11-28 00:00:00,Resolved,INC-05217,Incident Closed
2025-11-28 00:00:00,Escalated,INC-05220,Supervisor
2025-11-28 00:00:00,Incident Created,INC-05220,CURTAILMENT_RISK_INCIDENT
2025-11-28 00:30:00,Resolved,INC-05218,Incident Closed
2025-11-28 00:30:00,Escalated,INC-05221,Supervisor
2025-11-28 00:30:00,Incident Created,INC-05221,CURTAILMENT_RISK_INCIDENT
2025-11-28 01:00:00,Incident Created,INC-05222,CURTAILMENT_RISK_INCIDENT
2025-11-28 01:00:00,Escalated,INC-05222,Supervisor
2025-11-28 01:30:00,Resolved,INC-05219,Incident Closed
2025-11-28 02:00:00,Resolved,INC-05220,Incident Closed
2025-11-28 02:30:00,Resolved,INC-05221,Incident Closed
2025-11-28 03:00:00,Resolved,INC-05222,Incident Closed
2025-11-28 08:00:00,Incident Created,INC-05223,CURTAILMENT_RISK_INCIDENT
2025-11-28 08:00:00,Escalated,INC-05223,Supervisor
2025-11-28 08:30:00,Incident Created,INC-05224,CURTAILMENT_RISK_INCIDENT
2025-11-28 08:30:00,Escalated,INC-05224,Supervisor
2025-11-28 09:00:00,Incident Created,INC-05225,CURTAILMENT_RISK_INCIDENT
2025-11-28 09:00:00,Escalated,INC-05225,Supervisor
2025-11-28 09:30:00,Escalated,INC-05226,Supervisor
2025-11-28 09:30:00,Incident Created,INC-05226,CURTAILMENT_RISK_INCIDENT
2025-11-28 10:00:00,Resolved,INC-05223,Incident Closed
2025-11-28 10:00:00,Escalated,INC-05227,Supervisor
2025-11-28 10:00:00,Incident Created,INC-05227,CURTAILMENT_RISK_INCIDENT
2025-11-28 10:30:00,Resolved,INC-05224,Incident Closed
2025-11-28 10:30:00,Escalated,INC-05228,Supervisor
2025-11-28 10:30:00,Incident Created,INC-05228,CURTAILMENT_RISK_INCIDENT
2025-11-28 11:00:00,Resolved,INC-05225,Incident Closed
2025-11-28 11:00:00,Incident Created,INC-05229,CURTAILMENT_RISK_INCIDENT
2025-11-28 11:00:00,Escalated,INC-05229,Supervisor
2025-11-28 11:30:00,Resolved,INC-05226,Incident Closed
2025-11-28 11:30:00,Incident Created,INC-05230,CURTAILMENT_RISK_INCIDENT
2025-11-28 11:30:00,Escalated,INC-05230,Supervisor
2025-11-28 12:00:00,Resolved,INC-05227,Incident Closed
2025-11-28 12:00:00,Escalated,INC-05231,Supervisor
2025-11-28 12:00:00,Incident Created,INC-05231,CURTAILMENT_RISK_INCIDENT
2025-11-28 12:30:00,Resolved,INC-05228,Incident Closed
2025-11-28 12:30:00,Escalated,INC-05232,Supervisor
2025-11-28 12:30:00,Incident Created,INC-05232,CURTAILMENT_RISK_INCIDENT
2025-11-28 13:00:00,Resolved,INC-05229,Incident Closed
2025-11-28 13:00:00,Escalated,INC-05233,Supervisor
2025-11-28 13:00:00,Incident Created,INC-05233,CURTAILMENT_RISK_INCIDENT
2025-11-28 13:30:00,Resolved,INC-05230,Incident Closed
2025-11-28 13:30:00,Escalated,INC-05234,Supervisor
2025-11-28 13:30:00,Incident Created,INC-05234,CURTAILMENT_RISK_INCIDENT
2025-11-28 14:00:00,Resolved,INC-05231,Incident Closed
2025-11-28 14:00:00,Incident Created,INC-05235,CURTAILMENT_RISK_INCIDENT
2025-11-28 14:00:00,Escalated,INC-05235,Supervisor
2025-11-28 14:30:00,Resolved,INC-05232,Incident Closed
2025-11-28 14:30:00,Escalated,INC-05236,Supervisor
2025-11-28 14:30:00,Incident Created,INC-05236,CURTAILMENT_RISK_INCIDENT
2025-11-28 15:00:00,Resolved,INC-05233,Incident Closed
2025-11-28 15:00:00,Escalated,INC-05237,Supervisor
2025-11-28 15:00:00,Incident Created,INC-05237,CURTAILMENT_RISK_INCIDENT
2025-11-28 15:30:00,Resolved,INC-05234,Incident Closed
2025-11-28 15:30:00,Incident Created,INC-05238,CURTAILMENT_RISK_INCIDENT
2025-11-28 15:30:00,Escalated,INC-05238,Supervisor
2025-11-28 16:00:00,Resolved,INC-05235,Incident Closed
2025-11-28 16:30:00,Resolved,INC-05236,Incident Closed
2025-11-28 17:00:00,Resolved,INC-05237,Incident Closed
2025-11-28 17:30:00,Resolved,INC-05238,Incident Closed
2025-11-28 20:00:00,Incident Created,INC-05239,CURTAILMENT_RISK_INCIDENT
2025-11-28 20:00:00,Escalated,INC-05239,Supervisor
2025-11-28 22:00:00,Resolved,INC-05239,Incident Closed
2025-12-01 00:30:00,Escalated,INC-05240,Supervisor
2025-12-01 00:30:00,Incident Created,INC-05240,CURTAILMENT_RISK_INCIDENT
2025-12-01 01:00:00,Incident Created,INC-05241,CURTAILMENT_RISK_INCIDENT
2025-12-01 01:00:00,Escalated,INC-05241,Supervisor
2025-12-01 01:30:00,Incident Created,INC-05242,CURTAILMENT_RISK_INCIDENT
2025-12-01 01:30:00,Escalated,INC-05242,Supervisor
2025-12-01 02:00:00,Escalated,INC-05243,Supervisor
2025-12-01 02:00:00,Incident Created,INC-05243,CURTAILMENT_RISK_INCIDENT
2025-12-01 02:30:00,Resolved,INC-05240,Incident Closed
2025-12-01 02:30:00,Incident Created,INC-05244,CURTAILMENT_RISK_INCIDENT
2025-12-01 02:30:00,Escalated,INC-05244,Supervisor
2025-12-01 03:00:00,Resolved,INC-05241,Incident Closed
2025-12-01 03:00:00,Escalated,INC-05245,Supervisor
2025-12-01 03:00:00,Incident Created,INC-05245,CURTAILMENT_RISK_INCIDENT
2025-12-01 03:30:00,Resolved,INC-05242,Incident Closed
2025-12-01 03:30:00,Incident Created,INC-05246,CURTAILMENT_RISK_INCIDENT
2025-12-01 03:30:00,Escalated,INC-05246,Supervisor
2025-12-01 04:00:00,Resolved,INC-05243,Incident Closed
2025-12-01 04:00:00,Escalated,INC-05247,Supervisor
2025-12-01 04:00:00,Incident Created,INC-05247,CURTAILMENT_RISK_INCIDENT
2025-12-01 04:30:00,Resolved,INC-05244,Incident Closed
2025-12-01 04:30:00,Incident Created,INC-05248,CURTAILMENT_RISK_INCIDENT
2025-12-01 04:30:00,Escalated,INC-05248,Supervisor
2025-12-01 05:00:00,Resolved,INC-05245,Incident Closed
2025-12-01 05:00:00,Escalated,INC-05249,Supervisor
2025-12-01 05:00:00,Incident Created,INC-05249,CURTAILMENT_RISK_INCIDENT
2025-12-01 05:30:00,Resolved,INC-05246,Incident Closed
2025-12-01 06:00:00,Resolved,INC-05247,Incident Closed
2025-12-01 06:30:00,Resolved,INC-05248,Incident Closed
2025-12-01 07:00:00,Resolved,INC-05249,Incident Closed
2025-12-03 16:00:00,Escalated,INC-05250,Regional Controller
2025-12-03 16:00:00,Incident Created,INC-05250,PEAK_LOAD_EMISSIONS_INCIDENT
2025-12-03 16:30:00,Escalated,INC-05251,Regional Controller
2025-12-03 16:30:00,Incident Created,INC-05251,PEAK_LOAD_EMISSIONS_INCIDENT
2025-12-03 17:00:00,Escalated,INC-05252,Regional Controller
2025-12-03 17:00:00,Incident Created,INC-05252,PEAK_LOAD_EMISSIONS_INCIDENT
2025-12-03 17:30:00,Escalated,INC-05253,Regional Controller
2025-12-03 17:30:00,Incident Created,INC-05253,PEAK_LOAD_EMISSIONS_INCIDENT
2025-12-03 18:00:00,Resolved,INC-05250,Incident Closed
2025-12-03 18:00:00,Escalated,INC-05254,Regional Controller
2025-12-03 18:00:00,Incident Created,INC-05254,PEAK_LOAD_EMISSIONS_INCIDENT
2025-12-03 18:30:00,Resolved,INC-05251,Incident Closed
2025-12-03 18:30:00,Incident Created,INC-05255,PEAK_LOAD_EMISSIONS_INCIDENT
2025-12-03 18:30:00,Escalated,INC-05255,Regional Controller
2025-12-03 19:00:00,Resolved,INC-05252,Incident Closed
2025-12-03 19:30:00,Resolved,INC-05253,Incident Closed
2025-12-03 20:00:00,Resolved,INC-05254,Incident Closed
2025-12-03 20:30:00,Resolved,INC-05255,Incident Closed
2025-12-05 12:30:00,Escalated,INC-05256,Supervisor
2025-12-05 12:30:00,Incident Created,INC-05256,CURTAILMENT_RISK_INCIDENT
2025-12-05 13:00:00,Incident Created,INC-05257,CURTAILMENT_RISK_INCIDENT
2025-12-05 13:00:00,Escalated,INC-05257,Supervisor
2025-12-05 13:30:00,Incident Created,INC-05258,CURTAILMENT_RISK_INCIDENT
2025-12-05 13:30:00,Escalated,INC-05258,Supervisor
2025-12-05 14:00:00,Incident Created,INC-05259,CURTAILMENT_RISK_INCIDENT
2025-12-05 14:00:00,Escalated,INC-05259,Supervisor
2025-12-05 14:30:00,Resolved,INC-05256,Incident Closed
2025-12-05 14:30:00,Escalated,INC-05260,Supervisor
2025-12-05 14:30:00,Incident Created,INC-05260,CURTAILMENT_RISK_INCIDENT
2025-12-05 15:00:00,Resolved,INC-05257,Incident Closed
2025-12-05 15:00:00,Escalated,INC-05261,Supervisor
2025-12-05 15:00:00,Incident Created,INC-05261,CURTAILMENT_RISK_INCIDENT
2025-12-05 15:30:00,Resolved,INC-05258,Incident Closed
2025-12-05 15:30:00,Escalated,INC-05262,Supervisor
2025-12-05 15:30:00,Incident Created,INC-05262,CURTAILMENT_RISK_INCIDENT
2025-12-05 16:00:00,Resolved,INC-05259,Incident Closed
2025-12-05 16:00:00,Escalated,INC-05263,Supervisor
2025-12-05 16:00:00,Incident Created,INC-05263,CURTAILMENT_RISK_INCIDENT
2025-12-05 16:00:00,Incident Created,INC-05264,RENEWABLE_SUPPORT_INCIDENT
2025-12-05 16:00:00,Escalated,INC-05264,Operator
2025-12-05 16:30:00,Resolved,INC-05260,Incident Closed
2025-12-05 16:30:00,Escalated,INC-05265,Supervisor
2025-12-05 16:30:00,Incident Created,INC-05265,CURTAILMENT_RISK_INCIDENT
2025-12-05 16:30:00,Escalated,INC-05266,Operator
2025-12-05 16:30:00,Incident Created,INC-05266,RENEWABLE_SUPPORT_INCIDENT
2025-12-05 17:00:00,Resolved,INC-05261,Incident Closed
2025-12-05 17:00:00,Escalated,INC-05267,Supervisor
2025-12-05 17:00:00,Incident Created,INC-05267,CURTAILMENT_RISK_INCIDENT
2025-12-05 17:00:00,Escalated,INC-05268,Operator
2025-12-05 17:00:00,Incident Created,INC-05268,RENEWABLE_SUPPORT_INCIDENT
2025-12-05 17:30:00,Resolved,INC-05262,Incident Closed
2025-12-05 17:30:00,Incident Created,INC-05269,CURTAILMENT_RISK_INCIDENT
2025-12-05 17:30:00,Escalated,INC-05269,Supervisor
2025-12-05 17:30:00,Incident Created,INC-05270,RENEWABLE_SUPPORT_INCIDENT
2025-12-05 17:30:00,Escalated,INC-05270,Operator
2025-12-05 18:00:00,Resolved,INC-05263,Incident Closed
2025-12-05 18:00:00,Resolved,INC-05264,Incident Closed
2025-12-05 18:00:00,Escalated,INC-05271,Supervisor
2025-12-05 18:00:00,Incident Created,INC-05271,CURTAILMENT_RISK_INCIDENT
2025-12-05 18:00:00,Escalated,INC-05272,Operator
2025-12-05 18:00:00,Incident Created,INC-05272,RENEWABLE_SUPPORT_INCIDENT
2025-12-05 18:30:00,Resolved,INC-05265,Incident Closed
2025-12-05 18:30:00,Resolved,INC-05266,Incident Closed
2025-12-05 18:30:00,Escalated,INC-05273,Supervisor
2025-12-05 18:30:00,Incident Created,INC-05273,CURTAILMENT_RISK_INCIDENT
2025-12-05 19:00:00,Resolved,INC-05267,Incident Closed
2025-12-05 19:00:00,Resolved,INC-05268,Incident Closed
2025-12-05 19:00:00,Incident Created,INC-05274,CURTAILMENT_RISK_INCIDENT
2025-12-05 19:00:00,Escalated,INC-05274,Supervisor
2025-12-05 19:30:00,Resolved,INC-05269,Incident Closed
2025-12-05 19:30:00,Resolved,INC-05270,Incident Closed
2025-12-05 19:30:00,Escalated,INC-05275,Supervisor
2025-12-05 19:30:00,Incident Created,INC-05275,CURTAILMENT_RISK_INCIDENT
2025-12-05 20:00:00,Resolved,INC-05271,Incident Closed
2025-12-05 20:00:00,Resolved,INC-05272,Incident Closed
2025-12-05 20:00:00,Escalated,INC-05276,Supervisor
2025-12-05 20:00:00,Incident Created,INC-05276,CURTAILMENT_RISK_INCIDENT
2025-12-05 20:30:00,Resolved,INC-05273,Incident Closed
2025-12-05 20:30:00,Escalated,INC-05277,Supervisor
2025-12-05 20:30:00,Incident Created,INC-05277,CURTAILMENT_RISK_INCIDENT
2025-12-05 21:00:00,Resolved,INC-05274,Incident Closed
2025-12-05 21:00:00,Escalated,INC-05278,Supervisor
2025-12-05 21:00:00,Incident Created,INC-05278,CURTAILMENT_RISK_INCIDENT
2025-12-05 21:30:00,Resolved,INC-05275,Incident Closed
2025-12-05 21:30:00,Escalated,INC-05279,Supervisor
2025-12-05 21:30:00,Incident Created,INC-05279,CURTAILMENT_RISK_INCIDENT
2025-12-05 22:00:00,Resolved,INC-05276,Incident Closed
2025-12-05 22:00:00,Escalated,INC-05280,Supervisor
2025-12-05 22:00:00,Incident Created,INC-05280,CURTAILMENT_RISK_INCIDENT
2025-12-05 22:30:00,Resolved,INC-05277,Incident Closed
2025-12-05 22:30:00,Incident Created,INC-05281,CURTAILMENT_RISK_INCIDENT
2025-12-05 22:30:00,Escalated,INC-05281,Supervisor
2025-12-05 23:00:00,Resolved,INC-05278,Incident Closed
2025-12-05 23:00:00,Incident Created,INC-05282,CURTAILMENT_RISK_INCIDENT
2025-12-05 23:00:00,Escalated,INC-05282,Supervisor
2025-12-05 23:30:00,Resolved,INC-05279,Incident Closed
2025-12-05 23:30:00,Escalated,INC-05283,Supervisor
2025-12-05 23:30:00,Incident Created,INC-05283,CURTAILMENT_RISK_INCIDENT
2025-12-06 00:00:00,Resolved,INC-05280,Incident Closed
2025-12-06 00:00:00,Escalated,INC-05284,Supervisor
2025-12-06 00:00:00,Incident Created,INC-05284,CURTAILMENT_RISK_INCIDENT
2025-12-06 00:30:00,Resolved,INC-05281,Incident Closed
2025-12-06 00:30:00,Escalated,INC-05285,Supervisor
2025-12-06 00:30:00,Incident Created,INC-05285,CURTAILMENT_RISK_INCIDENT
2025-12-06 01:00:00,Resolved,INC-05282,Incident Closed
2025-12-06 01:00:00,Incident Created,INC-05286,CURTAILMENT_RISK_INCIDENT
2025-12-06 01:00:00,Escalated,INC-05286,Supervisor
2025-12-06 01:30:00,Resolved,INC-05283,Incident Closed
2025-12-06 02:00:00,Resolved,INC-05284,Incident Closed
2025-12-06 02:30:00,Resolved,INC-05285,Incident Closed
2025-12-06 03:00:00,Resolved,INC-05286,Incident Closed
2025-12-07 22:00:00,Escalated,INC-05287,Supervisor
2025-12-07 22:00:00,Incident Created,INC-05287,CURTAILMENT_RISK_INCIDENT
2025-12-08 00:00:00,Resolved,INC-05287,Incident Closed
2025-12-08 10:30:00,Incident Created,INC-05288,CURTAILMENT_RISK_INCIDENT
2025-12-08 10:30:00,Escalated,INC-05288,Supervisor
2025-12-08 11:00:00,Incident Created,INC-05289,CURTAILMENT_RISK_INCIDENT
2025-12-08 11:00:00,Escalated,INC-05289,Supervisor
2025-12-08 11:30:00,Escalated,INC-05290,Supervisor
2025-12-08 11:30:00,Incident Created,INC-05290,CURTAILMENT_RISK_INCIDENT
2025-12-08 12:00:00,Escalated,INC-05291,Supervisor
2025-12-08 12:00:00,Incident Created,INC-05291,CURTAILMENT_RISK_INCIDENT
2025-12-08 12:30:00,Resolved,INC-05288,Incident Closed
2025-12-08 13:00:00,Resolved,INC-05289,Incident Closed
2025-12-08 13:30:00,Resolved,INC-05290,Incident Closed
2025-12-08 14:00:00,Resolved,INC-05291,Incident Closed
2025-12-09 05:30:00,Incident Created,INC-05292,CURTAILMENT_RISK_INCIDENT
2025-12-09 05:30:00,Escalated,INC-05292,Supervisor
2025-12-09 06:00:00,Escalated,INC-05293,Supervisor
2025-12-09 06:00:00,Incident Created,INC-05293,CURTAILMENT_RISK_INCIDENT
2025-12-09 06:30:00,Escalated,INC-05294,Supervisor
2025-12-09 06:30:00,Incident Created,INC-05294,CURTAILMENT_RISK_INCIDENT
2025-12-09 07:00:00,Escalated,INC-05295,Supervisor
2025-12-09 07:00:00,Incident Created,INC-05295,CURTAILMENT_RISK_INCIDENT
2025-12-09 07:30:00,Resolved,INC-05292,Incident Closed
2025-12-09 07:30:00,Incident Created,INC-05296,CURTAILMENT_RISK_INCIDENT
2025-12-09 07:30:00,Escalated,INC-05296,Supervisor
2025-12-09 08:00:00,Resolved,INC-05293,Incident Closed
2025-12-09 08:00:00,Escalated,INC-05297,Supervisor
2025-12-09 08:00:00,Incident Created,INC-05297,CURTAILMENT_RISK_INCIDENT
2025-12-09 08:30:00,Resolved,INC-05294,Incident Closed
2025-12-09 08:30:00,Escalated,INC-05298,Supervisor
2025-12-09 08:30:00,Incident Created,INC-05298,CURTAILMENT_RISK_INCIDENT
2025-12-09 09:00:00,Resolved,INC-05295,Incident Closed
2025-12-09 09:00:00,Escalated,INC-05299,Supervisor
2025-12-09 09:00:00,Incident Created,INC-05299,CURTAILMENT_RISK_INCIDENT
2025-12-09 09:30:00,Resolved,INC-05296,Incident Closed
2025-12-09 09:30:00,Incident Created,INC-05300,CURTAILMENT_RISK_INCIDENT
2025-12-09 09:30:00,Escalated,INC-05300,Supervisor
2025-12-09 10:00:00,Resolved,INC-05297,Incident Closed
2025-12-09 10:00:00,Incident Created,INC-05301,CURTAILMENT_RISK_INCIDENT
2025-12-09 10:00:00,Escalated,INC-05301,Supervisor
2025-12-09 10:30:00,Resolved,INC-05298,Incident Closed
2025-12-09 10:30:00,Incident Created,INC-05302,CURTAILMENT_RISK_INCIDENT
2025-12-09 10:30:00,Escalated,INC-05302,Supervisor
2025-12-09 11:00:00,Resolved,INC-05299,Incident Closed
2025-12-09 11:00:00,Incident Created,INC-05303,CURTAILMENT_RISK_INCIDENT
2025-12-09 11:00:00,Escalated,INC-05303,Supervisor
2025-12-09 11:30:00,Resolved,INC-05300,Incident Closed
2025-12-09 11:30:00,Incident Created,INC-05304,CURTAILMENT_RISK_INCIDENT
2025-12-09 11:30:00,Escalated,INC-05304,Supervisor
2025-12-09 12:00:00,Resolved,INC-05301,Incident Closed
2025-12-09 12:00:00,Incident Created,INC-05305,CURTAILMENT_RISK_INCIDENT
2025-12-09 12:00:00,Escalated,INC-05305,Supervisor
2025-12-09 12:30:00,Resolved,INC-05302,Incident Closed
2025-12-09 12:30:00,Incident Created,INC-05306,CURTAILMENT_RISK_INCIDENT
2025-12-09 12:30:00,Escalated,INC-05306,Supervisor
2025-12-09 13:00:00,Resolved,INC-05303,Incident Closed
2025-12-09 13:00:00,Escalated,INC-05307,Supervisor
2025-12-09 13:00:00,Incident Created,INC-05307,CURTAILMENT_RISK_INCIDENT
2025-12-09 13:30:00,Resolved,INC-05304,Incident Closed
2025-12-09 13:30:00,Escalated,INC-05308,Supervisor
2025-12-09 13:30:00,Incident Created,INC-05308,CURTAILMENT_RISK_INCIDENT
2025-12-09 14:00:00,Resolved,INC-05305,Incident Closed
2025-12-09 14:00:00,Incident Created,INC-05309,CURTAILMENT_RISK_INCIDENT
2025-12-09 14:00:00,Escalated,INC-05309,Supervisor
2025-12-09 14:30:00,Resolved,INC-05306,Incident Closed
2025-12-09 14:30:00,Incident Created,INC-05310,CURTAILMENT_RISK_INCIDENT
2025-12-09 14:30:00,Escalated,INC-05310,Supervisor
2025-12-09 15:00:00,Resolved,INC-05307,Incident Closed
2025-12-09 15:00:00,Incident Created,INC-05311,CURTAILMENT_RISK_INCIDENT
2025-12-09 15:00:00,Escalated,INC-05311,Supervisor
2025-12-09 15:30:00,Resolved,INC-05308,Incident Closed
2025-12-09 15:30:00,Incident Created,INC-05312,CURTAILMENT_RISK_INCIDENT
2025-12-09 15:30:00,Escalated,INC-05312,Supervisor
2025-12-09 16:00:00,Resolved,INC-05309,Incident Closed
2025-12-09 16:00:00,Escalated,INC-05313,Supervisor
2025-12-09 16:00:00,Incident Created,INC-05313,CURTAILMENT_RISK_INCIDENT
2025-12-09 16:30:00,Resolved,INC-05310,Incident Closed
2025-12-09 16:30:00,Escalated,INC-05314,Supervisor
2025-12-09 16:30:00,Incident Created,INC-05314,CURTAILMENT_RISK_INCIDENT
2025-12-09 17:00:00,Resolved,INC-05311,Incident Closed
2025-12-09 17:30:00,Resolved,INC-05312,Incident Closed
2025-12-09 18:00:00,Resolved,INC-05313,Incident Closed
2025-12-09 18:30:00,Resolved,INC-05314,Incident Closed
2025-12-09 20:30:00,Incident Created,INC-05315,CURTAILMENT_RISK_INCIDENT
2025-12-09 20:30:00,Escalated,INC-05315,Supervisor
2025-12-09 21:00:00,Incident Created,INC-05316,CURTAILMENT_RISK_INCIDENT
2025-12-09 21:00:00,Escalated,INC-05316,Supervisor
2025-12-09 21:30:00,Escalated,INC-05317,Supervisor
2025-12-09 21:30:00,Incident Created,INC-05317,CURTAILMENT_RISK_INCIDENT
2025-12-09 22:00:00,Escalated,INC-05318,Supervisor
2025-12-09 22:00:00,Incident Created,INC-05318,CURTAILMENT_RISK_INCIDENT
2025-12-09 22:30:00,Resolved,INC-05315,Incident Closed
2025-12-09 22:30:00,Escalated,INC-05319,Supervisor
2025-12-09 22:30:00,Incident Created,INC-05319,CURTAILMENT_RISK_INCIDENT
2025-12-09 23:00:00,Resolved,INC-05316,Incident Closed
2025-12-09 23:00:00,Escalated,INC-05320,Supervisor
2025-12-09 23:00:00,Incident Created,INC-05320,CURTAILMENT_RISK_INCIDENT
2025-12-09 23:30:00,Resolved,INC-05317,Incident Closed
2025-12-09 23:30:00,Incident Created,INC-05321,CURTAILMENT_RISK_INCIDENT
2025-12-09 23:30:00,Escalated,INC-05321,Supervisor
2025-12-10 00:00:00,Resolved,INC-05318,Incident Closed
2025-12-10 00:00:00,Escalated,INC-05322,Supervisor
2025-12-10 00:00:00,Incident Created,INC-05322,CURTAILMENT_RISK_INCIDENT
2025-12-10 00:30:00,Resolved,INC-05319,Incident Closed
2025-12-10 00:30:00,Incident Created,INC-05323,CURTAILMENT_RISK_INCIDENT
2025-12-10 00:30:00,Escalated,INC-05323,Supervisor
2025-12-10 01:00:00,Resolved,INC-05320,Incident Closed
2025-12-10 01:00:00,Incident Created,INC-05324,CURTAILMENT_RISK_INCIDENT
2025-12-10 01:00:00,Escalated,INC-05324,Supervisor
2025-12-10 01:30:00,Resolved,INC-05321,Incident Closed
2025-12-10 01:30:00,Escalated,INC-05325,Supervisor
2025-12-10 01:30:00,Incident Created,INC-05325,CURTAILMENT_RISK_INCIDENT
2025-12-10 02:00:00,Resolved,INC-05322,Incident Closed
2025-12-10 02:00:00,Escalated,INC-05326,Supervisor
2025-12-10 02:00:00,Incident Created,INC-05326,CURTAILMENT_RISK_INCIDENT
2025-12-10 02:30:00,Resolved,INC-05323,Incident Closed
2025-12-10 02:30:00,Escalated,INC-05327,Supervisor
2025-12-10 02:30:00,Incident Created,INC-05327,CURTAILMENT_RISK_INCIDENT
2025-12-10 03:00:00,Resolved,INC-05324,Incident Closed
2025-12-10 03:00:00,Escalated,INC-05328,Supervisor
2025-12-10 03:00:00,Incident Created,INC-05328,CURTAILMENT_RISK_INCIDENT
2025-12-10 03:30:00,Resolved,INC-05325,Incident Closed
2025-12-10 03:30:00,Escalated,INC-05329,Supervisor
2025-12-10 03:30:00,Incident Created,INC-05329,CURTAILMENT_RISK_INCIDENT
2025-12-10 04:00:00,Resolved,INC-05326,Incident Closed
2025-12-10 04:00:00,Incident Created,INC-05330,CURTAILMENT_RISK_INCIDENT
2025-12-10 04:00:00,Escalated,INC-05330,Supervisor
2025-12-10 04:30:00,Resolved,INC-05327,Incident Closed
2025-12-10 04:30:00,Escalated,INC-05331,Supervisor
2025-12-10 04:30:00,Incident Created,INC-05331,CURTAILMENT_RISK_INCIDENT
2025-12-10 05:00:00,Resolved,INC-05328,Incident Closed
2025-12-10 05:00:00,Incident Created,INC-05332,CURTAILMENT_RISK_INCIDENT
2025-12-10 05:00:00,Escalated,INC-05332,Supervisor
2025-12-10 05:30:00,Resolved,INC-05329,Incident Closed
2025-12-10 05:30:00,Incident Created,INC-05333,CURTAILMENT_RISK_INCIDENT
2025-12-10 05:30:00,Escalated,INC-05333,Supervisor
2025-12-10 06:00:00,Resolved,INC-05330,Incident Closed
2025-12-10 06:00:00,Incident Created,INC-05334,CURTAILMENT_RISK_INCIDENT
2025-12-10 06:00:00,Escalated,INC-05334,Supervisor
2025-12-10 06:30:00,Resolved,INC-05331,Incident Closed
2025-12-10 06:30:00,Escalated,INC-05335,Supervisor
2025-12-10 06:30:00,Incident Created,INC-05335,CURTAILMENT_RISK_INCIDENT
2025-12-10 07:00:00,Resolved,INC-05332,Incident Closed
2025-12-10 07:00:00,Incident Created,INC-05336,CURTAILMENT_RISK_INCIDENT
2025-12-10 07:00:00,Escalated,INC-05336,Supervisor
2025-12-10 07:30:00,Resolved,INC-05333,Incident Closed
2025-12-10 07:30:00,Incident Created,INC-05337,CURTAILMENT_RISK_INCIDENT
2025-12-10 07:30:00,Escalated,INC-05337,Supervisor
2025-12-10 08:00:00,Resolved,INC-05334,Incident Closed
2025-12-10 08:00:00,Incident Created,INC-05338,CURTAILMENT_RISK_INCIDENT
2025-12-10 08:00:00,Escalated,INC-05338,Supervisor
2025-12-10 08:30:00,Resolved,INC-05335,Incident Closed
2025-12-10 08:30:00,Incident Created,INC-05339,CURTAILMENT_RISK_INCIDENT
2025-12-10 08:30:00,Escalated,INC-05339,Supervisor
2025-12-10 09:00:00,Resolved,INC-05336,Incident Closed
2025-12-10 09:00:00,Incident Created,INC-05340,CURTAILMENT_RISK_INCIDENT
2025-12-10 09:00:00,Escalated,INC-05340,Supervisor
2025-12-10 09:30:00,Resolved,INC-05337,Incident Closed
2025-12-10 09:30:00,Escalated,INC-05341,Supervisor
2025-12-10 09:30:00,Incident Created,INC-05341,CURTAILMENT_RISK_INCIDENT
2025-12-10 10:00:00,Resolved,INC-05338,Incident Closed
2025-12-10 10:00:00,Incident Created,INC-05342,CURTAILMENT_RISK_INCIDENT
2025-12-10 10:00:00,Escalated,INC-05342,Supervisor
2025-12-10 10:30:00,Resolved,INC-05339,Incident Closed
2025-12-10 10:30:00,Escalated,INC-05343,Supervisor
2025-12-10 10:30:00,Incident Created,INC-05343,CURTAILMENT_RISK_INCIDENT
2025-12-10 11:00:00,Resolved,INC-05340,Incident Closed
2025-12-10 11:00:00,Incident Created,INC-05344,CURTAILMENT_RISK_INCIDENT
2025-12-10 11:00:00,Escalated,INC-05344,Supervisor
2025-12-10 11:30:00,Resolved,INC-05341,Incident Closed
2025-12-10 11:30:00,Incident Created,INC-05345,CURTAILMENT_RISK_INCIDENT
2025-12-10 11:30:00,Escalated,INC-05345,Supervisor
2025-12-10 12:00:00,Resolved,INC-05342,Incident Closed
2025-12-10 12:00:00,Incident Created,INC-05346,CURTAILMENT_RISK_INCIDENT
2025-12-10 12:00:00,Escalated,INC-05346,Supervisor
2025-12-10 12:30:00,Resolved,INC-05343,Incident Closed
2025-12-10 12:30:00,Escalated,INC-05347,Supervisor
2025-12-10 12:30:00,Incident Created,INC-05347,CURTAILMENT_RISK_INCIDENT
2025-12-10 13:00:00,Resolved,INC-05344,Incident Closed
2025-12-10 13:00:00,Incident Created,INC-05348,CURTAILMENT_RISK_INCIDENT
2025-12-10 13:00:00,Escalated,INC-05348,Supervisor
2025-12-10 13:30:00,Resolved,INC-05345,Incident Closed
2025-12-10 13:30:00,Escalated,INC-05349,Supervisor
2025-12-10 13:30:00,Incident Created,INC-05349,CURTAILMENT_RISK_INCIDENT
2025-12-10 14:00:00,Resolved,INC-05346,Incident Closed
2025-12-10 14:00:00,Escalated,INC-05350,Supervisor
2025-12-10 14:00:00,Incident Created,INC-05350,CURTAILMENT_RISK_INCIDENT
2025-12-10 14:30:00,Resolved,INC-05347,Incident Closed
2025-12-10 14:30:00,Escalated,INC-05351,Supervisor
2025-12-10 14:30:00,Incident Created,INC-05351,CURTAILMENT_RISK_INCIDENT
2025-12-10 15:00:00,Resolved,INC-05348,Incident Closed
2025-12-10 15:00:00,Escalated,INC-05352,Supervisor
2025-12-10 15:00:00,Incident Created,INC-05352,CURTAILMENT_RISK_INCIDENT
2025-12-10 15:30:00,Resolved,INC-05349,Incident Closed
2025-12-10 15:30:00,Escalated,INC-05353,Supervisor
2025-12-10 15:30:00,Incident Created,INC-05353,CURTAILMENT_RISK_INCIDENT
2025-12-10 16:00:00,Resolved,INC-05350,Incident Closed
2025-12-10 16:00:00,Incident Created,INC-05354,CURTAILMENT_RISK_INCIDENT
2025-12-10 16:00:00,Escalated,INC-05354,Supervisor
2025-12-10 16:30:00,Resolved,INC-05351,Incident Closed
2025-12-10 17:00:00,Resolved,INC-05352,Incident Closed
2025-12-10 17:30:00,Resolved,INC-05353,Incident Closed
2025-12-10 18:00:00,Resolved,INC-05354,Incident Closed
2025-12-10 21:30:00,Escalated,INC-05355,Supervisor
2025-12-10 21:30:00,Incident Created,INC-05355,CURTAILMENT_RISK_INCIDENT
2025-12-10 23:30:00,Resolved,INC-05355,Incident Closed
2025-12-11 07:30:00,Incident Created,INC-05356,CURTAILMENT_RISK_INCIDENT
2025-12-11 07:30:00,Escalated,INC-05356,Supervisor
2025-12-11 08:30:00,Escalated,INC-05357,Supervisor
2025-12-11 08:30:00,Incident Created,INC-05357,CURTAILMENT_RISK_INCIDENT
2025-12-11 09:00:00,Escalated,INC-05358,Supervisor
2025-12-11 09:00:00,Incident Created,INC-05358,CURTAILMENT_RISK_INCIDENT
2025-12-11 09:30:00,Resolved,INC-05356,Incident Closed
2025-12-11 09:30:00,Escalated,INC-05359,Supervisor
2025-12-11 09:30:00,Incident Created,INC-05359,CURTAILMENT_RISK_INCIDENT
2025-12-11 10:00:00,Escalated,INC-05360,Supervisor
2025-12-11 10:00:00,Incident Created,INC-05360,CURTAILMENT_RISK_INCIDENT
2025-12-11 10:30:00,Resolved,INC-05357,Incident Closed
2025-12-11 10:30:00,Escalated,INC-05361,Supervisor
2025-12-11 10:30:00,Incident Created,INC-05361,CURTAILMENT_RISK_INCIDENT
2025-12-11 11:00:00,Resolved,INC-05358,Incident Closed
2025-12-11 11:00:00,Escalated,INC-05362,Supervisor
2025-12-11 11:00:00,Incident Created,INC-05362,CURTAILMENT_RISK_INCIDENT
2025-12-11 11:30:00,Resolved,INC-05359,Incident Closed
2025-12-11 11:30:00,Escalated,INC-05363,Supervisor
2025-12-11 11:30:00,Incident Created,INC-05363,CURTAILMENT_RISK_INCIDENT
2025-12-11 12:00:00,Resolved,INC-05360,Incident Closed
2025-12-11 12:00:00,Escalated,INC-05364,Supervisor
2025-12-11 12:00:00,Incident Created,INC-05364,CURTAILMENT_RISK_INCIDENT
2025-12-11 12:30:00,Resolved,INC-05361,Incident Closed
2025-12-11 12:30:00,Incident Created,INC-05365,CURTAILMENT_RISK_INCIDENT
2025-12-11 12:30:00,Escalated,INC-05365,Supervisor
2025-12-11 13:00:00,Resolved,INC-05362,Incident Closed
2025-12-11 13:00:00,Incident Created,INC-05366,CURTAILMENT_RISK_INCIDENT
2025-12-11 13:00:00,Escalated,INC-05366,Supervisor
2025-12-11 13:30:00,Resolved,INC-05363,Incident Closed
2025-12-11 13:30:00,Escalated,INC-05367,Supervisor
2025-12-11 13:30:00,Incident Created,INC-05367,CURTAILMENT_RISK_INCIDENT
2025-12-11 14:00:00,Resolved,INC-05364,Incident Closed
2025-12-11 14:00:00,Incident Created,INC-05368,CURTAILMENT_RISK_INCIDENT
2025-12-11 14:00:00,Escalated,INC-05368,Supervisor
2025-12-11 14:30:00,Resolved,INC-05365,Incident Closed
2025-12-11 15:00:00,Resolved,INC-05366,Incident Closed
2025-12-11 15:30:00,Resolved,INC-05367,Incident Closed
2025-12-11 16:00:00,Resolved,INC-05368,Incident Closed
2025-12-12 06:00:00,Incident Created,INC-05369,OPERATIONAL_RISK_INCIDENT
2025-12-12 06:00:00,Escalated,INC-05369,Regional Controller
2025-12-12 07:30:00,Escalated,INC-05370,Regional Controller
2025-12-12 07:30:00,Incident Created,INC-05370,OPERATIONAL_RISK_INCIDENT
2025-12-12 08:00:00,Resolved,INC-05369,Incident Closed
2025-12-12 08:00:00,Incident Created,INC-05371,OPERATIONAL_RISK_INCIDENT
2025-12-12 08:00:00,Escalated,INC-05371,Regional Controller
2025-12-12 08:30:00,Escalated,INC-05372,Regional Controller
2025-12-12 08:30:00,Incident Created,INC-05372,OPERATIONAL_RISK_INCIDENT
2025-12-12 09:00:00,Escalated,INC-05373,Regional Controller
2025-12-12 09:00:00,Incident Created,INC-05373,OPERATIONAL_RISK_INCIDENT
2025-12-12 09:30:00,Resolved,INC-05370,Incident Closed
2025-12-12 10:00:00,Resolved,INC-05371,Incident Closed
2025-12-12 10:30:00,Resolved,INC-05372,Incident Closed
2025-12-12 11:00:00,Resolved,INC-05373,Incident Closed
2025-12-13 11:30:00,Escalated,INC-05374,Supervisor
2025-12-13 11:30:00,Incident Created,INC-05374,CURTAILMENT_RISK_INCIDENT
2025-12-13 12:00:00,Incident Created,INC-05375,CURTAILMENT_RISK_INCIDENT
2025-12-13 12:00:00,Escalated,INC-05375,Supervisor
2025-12-13 12:30:00,Incident Created,INC-05376,CURTAILMENT_RISK_INCIDENT
2025-12-13 12:30:00,Escalated,INC-05376,Supervisor
2025-12-13 13:30:00,Resolved,INC-05374,Incident Closed
2025-12-13 14:00:00,Resolved,INC-05375,Incident Closed
2025-12-13 14:30:00,Resolved,INC-05376,Incident Closed
2025-12-13 20:30:00,Escalated,INC-05377,Supervisor
2025-12-13 20:30:00,Incident Created,INC-05377,CURTAILMENT_RISK_INCIDENT
2025-12-13 22:30:00,Resolved,INC-05377,Incident Closed
2025-12-14 04:00:00,Escalated,INC-05378,Operator
2025-12-14 04:00:00,Incident Created,INC-05378,OVER_GENERATION_INCIDENT
2025-12-14 04:30:00,Escalated,INC-05379,Operator
2025-12-14 04:30:00,Incident Created,INC-05379,OVER_GENERATION_INCIDENT
2025-12-14 05:00:00,Escalated,INC-05380,Operator
2025-12-14 05:00:00,Incident Created,INC-05380,OVER_GENERATION_INCIDENT
2025-12-14 05:30:00,Escalated,INC-05381,Operator
2025-12-14 05:30:00,Incident Created,INC-05381,OVER_GENERATION_INCIDENT
2025-12-14 06:00:00,Resolved,INC-05378,Incident Closed
2025-12-14 06:30:00,Resolved,INC-05379,Incident Closed
2025-12-14 07:00:00,Resolved,INC-05380,Incident Closed
2025-12-14 07:30:00,Resolved,INC-05381,Incident Closed
2025-12-14 09:00:00,Incident Created,INC-05382,CURTAILMENT_RISK_INCIDENT
2025-12-14 09:00:00,Escalated,INC-05382,Supervisor
2025-12-14 09:30:00,Incident Created,INC-05383,CURTAILMENT_RISK_INCIDENT
2025-12-14 09:30:00,Escalated,INC-05383,Supervisor
2025-12-14 10:00:00,Incident Created,INC-05384,CURTAILMENT_RISK_INCIDENT
2025-12-14 10:00:00,Escalated,INC-05384,Supervisor
2025-12-14 10:30:00,Incident Created,INC-05385,CURTAILMENT_RISK_INCIDENT
2025-12-14 10:30:00,Escalated,INC-05385,Supervisor
2025-12-14 11:00:00,Resolved,INC-05382,Incident Closed
2025-12-14 11:00:00,Escalated,INC-05386,Supervisor
2025-12-14 11:00:00,Incident Created,INC-05386,CURTAILMENT_RISK_INCIDENT
2025-12-14 11:30:00,Resolved,INC-05383,Incident Closed
2025-12-14 11:30:00,Escalated,INC-05387,Supervisor
2025-12-14 11:30:00,Incident Created,INC-05387,CURTAILMENT_RISK_INCIDENT
2025-12-14 12:00:00,Resolved,INC-05384,Incident Closed
2025-12-14 12:00:00,Incident Created,INC-05388,CURTAILMENT_RISK_INCIDENT
2025-12-14 12:00:00,Escalated,INC-05388,Supervisor
2025-12-14 12:30:00,Resolved,INC-05385,Incident Closed
2025-12-14 12:30:00,Incident Created,INC-05389,CURTAILMENT_RISK_INCIDENT
2025-12-14 12:30:00,Escalated,INC-05389,Supervisor
2025-12-14 13:00:00,Resolved,INC-05386,Incident Closed
2025-12-14 13:00:00,Escalated,INC-05390,Supervisor
2025-12-14 13:00:00,Incident Created,INC-05390,CURTAILMENT_RISK_INCIDENT
2025-12-14 13:30:00,Resolved,INC-05387,Incident Closed
2025-12-14 13:30:00,Incident Created,INC-05391,CURTAILMENT_RISK_INCIDENT
2025-12-14 13:30:00,Escalated,INC-05391,Supervisor
2025-12-14 14:00:00,Resolved,INC-05388,Incident Closed
2025-12-14 14:00:00,Incident Created,INC-05392,CURTAILMENT_RISK_INCIDENT
2025-12-14 14:00:00,Escalated,INC-05392,Supervisor
2025-12-14 14:30:00,Resolved,INC-05389,Incident Closed
2025-12-14 14:30:00,Incident Created,INC-05393,CURTAILMENT_RISK_INCIDENT
2025-12-14 14:30:00,Escalated,INC-05393,Supervisor
2025-12-14 15:00:00,Resolved,INC-05390,Incident Closed
2025-12-14 15:00:00,Escalated,INC-05394,Supervisor
2025-12-14 15:00:00,Incident Created,INC-05394,CURTAILMENT_RISK_INCIDENT
2025-12-14 15:30:00,Resolved,INC-05391,Incident Closed
2025-12-14 15:30:00,Escalated,INC-05395,Supervisor
2025-12-14 15:30:00,Incident Created,INC-05395,CURTAILMENT_RISK_INCIDENT
2025-12-14 16:00:00,Resolved,INC-05392,Incident Closed
2025-12-14 16:00:00,Escalated,INC-05396,Supervisor
2025-12-14 16:00:00,Incident Created,INC-05396,CURTAILMENT_RISK_INCIDENT
2025-12-14 16:30:00,Resolved,INC-05393,Incident Closed
2025-12-14 16:30:00,Escalated,INC-05397,Supervisor
2025-12-14 16:30:00,Incident Created,INC-05397,CURTAILMENT_RISK_INCIDENT
2025-12-14 17:00:00,Resolved,INC-05394,Incident Closed
2025-12-14 17:30:00,Resolved,INC-05395,Incident Closed
2025-12-14 18:00:00,Resolved,INC-05396,Incident Closed
2025-12-14 18:30:00,Resolved,INC-05397,Incident Closed
2025-12-14 18:30:00,Escalated,INC-05398,Supervisor
2025-12-14 18:30:00,Incident Created,INC-05398,CURTAILMENT_RISK_INCIDENT
2025-12-14 19:00:00,Incident Created,INC-05399,CURTAILMENT_RISK_INCIDENT
2025-12-14 19:00:00,Escalated,INC-05399,Supervisor
2025-12-14 19:30:00,Escalated,INC-05400,Supervisor
2025-12-14 19:30:00,Incident Created,INC-05400,CURTAILMENT_RISK_INCIDENT
2025-12-14 20:00:00,Incident Created,INC-05401,CURTAILMENT_RISK_INCIDENT
2025-12-14 20:00:00,Escalated,INC-05401,Supervisor
2025-12-14 20:30:00,Resolved,INC-05398,Incident Closed
2025-12-14 20:30:00,Incident Created,INC-05402,CURTAILMENT_RISK_INCIDENT
2025-12-14 20:30:00,Escalated,INC-05402,Supervisor
2025-12-14 21:00:00,Resolved,INC-05399,Incident Closed
2025-12-14 21:00:00,Incident Created,INC-05403,CURTAILMENT_RISK_INCIDENT
2025-12-14 21:00:00,Escalated,INC-05403,Supervisor
2025-12-14 21:30:00,Resolved,INC-05400,Incident Closed
2025-12-14 21:30:00,Escalated,INC-05404,Supervisor
2025-12-14 21:30:00,Incident Created,INC-05404,CURTAILMENT_RISK_INCIDENT
2025-12-14 22:00:00,Resolved,INC-05401,Incident Closed
2025-12-14 22:00:00,Incident Created,INC-05405,CURTAILMENT_RISK_INCIDENT
2025-12-14 22:00:00,Escalated,INC-05405,Supervisor
2025-12-14 22:30:00,Resolved,INC-05402,Incident Closed
2025-12-14 22:30:00,Escalated,INC-05406,Supervisor
2025-12-14 22:30:00,Incident Created,INC-05406,CURTAILMENT_RISK_INCIDENT
2025-12-14 23:00:00,Resolved,INC-05403,Incident Closed
2025-12-14 23:00:00,Incident Created,INC-05407,CURTAILMENT_RISK_INCIDENT
2025-12-14 23:00:00,Escalated,INC-05407,Supervisor
2025-12-14 23:30:00,Resolved,INC-05404,Incident Closed
2025-12-15 00:00:00,Resolved,INC-05405,Incident Closed
2025-12-15 00:30:00,Resolved,INC-05406,Incident Closed
2025-12-15 01:00:00,Resolved,INC-05407,Incident Closed
2025-12-16 06:30:00,Incident Created,INC-05408,SUSTAINABILITY_INCIDENT
2025-12-16 06:30:00,Escalated,INC-05408,Supervisor
2025-12-16 07:00:00,Escalated,INC-05409,Supervisor
2025-12-16 07:00:00,Incident Created,INC-05409,SUSTAINABILITY_INCIDENT
2025-12-16 07:30:00,Escalated,INC-05410,Supervisor
2025-12-16 07:30:00,Incident Created,INC-05410,SUSTAINABILITY_INCIDENT
2025-12-16 08:00:00,Escalated,INC-05411,Supervisor
2025-12-16 08:00:00,Incident Created,INC-05411,SUSTAINABILITY_INCIDENT
2025-12-16 08:30:00,Resolved,INC-05408,Incident Closed
2025-12-16 08:30:00,Escalated,INC-05412,Supervisor
2025-12-16 08:30:00,Incident Created,INC-05412,SUSTAINABILITY_INCIDENT
2025-12-16 09:00:00,Resolved,INC-05409,Incident Closed
2025-12-16 09:00:00,Escalated,INC-05413,Supervisor
2025-12-16 09:00:00,Incident Created,INC-05413,SUSTAINABILITY_INCIDENT
2025-12-16 09:30:00,Resolved,INC-05410,Incident Closed
2025-12-16 09:30:00,Incident Created,INC-05414,SUSTAINABILITY_INCIDENT
2025-12-16 09:30:00,Escalated,INC-05414,Supervisor
2025-12-16 10:00:00,Resolved,INC-05411,Incident Closed
2025-12-16 10:30:00,Resolved,INC-05412,Incident Closed
2025-12-16 11:00:00,Resolved,INC-05413,Incident Closed
2025-12-16 11:30:00,Resolved,INC-05414,Incident Closed
2025-12-16 16:00:00,Incident Created,INC-05415,PEAK_LOAD_EMISSIONS_INCIDENT
2025-12-16 16:00:00,Escalated,INC-05415,Regional Controller
2025-12-16 16:30:00,Incident Created,INC-05416,PEAK_LOAD_EMISSIONS_INCIDENT
2025-12-16 16:30:00,Escalated,INC-05416,Regional Controller
2025-12-16 17:00:00,Incident Created,INC-05417,PEAK_LOAD_EMISSIONS_INCIDENT
2025-12-16 17:00:00,Escalated,INC-05417,Regional Controller
2025-12-16 17:30:00,Escalated,INC-05418,Supervisor
2025-12-16 17:30:00,Incident Created,INC-05418,SUSTAINABILITY_INCIDENT
2025-12-16 17:30:00,Escalated,INC-05419,Regional Controller
2025-12-16 17:30:00,Incident Created,INC-05419,PEAK_LOAD_EMISSIONS_INCIDENT
2025-12-16 18:00:00,Resolved,INC-05415,Incident Closed
2025-12-16 18:00:00,Escalated,INC-05420,Supervisor
2025-12-16 18:00:00,Incident Created,INC-05420,SUSTAINABILITY_INCIDENT
2025-12-16 18:00:00,Escalated,INC-05421,Regional Controller
2025-12-16 18:00:00,Incident Created,INC-05421,PEAK_LOAD_EMISSIONS_INCIDENT
2025-12-16 18:30:00,Resolved,INC-05416,Incident Closed
2025-12-16 18:30:00,Incident Created,INC-05422,PEAK_LOAD_EMISSIONS_INCIDENT
2025-12-16 18:30:00,Escalated,INC-05422,Regional Controller
2025-12-16 19:00:00,Resolved,INC-05417,Incident Closed
2025-12-16 19:00:00,Incident Created,INC-05423,PEAK_LOAD_EMISSIONS_INCIDENT
2025-12-16 19:00:00,Escalated,INC-05423,Regional Controller
2025-12-16 19:30:00,Resolved,INC-05418,Incident Closed
2025-12-16 19:30:00,Resolved,INC-05419,Incident Closed
2025-12-16 19:30:00,Incident Created,INC-05424,PEAK_LOAD_EMISSIONS_INCIDENT
2025-12-16 19:30:00,Escalated,INC-05424,Regional Controller
2025-12-16 20:00:00,Resolved,INC-05420,Incident Closed
2025-12-16 20:00:00,Resolved,INC-05421,Incident Closed
2025-12-16 20:30:00,Resolved,INC-05422,Incident Closed
2025-12-16 21:00:00,Resolved,INC-05423,Incident Closed
2025-12-16 21:30:00,Resolved,INC-05424,Incident Closed
2025-12-17 11:00:00,Escalated,INC-05425,Supervisor
2025-12-17 11:00:00,Incident Created,INC-05425,CURTAILMENT_RISK_INCIDENT
2025-12-17 11:30:00,Escalated,INC-05426,Supervisor
2025-12-17 11:30:00,Incident Created,INC-05426,CURTAILMENT_RISK_INCIDENT
2025-12-17 12:00:00,Incident Created,INC-05427,CURTAILMENT_RISK_INCIDENT
2025-12-17 12:00:00,Escalated,INC-05427,Supervisor
2025-12-17 12:30:00,Incident Created,INC-05428,CURTAILMENT_RISK_INCIDENT
2025-12-17 12:30:00,Escalated,INC-05428,Supervisor
2025-12-17 13:00:00,Resolved,INC-05425,Incident Closed
2025-12-17 13:00:00,Incident Created,INC-05429,CURTAILMENT_RISK_INCIDENT
2025-12-17 13:00:00,Escalated,INC-05429,Supervisor
2025-12-17 13:30:00,Resolved,INC-05426,Incident Closed
2025-12-17 13:30:00,Incident Created,INC-05430,CURTAILMENT_RISK_INCIDENT
2025-12-17 13:30:00,Escalated,INC-05430,Supervisor
2025-12-17 14:00:00,Resolved,INC-05427,Incident Closed
2025-12-17 14:00:00,Escalated,INC-05431,Supervisor
2025-12-17 14:00:00,Incident Created,INC-05431,CURTAILMENT_RISK_INCIDENT
2025-12-17 14:30:00,Resolved,INC-05428,Incident Closed
2025-12-17 14:30:00,Incident Created,INC-05432,CURTAILMENT_RISK_INCIDENT
2025-12-17 14:30:00,Escalated,INC-05432,Supervisor
2025-12-17 15:00:00,Resolved,INC-05429,Incident Closed
2025-12-17 15:00:00,Escalated,INC-05433,Supervisor
2025-12-17 15:00:00,Incident Created,INC-05433,CURTAILMENT_RISK_INCIDENT
2025-12-17 15:30:00,Resolved,INC-05430,Incident Closed
2025-12-17 15:30:00,Incident Created,INC-05434,CURTAILMENT_RISK_INCIDENT
2025-12-17 15:30:00,Escalated,INC-05434,Supervisor
2025-12-17 16:00:00,Resolved,INC-05431,Incident Closed
2025-12-17 16:00:00,Incident Created,INC-05435,CURTAILMENT_RISK_INCIDENT
2025-12-17 16:00:00,Escalated,INC-05435,Supervisor
2025-12-17 16:30:00,Resolved,INC-05432,Incident Closed
2025-12-17 16:30:00,Escalated,INC-05436,Supervisor
2025-12-17 16:30:00,Incident Created,INC-05436,CURTAILMENT_RISK_INCIDENT
2025-12-17 16:30:00,Incident Created,INC-05437,RENEWABLE_SUPPORT_INCIDENT
2025-12-17 16:30:00,Escalated,INC-05437,Operator
2025-12-17 17:00:00,Resolved,INC-05433,Incident Closed
2025-12-17 17:00:00,Incident Created,INC-05438,CURTAILMENT_RISK_INCIDENT
2025-12-17 17:00:00,Escalated,INC-05438,Supervisor
2025-12-17 17:00:00,Escalated,INC-05439,Operator
2025-12-17 17:00:00,Incident Created,INC-05439,RENEWABLE_SUPPORT_INCIDENT
2025-12-17 17:30:00,Resolved,INC-05434,Incident Closed
2025-12-17 17:30:00,Incident Created,INC-05440,CURTAILMENT_RISK_INCIDENT
2025-12-17 17:30:00,Escalated,INC-05440,Supervisor
2025-12-17 17:30:00,Incident Created,INC-05441,RENEWABLE_SUPPORT_INCIDENT
2025-12-17 17:30:00,Escalated,INC-05441,Operator
2025-12-17 18:00:00,Resolved,INC-05435,Incident Closed
2025-12-17 18:00:00,Incident Created,INC-05442,CURTAILMENT_RISK_INCIDENT
2025-12-17 18:00:00,Escalated,INC-05442,Supervisor
2025-12-17 18:00:00,Incident Created,INC-05443,RENEWABLE_SUPPORT_INCIDENT
2025-12-17 18:00:00,Escalated,INC-05443,Operator
2025-12-17 18:30:00,Resolved,INC-05436,Incident Closed
2025-12-17 18:30:00,Resolved,INC-05437,Incident Closed
2025-12-17 18:30:00,Incident Created,INC-05444,CURTAILMENT_RISK_INCIDENT
2025-12-17 18:30:00,Escalated,INC-05444,Supervisor
2025-12-17 19:00:00,Resolved,INC-05438,Incident Closed
2025-12-17 19:00:00,Resolved,INC-05439,Incident Closed
2025-12-17 19:00:00,Incident Created,INC-05445,CURTAILMENT_RISK_INCIDENT
2025-12-17 19:00:00,Escalated,INC-05445,Supervisor
2025-12-17 19:30:00,Resolved,INC-05440,Incident Closed
2025-12-17 19:30:00,Resolved,INC-05441,Incident Closed
2025-12-17 19:30:00,Incident Created,INC-05446,CURTAILMENT_RISK_INCIDENT
2025-12-17 19:30:00,Escalated,INC-05446,Supervisor
2025-12-17 20:00:00,Resolved,INC-05442,Incident Closed
2025-12-17 20:00:00,Resolved,INC-05443,Incident Closed
2025-12-17 20:00:00,Incident Created,INC-05447,CURTAILMENT_RISK_INCIDENT
2025-12-17 20:00:00,Escalated,INC-05447,Supervisor
2025-12-17 20:30:00,Resolved,INC-05444,Incident Closed
2025-12-17 21:00:00,Resolved,INC-05445,Incident Closed
2025-12-17 21:30:00,Resolved,INC-05446,Incident Closed
2025-12-17 22:00:00,Resolved,INC-05447,Incident Closed
2025-12-18 01:30:00,Incident Created,INC-05448,CURTAILMENT_RISK_INCIDENT
2025-12-18 01:30:00,Escalated,INC-05448,Supervisor
2025-12-18 02:00:00,Escalated,INC-05449,Supervisor
2025-12-18 02:00:00,Incident Created,INC-05449,CURTAILMENT_RISK_INCIDENT
2025-12-18 02:30:00,Incident Created,INC-05450,CURTAILMENT_RISK_INCIDENT
2025-12-18 02:30:00,Escalated,INC-05450,Supervisor
2025-12-18 03:30:00,Resolved,INC-05448,Incident Closed
2025-12-18 04:00:00,Resolved,INC-05449,Incident Closed
2025-12-18 04:30:00,Resolved,INC-05450,Incident Closed
2025-12-18 17:30:00,Escalated,INC-05451,Operator
2025-12-18 17:30:00,Incident Created,INC-05451,RENEWABLE_SUPPORT_INCIDENT
2025-12-18 18:00:00,Escalated,INC-05452,Operator
2025-12-18 18:00:00,Incident Created,INC-05452,RENEWABLE_SUPPORT_INCIDENT
2025-12-18 19:30:00,Resolved,INC-05451,Incident Closed
2025-12-18 20:00:00,Resolved,INC-05452,Incident Closed
2025-12-19 09:00:00,Incident Created,INC-05453,CURTAILMENT_RISK_INCIDENT
2025-12-19 09:00:00,Escalated,INC-05453,Supervisor
2025-12-19 09:30:00,Incident Created,INC-05454,CURTAILMENT_RISK_INCIDENT
2025-12-19 09:30:00,Escalated,INC-05454,Supervisor
2025-12-19 10:00:00,Escalated,INC-05455,Supervisor
2025-12-19 10:00:00,Incident Created,INC-05455,CURTAILMENT_RISK_INCIDENT
2025-12-19 10:30:00,Escalated,INC-05456,Supervisor
2025-12-19 10:30:00,Incident Created,INC-05456,CURTAILMENT_RISK_INCIDENT
2025-12-19 11:00:00,Resolved,INC-05453,Incident Closed
2025-12-19 11:00:00,Escalated,INC-05457,Supervisor
2025-12-19 11:00:00,Incident Created,INC-05457,CURTAILMENT_RISK_INCIDENT
2025-12-19 11:30:00,Resolved,INC-05454,Incident Closed
2025-12-19 11:30:00,Escalated,INC-05458,Supervisor
2025-12-19 11:30:00,Incident Created,INC-05458,CURTAILMENT_RISK_INCIDENT
2025-12-19 12:00:00,Resolved,INC-05455,Incident Closed
2025-12-19 12:00:00,Escalated,INC-05459,Supervisor
2025-12-19 12:00:00,Incident Created,INC-05459,CURTAILMENT_RISK_INCIDENT
2025-12-19 12:30:00,Resolved,INC-05456,Incident Closed
2025-12-19 12:30:00,Incident Created,INC-05460,CURTAILMENT_RISK_INCIDENT
2025-12-19 12:30:00,Escalated,INC-05460,Supervisor
2025-12-19 13:00:00,Resolved,INC-05457,Incident Closed
2025-12-19 13:00:00,Incident Created,INC-05461,CURTAILMENT_RISK_INCIDENT
2025-12-19 13:00:00,Escalated,INC-05461,Supervisor
2025-12-19 13:30:00,Resolved,INC-05458,Incident Closed
2025-12-19 13:30:00,Incident Created,INC-05462,CURTAILMENT_RISK_INCIDENT
2025-12-19 13:30:00,Escalated,INC-05462,Supervisor
2025-12-19 14:00:00,Resolved,INC-05459,Incident Closed
2025-12-19 14:00:00,Incident Created,INC-05463,CURTAILMENT_RISK_INCIDENT
2025-12-19 14:00:00,Escalated,INC-05463,Supervisor
2025-12-19 14:30:00,Resolved,INC-05460,Incident Closed
2025-12-19 14:30:00,Incident Created,INC-05464,CURTAILMENT_RISK_INCIDENT
2025-12-19 14:30:00,Escalated,INC-05464,Supervisor
2025-12-19 15:00:00,Resolved,INC-05461,Incident Closed
2025-12-19 15:30:00,Resolved,INC-05462,Incident Closed
2025-12-19 16:00:00,Resolved,INC-05463,Incident Closed
2025-12-19 16:30:00,Resolved,INC-05464,Incident Closed
2025-12-25 10:30:00,Incident Created,INC-05465,CURTAILMENT_RISK_INCIDENT
2025-12-25 10:30:00,Escalated,INC-05465,Supervisor
2025-12-25 11:00:00,Incident Created,INC-05466,CURTAILMENT_RISK_INCIDENT
2025-12-25 11:00:00,Escalated,INC-05466,Supervisor
2025-12-25 11:30:00,Incident Created,INC-05467,CURTAILMENT_RISK_INCIDENT
2025-12-25 11:30:00,Escalated,INC-05467,Supervisor
2025-12-25 12:00:00,Escalated,INC-05468,Supervisor
2025-12-25 12:00:00,Incident Created,INC-05468,CURTAILMENT_RISK_INCIDENT
2025-12-25 12:30:00,Resolved,INC-05465,Incident Closed
2025-12-25 12:30:00,Incident Created,INC-05469,CURTAILMENT_RISK_INCIDENT
2025-12-25 12:30:00,Escalated,INC-05469,Supervisor
2025-12-25 13:00:00,Resolved,INC-05466,Incident Closed
2025-12-25 13:00:00,Escalated,INC-05470,Supervisor
2025-12-25 13:00:00,Incident Created,INC-05470,CURTAILMENT_RISK_INCIDENT
2025-12-25 13:30:00,Resolved,INC-05467,Incident Closed
2025-12-25 13:30:00,Incident Created,INC-05471,CURTAILMENT_RISK_INCIDENT
2025-12-25 13:30:00,Escalated,INC-05471,Supervisor
2025-12-25 14:00:00,Resolved,INC-05468,Incident Closed
2025-12-25 14:30:00,Resolved,INC-05469,Incident Closed
2025-12-25 15:00:00,Resolved,INC-05470,Incident Closed
2025-12-25 15:30:00,Resolved,INC-05471,Incident Closed
2025-12-28 09:00:00,Escalated,INC-05472,Supervisor
2025-12-28 09:00:00,Incident Created,INC-05472,SUSTAINABILITY_INCIDENT
2025-12-28 09:30:00,Incident Created,INC-05473,SUSTAINABILITY_INCIDENT
2025-12-28 09:30:00,Escalated,INC-05473,Supervisor
2025-12-28 10:00:00,Escalated,INC-05474,Supervisor
2025-12-28 10:00:00,Incident Created,INC-05474,SUSTAINABILITY_INCIDENT
2025-12-28 10:30:00,Incident Created,INC-05475,SUSTAINABILITY_INCIDENT
2025-12-28 10:30:00,Escalated,INC-05475,Supervisor
2025-12-28 11:00:00,Resolved,INC-05472,Incident Closed
2025-12-28 11:00:00,Escalated,INC-05476,Supervisor
2025-12-28 11:00:00,Incident Created,INC-05476,SUSTAINABILITY_INCIDENT
2025-12-28 11:30:00,Resolved,INC-05473,Incident Closed
2025-12-28 11:30:00,Escalated,INC-05477,Supervisor
2025-12-28 11:30:00,Incident Created,INC-05477,SUSTAINABILITY_INCIDENT
2025-12-28 11:30:00,Escalated,INC-05478,Regional Controller
2025-12-28 11:30:00,Incident Created,INC-05478,OPERATIONAL_RISK_INCIDENT
2025-12-28 12:00:00,Resolved,INC-05474,Incident Closed
2025-12-28 12:00:00,Incident Created,INC-05479,SUSTAINABILITY_INCIDENT
2025-12-28 12:00:00,Escalated,INC-05479,Supervisor
2025-12-28 12:00:00,Escalated,INC-05480,Regional Controller
2025-12-28 12:00:00,Incident Created,INC-05480,OPERATIONAL_RISK_INCIDENT
2025-12-28 12:30:00,Resolved,INC-05475,Incident Closed
2025-12-28 12:30:00,Escalated,INC-05481,Supervisor
2025-12-28 12:30:00,Incident Created,INC-05481,SUSTAINABILITY_INCIDENT
2025-12-28 12:30:00,Escalated,INC-05482,Regional Controller
2025-12-28 12:30:00,Incident Created,INC-05482,OPERATIONAL_RISK_INCIDENT
2025-12-28 13:00:00,Resolved,INC-05476,Incident Closed
2025-12-28 13:00:00,Incident Created,INC-05483,SUSTAINABILITY_INCIDENT
2025-12-28 13:00:00,Escalated,INC-05483,Supervisor
2025-12-28 13:00:00,Incident Created,INC-05484,OPERATIONAL_RISK_INCIDENT
2025-12-28 13:00:00,Escalated,INC-05484,Regional Controller
2025-12-28 13:30:00,Resolved,INC-05477,Incident Closed
2025-12-28 13:30:00,Resolved,INC-05478,Incident Closed
2025-12-28 13:30:00,Escalated,INC-05485,Supervisor
2025-12-28 13:30:00,Incident Created,INC-05485,SUSTAINABILITY_INCIDENT
2025-12-28 13:30:00,Incident Created,INC-05486,OPERATIONAL_RISK_INCIDENT
2025-12-28 13:30:00,Escalated,INC-05486,Regional Controller
2025-12-28 14:00:00,Resolved,INC-05479,Incident Closed
2025-12-28 14:00:00,Resolved,INC-05480,Incident Closed
2025-12-28 14:00:00,Incident Created,INC-05487,SUSTAINABILITY_INCIDENT
2025-12-28 14:00:00,Escalated,INC-05487,Supervisor
2025-12-28 14:00:00,Escalated,INC-05488,Regional Controller
2025-12-28 14:00:00,Incident Created,INC-05488,OPERATIONAL_RISK_INCIDENT
2025-12-28 14:30:00,Resolved,INC-05481,Incident Closed
2025-12-28 14:30:00,Resolved,INC-05482,Incident Closed
2025-12-28 14:30:00,Incident Created,INC-05489,SUSTAINABILITY_INCIDENT
2025-12-28 14:30:00,Escalated,INC-05489,Supervisor
2025-12-28 14:30:00,Incident Created,INC-05490,OPERATIONAL_RISK_INCIDENT
2025-12-28 14:30:00,Escalated,INC-05490,Regional Controller
2025-12-28 15:00:00,Resolved,INC-05483,Incident Closed
2025-12-28 15:00:00,Resolved,INC-05484,Incident Closed
2025-12-28 15:00:00,Escalated,INC-05491,Supervisor
2025-12-28 15:00:00,Incident Created,INC-05491,SUSTAINABILITY_INCIDENT
2025-12-28 15:00:00,Incident Created,INC-05492,OPERATIONAL_RISK_INCIDENT
2025-12-28 15:00:00,Escalated,INC-05492,Regional Controller
2025-12-28 15:30:00,Resolved,INC-05485,Incident Closed
2025-12-28 15:30:00,Resolved,INC-05486,Incident Closed
2025-12-28 15:30:00,Incident Created,INC-05493,SUSTAINABILITY_INCIDENT
2025-12-28 15:30:00,Escalated,INC-05493,Supervisor
2025-12-28 16:00:00,Resolved,INC-05487,Incident Closed
2025-12-28 16:00:00,Resolved,INC-05488,Incident Closed
2025-12-28 16:00:00,Incident Created,INC-05494,SUSTAINABILITY_INCIDENT
2025-12-28 16:00:00,Escalated,INC-05494,Supervisor
2025-12-28 16:30:00,Resolved,INC-05489,Incident Closed
2025-12-28 16:30:00,Resolved,INC-05490,Incident Closed
2025-12-28 16:30:00,Escalated,INC-05495,Supervisor
2025-12-28 16:30:00,Incident Created,INC-05495,SUSTAINABILITY_INCIDENT
2025-12-28 16:30:00,Incident Created,INC-05496,OPERATIONAL_RISK_INCIDENT
2025-12-28 16:30:00,Escalated,INC-05496,Regional Controller
2025-12-28 17:00:00,Resolved,INC-05491,Incident Closed
2025-12-28 17:00:00,Resolved,INC-05492,Incident Closed
2025-12-28 17:00:00,Incident Created,INC-05497,SUSTAINABILITY_INCIDENT
2025-12-28 17:00:00,Escalated,INC-05497,Supervisor
2025-12-28 17:30:00,Resolved,INC-05493,Incident Closed
2025-12-28 17:30:00,Escalated,INC-05498,Supervisor
2025-12-28 17:30:00,Incident Created,INC-05498,SUSTAINABILITY_INCIDENT
2025-12-28 18:00:00,Resolved,INC-05494,Incident Closed
2025-12-28 18:00:00,Escalated,INC-05499,Supervisor
2025-12-28 18:00:00,Incident Created,INC-05499,SUSTAINABILITY_INCIDENT
2025-12-28 18:30:00,Resolved,INC-05495,Incident Closed
2025-12-28 18:30:00,Resolved,INC-05496,Incident Closed
2025-12-28 18:30:00,Escalated,INC-05500,Supervisor
2025-12-28 18:30:00,Incident Created,INC-05500,SUSTAINABILITY_INCIDENT
2025-12-28 19:00:00,Resolved,INC-05497,Incident Closed
2025-12-28 19:00:00,Incident Created,INC-05501,SUSTAINABILITY_INCIDENT
2025-12-28 19:00:00,Escalated,INC-05501,Supervisor
2025-12-28 19:30:00,Resolved,INC-05498,Incident Closed
2025-12-28 19:30:00,Escalated,INC-05502,Supervisor
2025-12-28 19:30:00,Incident Created,INC-05502,SUSTAINABILITY_INCIDENT
2025-12-28 20:00:00,Resolved,INC-05499,Incident Closed
2025-12-28 20:00:00,Incident Created,INC-05503,SUSTAINABILITY_INCIDENT
2025-12-28 20:00:00,Escalated,INC-05503,Supervisor
2025-12-28 20:30:00,Resolved,INC-05500,Incident Closed
2025-12-28 20:30:00,Incident Created,INC-05504,SUSTAINABILITY_INCIDENT
2025-12-28 20:30:00,Escalated,INC-05504,Supervisor
2025-12-28 21:00:00,Resolved,INC-05501,Incident Closed
2025-12-28 21:00:00,Incident Created,INC-05505,SUSTAINABILITY_INCIDENT
2025-12-28 21:00:00,Escalated,INC-05505,Supervisor
2025-12-28 21:30:00,Resolved,INC-05502,Incident Closed
2025-12-28 21:30:00,Escalated,INC-05506,Supervisor
2025-12-28 21:30:00,Incident Created,INC-05506,SUSTAINABILITY_INCIDENT
2025-12-28 22:00:00,Resolved,INC-05503,Incident Closed
2025-12-28 22:00:00,Escalated,INC-05507,Supervisor
2025-12-28 22:00:00,Incident Created,INC-05507,SUSTAINABILITY_INCIDENT
2025-12-28 22:30:00,Resolved,INC-05504,Incident Closed
2025-12-28 22:30:00,Incident Created,INC-05508,SUSTAINABILITY_INCIDENT
2025-12-28 22:30:00,Escalated,INC-05508,Supervisor
2025-12-28 23:00:00,Resolved,INC-05505,Incident Closed
2025-12-28 23:30:00,Resolved,INC-05506,Incident Closed
2025-12-29 00:00:00,Resolved,INC-05507,Incident Closed
2025-12-29 00:30:00,Resolved,INC-05508,Incident Closed
2025-12-29 07:00:00,Incident Created,INC-05509,SUSTAINABILITY_INCIDENT
2025-12-29 07:00:00,Escalated,INC-05509,Supervisor
2025-12-29 07:30:00,Incident Created,INC-05510,SUSTAINABILITY_INCIDENT
2025-12-29 07:30:00,Escalated,INC-05510,Supervisor
2025-12-29 08:00:00,Incident Created,INC-05511,SUSTAINABILITY_INCIDENT
2025-12-29 08:00:00,Escalated,INC-05511,Supervisor
2025-12-29 08:30:00,Incident Created,INC-05512,SUSTAINABILITY_INCIDENT
2025-12-29 08:30:00,Escalated,INC-05512,Supervisor
2025-12-29 09:00:00,Resolved,INC-05509,Incident Closed
2025-12-29 09:00:00,Escalated,INC-05513,Supervisor
2025-12-29 09:00:00,Incident Created,INC-05513,SUSTAINABILITY_INCIDENT
2025-12-29 09:30:00,Resolved,INC-05510,Incident Closed
2025-12-29 09:30:00,Escalated,INC-05514,Supervisor
2025-12-29 09:30:00,Incident Created,INC-05514,SUSTAINABILITY_INCIDENT
2025-12-29 10:00:00,Resolved,INC-05511,Incident Closed
2025-12-29 10:00:00,Incident Created,INC-05515,SUSTAINABILITY_INCIDENT
2025-12-29 10:00:00,Escalated,INC-05515,Supervisor
2025-12-29 10:30:00,Resolved,INC-05512,Incident Closed
2025-12-29 10:30:00,Escalated,INC-05516,Supervisor
2025-12-29 10:30:00,Incident Created,INC-05516,SUSTAINABILITY_INCIDENT
2025-12-29 11:00:00,Resolved,INC-05513,Incident Closed
2025-12-29 11:00:00,Escalated,INC-05517,Supervisor
2025-12-29 11:00:00,Incident Created,INC-05517,SUSTAINABILITY_INCIDENT
2025-12-29 11:30:00,Resolved,INC-05514,Incident Closed
2025-12-29 11:30:00,Escalated,INC-05518,Supervisor
2025-12-29 11:30:00,Incident Created,INC-05518,SUSTAINABILITY_INCIDENT
2025-12-29 12:00:00,Resolved,INC-05515,Incident Closed
2025-12-29 12:00:00,Escalated,INC-05519,Supervisor
2025-12-29 12:00:00,Incident Created,INC-05519,SUSTAINABILITY_INCIDENT
2025-12-29 12:30:00,Resolved,INC-05516,Incident Closed
2025-12-29 12:30:00,Escalated,INC-05520,Supervisor
2025-12-29 12:30:00,Incident Created,INC-05520,SUSTAINABILITY_INCIDENT
2025-12-29 13:00:00,Resolved,INC-05517,Incident Closed
2025-12-29 13:00:00,Escalated,INC-05521,Supervisor
2025-12-29 13:00:00,Incident Created,INC-05521,SUSTAINABILITY_INCIDENT
2025-12-29 13:30:00,Resolved,INC-05518,Incident Closed
2025-12-29 14:00:00,Resolved,INC-05519,Incident Closed
2025-12-29 14:30:00,Resolved,INC-05520,Incident Closed
2025-12-29 15:00:00,Resolved,INC-05521,Incident Closed
2025-12-30 16:30:00,Incident Created,INC-05522,PEAK_LOAD_EMISSIONS_INCIDENT
2025-12-30 16:30:00,Escalated,INC-05522,Regional Controller
2025-12-30 17:00:00,Incident Created,INC-05523,PEAK_LOAD_EMISSIONS_INCIDENT
2025-12-30 17:00:00,Escalated,INC-05523,Regional Controller
2025-12-30 17:30:00,Incident Created,INC-05524,PEAK_LOAD_EMISSIONS_INCIDENT
2025-12-30 17:30:00,Escalated,INC-05524,Regional Controller
2025-12-30 18:00:00,Incident Created,INC-05525,PEAK_LOAD_EMISSIONS_INCIDENT
2025-12-30 18:00:00,Escalated,INC-05525,Regional Controller
2025-12-30 18:30:00,Resolved,INC-05522,Incident Closed
2025-12-30 18:30:00,Escalated,INC-05526,Regional Controller
2025-12-30 18:30:00,Incident Created,INC-05526,PEAK_LOAD_EMISSIONS_INCIDENT
2025-12-30 19:00:00,Resolved,INC-05523,Incident Closed
2025-12-30 19:30:00,Resolved,INC-05524,Incident Closed
2025-12-30 20:00:00,Resolved,INC-05525,Incident Closed
2025-12-30 20:30:00,Resolved,INC-05526,Incident Closed
